timestamp_utc,run_id,sample_index,story,story_len,plaintext_len,roundtrip_ok,avalanche_pct,avalanche_std,avalanche_min_bit,avalanche_max_bit,sac_avg,sac_std,sac_min_bit,sac_max_bit,bic_avg_corr,bic_max_corr,bic_std_corr,bic_pass,key_sensitivity_pct,shannon_entropy,chi2_statistic,chi2_p_value,chi2_pass,nist_p_monobit,nist_pass,ddt_max,lat_max,diff_prob,serial_corr_lag1,serial_corr_lag2,serial_corr_lag4,timing_implementation,timing_mean_ns,timing_median_ns,timing_std_ns,timing_iqr_ns,timing_cv_pct
2026-03-30T05:54:31Z,2039078462,2,Nobody noticed the small notebook left on the café table beside a half finished cup of coffee.,94,44,1,49.6826,0.039721,0.382812,0.59375,0.496826,0.040092,0.390625,0.601562,0.006247,0.031442,0.004726,1,49.9664,7.991496,258.618,0.425064,1,0.554422,1,4,16,0.015625,-0.005956,0.003391,-0.00747,C-accelerated,133486.22,133300.0,1354.05,1400.0,0.5251
2026-03-30T05:54:31Z,2039078462,1,A young engineer spent the night debugging code while the city lights flickered beyond the window.,98,44,1,50.5493,0.046378,0.398438,0.664062,0.505493,0.041837,0.375,0.617188,0.006247,0.03133,0.004687,1,50.2258,7.991208,266.275,0.301007,1,0.647195,1,4,16,0.015625,0.001019,0.00274,-0.01228,C-accelerated,133384.22,132700.0,2385.14,3300.0,1.2434
2026-03-30T05:54:31Z,2039078462,0,The old librarian locked the door just as the rain began to fall outside the quiet town.,88,44,1,50.2319,0.039091,0.398438,0.617188,0.502319,0.045715,0.375,0.617188,0.006179,0.028195,0.004655,1,49.8138,7.990456,287.29,0.080337,1,0.912688,1,4,16,0.015625,-0.003912,-0.004416,-0.009003,C-accelerated,145258.89,135250.0,14481.75,31200.0,11.5342
2026-03-30T05:54:31Z,2039078462,3,In the early morning fog a fisherman quietly prepared his boat before the harbor woke up.,89,44,1,49.6948,0.043358,0.390625,0.601562,0.496948,0.044175,0.367188,0.609375,0.006207,0.032217,0.004721,1,49.6979,7.99208,240.535,0.733479,1,0.451308,1,4,16,0.015625,-0.005373,-0.005622,0.004192,C-accelerated,139008.22,136600.0,7478.5,7600.0,2.7818
2026-03-30T05:54:31Z,2039078462,6,The train moved slowly through the countryside as passengers stared at endless green fields.,92,44,1,49.884,0.038175,0.398438,0.601562,0.49884,0.042378,0.390625,0.609375,0.006136,0.026701,0.004728,1,50.2594,7.992675,222.336,0.931011,1,0.778502,1,4,16,0.015625,-0.001732,0.003548,0.009178,C-accelerated,134173.56,132900.0,2870.93,2500.0,0.9406
2026-03-30T05:54:31Z,2039078462,5,A stray cat wandered through the alley searching for warmth under a broken street lamp.,87,44,1,50.2991,0.041295,0.398438,0.625,0.502991,0.041456,0.40625,0.625,0.006226,0.031578,0.004732,1,50.3601,7.991841,248.099,0.609798,1,0.2205,1,4,16,0.015625,-0.009653,-0.003862,-0.004216,C-accelerated,132721.78,131900.0,2138.07,1700.0,0.6444
2026-03-30T05:54:31Z,2039078462,4,The professor wrote equations across the board while students wondered how the theory applied to real life.,107,44,1,49.4507,0.045011,0.382812,0.59375,0.494507,0.042189,0.375,0.59375,0.006224,0.03088,0.004685,1,49.8596,7.992733,221.684,0.935116,1,0.37523,1,4,16,0.015625,-0.004594,-0.00796,0.015727,C-accelerated,132833.33,132600.0,1197.79,1500.0,0.5656
2026-03-30T05:54:31Z,2039078462,7,Late at night the programmer wondered whether the algorithm would finally work tomorrow.,88,44,1,50.7263,0.047734,0.382812,0.65625,0.507263,0.048181,0.382812,0.625,0.006211,0.031383,0.00471,1,49.939,7.992078,239.674,0.746352,1,0.393466,1,4,16,0.015625,-0.007771,-0.008381,6.6e-05,C-accelerated,134920.44,133500.0,5189.35,4300.0,1.6105
2026-03-30T05:54:31Z,2039078462,8,A child built a tiny castle from sand while waves erased yesterday’s footprints.,80,44,1,50.3113,0.041654,0.367188,0.609375,0.503113,0.0422,0.359375,0.601562,0.006146,0.03778,0.004695,1,50.1129,7.992801,219.846,0.945717,1,0.837576,1,4,16,0.015625,-0.00382,0.000572,0.002478,C-accelerated,135192.89,134300.0,2857.63,4075.0,1.5171
2026-03-30T05:54:31Z,2039078462,9,Somewhere in the mountains a researcher quietly recorded the sound of wind moving through the forest.,101,44,1,50.1282,0.045573,0.367188,0.648438,0.501282,0.047258,0.375,0.617188,0.006183,0.02941,0.004667,1,50.5676,7.991956,243.468,0.687555,1,0.193095,1,4,16,0.015625,0.005195,-0.012591,0.005812,C-accelerated,135911.33,135200.0,2231.21,2300.0,0.8506
2026-03-30T05:54:31Z,2039078462,11,In a small village market people argued cheerfully about the price of fresh vegetables.,87,44,1,50.177,0.03882,0.382812,0.585938,0.50177,0.04327,0.40625,0.601562,0.006234,0.033442,0.004719,1,50.0122,7.99075,282.193,0.116416,1,0.19147,1,4,16,0.015625,0.002047,-0.001512,-0.006639,C-accelerated,135645.11,134500.0,2895.1,3275.0,1.2175
2026-03-30T05:54:31Z,2039078462,10,The detective read the old letter again hoping to find a clue he had missed before.,83,44,1,50.2197,0.037657,0.382812,0.578125,0.502197,0.045048,0.414062,0.617188,0.006248,0.030372,0.004757,1,50.3265,7.99125,264.716,0.324805,1,1.0,1,4,16,0.015625,-0.002356,-0.000341,-0.003127,C-accelerated,173483.56,159500.0,42303.89,50575.0,15.8542
2026-03-30T05:54:31Z,2039078462,12,The night guard walked across the empty corridor listening to the echo of his own footsteps.,92,44,1,49.5422,0.047557,0.34375,0.617188,0.495422,0.043864,0.367188,0.617188,0.006164,0.029908,0.004685,1,50.0549,7.989674,315.753,0.005686,0,0.174247,1,4,16,0.015625,0.002022,-0.000171,0.000841,C-accelerated,133789.56,133200.0,2236.12,2100.0,0.7883
2026-03-30T05:54:31Z,2039078462,13,A tired writer stared at the blank page waiting for the first sentence to appear.,81,44,1,49.9573,0.041791,0.398438,0.609375,0.499573,0.046171,0.390625,0.609375,0.006248,0.02967,0.004693,1,49.6246,7.991352,263.482,0.344226,1,0.38298,1,4,16,0.015625,-0.007273,0.006688,-0.005521,C-accelerated,134900.89,134100.0,3129.76,4000.0,1.4914
2026-03-30T05:54:31Z,2039078462,14,The scientist adjusted the microscope and noticed a pattern no one had documented before.,89,44,1,50.0488,0.043561,0.375,0.59375,0.500488,0.043187,0.414062,0.625,0.006194,0.02903,0.004672,1,50.3143,7.992245,233.647,0.827306,1,0.91647,1,4,16,0.015625,0.007023,-0.002563,0.002471,C-accelerated,137902.22,137100.0,2798.55,2475.0,0.9026
2026-03-30T05:54:31Z,2039078462,15,Under the dim light of the station a traveler checked the map one more time.,76,44,1,49.7437,0.039039,0.421875,0.59375,0.497437,0.043576,0.382812,0.601562,0.006231,0.032473,0.004687,1,49.4446,7.992475,226.758,0.89799,1,0.4775,1,4,16,0.015625,-0.006736,0.002972,0.013955,C-accelerated,134954.22,134800.0,1542.41,1275.0,0.4729
2026-03-30T05:54:31Z,2039078462,16,The baker opened his shop early filling the street with the smell of warm bread.,80,44,1,49.5789,0.039049,0.40625,0.609375,0.495789,0.046001,0.375,0.617188,0.006265,0.033623,0.004691,1,50.1831,7.993177,209.327,0.983317,1,0.901355,1,4,16,0.015625,0.001968,0.009493,-0.000326,C-accelerated,136311.33,134700.0,4689.46,7775.0,2.886
2026-03-30T05:54:31Z,2039078462,17,A group of students discussed a strange idea that might change their entire project.,84,44,1,50.0,0.040957,0.390625,0.609375,0.5,0.046312,0.367188,0.617188,0.006252,0.029892,0.004732,1,50.2594,7.991743,250.147,0.574054,1,0.48046,1,4,16,0.015625,0.006723,0.000451,0.011458,C-accelerated,138476.44,134600.0,8038.12,8375.0,3.1111
2026-03-30T05:54:31Z,2039078462,18,The wind pushed clouds across the sky while the lighthouse blinked steadily.,76,44,1,49.4995,0.043374,0.390625,0.609375,0.494995,0.041773,0.390625,0.601562,0.006204,0.03101,0.004657,1,49.6613,7.990619,283.427,0.106736,1,0.973379,1,4,16,0.015625,0.005385,0.007808,0.000539,C-accelerated,133275.33,132350.0,2791.08,2600.0,0.9822
2026-03-30T05:54:31Z,2039078462,19,A quiet river passed behind the town carrying fallen leaves toward the sea.,75,44,1,50.4944,0.045553,0.414062,0.609375,0.504944,0.03993,0.40625,0.625,0.006256,0.035306,0.004689,1,50.2808,7.991049,271.558,0.227451,1,0.897581,1,4,16,0.015625,0.000981,-0.01146,-0.003297,C-accelerated,134383.56,134400.0,1627.96,2275.0,0.8464
2026-03-30T05:54:31Z,2039078462,20,An old mechanic repaired engines that younger workers no longer understood.,75,44,1,50.2014,0.043807,0.40625,0.625,0.502014,0.045859,0.398438,0.640625,0.006246,0.031743,0.004781,1,50.1648,7.992341,234.252,0.819955,1,0.800525,1,4,16,0.015625,-0.001014,-0.008477,0.005307,C-accelerated,133449.78,133100.0,2041.81,2700.0,1.0143
2026-03-30T05:54:31Z,2039078462,21,The gardener watered the plants while humming a song from childhood.,68,44,1,50.116,0.046652,0.382812,0.617188,0.50116,0.042624,0.398438,0.625,0.006255,0.029998,0.004758,1,50.2747,7.991014,272.116,0.220363,1,0.169757,1,4,16,0.015625,-0.006022,-0.001838,0.00351,C-accelerated,133730.67,134200.0,1640.65,1700.0,0.6334
2026-03-30T05:54:31Z,2039078462,22,A long forgotten photograph slipped from the pages of an old book.,66,44,1,50.2808,0.040931,0.40625,0.601562,0.502808,0.04271,0.367188,0.617188,0.006275,0.027239,0.004711,1,50.0092,7.991331,266.065,0.304153,1,0.526046,1,4,16,0.015625,0.002464,-0.003293,0.002811,C-accelerated,138396.67,135500.0,7048.81,8950.0,3.3026
2026-03-30T05:54:31Z,2039078462,23,The storm arrived faster than anyone expected and the power lines shook violently.,82,44,1,50.1038,0.045558,0.382812,0.609375,0.501038,0.042121,0.398438,0.601562,0.006225,0.03064,0.004716,1,49.8749,7.989911,304.908,0.017457,0,0.87875,1,4,16,0.015625,-0.002032,-0.001429,-9.2e-05,C-accelerated,134731.56,134800.0,1774.22,1500.0,0.5564
2026-03-30T05:54:31Z,2039078462,24,At the corner of the street a musician practiced the same melody again and again.,81,44,1,50.0366,0.043628,0.390625,0.617188,0.500366,0.047208,0.398438,0.625,0.006318,0.029385,0.004766,1,49.8413,7.991417,261.155,0.382146,1,0.489402,1,4,16,0.015625,-0.015334,-0.001896,-0.000834,C-accelerated,132840.0,133300.0,1537.18,2700.0,1.0128
2026-03-30T05:54:31Z,2039078462,25,Inside the laboratory a computer screen filled with numbers and strange graphs.,79,44,1,50.0,0.048229,0.382812,0.609375,0.5,0.043322,0.40625,0.585938,0.006211,0.036857,0.004734,1,50.4395,7.99166,256.175,0.467544,1,0.287732,1,4,16,0.015625,0.003342,-0.00023,0.002072,C-accelerated,134228.44,134100.0,1820.31,1400.0,0.522
2026-03-30T05:54:31Z,2039078462,26,The traveler wrote a message home describing the distant mountains.,67,44,1,49.7437,0.040076,0.390625,0.59375,0.497437,0.045848,0.390625,0.59375,0.006174,0.028079,0.004661,1,49.8901,7.99127,264.692,0.325167,1,0.002354,0,4,16,0.015625,0.009542,-0.001629,-0.002117,C-accelerated,138315.11,135200.0,8956.08,5400.0,1.997
2026-03-30T05:54:31Z,2039078462,27,A lonely satellite moved silently above the sleeping continent.,63,44,1,50.4822,0.049228,0.367188,0.617188,0.504822,0.039873,0.390625,0.59375,0.006262,0.031664,0.004742,1,50.2686,7.992584,225.641,0.90721,1,0.882511,1,4,16,0.015625,-0.002738,0.006501,-0.003551,C-accelerated,143254.0,138050.0,12237.53,10975.0,3.975
2026-03-30T05:54:31Z,2039078462,28,The historian searched dusty archives hoping to verify a forgotten story.,73,44,1,50.7263,0.04125,0.414062,0.609375,0.507263,0.039077,0.390625,0.609375,0.006174,0.029784,0.00468,1,49.5056,7.991849,248.308,0.606171,1,0.735002,1,4,16,0.015625,0.001448,0.006331,0.001473,C-accelerated,132865.11,132900.0,1757.82,2600.0,0.9782
2026-03-30T05:54:31Z,2039078462,29,During the festival lanterns floated gently across the dark river.,66,44,1,49.707,0.050931,0.359375,0.617188,0.49707,0.048524,0.375,0.632812,0.006201,0.027915,0.004671,1,50.3204,7.992645,224.244,0.917889,1,0.393466,1,4,16,0.015625,0.007879,-0.000642,-0.005354,C-accelerated,132092.0,131850.0,1671.49,2775.0,1.0523
2026-03-30T05:54:31Z,2039078462,30,A small drone hovered above the forest recording the patterns of trees.,71,44,1,49.8901,0.046872,0.390625,0.609375,0.498901,0.045646,0.382812,0.59375,0.006211,0.033056,0.00471,1,50.1556,7.991209,270.185,0.245452,1,0.059045,1,4,16,0.015625,0.00971,0.00507,-0.007167,C-accelerated,136786.44,133300.0,7950.71,7000.0,2.6257
2026-03-30T05:54:31Z,2039078462,31,The clock in the hallway stopped ticking sometime after midnight.,65,44,1,49.5667,0.044835,0.390625,0.632812,0.495667,0.042755,0.34375,0.601562,0.006279,0.030332,0.004722,1,49.6246,7.992756,219.985,0.944962,1,0.548052,1,4,16,0.015625,0.006424,-0.004884,-0.001882,C-accelerated,133718.22,132450.0,4572.64,2200.0,0.8305
2026-03-30T05:54:31Z,2039078462,32,A curious student asked a question that changed the entire lecture.,67,44,1,49.7803,0.045027,0.375,0.601562,0.497803,0.034567,0.40625,0.578125,0.006203,0.029183,0.004695,1,50.2533,7.991379,261.481,0.376745,1,0.590089,1,4,16,0.015625,-0.008007,-0.009862,-0.000834,C-accelerated,133188.89,133000.0,1957.32,2875.0,1.0808
2026-03-30T05:54:31Z,2039078462,33,The café owner watched strangers pass by through the rainy window.,66,44,1,50.3418,0.044385,0.34375,0.585938,0.503418,0.043594,0.390625,0.601562,0.006267,0.035524,0.004693,1,50.1648,7.991097,270.138,0.246076,1,0.567269,1,4,16,0.015625,0.003653,-0.002602,0.002458,C-accelerated,135508.22,135400.0,936.33,600.0,0.2216
2026-03-30T05:54:31Z,2039078462,34,In the library basement someone discovered a stack of unread journals.,70,44,1,50.769,0.044794,0.375,0.617188,0.50769,0.045753,0.367188,0.617188,0.006197,0.039058,0.004676,1,50.3448,7.989147,330.228,0.001037,0,0.026637,1,4,16,0.015625,-0.000568,-0.003726,0.003582,C-accelerated,132209.78,131800.0,1443.53,1100.0,0.4173
2026-03-30T05:54:31Z,2039078462,35,A fisherman repaired his nets while listening to the sound of waves.,68,44,1,50.7263,0.046448,0.398438,0.601562,0.507263,0.04503,0.390625,0.609375,0.006296,0.034191,0.004693,1,50.116,7.990192,299.462,0.02912,0,0.279173,1,4,16,0.015625,0.001085,0.003062,0.009492,C-accelerated,150258.89,142250.0,19584.0,14575.0,5.123
2026-03-30T05:54:31Z,2039078462,36,The programmer closed his laptop and walked outside to clear his thoughts.,74,44,1,50.0366,0.043726,0.382812,0.601562,0.500366,0.04492,0.375,0.609375,0.006148,0.032878,0.004641,1,50.1068,7.9924,230.272,0.864931,1,0.580258,1,4,16,0.015625,0.002191,-0.005096,-0.003293,C-accelerated,132864.44,132600.0,1283.41,1400.0,0.5279
2026-03-30T05:54:31Z,2039078462,37,A bright comet appeared briefly in the winter sky before fading again.,70,44,1,50.116,0.042725,0.390625,0.617188,0.50116,0.047038,0.390625,0.640625,0.006156,0.027822,0.004613,1,50.47,7.990327,294.528,0.044901,0,0.017142,1,4,16,0.015625,-0.002605,-0.005071,-0.004897,C-accelerated,134526.89,133900.0,3012.54,4200.0,1.5683
2026-03-30T05:54:31Z,2039078462,38,The mountain path twisted between tall pine trees and scattered rocks.,70,44,1,50.2014,0.04588,0.40625,0.609375,0.502014,0.048576,0.375,0.632812,0.006287,0.03212,0.004707,1,49.5972,7.991386,264.739,0.324444,1,0.07459,1,4,16,0.015625,-0.007715,-0.015095,-0.001221,C-accelerated,155396.67,168200.0,17160.63,35500.0,10.5529
2026-03-30T05:54:31Z,2039078462,39,A young artist filled a notebook with sketches from everyday life.,66,44,1,49.3164,0.04732,0.351562,0.625,0.493164,0.041913,0.390625,0.609375,0.006153,0.035233,0.004676,1,50.0092,7.992445,229.015,0.877468,1,0.186653,1,4,16,0.015625,-0.010594,0.009103,-0.00253,C-accelerated,142921.33,138900.0,10216.86,13000.0,4.6796
2026-03-30T05:54:31Z,2039078462,40,The radio played an old song that nobody had heard for years.,61,44,1,49.8718,0.0443,0.375,0.632812,0.498718,0.049389,0.390625,0.664062,0.006215,0.032511,0.004762,1,49.5209,7.989873,311.727,0.00876,0,0.085251,1,4,16,0.015625,0.005077,-0.002164,0.002704,C-accelerated,134329.11,134100.0,1378.98,1500.0,0.5593
2026-03-30T05:54:31Z,2039078462,41,At the university lab researchers debated the meaning of unexpected results.,76,44,1,49.3042,0.048664,0.335938,0.601562,0.493042,0.040692,0.382812,0.59375,0.006299,0.034175,0.004762,1,49.9756,7.992802,217.821,0.955809,1,0.939199,1,4,16,0.015625,-0.008734,0.008114,0.006599,C-accelerated,134117.11,133450.0,3077.57,4000.0,1.4987
2026-03-30T05:54:31Z,2039078462,42,The ship moved slowly across the quiet ocean under a sky full of stars.,71,44,1,48.9685,0.042779,0.382812,0.59375,0.489685,0.042979,0.375,0.585938,0.006224,0.035556,0.004703,1,49.6124,7.991813,248.844,0.596868,1,0.980983,1,4,16,0.015625,-0.00692,0.01076,-0.007814,C-accelerated,139401.78,136200.0,8151.61,9950.0,3.6527
2026-03-30T05:54:31Z,2039078462,43,A security camera blinked quietly above the empty hallway.,58,44,1,50.6348,0.042665,0.40625,0.601562,0.506348,0.045489,0.40625,0.648438,0.006243,0.034425,0.004746,1,49.6765,7.993028,213.562,0.972252,1,0.081847,1,4,16,0.015625,-0.0088,-0.020384,-0.003769,C-accelerated,132845.11,132800.0,1318.98,1700.0,0.6401
2026-03-30T05:54:31Z,2039078462,44,The gardener noticed the first flower blooming after a long winter.,67,44,1,49.7314,0.048233,0.367188,0.625,0.497314,0.045778,0.375,0.601562,0.006248,0.030739,0.004695,1,49.6429,7.993017,212.352,0.975891,1,0.897581,1,4,16,0.015625,-0.001406,-0.002292,0.007824,C-accelerated,133088.22,132600.0,1878.57,2475.0,0.9333
2026-03-30T05:54:31Z,2039078462,45,A distant thunderstorm illuminated the horizon with silent flashes of light.,76,44,1,50.4333,0.039882,0.375,0.609375,0.504333,0.045615,0.34375,0.65625,0.0062,0.031386,0.004722,1,50.1617,7.991078,271.441,0.228945,1,0.89381,1,4,16,0.015625,-0.003216,0.002114,0.000703,C-accelerated,131990.22,131900.0,978.14,1100.0,0.417
2026-03-30T05:54:31Z,2039078462,46,The mathematician scribbled notes while searching for a hidden pattern.,71,44,1,50.0549,0.045241,0.40625,0.609375,0.500549,0.041457,0.414062,0.625,0.006327,0.03235,0.004763,1,50.1099,7.991703,253.475,0.515207,1,0.457057,1,4,16,0.015625,0.002026,-0.004167,-0.002196,C-accelerated,139176.44,134250.0,11747.42,8975.0,3.3426
2026-03-30T05:54:31Z,2039078462,47,The taxi driver listened patiently to a passenger telling a long story.,71,44,1,49.9451,0.041273,0.398438,0.601562,0.499451,0.044034,0.390625,0.640625,0.006201,0.028249,0.004722,1,49.6246,7.992289,234.019,0.822804,1,0.194731,1,4,16,0.015625,0.002224,0.020016,-0.000206,C-accelerated,135044.89,134900.0,1409.28,1700.0,0.6301
2026-03-30T05:54:31Z,2039078462,48,The bookstore owner recommended a novel about forgotten cities.,63,44,1,50.531,0.04428,0.40625,0.601562,0.50531,0.045783,0.40625,0.640625,0.006208,0.027945,0.004747,1,49.8779,7.990438,292.247,0.05431,1,0.767556,1,4,16,0.015625,-0.00026,0.009174,0.000786,C-accelerated,136561.56,135800.0,2906.74,4300.0,1.5832
2026-03-30T05:54:31Z,2039078462,49,The old bridge creaked softly whenever a car passed over it.,60,44,1,50.0,0.044996,0.382812,0.601562,0.5,0.043978,0.375,0.609375,0.006206,0.034063,0.004781,1,50.1923,7.990999,275.281,0.182825,1,0.158208,1,4,16,0.015625,0.003855,0.006766,-0.000431,C-accelerated,132909.78,132500.0,1603.19,2400.0,0.9057
2026-03-30T05:54:31Z,2039078462,50,A traveler fell asleep while reading during a long flight.,58,44,1,49.5239,0.048546,0.351562,0.601562,0.495239,0.041308,0.367188,0.585938,0.00621,0.02871,0.004651,1,49.9237,7.991576,256.128,0.468361,1,0.567269,1,4,16,0.015625,0.005813,0.008566,0.003115,C-accelerated,136279.11,134250.0,5676.82,6575.0,2.4488
2026-03-30T05:54:31Z,2039078462,51,The scientist compared data from two experiments that looked almost identical.,78,44,1,50.7996,0.045139,0.375,0.585938,0.507996,0.040776,0.414062,0.601562,0.006229,0.028189,0.004636,1,49.884,7.992622,224.035,0.919411,1,0.731413,1,4,16,0.015625,0.009345,-0.008355,-0.010001,C-accelerated,142892.0,139600.0,9411.14,12075.0,4.3249
2026-03-30T05:54:31Z,2039078462,52,A student quietly finished homework while everyone else watched television.,75,44,1,50.5737,0.048784,0.382812,0.632812,0.505737,0.045528,0.390625,0.617188,0.006293,0.030037,0.004768,1,49.7223,7.990898,277.469,0.159514,1,0.471609,1,4,16,0.015625,0.00477,-0.007633,-0.001444,C-accelerated,135914.0,134100.0,6494.19,3475.0,1.2957
2026-03-30T05:54:31Z,2039078462,53,In the corner of the room a computer processed thousands of calculations.,73,44,1,50.1709,0.042421,0.414062,0.609375,0.501709,0.046935,0.375,0.625,0.006288,0.029913,0.004734,1,49.7589,7.992007,241.257,0.722469,1,0.706458,1,4,16,0.015625,-0.005631,0.00326,0.002281,C-accelerated,134455.33,134400.0,1571.18,2475.0,0.9208
2026-03-30T05:54:31Z,2039078462,54,The baker smiled as the first customers arrived early in the morning.,69,44,1,50.2991,0.043467,0.390625,0.601562,0.502991,0.047683,0.40625,0.640625,0.006186,0.030014,0.004706,1,50.0549,7.991787,248.122,0.609396,1,0.685315,1,4,16,0.015625,0.010676,-0.012977,0.003523,C-accelerated,137305.56,134650.0,6238.77,7175.0,2.6643
2026-03-30T05:54:31Z,2039078462,55,A small boat drifted gently near the shore without anyone inside.,65,44,1,50.1404,0.045955,0.367188,0.625,0.501404,0.042606,0.414062,0.601562,0.006238,0.029526,0.004709,1,49.4873,7.992444,229.248,0.875207,1,0.657505,1,4,16,0.015625,0.008878,-0.00258,0.004973,C-accelerated,144828.22,141550.0,9923.59,14400.0,5.0865
2026-03-30T05:54:31Z,2039078462,56,The city park slowly filled with people enjoying the afternoon sunlight.,72,44,1,49.8657,0.041168,0.40625,0.585938,0.498657,0.042254,0.398438,0.648438,0.006126,0.02933,0.004638,1,50.3967,7.990997,278.749,0.146871,1,0.650625,1,4,16,0.015625,0.003975,-0.007274,-0.002193,C-accelerated,135854.44,136200.0,1978.22,2700.0,0.9912
2026-03-30T05:54:31Z,2039078462,57,The night sky revealed a scattering of distant galaxies beyond the clouds.,74,44,1,49.1272,0.041806,0.398438,0.609375,0.491272,0.039033,0.40625,0.570312,0.006193,0.029323,0.004667,1,50.0854,7.991697,252.311,0.535828,1,0.268719,1,4,16,0.015625,0.001228,0.000246,0.003535,C-accelerated,135438.0,134750.0,3190.47,3800.0,1.41
2026-03-30T05:54:31Z,2039078462,58,A software developer stared at a bug that refused to disappear.,63,44,1,50.6653,0.046478,0.40625,0.625,0.506653,0.041823,0.398438,0.609375,0.006283,0.032226,0.004804,1,50.0916,7.991337,262.295,0.36337,1,0.073818,1,4,16,0.015625,-0.005019,-0.000428,-0.012124,C-accelerated,133926.0,133800.0,1719.12,2700.0,1.009
2026-03-30T05:54:31Z,2039078462,59,The museum guide explained the history of an ancient artifact.,62,44,1,50.1892,0.041464,0.414062,0.625,0.501892,0.041152,0.390625,0.625,0.006277,0.034717,0.0047,1,50.0732,7.993294,205.975,0.989219,1,0.147264,1,4,16,0.015625,-0.008202,-0.013787,-0.006318,C-accelerated,134712.89,134200.0,2136.34,2400.0,0.8942
2026-03-30T05:54:31Z,2039078462,60,Somewhere a train whistle echoed across the quiet countryside.,62,44,1,50.8423,0.046942,0.359375,0.640625,0.508423,0.046257,0.359375,0.632812,0.006288,0.033699,0.004787,1,49.8779,7.990114,300.858,0.025625,0,0.699384,1,4,16,0.015625,-0.007469,0.01505,0.004352,C-accelerated,159472.22,139050.0,38377.22,29900.0,10.7515
2026-03-30T05:54:31Z,2039078462,61,The river reflected the orange glow of sunset.,46,44,1,49.6155,0.049728,0.390625,0.609375,0.496155,0.047971,0.398438,0.625,0.006171,0.028818,0.004718,1,49.707,7.991709,252.823,0.526755,1,0.859987,1,4,16,0.015625,0.010075,0.003637,0.005632,C-accelerated,132161.56,131800.0,1586.04,2400.0,0.9105
2026-03-30T05:54:31Z,2039078462,62,A young child asked endless questions about the stars.,54,44,1,49.9939,0.040294,0.421875,0.625,0.499939,0.039251,0.382812,0.609375,0.006223,0.031236,0.004706,1,50.0244,7.990429,294.132,0.046429,0,0.720681,1,4,16,0.015625,0.002506,-0.004133,-0.009058,C-accelerated,137769.56,134800.0,7737.86,7375.0,2.7355
2026-03-30T05:54:31Z,2039078462,63,The pilot watched the instruments carefully during a turbulent flight.,70,44,1,50.3784,0.039764,0.40625,0.625,0.503784,0.042824,0.398438,0.601562,0.006258,0.031002,0.004686,1,50.1434,7.992386,233.088,0.83393,1,0.252559,1,4,16,0.015625,0.011423,-0.005513,-0.004392,C-accelerated,135238.89,134900.0,1750.9,1300.0,0.4818
2026-03-30T05:54:31Z,2039078462,64,A forgotten path led into a forest nobody visited anymore.,58,44,1,50.0916,0.040485,0.414062,0.578125,0.500916,0.041988,0.40625,0.609375,0.006257,0.034397,0.004757,1,50.0763,7.992594,225.501,0.90832,1,0.388201,1,4,16,0.015625,-0.002979,0.005063,-0.00345,C-accelerated,133835.56,133800.0,1606.92,2000.0,0.7474
2026-03-30T05:54:31Z,2039078462,65,The library remained silent except for turning pages.,53,44,1,50.116,0.042747,0.390625,0.601562,0.50116,0.043957,0.390625,0.609375,0.00633,0.029532,0.004807,1,50.2289,7.993027,210.49,0.980724,1,0.630162,1,4,16,0.015625,0.006021,0.00324,-0.0069,C-accelerated,133431.56,132800.0,3152.79,1600.0,0.6024
2026-03-30T05:54:31Z,2039078462,66,The engineer measured the structure again to confirm the calculation.,69,44,1,49.53,0.043315,0.367188,0.601562,0.4953,0.046326,0.382812,0.578125,0.006214,0.03112,0.004704,1,50.2136,7.992443,227.549,0.891087,1,0.393466,1,4,16,0.015625,-0.004847,-0.007623,-0.001864,C-accelerated,134042.67,133300.0,3218.44,2900.0,1.0878
2026-03-30T05:54:31Z,2039078462,67,The dog waited patiently beside the closed gate.,48,44,1,49.3408,0.044069,0.351562,0.601562,0.493408,0.047214,0.382812,0.585938,0.00622,0.031991,0.004701,1,49.5209,7.991138,269.952,0.248583,1,0.054703,1,4,16,0.015625,0.001118,-0.00758,0.005439,C-accelerated,134490.89,134400.0,1246.29,1800.0,0.6696
2026-03-30T05:54:31Z,2039078462,68,A researcher opened a dataset containing millions of entries.,61,44,1,49.53,0.041939,0.390625,0.59375,0.4953,0.044057,0.382812,0.632812,0.006244,0.03026,0.004785,1,49.7986,7.992509,227.642,0.890254,1,0.147264,1,4,16,0.015625,0.012086,0.006349,0.004404,C-accelerated,131865.56,131500.0,1547.87,2475.0,0.9411
2026-03-30T05:54:31Z,2039078462,69,The morning fog slowly lifted from the valley.,46,44,1,50.6836,0.040383,0.398438,0.609375,0.506836,0.049266,0.398438,0.65625,0.00619,0.03057,0.004696,1,49.8962,7.992013,242.257,0.706876,1,0.664415,1,4,16,0.015625,-0.002628,0.005131,-0.00068,C-accelerated,132777.78,132300.0,1574.98,2275.0,0.8598
2026-03-30T05:54:31Z,2039078462,70,A group of hikers followed a narrow trail through rocky hills.,62,44,1,49.7986,0.0495,0.351562,0.609375,0.497986,0.041227,0.390625,0.59375,0.006151,0.030617,0.004659,1,49.9237,7.992269,234.508,0.816791,1,0.973379,1,4,16,0.015625,0.001653,0.005195,0.005929,C-accelerated,135627.33,134100.0,4445.12,3475.0,1.2957
2026-03-30T05:54:31Z,2039078462,71,The clock tower rang loudly across the town square.,51,44,1,50.5493,0.047865,0.390625,0.640625,0.505493,0.045871,0.359375,0.648438,0.006134,0.02776,0.004617,1,50.1068,7.991776,249.425,0.586709,1,0.039448,1,4,16,0.015625,0.008651,-0.003979,0.001186,C-accelerated,138720.67,135700.0,7495.77,6975.0,2.57
2026-03-30T05:54:31Z,2039078462,72,The traveler wrote notes in a journal about distant places.,59,44,1,50.2075,0.049047,0.390625,0.609375,0.502075,0.046173,0.375,0.59375,0.006137,0.033081,0.004712,1,50.0946,7.99063,285.708,0.090455,1,0.905131,1,4,16,0.015625,-0.010035,0.005339,0.000632,C-accelerated,133590.22,133300.0,2077.81,1900.0,0.7127
2026-03-30T05:54:31Z,2039078462,73,A quiet lake reflected the surrounding mountains perfectly.,59,44,1,50.2441,0.045667,0.40625,0.632812,0.502441,0.040321,0.414062,0.59375,0.006281,0.033945,0.004743,1,49.9451,7.991529,258.944,0.419474,1,0.988589,1,4,16,0.015625,0.001958,-0.008517,0.009656,C-accelerated,132968.22,132600.0,1370.17,2475.0,0.9333
2026-03-30T05:54:31Z,2039078462,74,The sound of rain filled the empty street at night.,51,44,1,49.762,0.045034,0.375,0.609375,0.49762,0.047376,0.382812,0.601562,0.006254,0.031526,0.004726,1,49.411,7.991313,265.414,0.314042,1,0.235204,1,4,16,0.015625,-0.006609,0.010741,0.006634,C-accelerated,136607.56,135950.0,4549.05,4400.0,1.6182
2026-03-30T05:54:31Z,2039078462,75,A scientist reviewed results before publishing the report.,58,44,1,49.8474,0.046906,0.390625,0.617188,0.498474,0.042669,0.359375,0.585938,0.006244,0.027744,0.004695,1,50.0366,7.991262,266.275,0.301007,1,0.144621,1,4,16,0.015625,-0.008898,0.00147,0.005163,C-accelerated,137025.11,135400.0,3990.23,4800.0,1.7725
2026-03-30T05:54:31Z,2039078462,76,The mechanic wiped grease from his hands after finishing the repair.,68,44,1,49.8718,0.046279,0.328125,0.59375,0.498718,0.040885,0.390625,0.609375,0.006336,0.029664,0.004819,1,50.5981,7.992392,228.643,0.881029,1,0.724253,1,4,16,0.015625,-0.001644,0.006162,-0.000336,C-accelerated,137334.89,136750.0,1898.41,1500.0,0.5484
2026-03-30T05:54:31Z,2039078462,77,The small bookstore smelled of paper and dust.,46,44,1,49.9573,0.042301,0.398438,0.625,0.499573,0.045662,0.367188,0.609375,0.006188,0.03166,0.004733,1,49.9603,7.990588,286.801,0.083362,1,0.22961,1,4,16,0.015625,0.010173,-0.000602,0.017573,C-accelerated,132587.78,132100.0,1541.56,1300.0,0.4921
2026-03-30T05:54:31Z,2039078462,78,A programmer experimented with a strange encryption algorithm.,62,44,1,50.3601,0.044548,0.375,0.617188,0.503601,0.045312,0.359375,0.640625,0.006247,0.030026,0.004639,1,50.1099,7.991278,265.6,0.3112,1,0.630162,1,4,16,0.015625,-0.004308,-0.002247,-0.01024,C-accelerated,135758.67,133700.0,6089.88,5175.0,1.9353
2026-03-30T05:54:31Z,2039078462,79,The wind carried the smell of the sea through open windows.,59,44,1,49.4629,0.047288,0.375,0.625,0.494629,0.046103,0.375,0.640625,0.006215,0.029059,0.004731,1,49.8444,7.990491,287.151,0.081193,1,0.706458,1,4,16,0.015625,-0.004538,0.001632,-0.00645,C-accelerated,137142.22,136100.0,3664.19,4950.0,1.8185
2026-03-30T05:54:31Z,2039078462,80,The station platform slowly emptied as the last train departed.,63,44,1,50.3052,0.044733,0.390625,0.617188,0.503052,0.047353,0.390625,0.617188,0.006245,0.032358,0.004727,1,49.9664,7.992514,227.503,0.891501,1,0.863734,1,4,16,0.015625,-0.005081,-0.007204,0.011487,C-accelerated,136012.89,134600.0,4672.42,3400.0,1.263
2026-03-30T05:54:31Z,2039078462,81,The lighthouse beam swept across dark waves repeatedly.,55,44,1,49.4934,0.045045,0.390625,0.625,0.494934,0.042135,0.382812,0.59375,0.006284,0.032728,0.00472,1,49.9664,7.991468,260.015,0.40126,1,0.439934,1,4,16,0.015625,0.00028,-0.006535,0.003361,C-accelerated,133809.33,133500.0,1725.52,2500.0,0.9363
2026-03-30T05:54:31Z,2039078462,82,A teacher explained a difficult concept using a simple example.,63,44,1,50.4333,0.04755,0.367188,0.59375,0.504333,0.047409,0.398438,0.648438,0.006238,0.02936,0.004762,1,49.7253,7.990537,285.894,0.089216,1,0.362529,1,4,16,0.015625,0.00174,-0.000626,0.002971,C-accelerated,132538.89,132200.0,1390.08,2600.0,0.9834
2026-03-30T05:54:31Z,2039078462,83,The researcher finally discovered a subtle mistake in the model.,64,44,1,50.3296,0.044854,0.40625,0.625,0.503296,0.042742,0.40625,0.625,0.006201,0.031839,0.004693,1,49.9451,7.990377,292.62,0.052671,1,0.42043,1,4,16,0.015625,0.012455,-0.002269,-0.006411,C-accelerated,167072.44,166400.0,1631.17,2500.0,0.7512
2026-03-30T05:54:31Z,2039078462,84,The moonlight illuminated the narrow road outside the village.,62,44,1,49.8657,0.0447,0.390625,0.617188,0.498657,0.042479,0.375,0.609375,0.006314,0.030259,0.004772,1,49.1608,7.992533,227.712,0.889627,1,0.800525,1,4,16,0.015625,0.00187,-0.000933,0.006809,C-accelerated,137268.89,134700.0,5855.58,6550.0,2.4313
2026-03-30T05:54:31Z,2039078462,85,A delivery truck passed quietly through the sleeping neighborhood.,66,44,1,50.238,0.046575,0.359375,0.59375,0.50238,0.037678,0.421875,0.585938,0.006169,0.031008,0.004651,1,50.1526,7.99127,267.578,0.281809,1,0.599997,1,4,16,0.015625,-0.00341,0.004971,0.006251,C-accelerated,132396.22,132000.0,1642.89,1300.0,0.4924
2026-03-30T05:54:31Z,2039078462,86,The old radio suddenly came alive with static and music.,56,44,1,50.1709,0.045228,0.390625,0.609375,0.501709,0.044942,0.382812,0.632812,0.006193,0.033199,0.004671,1,50.4547,7.990418,292.713,0.052268,1,0.800525,1,4,16,0.015625,-0.009948,0.000473,-0.006064,C-accelerated,136595.33,134200.0,7879.19,4775.0,1.7791
2026-03-30T05:54:31Z,2039078462,87,The mathematician smiled after solving a problem that took weeks.,65,44,1,49.8901,0.04322,0.40625,0.625,0.498901,0.043154,0.390625,0.585938,0.006251,0.032695,0.00476,1,49.5514,7.991194,268.463,0.269162,1,0.7712,1,4,16,0.015625,0.002011,0.000381,-0.002054,C-accelerated,134388.0,133950.0,2255.97,1700.0,0.6346
2026-03-30T05:54:31Z,2039078462,88,A scientist carefully labeled samples inside a freezer.,55,44,1,49.469,0.047249,0.382812,0.617188,0.49469,0.047521,0.34375,0.617188,0.006255,0.030793,0.004731,1,50.2289,7.991411,262.225,0.364509,1,0.636952,1,4,16,0.015625,0.007144,-0.002538,0.005075,C-accelerated,141296.44,137350.0,9320.12,10300.0,3.7495
2026-03-30T05:54:31Z,2039078462,89,A curious traveler followed a trail leading to ancient ruins.,61,44,1,49.0845,0.042016,0.367188,0.585938,0.490845,0.040865,0.398438,0.601562,0.006269,0.027512,0.004789,1,50.2533,7.993147,207.535,0.98674,1,0.833854,1,4,16,0.015625,-0.001677,0.009851,-0.006663,C-accelerated,133004.67,133000.0,1869.57,2500.0,0.9398
2026-03-30T05:54:31Z,2039078462,90,The security guard checked the monitors one last time.,54,44,1,49.5911,0.046126,0.359375,0.609375,0.495911,0.044751,0.382812,0.59375,0.006181,0.030395,0.004664,1,50.2167,7.991791,249.821,0.579776,1,0.908908,1,4,16,0.015625,-0.006058,-0.003106,-0.012928,C-accelerated,139864.0,136600.0,7870.83,7600.0,2.7818
2026-03-30T05:54:31Z,2039078462,91,The sky turned deep purple as the sun disappeared behind hills.,63,44,1,49.7986,0.036096,0.421875,0.585938,0.497986,0.042525,0.375,0.632812,0.006198,0.033555,0.004702,1,50.2228,7.992357,231.808,0.848519,1,0.544881,1,4,16,0.015625,-0.003181,0.010362,0.00823,C-accelerated,134336.22,134300.0,1670.75,1600.0,0.5957
2026-03-30T05:54:31Z,2039078462,92,A small robot moved across the laboratory floor collecting data.,64,44,1,50.5249,0.041283,0.40625,0.601562,0.505249,0.044022,0.390625,0.632812,0.006242,0.03164,0.004714,1,49.826,7.991653,253.894,0.507786,1,0.222301,1,4,16,0.015625,-0.002054,0.002074,-0.016331,C-accelerated,136807.78,134650.0,6163.65,5775.0,2.1444
2026-03-30T05:54:31Z,2039078462,93,The writer finally typed the last sentence of the chapter.,58,44,1,50.2991,0.048985,0.367188,0.648438,0.502991,0.042412,0.351562,0.609375,0.006326,0.02962,0.004779,1,49.5087,7.991572,258.618,0.425064,1,0.931616,1,4,16,0.015625,-0.011105,-0.007866,-0.004463,C-accelerated,132417.78,132100.0,1419.79,1300.0,0.4921
2026-03-30T05:54:31Z,2039078462,94,The café lights turned off as the final customer left.,54,44,1,50.0244,0.044783,0.40625,0.609375,0.500244,0.04473,0.398438,0.601562,0.006162,0.029799,0.004697,1,49.8352,7.990441,290.479,0.062669,1,0.815297,1,4,16,0.015625,-0.0046,0.014223,0.015807,C-accelerated,132995.11,132600.0,1591.69,2275.0,0.8578
2026-03-30T05:54:31Z,2039078462,95,A cold wind moved through the empty railway station.,52,44,1,50.6104,0.046198,0.382812,0.609375,0.506104,0.047691,0.382812,0.625,0.006232,0.031128,0.004679,1,49.704,7.992832,219.148,0.949378,1,0.516756,1,4,16,0.015625,-0.000224,0.003995,0.006018,C-accelerated,142656.22,140400.0,8348.16,12675.0,4.5139
2026-03-30T05:54:31Z,2039078462,96,The story ended quietly as the town fell asleep again.,54,44,1,50.5249,0.040195,0.382812,0.609375,0.505249,0.045806,0.359375,0.609375,0.006212,0.03073,0.004679,1,49.6185,7.992141,239.953,0.74221,1,0.285576,1,4,16,0.015625,0.002311,-8.3e-05,0.008626,C-accelerated,135808.44,133100.0,12132.02,1500.0,0.5635
2026-03-30T05:54:31Z,2039078462,97,Jucrypt is not as interesting as the Zuhan Shu. She is so kind and good hearted person.,87,44,1,50.0305,0.043557,0.398438,0.664062,0.500305,0.042516,0.351562,0.640625,0.006325,0.028155,0.004766,1,49.9786,7.992049,242.001,0.710899,1,0.920254,1,4,16,0.015625,-0.004272,-0.001383,-0.002887,C-accelerated,142247.56,139950.0,6786.32,8650.0,3.0904
2026-03-30T05:54:31Z,2039078462,98,The university of pecs is almost 700 years old. But why is it not ranked as top three now?,90,44,1,50.0305,0.047193,0.40625,0.625,0.500305,0.041113,0.40625,0.640625,0.006191,0.032294,0.004702,1,49.942,7.990987,275.677,0.17845,1,0.077748,1,4,16,0.015625,0.000713,0.007617,0.005051,C-accelerated,132699.11,133100.0,1756.57,2900.0,1.0894
2026-03-30T05:54:31Z,2039078462,99,"AI will replace human, those human who got zero creativity and zero problem solving skill.",90,44,1,49.8901,0.039375,0.40625,0.59375,0.498901,0.045089,0.367188,0.617188,0.00614,0.031376,0.004689,1,49.7406,7.991096,270.464,0.241725,1,0.22961,1,4,16,0.015625,0.00519,-0.002129,-0.010678,C-accelerated,134808.22,134400.0,1577.03,1900.0,0.7068
2026-03-30T05:54:31Z,2039078462,100,"The last library on Earth had one book left. A child opened it. Blank pages. ""Write something,"" the librarian whispered. The child drew a flower.",145,44,1,50.0977,0.044709,0.390625,0.601562,0.500977,0.041696,0.390625,0.609375,0.006307,0.032464,0.004757,1,49.9207,7.99127,266.508,0.297531,1,0.330786,1,4,16,0.015625,0.005718,-0.003814,0.000155,C-accelerated,145592.89,140000.0,13983.62,17875.0,6.3839
2026-03-30T05:54:31Z,2039078462,101,"Morning coffee. Same cup. Same spoon. Same window. Different bird today. Small, yellow, singing. Maybe that's enough.",117,44,1,49.6704,0.043417,0.359375,0.585938,0.496704,0.038899,0.40625,0.617188,0.006265,0.029616,0.004732,1,50.3937,7.991065,270.604,0.239874,1,0.051767,1,4,16,0.015625,0.002733,0.007253,-0.00122,C-accelerated,132755.78,132400.0,1401.37,1500.0,0.5665
2026-03-30T05:54:31Z,2039078462,102,"""Grandpa, what's rain?"" The old man closed his eyes. ""Blue music,"" he said. ""The sky crying because it misses the ground.""",122,44,1,49.9207,0.043453,0.390625,0.625,0.499207,0.0451,0.359375,0.640625,0.006155,0.030277,0.004653,1,49.8535,7.991221,266.461,0.298225,1,0.069317,1,4,16,0.015625,0.002039,0.005274,0.001104,C-accelerated,133433.56,132900.0,2003.55,3000.0,1.1287
2026-03-30T05:54:31Z,2039078462,103,"She found a photograph in the attic. A woman who looked exactly like her, wearing clothes from 1923. The same mole. The same smile. The same sadness.",149,44,1,49.5605,0.049955,0.359375,0.625,0.495605,0.049205,0.375,0.632812,0.00621,0.030761,0.004752,1,49.7437,7.991869,248.681,0.599704,1,0.024742,1,4,16,0.015625,0.011105,-0.001452,0.005779,C-accelerated,142804.0,138000.0,10744.98,12875.0,4.6649
2026-03-30T05:54:31Z,2039078462,104,"The key turned. Door creaked open. Empty room, except for a single chair. On it: a photograph of herself, age seven, smiling. She'd forgotten that day.",151,44,1,50.2014,0.042503,0.398438,0.617188,0.502014,0.042727,0.40625,0.601562,0.006235,0.027608,0.004659,1,50.1221,7.992473,232.18,0.84436,1,0.731413,1,4,16,0.015625,-0.003566,0.006574,-0.009422,C-accelerated,133913.78,133800.0,1589.15,1400.0,0.5232
2026-03-30T05:54:31Z,2039078462,105,Bread. Knife. Board. She sliced. He watched. Years of marriage reduced to the space between crust and crumb.,108,44,1,50.1709,0.047189,0.367188,0.640625,0.501709,0.045533,0.328125,0.625,0.006225,0.031387,0.004697,1,49.6643,7.992107,237.882,0.772152,1,0.474549,1,4,16,0.015625,0.002047,0.007682,-0.006247,C-accelerated,136427.11,135300.0,3412.71,1600.0,0.5913
2026-03-30T05:54:31Z,2039078462,106,"Rain hammered the tin roof. She counted drops instead of regrets. At eighty-three, memories leaked like water through cracks. The roof would hold. She wasn't sure about herself.",177,44,1,50.2747,0.042697,0.414062,0.617188,0.502747,0.04254,0.390625,0.625,0.00624,0.031407,0.004758,1,49.7009,7.992358,233.949,0.823653,1,0.674834,1,4,16,0.015625,0.00132,0.001801,0.001205,C-accelerated,142408.44,139350.0,8366.96,8300.0,2.9781
2026-03-30T05:54:31Z,2039078462,107,"""We need to talk,"" Maria said, clutching divorce papers. Carlos smiled strangely. ""I know. I've been waiting."" He opened the closet. Inside: suitcases packed for two, plane tickets to Bali, and a positive pregnancy test.",220,44,1,49.6155,0.046064,0.398438,0.640625,0.496155,0.043135,0.40625,0.617188,0.006181,0.028921,0.00463,1,49.9084,7.992272,237.347,0.779586,1,0.52294,1,4,16,0.015625,0.001217,-0.002933,0.008821,C-accelerated,136206.67,135700.0,2588.58,3500.0,1.2896
2026-03-30T05:54:31Z,2039078462,108,The old man fed pigeons in the park every Tuesday. Tuesday never came this week. The pigeons waited. So did his empty bench.,124,44,1,49.53,0.044681,0.390625,0.617188,0.4953,0.044359,0.367188,0.601562,0.006245,0.03227,0.004713,1,49.7894,7.993124,208.908,0.984176,1,0.882511,1,4,16,0.015625,-0.004622,0.002421,-0.007736,C-accelerated,133704.67,133450.0,1451.02,2100.0,0.7868
2026-03-30T05:54:31Z,2039078462,109,"A single red balloon escaped a child's hand. It rose past windows—a crying woman, a man practicing speeches, a cat watching moths. The balloon kept going.",154,44,1,49.9084,0.041405,0.390625,0.601562,0.499084,0.041,0.390625,0.59375,0.006302,0.030994,0.004735,1,49.8993,7.990829,278.935,0.145092,1,0.459947,1,4,16,0.015625,-0.004413,0.001251,-0.002316,C-accelerated,136807.56,136100.0,2906.03,4100.0,1.5062
2026-03-30T05:54:31Z,2039078462,110,"""I'm not real,"" the painting whispered. The gallery guard nodded. ""None of us are. But we still show up every morning.""",119,44,1,50.8301,0.045384,0.382812,0.640625,0.508301,0.043997,0.351562,0.65625,0.006245,0.03194,0.004648,1,50.4578,7.99205,241.629,0.716709,1,0.778502,1,4,16,0.015625,-0.0022,-0.010566,-0.006597,C-accelerated,131723.56,131300.0,1342.0,1600.0,0.6093
2026-03-30T05:54:31Z,2039078462,111,She planted roses where they buried his ashes. They bloomed red. She'd never liked red. The roses didn't care.,110,44,1,50.2197,0.037783,0.390625,0.578125,0.502197,0.046064,0.359375,0.625,0.006222,0.035522,0.004745,1,49.9695,7.991664,253.801,0.509434,1,0.91647,1,4,16,0.015625,0.009773,-0.002992,0.005404,C-accelerated,137082.22,136050.0,3702.51,6175.0,2.2694
2026-03-30T05:54:31Z,2039078462,112,"The train was late. So was his entire life. He wondered if somewhere, another version of him was early for everything.",118,44,1,49.8718,0.041556,0.40625,0.609375,0.498718,0.043725,0.382812,0.617188,0.006307,0.039517,0.004753,1,49.3652,7.990055,302.72,0.021531,0,0.036363,1,4,16,0.015625,-0.01146,-0.000765,0.003676,C-accelerated,138363.11,135950.0,5924.24,6450.0,2.3722
2026-03-30T05:54:31Z,2039078462,113,"A letter arrived with no return address. Inside: a maple leaf, pressed flat, and the words ""Remember October?""",110,44,1,50.0488,0.042799,0.40625,0.585938,0.500488,0.043484,0.398438,0.625,0.0063,0.030549,0.004723,1,49.9298,7.991659,254.918,0.489674,1,0.636952,1,4,16,0.015625,0.007304,-0.004559,-0.009262,C-accelerated,136736.67,136050.0,2917.89,3000.0,1.1025
2026-03-30T05:54:31Z,2039078462,114,"The baby cried. The mother cried. The father stood in the doorway, holding flowers, realizing he was the reason for both.",121,44,1,49.8901,0.042966,0.375,0.601562,0.498901,0.045247,0.398438,0.617188,0.006239,0.030342,0.004744,1,49.9207,7.991686,253.777,0.509847,1,0.510609,1,4,16,0.015625,-0.00278,-0.00071,0.009193,C-accelerated,131737.33,131400.0,1203.71,1200.0,0.4566
2026-03-30T05:54:31Z,2039078462,115,The magician's last trick: making himself disappear. The audience applauded. His wife didn't. She knew where he went.,117,44,1,49.4019,0.049348,0.359375,0.632812,0.494019,0.044091,0.398438,0.609375,0.006172,0.026503,0.004638,1,49.5178,7.991276,266.857,0.292356,1,0.745804,1,4,16,0.015625,0.010096,0.005837,0.00437,C-accelerated,148272.0,144250.0,12764.71,19950.0,6.9151
2026-03-30T05:54:31Z,2039078462,116,They met at a bus stop. Missed buses together for forty years. Never rode a single one.,87,44,1,49.9207,0.041865,0.398438,0.59375,0.499207,0.041522,0.40625,0.640625,0.006313,0.027967,0.004691,1,49.9634,7.99215,240.047,0.740822,1,0.927827,1,4,16,0.015625,0.001837,0.005759,0.002926,C-accelerated,134673.33,133500.0,4035.59,2675.0,1.0019
2026-03-30T05:54:31Z,2039078462,117,"The clock stopped at 3:47 AM. In that moment, somewhere, someone decided not to jump.",85,44,1,50.0,0.045155,0.390625,0.59375,0.5,0.050922,0.351562,0.601562,0.006346,0.030129,0.004777,1,50.0092,7.99199,244.724,0.667001,1,0.664415,1,4,16,0.015625,-0.008467,-0.004472,0.006118,C-accelerated,132448.0,132000.0,1658.62,1300.0,0.4924
2026-03-30T05:54:31Z,2039078462,118,She wrote her name in snow. Waited. Watched it melt. Decided that was enough of a legacy.,89,44,1,49.2554,0.043244,0.359375,0.59375,0.492554,0.046526,0.335938,0.609375,0.006238,0.027584,0.004723,1,50.1465,7.992549,226.804,0.897592,1,0.296466,1,4,16,0.015625,0.001514,-0.012029,0.001437,C-accelerated,167167.11,166700.0,1456.18,900.0,0.2699
2026-03-30T05:54:31Z,2039078462,119,"The dog waited by the door for three years. One day, it didn't. Neither did the door.",85,44,1,50.1648,0.043746,0.375,0.617188,0.501648,0.042519,0.398438,0.609375,0.006195,0.032302,0.004667,1,50.0549,7.991188,269.58,0.253641,1,0.13441,1,4,16,0.015625,0.005899,-0.002691,0.001365,C-accelerated,136447.78,134850.0,3563.13,4100.0,1.5202
2026-03-30T05:54:31Z,2039078462,120,"""Tell me a story,"" the dying man said. His daughter held his hand. ""You're in one,"" she whispered. ""The best one.""",114,44,1,50.0488,0.042091,0.359375,0.585938,0.500488,0.041418,0.40625,0.59375,0.006217,0.029782,0.004691,1,50.2625,7.991064,270.953,0.235283,1,0.724253,1,4,16,0.015625,0.003256,0.002392,-0.008192,C-accelerated,134086.44,134200.0,1488.91,2000.0,0.7452
2026-03-30T05:54:31Z,2039078462,121,The mirror showed someone younger. She didn't know whether to feel flattered or haunted.,88,44,1,49.3652,0.039749,0.382812,0.601562,0.493652,0.042497,0.351562,0.648438,0.006205,0.033338,0.004677,1,50.2441,7.992315,233.367,0.830637,1,0.554422,1,4,16,0.015625,-0.007072,0.007975,0.002808,C-accelerated,132904.0,132700.0,1536.28,2500.0,0.942
2026-03-30T05:54:31Z,2039078462,122,He collected rain in jars. Labeled each storm. Drank them on days he needed to remember.,88,44,1,50.238,0.039675,0.414062,0.601562,0.50238,0.044006,0.382812,0.585938,0.006251,0.02954,0.004704,1,49.8169,7.992422,232.18,0.84436,1,0.298677,1,4,16,0.015625,-0.006754,0.001694,-0.002373,C-accelerated,132721.78,133100.0,1710.98,2600.0,0.9767
2026-03-30T05:54:31Z,2039078462,123,The library had a book that changed its story every time someone opened it. No one believed the librarian.,106,44,1,49.939,0.049407,0.390625,0.625,0.49939,0.045045,0.359375,0.617188,0.006243,0.02969,0.004696,1,49.5636,7.991219,267.811,0.278451,1,0.186653,1,4,16,0.015625,0.005813,-0.001476,-0.003471,C-accelerated,135645.78,135400.0,2141.86,3975.0,1.4679
2026-03-30T05:54:31Z,2039078462,124,She learned to knit during the war. Made scarves for soldiers who never came back. Kept knitting anyway.,104,44,1,49.8291,0.047199,0.375,0.625,0.498291,0.043267,0.414062,0.632812,0.006205,0.037099,0.004705,1,50.2228,7.990461,292.34,0.053896,1,0.42595,1,4,16,0.015625,0.003671,-0.001804,0.007606,C-accelerated,133643.56,134100.0,1447.67,2500.0,0.9321
2026-03-30T05:54:31Z,2039078462,125,The last dinosaur didn't know it was the last. It just wondered why everything got so quiet.,92,44,1,50.0916,0.043941,0.398438,0.609375,0.500916,0.04406,0.359375,0.625,0.006265,0.029241,0.004773,1,50.1007,7.991954,247.098,0.627022,1,0.09057,1,4,16,0.015625,-0.004164,-0.012127,-0.006995,C-accelerated,139643.11,136200.0,8104.16,9375.0,3.4416
2026-03-30T05:54:31Z,2039078462,126,His phone rang. Wrong number. He kept the conversation going for twenty-three minutes. So did she.,98,44,1,49.8535,0.045844,0.390625,0.625,0.498535,0.042001,0.382812,0.609375,0.006267,0.03183,0.004692,1,49.6826,7.992672,222.639,0.929041,1,0.942992,1,4,16,0.015625,0.011203,-0.004538,-0.000705,C-accelerated,138264.0,134450.0,9288.1,6675.0,2.4823
2026-03-30T05:54:31Z,2039078462,127,The bridge was built in 1889. It had heard every secret. Told none.,67,44,1,49.7437,0.047523,0.367188,0.609375,0.497437,0.047201,0.398438,0.609375,0.006241,0.036502,0.004723,1,50.6439,7.991742,251.38,0.552304,1,0.439934,1,4,16,0.015625,-0.003188,-0.005545,-0.004269,C-accelerated,139175.78,138700.0,3229.91,3900.0,1.4059
2026-03-30T05:54:31Z,2039078462,128,She counted her mother's breaths. Each one a gift she couldn't return.,70,44,1,50.2319,0.047765,0.40625,0.640625,0.502319,0.041413,0.390625,0.617188,0.006195,0.0315,0.004692,1,50.238,7.991189,266.833,0.2927,1,0.643773,1,4,16,0.015625,0.001347,-0.004964,-0.001919,C-accelerated,133960.67,133700.0,2259.72,2275.0,0.8508
2026-03-30T05:54:31Z,2039078462,129,The artist painted darkness. Sold it as hope. People saw what they needed.,74,44,1,49.2249,0.040152,0.398438,0.59375,0.492249,0.046951,0.351562,0.585938,0.006252,0.032704,0.004756,1,50.1923,7.991417,262.365,0.362232,1,0.590089,1,4,16,0.015625,0.002681,-0.009371,-0.002471,C-accelerated,138469.78,138600.0,1728.63,1175.0,0.4239
2026-03-30T05:54:31Z,2039078462,130,A child asked where the sky ends. Her father pointed at her eyes.,65,44,1,49.5361,0.04927,0.367188,0.617188,0.495361,0.044026,0.40625,0.609375,0.00619,0.032598,0.004693,1,50.1068,7.99223,233.972,0.82337,1,0.519843,1,4,16,0.015625,0.002449,-0.00735,-0.003382,C-accelerated,134430.44,134000.0,1938.79,2000.0,0.7463
2026-03-30T05:54:31Z,2039078462,131,The funeral was empty. He'd outlived everyone who would have come.,66,44,1,50.238,0.0413,0.40625,0.617188,0.50238,0.04515,0.414062,0.640625,0.006277,0.029514,0.004748,1,49.6979,7.989012,335.395,0.000535,0,0.28343,1,4,16,0.015625,-0.007376,-0.0088,0.014984,C-accelerated,134019.11,133600.0,1848.89,2200.0,0.8234
2026-03-30T05:54:31Z,2039078462,132,The coffee was cold. The news was bad. The sun rose anyway.,59,44,1,49.9084,0.04448,0.382812,0.609375,0.499084,0.043909,0.34375,0.617188,0.006224,0.028949,0.004769,1,50.0885,7.991199,267.718,0.279792,1,0.066444,1,4,16,0.015625,0.003415,0.009108,-0.001066,C-accelerated,134994.67,134400.0,2576.1,2475.0,0.9208
2026-03-30T05:54:31Z,2039078462,133,She kept a jar of apologies she never said. It was heavier every year.,70,44,1,49.6521,0.048953,0.375,0.617188,0.496521,0.04476,0.367188,0.617188,0.00612,0.032056,0.004716,1,50.1282,7.991938,244.934,0.66353,1,0.931616,1,4,16,0.015625,0.001689,-0.002167,-0.000374,C-accelerated,166479.11,166300.0,799.14,600.0,0.1804
2026-03-30T05:54:31Z,2039078462,134,The lighthouse keeper forgot to light the lamp. A ship waited. So did fate.,75,44,1,50.6592,0.042201,0.414062,0.609375,0.506592,0.041689,0.390625,0.585938,0.006171,0.029301,0.004685,1,49.8352,7.992865,214.656,0.968594,1,0.939199,1,4,16,0.015625,-0.004708,0.01125,-0.001349,C-accelerated,142247.11,138800.0,9198.07,10050.0,3.6203
2026-03-30T05:54:31Z,2039078462,135,They spoke different languages. Understood everything.,54,44,1,50.5066,0.042462,0.390625,0.609375,0.505066,0.04682,0.40625,0.609375,0.006246,0.032587,0.004668,1,50.5493,7.990178,297.065,0.036071,0,0.123599,1,4,16,0.015625,-0.004937,-0.001511,0.004768,C-accelerated,136120.67,134500.0,6352.96,2975.0,1.1059
2026-03-30T05:54:31Z,2039078462,136,The garden grew keys instead of flowers. No one knew what they opened.,70,44,1,49.7742,0.045472,0.382812,0.609375,0.497742,0.047019,0.382812,0.679688,0.006222,0.031781,0.004723,1,49.8138,7.991517,258.362,0.42947,1,0.21871,1,4,16,0.015625,0.00029,-0.006455,0.000786,C-accelerated,134386.89,134300.0,1526.43,2175.0,0.8098
2026-03-30T05:54:31Z,2039078462,137,He wrote her name in fog on the window. It disappeared. So did she.,67,44,1,50.4028,0.043651,0.390625,0.625,0.504028,0.047461,0.367188,0.648438,0.006242,0.02906,0.004709,1,50.1038,7.991455,260.271,0.396942,1,0.526046,1,4,16,0.015625,0.007162,-0.006865,-0.000381,C-accelerated,144982.67,141700.0,9707.99,12575.0,4.4372
2026-03-30T05:54:31Z,2039078462,138,The old woman fed strays. They followed her home. She called them yesterday.,76,44,1,50.2747,0.042237,0.367188,0.59375,0.502747,0.044523,0.414062,0.648438,0.00624,0.028425,0.004651,1,49.7253,7.991522,259.409,0.411525,1,0.785824,1,4,16,0.015625,-0.011302,0.011739,0.003191,C-accelerated,141375.78,139200.0,6853.24,10025.0,3.6009
2026-03-30T05:54:31Z,2039078462,139,A book fell off the shelf. Opened to a page about a book falling off a shelf.,77,44,1,49.3469,0.043166,0.382812,0.585938,0.493469,0.04355,0.382812,0.617188,0.006182,0.029126,0.004694,1,49.8016,7.990598,287.616,0.078369,1,0.977181,1,4,16,0.015625,0.012954,0.004907,0.011018,C-accelerated,137014.89,136200.0,2983.72,4275.0,1.5694
2026-03-30T05:54:31Z,2039078462,140,The phone booth rang. No one was inside. It kept ringing.,57,44,1,49.9023,0.04319,0.414062,0.609375,0.499023,0.048495,0.382812,0.625,0.006183,0.031059,0.0047,1,49.7009,7.991831,248.308,0.606171,1,0.489402,1,4,16,0.015625,0.001144,0.001993,0.000104,C-accelerated,134248.22,134200.0,1402.32,2000.0,0.7452
2026-03-30T05:54:31Z,2039078462,141,She painted her dreams. They came true. She stopped dreaming.,61,44,1,49.7314,0.051973,0.367188,0.65625,0.497314,0.042929,0.390625,0.570312,0.006258,0.02771,0.004693,1,50.412,7.992116,240.489,0.734182,1,0.147264,1,4,16,0.015625,-0.00588,0.008509,0.003007,C-accelerated,134058.0,134100.0,1784.47,1200.0,0.4474
2026-03-30T05:54:31Z,2039078462,142,The mountain had waited millions of years. It could wait one more.,66,44,1,49.1516,0.050196,0.390625,0.664062,0.491516,0.052262,0.351562,0.601562,0.006222,0.029765,0.004698,1,49.8291,7.991604,255.988,0.470813,1,0.636952,1,4,16,0.015625,-0.002979,-0.003924,0.004255,C-accelerated,160978.0,143200.0,35939.66,28050.0,9.794
2026-03-30T05:54:31Z,2039078462,143,"He found a message in a bottle. It said ""I'm still waiting.""",60,44,1,50.47,0.044606,0.40625,0.632812,0.5047,0.043764,0.390625,0.601562,0.006251,0.030158,0.004741,1,49.9237,7.991944,246.54,0.636548,1,0.738597,1,4,16,0.015625,-0.007522,0.003948,-0.000818,C-accelerated,146987.11,141950.0,12889.74,19275.0,6.7894
2026-03-30T05:54:31Z,2039078462,144,The clockmaker repaired time. Couldn't fix his own.,51,44,1,50.2075,0.049646,0.34375,0.625,0.502075,0.041918,0.382812,0.617188,0.006206,0.029275,0.004702,1,50.1099,7.992631,225.524,0.908136,1,0.367577,1,4,16,0.015625,-0.00102,-0.004978,0.006018,C-accelerated,132316.67,131500.0,1888.62,2675.0,1.0171
2026-03-30T05:54:31Z,2039078462,145,She wore her mother's wedding dress. It fit perfectly. Her mother's ghost smiled.,81,44,1,50.2747,0.047628,0.390625,0.632812,0.502747,0.042259,0.382812,0.625,0.006228,0.032603,0.004696,1,50.1343,7.991327,263.529,0.343484,1,0.330786,1,4,16,0.015625,0.000932,0.012095,0.001344,C-accelerated,134816.0,134100.0,2809.94,3900.0,1.4541
2026-03-30T05:54:31Z,2039078462,146,The river remembered every stone. Carried their stories to the sea.,67,44,1,50.5249,0.044753,0.390625,0.640625,0.505249,0.042039,0.375,0.609375,0.006292,0.031251,0.004733,1,50.5585,7.991591,253.149,0.520981,1,0.274959,1,4,16,0.015625,-0.014475,0.00787,-0.005489,C-accelerated,135098.44,134000.0,5233.2,3775.0,1.4086
2026-03-30T05:54:31Z,2039078462,147,He collected shadows. Had hundreds. None were his own.,54,44,1,50.769,0.050091,0.359375,0.65625,0.50769,0.041386,0.421875,0.609375,0.006218,0.032019,0.004677,1,49.8199,7.992625,225.152,0.911054,1,0.667881,1,4,16,0.015625,-0.013819,-0.00424,0.000405,C-accelerated,141919.33,138900.0,6251.68,4375.0,1.5749
2026-03-30T05:54:31Z,2039078462,148,The last phone booth in the city waited for a call that never came.,67,44,1,50.4395,0.041221,0.40625,0.617188,0.504395,0.043921,0.40625,0.640625,0.006228,0.034254,0.004737,1,50.0916,7.991926,245.539,0.653439,1,0.920254,1,4,16,0.015625,0.002083,-0.007848,-0.008264,C-accelerated,135214.67,135900.0,1722.24,2900.0,1.067
2026-03-30T05:54:31Z,2039078462,149,She baked bread for the neighbors who never thanked her. Kept baking.,69,44,1,50.3662,0.043662,0.382812,0.601562,0.503662,0.039595,0.375,0.59375,0.00625,0.02979,0.004723,1,49.9512,7.991631,253.452,0.515619,1,0.742198,1,4,16,0.015625,0.004054,0.00215,-0.013895,C-accelerated,139283.33,136800.0,6300.19,7975.0,2.9148
2026-03-30T05:54:31Z,2039078462,150,The tree grew through the abandoned house. Claimed it back.,59,44,1,49.6094,0.044216,0.398438,0.65625,0.496094,0.045596,0.34375,0.625,0.00619,0.031337,0.004658,1,49.9512,7.991356,264.669,0.325529,1,0.742198,1,4,16,0.015625,0.006369,0.006098,-0.003981,C-accelerated,136701.11,134200.0,8626.22,2600.0,0.9687
2026-03-30T05:54:31Z,2039078462,151,He whispered secrets to the wind. The wind told everyone.,57,44,1,49.4568,0.043041,0.382812,0.585938,0.494568,0.037917,0.40625,0.59375,0.006224,0.030762,0.004732,1,50.2411,7.989604,317.056,0.004925,0,0.042268,1,4,16,0.015625,0.005011,0.006308,-0.002889,C-accelerated,133187.11,133200.0,1438.35,2575.0,0.9666
2026-03-30T05:54:31Z,2039078462,152,The photograph faded. The memory didn't.,40,44,1,49.9817,0.041587,0.359375,0.601562,0.499817,0.042077,0.382812,0.601562,0.006202,0.029681,0.004663,1,50.2441,7.991197,266.298,0.300659,1,0.312174,1,4,16,0.015625,0.000444,-0.003435,0.010689,C-accelerated,143005.11,141200.0,7394.1,8375.0,2.9657
2026-03-30T05:54:31Z,2039078462,153,She built a boat in the desert. Waited for rain.,48,44,1,50.3479,0.047137,0.398438,0.640625,0.503479,0.04777,0.382812,0.65625,0.006271,0.028911,0.004726,1,49.765,7.990895,276.049,0.174396,1,0.557621,1,4,16,0.015625,0.011692,-0.013123,-0.003018,C-accelerated,140784.67,138750.0,4197.33,4475.0,1.6126
2026-03-30T05:54:31Z,2039078462,154,The radio played static. She heard songs anyway.,48,44,1,50.3357,0.047257,0.375,0.625,0.503357,0.043142,0.390625,0.601562,0.006238,0.032725,0.004703,1,50.0854,7.99171,253.219,0.519743,1,0.692336,1,4,16,0.015625,0.000197,0.003559,0.007899,C-accelerated,136604.22,135500.0,5026.38,4700.0,1.7343
2026-03-30T05:54:31Z,2039078462,155,He counted stars. Lost count. Started over.,43,44,1,50.0,0.045218,0.390625,0.609375,0.5,0.037759,0.390625,0.601562,0.006206,0.029472,0.004665,1,49.585,7.992017,241.769,0.714536,1,0.713557,1,4,16,0.015625,-0.00911,-0.007827,-0.006608,C-accelerated,135624.0,134700.0,2945.57,2000.0,0.7424
2026-03-30T05:54:31Z,2039078462,156,The door had no handle. Only the other side.,44,44,1,50.1831,0.04169,0.382812,0.59375,0.501831,0.043798,0.382812,0.601562,0.006241,0.031842,0.004707,1,50.119,7.991083,272.326,0.217741,1,0.807902,1,4,16,0.015625,0.005344,0.010055,0.015625,C-accelerated,134271.33,134100.0,1700.43,2600.0,0.9694
2026-03-30T05:54:31Z,2039078462,157,She wrote letters to herself at twenty. Burned them at fifty.,61,44,1,49.707,0.045607,0.34375,0.617188,0.49707,0.045992,0.335938,0.625,0.006164,0.030308,0.004642,1,49.9542,7.992946,215.215,0.966583,1,0.660957,1,4,16,0.015625,0.002984,0.005481,0.012806,C-accelerated,138570.44,135800.0,6365.01,7350.0,2.7062
2026-03-30T05:54:31Z,2039078462,158,The cat sat on the windowsill. Watched nothing. Saw everything.,63,44,1,49.6826,0.045096,0.398438,0.617188,0.496826,0.043228,0.40625,0.632812,0.006336,0.033213,0.004791,1,49.8871,7.990606,285.498,0.091865,1,0.073818,1,4,16,0.015625,0.006108,0.006965,0.001658,C-accelerated,134961.78,134300.0,3250.2,3500.0,1.3031
2026-03-30T05:54:31Z,2039078462,159,He collected regrets. Traded them for dreams. Got cheated.,58,44,1,50.3174,0.040916,0.390625,0.617188,0.503174,0.045684,0.398438,0.632812,0.006283,0.032613,0.004737,1,50.0244,7.991901,245.679,0.651097,1,0.009242,0,4,16,0.015625,-0.004104,-0.001907,-0.002492,C-accelerated,134911.56,134700.0,1281.37,975.0,0.3619
2026-03-30T05:54:31Z,2039078462,160,The mirror asked who she was. She didn't know anymore.,54,44,1,50.0,0.04364,0.382812,0.617188,0.5,0.046394,0.382812,0.601562,0.006178,0.029888,0.004678,1,49.9969,7.992326,234.252,0.819955,1,0.671354,1,4,16,0.015625,0.00333,-0.000521,0.00045,C-accelerated,139018.89,136650.0,5892.45,8150.0,2.9821
2026-03-30T05:54:31Z,2039078462,161,Rain fell upward. Gravity apologized. Too late.,47,44,1,49.7925,0.046543,0.367188,0.609375,0.497925,0.048293,0.375,0.617188,0.00618,0.029308,0.004613,1,49.8108,7.990675,284.544,0.098505,1,0.782161,1,4,16,0.015625,0.00562,0.003858,-0.008377,C-accelerated,134043.33,133900.0,995.64,1000.0,0.3734
2026-03-30T05:54:31Z,2039078462,162,She kept a garden of lies. They bloomed beautifully.,52,44,1,50.0793,0.046782,0.367188,0.640625,0.500793,0.045855,0.390625,0.609375,0.006262,0.030522,0.004707,1,49.8596,7.990923,275.7,0.178194,1,0.254541,1,4,16,0.015625,-0.000939,0.001311,0.011258,C-accelerated,133920.89,132900.0,4286.89,3300.0,1.2415
2026-03-30T05:54:31Z,2039078462,163,The last letter never arrived. Arrived anyway.,46,44,1,49.9695,0.040388,0.40625,0.632812,0.499695,0.042404,0.398438,0.601562,0.006194,0.027927,0.004727,1,49.8169,7.991304,264.669,0.325529,1,0.596686,1,4,16,0.015625,0.00682,-0.005694,0.000948,C-accelerated,135276.89,134200.0,3209.04,4300.0,1.6021
2026-03-30T05:54:31Z,2039078462,164,He built a house of cards. Lived in it for years.,49,44,1,50.1099,0.04903,0.390625,0.617188,0.501099,0.047429,0.359375,0.632812,0.006272,0.031128,0.004732,1,50.3387,7.991244,268.463,0.269162,1,0.992393,1,4,16,0.015625,-0.001486,0.004675,-0.005657,C-accelerated,132647.56,132700.0,1290.48,1600.0,0.6029
2026-03-30T05:54:31Z,2039078462,165,The clock ticked backward. She got younger. Lonelier.,53,44,1,50.1465,0.044062,0.398438,0.625,0.501465,0.041796,0.40625,0.59375,0.006201,0.031904,0.004675,1,49.6582,7.990779,279.215,0.142453,1,0.287732,1,4,16,0.015625,-0.000636,0.005954,0.001325,C-accelerated,133651.11,132900.0,2307.46,2800.0,1.0534
2026-03-30T05:54:31Z,2039078462,166,She spoke to ghosts. They listened. Didn't answer.,50,44,1,49.9573,0.044851,0.414062,0.632812,0.499573,0.042143,0.375,0.609375,0.006212,0.029378,0.004641,1,50.0397,7.99163,254.127,0.503665,1,0.782161,1,4,16,0.015625,-0.010365,0.004412,-0.006409,C-accelerated,137103.78,133200.0,12111.7,5575.0,2.0927
2026-03-30T05:54:31Z,2039078462,167,The map showed places that didn't exist. She went anyway.,57,44,1,50.6531,0.042721,0.351562,0.664062,0.506531,0.045216,0.375,0.609375,0.006265,0.032247,0.004697,1,50.1404,7.992074,239.046,0.755555,1,0.252559,1,4,16,0.015625,0.002072,0.011827,0.010846,C-accelerated,139653.78,137300.0,5863.31,7300.0,2.6584
2026-03-30T05:54:31Z,2039078462,168,He collected silences. Had a library of them.,45,44,1,50.1404,0.041747,0.398438,0.601562,0.501404,0.044296,0.40625,0.617188,0.006222,0.027727,0.004677,1,50.1648,7.991328,264.785,0.323721,1,0.123599,1,4,16,0.015625,0.001706,0.001653,6e-05,C-accelerated,136148.44,134600.0,4307.36,3600.0,1.3373
2026-03-30T05:54:31Z,2039078462,169,The candle burned at both ends. Lit the whole room.,51,44,1,49.7986,0.047734,0.398438,0.640625,0.497986,0.044046,0.359375,0.601562,0.006185,0.031319,0.004745,1,50.0549,7.990456,290.502,0.062552,1,0.613323,1,4,16,0.015625,-0.004763,0.002923,0.005706,C-accelerated,133310.44,133000.0,1363.0,2400.0,0.9023
2026-03-30T05:54:31Z,2039078462,170,She kept a box of yesterdays. Never opened it.,46,44,1,49.5178,0.045451,0.375,0.617188,0.495178,0.039489,0.414062,0.640625,0.006282,0.030357,0.004698,1,50.5249,7.992166,238.068,0.769536,1,0.749416,1,4,16,0.015625,-0.003208,-0.007565,-0.004815,C-accelerated,133419.56,132500.0,2453.22,3400.0,1.283
2026-03-30T05:54:31Z,2039078462,171,The echo replied differently each time. Lied beautifully.,57,44,1,49.1882,0.046285,0.390625,0.609375,0.491882,0.043305,0.40625,0.601562,0.006232,0.028866,0.004645,1,50.0793,7.990239,298.624,0.031407,0,0.1486,1,4,16,0.015625,-0.000334,-0.005706,0.01427,C-accelerated,133685.56,133000.0,2444.53,2600.0,0.9774
2026-03-30T05:54:31Z,2039078462,172,He planted trees he'd never sit under. Planted anyway.,54,44,1,49.8108,0.044073,0.367188,0.617188,0.498108,0.045761,0.382812,0.609375,0.006329,0.028447,0.004815,1,49.3927,7.991051,273.28,0.206041,1,0.388201,1,4,16,0.015625,-0.005307,0.00197,-0.010294,C-accelerated,134008.0,134000.0,1745.24,1200.0,0.4478
2026-03-30T05:54:31Z,2039078462,173,The photograph smiled at her. She smiled back.,46,44,1,50.0671,0.047311,0.335938,0.625,0.500671,0.049401,0.375,0.617188,0.006335,0.028313,0.004672,1,50.116,7.991923,244.422,0.671991,1,0.667881,1,4,16,0.015625,-0.007985,-0.006053,-0.004357,C-accelerated,134849.33,134600.0,804.19,900.0,0.3343
2026-03-30T05:54:31Z,2039078462,174,She counted heartbeats. Lost track. Found peace.,48,44,1,50.3052,0.0414,0.40625,0.601562,0.503052,0.045452,0.382812,0.617188,0.006192,0.032104,0.004744,1,50.1831,7.991567,258.013,0.435497,1,0.264614,1,4,16,0.015625,-0.000785,-0.017066,-0.000617,C-accelerated,135269.56,135100.0,3828.99,4900.0,1.8135
2026-03-30T05:54:31Z,2039078462,175,The key fit no lock. She carried it forever.,44,44,1,50.7874,0.042089,0.398438,0.601562,0.507874,0.042269,0.429688,0.640625,0.006239,0.029322,0.00469,1,50.354,7.991523,258.502,0.427065,1,0.599997,1,4,16,0.015625,0.003122,-0.003485,0.001389,C-accelerated,135334.44,133900.0,3220.07,4800.0,1.7924
2026-03-30T05:54:31Z,2039078462,176,He painted the sky. The real one felt jealous.,46,44,1,50.531,0.043454,0.359375,0.585938,0.50531,0.047511,0.390625,0.617188,0.006189,0.032366,0.00466,1,50.1221,7.990096,299.625,0.028692,0,0.143313,1,4,16,0.015625,-0.0084,0.009096,0.008191,C-accelerated,132311.33,132700.0,1596.42,3000.0,1.1304
2026-03-30T05:54:31Z,2039078462,177,She collected goodbyes. Never said one herself.,47,44,1,50.238,0.043362,0.40625,0.601562,0.50238,0.043163,0.390625,0.601562,0.006344,0.037195,0.00483,1,49.9451,7.992212,235.043,0.810071,1,0.804212,1,4,16,0.015625,0.00287,-0.007397,-0.007295,C-accelerated,137764.67,135900.0,4874.94,5600.0,2.0603
2026-03-30T05:54:31Z,2039078462,178,The stone skipped seven times. The lake remembered.,51,44,1,50.6287,0.042869,0.398438,0.617188,0.506287,0.045941,0.398438,0.609375,0.006134,0.027832,0.00469,1,50.119,7.99142,260.829,0.387575,1,0.908908,1,4,16,0.015625,0.003749,-7.3e-05,0.016233,C-accelerated,134831.78,135500.0,1803.08,2100.0,0.7749
2026-03-30T05:54:31Z,2039078462,179,He listened to rain. Heard his mother's voice.,46,44,1,49.9512,0.039496,0.390625,0.59375,0.499512,0.043473,0.367188,0.609375,0.00632,0.0322,0.00472,1,49.646,7.992865,220.474,0.942253,1,0.939199,1,4,16,0.015625,-0.001977,0.006559,0.000104,C-accelerated,138612.44,134700.0,9588.99,7175.0,2.6633
2026-03-30T05:54:31Z,2039078462,180,She kept a jar of silence. Opened it on noisy days.,51,44,1,50.2747,0.04637,0.398438,0.632812,0.502747,0.048599,0.382812,0.609375,0.006233,0.030404,0.004693,1,49.6277,7.990606,285.172,0.094093,1,0.307631,1,4,16,0.015625,0.004728,-0.005948,0.006764,C-accelerated,135270.89,134900.0,1777.89,2500.0,0.9266
2026-03-30T05:54:31Z,2039078462,181,The last candle in the world. No one to light it.,49,44,1,49.9329,0.043422,0.390625,0.617188,0.499329,0.044688,0.375,0.640625,0.006222,0.031982,0.004728,1,49.5789,7.991653,255.011,0.48803,1,0.695857,1,4,16,0.015625,0.001778,0.001022,0.00707,C-accelerated,132295.33,131900.0,1306.85,1400.0,0.5307
2026-03-30T05:54:31Z,2039078462,182,He followed his shadow. It led him home.,40,44,1,50.3906,0.047371,0.367188,0.640625,0.503906,0.041856,0.390625,0.65625,0.00635,0.032811,0.004755,1,49.7101,7.990894,278.4,0.150246,1,0.845033,1,4,16,0.015625,0.005372,0.019457,-0.014101,C-accelerated,143349.11,143500.0,4496.43,5700.0,1.9861
2026-03-30T05:54:31Z,2039078462,183,She wrote in disappearing ink. Her words lasted longest.,56,44,1,50.0122,0.04142,0.398438,0.59375,0.500122,0.04724,0.351562,0.59375,0.006212,0.030843,0.004725,1,50.6439,7.992742,220.381,0.942777,1,0.548052,1,4,16,0.015625,-0.003168,0.001869,-0.006789,C-accelerated,135652.44,133700.0,5136.0,3600.0,1.3463
2026-03-30T05:54:31Z,2039078462,184,The clock struck thirteen. Everyone pretended not to hear.,58,44,1,50.061,0.045098,0.382812,0.609375,0.50061,0.037729,0.398438,0.609375,0.00619,0.033516,0.004672,1,49.9207,7.992738,221.521,0.936113,1,0.377802,1,4,16,0.015625,0.002057,-0.009558,-0.007447,C-accelerated,135877.11,135200.0,2574.19,3300.0,1.2204
2026-03-30T05:54:31Z,2039078462,185,She planted silence. Harvested peace. Ate alone.,48,44,1,49.8474,0.043014,0.382812,0.617188,0.498474,0.04149,0.375,0.59375,0.006222,0.029629,0.004742,1,50.2747,7.991799,249.635,0.583041,1,0.404123,1,4,16,0.015625,-0.003207,-0.002476,0.004127,C-accelerated,132991.33,132700.0,1516.24,2400.0,0.9043
2026-03-30T05:54:31Z,2039078462,186,He collected dawns. Had hundreds. None the same.,48,44,1,49.8413,0.047805,0.390625,0.609375,0.498413,0.042493,0.390625,0.585938,0.006278,0.030132,0.004715,1,50.116,7.991173,268.113,0.274117,1,0.551233,1,4,16,0.015625,0.006778,0.005913,-0.006696,C-accelerated,134232.44,133850.0,2315.45,2900.0,1.0833
2026-03-30T05:54:31Z,2039078462,187,The mirror showed the future. She looked away.,46,44,1,49.8779,0.039153,0.40625,0.59375,0.498779,0.044167,0.375,0.601562,0.006244,0.029671,0.004684,1,49.8352,7.992578,226.897,0.896794,1,0.516756,1,4,16,0.015625,0.010412,0.012916,-0.001375,C-accelerated,137728.44,136400.0,3386.42,4300.0,1.5762
2026-03-30T05:54:31Z,2039078462,188,She counted steps on the moon. One. Two. Forever.,49,44,1,49.8962,0.043271,0.414062,0.65625,0.498962,0.045663,0.367188,0.617188,0.006185,0.029505,0.004724,1,50.0793,7.992106,239.046,0.755555,1,0.209914,1,4,16,0.015625,-0.005702,-0.007536,0.006617,C-accelerated,133157.56,132700.0,2020.58,2300.0,0.8666
2026-03-30T05:54:31Z,2039078462,189,He built a ladder to clouds. Reached himself.,45,44,1,49.7864,0.044374,0.359375,0.601562,0.497864,0.040178,0.398438,0.609375,0.006221,0.030697,0.004678,1,49.6185,7.992425,229.9,0.868729,1,0.580258,1,4,16,0.015625,0.005218,0.001071,0.000761,C-accelerated,135132.0,135100.0,1111.71,800.0,0.2961
2026-03-30T05:54:31Z,2039078462,190,The photograph developed backward. Showed what was lost.,56,44,1,49.8779,0.039323,0.398438,0.578125,0.498779,0.041195,0.359375,0.601562,0.006264,0.03023,0.004711,1,50.1434,7.991013,274.56,0.190986,1,0.24281,1,4,16,0.015625,0.001287,0.008648,-0.006405,C-accelerated,134103.78,134000.0,2225.84,3000.0,1.1194
2026-03-30T05:54:31Z,2039078462,192,He listened to stones. They told mountains' secrets.,52,44,1,50.0732,0.047042,0.382812,0.625,0.500732,0.042381,0.382812,0.609375,0.006207,0.030248,0.004717,1,50.4456,7.991276,262.342,0.362611,1,0.833854,1,4,16,0.015625,0.006603,-0.011176,0.002089,C-accelerated,132474.44,132400.0,890.79,1100.0,0.4154
2026-03-30T05:54:31Z,2039078462,191,She kept a river in her pocket. Drank when thirsty.,51,44,1,50.116,0.043356,0.375,0.609375,0.50116,0.043751,0.367188,0.617188,0.006208,0.031437,0.004772,1,50.119,7.991799,251.124,0.556827,1,0.166812,1,4,16,0.015625,-0.005443,-0.004021,0.011435,C-accelerated,136217.33,135100.0,3332.29,4550.0,1.6839
2026-03-30T05:54:31Z,2039078462,193,She painted with light. Darkness envied her.,44,44,1,49.2249,0.042662,0.390625,0.59375,0.492249,0.042145,0.375,0.609375,0.006254,0.031511,0.004703,1,50.2533,7.99294,213.283,0.973129,1,0.570503,1,4,16,0.015625,0.009287,-0.002245,0.006517,C-accelerated,132896.22,132200.0,2029.16,1800.0,0.6808
2026-03-30T05:54:31Z,2039078462,194,The last question. No one left to ask.,38,44,1,50.0061,0.04087,0.367188,0.609375,0.500061,0.038602,0.40625,0.585938,0.006289,0.030882,0.004737,1,50.0885,7.990202,296.157,0.039045,0,0.303132,1,4,16,0.015625,-0.003719,0.002405,0.006917,C-accelerated,133924.22,134000.0,2026.66,2200.0,0.8209
2026-03-30T05:54:31Z,2039078462,195,He collected endings. Never reached his own.,44,44,1,50.0793,0.043166,0.40625,0.632812,0.500793,0.044707,0.390625,0.609375,0.006176,0.029392,0.004691,1,49.6246,7.991088,271.535,0.227749,1,0.266661,1,4,16,0.015625,-0.010714,0.004288,-0.006183,C-accelerated,136447.11,135600.0,3241.44,3800.0,1.4012
2026-03-30T05:54:31Z,2039078462,196,She wrote her name in water. It stayed.,39,44,1,49.7437,0.039052,0.390625,0.601562,0.497437,0.048486,0.398438,0.632812,0.006237,0.030869,0.004743,1,49.8535,7.991448,259.898,0.403228,1,0.292077,1,4,16,0.015625,0.006121,0.005307,-0.012431,C-accelerated,133586.22,133700.0,1545.81,2675.0,1.0004
2026-03-30T05:54:31Z,2039078462,197,The echo remembered her voice. Kept it.,39,44,1,50.0977,0.045826,0.375,0.625,0.500977,0.045313,0.335938,0.609375,0.006207,0.029708,0.004663,1,49.8444,7.99127,264.879,0.322278,1,0.054703,1,4,16,0.015625,-0.001824,0.010433,-0.000955,C-accelerated,134158.67,133700.0,1427.67,1200.0,0.4488
2026-03-30T05:54:31Z,2039078462,198,He counted breaths. Stopped. Started again.,43,44,1,50.4578,0.042997,0.398438,0.625,0.504578,0.044959,0.367188,0.601562,0.006198,0.033069,0.004728,1,49.9176,7.991641,254.383,0.499135,1,0.599997,1,4,16,0.015625,-0.009934,-0.006788,-0.002586,C-accelerated,141773.11,140200.0,6589.16,10375.0,3.7001
2026-03-30T05:54:31Z,2039078462,199,She built a house of whispers. Lived loudly.,44,44,1,49.6521,0.041222,0.390625,0.609375,0.496521,0.047419,0.367188,0.59375,0.006302,0.043486,0.004724,1,50.119,7.990086,304.279,0.018552,0,0.654061,1,4,16,0.015625,0.009045,-0.006001,-0.007675,C-accelerated,136469.56,136300.0,3146.01,2650.0,0.9721
2026-03-30T05:54:31Z,2039078462,200,The clock had no hands. Perfect time.,37,44,1,50.6653,0.046529,0.40625,0.609375,0.506653,0.04488,0.398438,0.609375,0.006256,0.030423,0.004722,1,50.2472,7.992803,218.217,0.953962,1,0.121291,1,4,16,0.015625,-0.005092,0.003936,0.010069,C-accelerated,136198.67,134900.0,4546.19,4000.0,1.4826
2026-03-30T05:54:31Z,2039078462,201,She planted memories. Harvested dreams. Fed strangers.,54,44,1,49.8047,0.040654,0.390625,0.601562,0.498047,0.038148,0.398438,0.578125,0.006246,0.027829,0.004718,1,50.0488,7.991751,251.939,0.542422,1,0.370117,1,4,16,0.015625,-0.005594,-0.006107,-0.012131,C-accelerated,136836.44,136200.0,3076.69,4200.0,1.5419
2026-03-30T05:54:31Z,2039078462,202,He collected storms. Released them gently.,42,44,1,49.7498,0.045522,0.375,0.609375,0.497498,0.041775,0.398438,0.609375,0.006231,0.032427,0.004724,1,50.8301,7.991943,244.608,0.668923,1,0.886275,1,4,16,0.015625,-0.001414,-0.015017,-0.001181,C-accelerated,148841.56,142000.0,15867.42,21350.0,7.5176
2026-03-30T05:54:31Z,2039078462,203,The mirror forgave everything. She couldn't.,44,44,1,50.0732,0.048144,0.34375,0.617188,0.500732,0.047666,0.390625,0.601562,0.006173,0.03009,0.00469,1,49.9023,7.990197,294.249,0.045975,0,0.667881,1,4,16,0.015625,-0.002953,-0.009908,-0.000768,C-accelerated,132683.78,132500.0,1219.08,1100.0,0.4151
2026-03-30T05:54:31Z,2039078462,204,She counted waves. Drowned in numbers.,38,44,1,49.9329,0.044912,0.375,0.601562,0.499329,0.042657,0.390625,0.664062,0.006219,0.031617,0.004746,1,50.3601,7.991526,256.826,0.456133,1,0.852503,1,4,16,0.015625,-0.016394,-0.011949,0.000243,C-accelerated,134457.78,134400.0,1367.79,1600.0,0.5952
2026-03-30T05:54:31Z,2039078462,205,He painted silence. It screamed beautifully.,44,44,1,50.0122,0.041166,0.390625,0.617188,0.500122,0.04206,0.382812,0.59375,0.006197,0.028565,0.004768,1,49.4904,7.993056,210.118,0.981587,1,0.650625,1,4,16,0.015625,0.018779,-0.010216,0.005509,C-accelerated,134956.22,134300.0,2308.78,3100.0,1.1541
2026-03-30T05:54:31Z,2039078462,206,The last star forgot to shine. No one noticed.,46,44,1,50.9888,0.047466,0.375,0.632812,0.509888,0.044597,0.40625,0.617188,0.006233,0.029901,0.004692,1,50.0275,7.991855,248.634,0.600513,1,0.342776,1,4,16,0.015625,-0.006935,0.003294,4.5e-05,C-accelerated,159411.11,143100.0,39001.41,25500.0,8.9099
2026-03-30T05:54:31Z,2039078462,207,She kept a box of light. Opened it in darkness.,47,44,1,50.7202,0.046718,0.414062,0.632812,0.507202,0.043175,0.390625,0.640625,0.006292,0.034149,0.004765,1,50.1282,7.991573,256.943,0.454101,1,0.081847,1,4,16,0.015625,0.001802,0.000931,0.00023,C-accelerated,136127.11,132400.0,7394.17,6200.0,2.3414
2026-03-30T05:54:31Z,2039078462,208,He followed rivers. Found the sea. Went home.,45,44,1,49.9329,0.046302,0.382812,0.617188,0.499329,0.038855,0.390625,0.625,0.006209,0.030826,0.004651,1,50.5066,7.992124,240.419,0.735236,1,0.87875,1,4,16,0.015625,-0.007979,0.001764,0.0049,C-accelerated,135008.89,134800.0,1475.93,1800.0,0.6677
2026-03-30T05:54:31Z,2039078462,209,She wrote with light. Read in darkness.,39,44,1,49.6399,0.046239,0.359375,0.617188,0.496399,0.046517,0.375,0.585938,0.006227,0.031904,0.004676,1,49.8871,7.991795,247.773,0.615426,1,0.380386,1,4,16,0.015625,0.00362,-0.00143,-0.010049,C-accelerated,132825.33,132400.0,1457.8,2200.0,0.8308
2026-03-30T05:54:31Z,2039078462,210,The photograph bled. Memories stained everything.,49,44,1,50.824,0.047424,0.398438,0.625,0.50824,0.043491,0.421875,0.625,0.006119,0.032853,0.004726,1,50.2686,7.991334,264.553,0.327341,1,0.87875,1,4,16,0.015625,-0.004141,-0.005039,0.004759,C-accelerated,149314.44,148900.0,7124.14,11375.0,3.8197
2026-03-30T05:54:31Z,2039078462,211,He collected mornings. Had millions. Still wanted more.,55,44,1,50.293,0.04727,0.40625,0.632812,0.50293,0.042713,0.390625,0.59375,0.00623,0.029372,0.004693,1,50.1434,7.99181,251.241,0.554772,1,0.38298,1,4,16,0.015625,-0.006165,-0.002665,0.003868,C-accelerated,133206.44,133100.0,838.03,1100.0,0.4132
2026-03-30T05:54:31Z,2039078462,212,She planted questions. Harvested answers. None satisfied.,57,44,1,49.646,0.042577,0.351562,0.601562,0.49646,0.043067,0.398438,0.59375,0.006234,0.036513,0.004705,1,50.4517,7.990723,280.518,0.130591,1,0.264614,1,4,16,0.015625,0.01192,-0.002976,-0.006267,C-accelerated,134760.67,134700.0,974.92,1200.0,0.4454
2026-03-30T05:54:31Z,2039078462,213,The clock wept hours. Time drowned.,35,44,1,49.5667,0.040061,0.375,0.59375,0.495667,0.044782,0.390625,0.617188,0.00625,0.035913,0.004705,1,49.9451,7.993125,208.768,0.984455,1,0.623403,1,4,16,0.015625,-0.000573,-0.003563,0.004561,C-accelerated,135004.67,135200.0,1584.59,1900.0,0.7027
2026-03-30T05:54:31Z,2039078462,214,She counted raindrops. Drank the storm.,39,44,1,49.7192,0.041129,0.390625,0.59375,0.497192,0.043888,0.390625,0.601562,0.00629,0.028631,0.004809,1,50.1984,7.992209,238.022,0.770192,1,0.538566,1,4,16,0.015625,0.004085,0.001791,0.001618,C-accelerated,134178.44,134400.0,1586.89,2200.0,0.8185
2026-03-30T05:54:31Z,2039078462,215,He built bridges to yesterday. Burned them.,43,44,1,49.8779,0.045757,0.390625,0.664062,0.498779,0.043084,0.375,0.601562,0.006243,0.0316,0.004639,1,50.4669,7.992199,238.72,0.760261,1,0.1486,1,4,16,0.015625,0.018299,0.002222,-0.005164,C-accelerated,133465.78,133300.0,1202.32,1500.0,0.5626
2026-03-30T05:54:31Z,2039078462,216,The mirror remembered her young. She remembered different.,58,44,1,50.0671,0.038099,0.390625,0.585938,0.500671,0.042991,0.382812,0.609375,0.006343,0.032952,0.004774,1,50.0427,7.989833,305.839,0.015939,0,0.370117,1,4,16,0.015625,0.012188,0.003153,0.006269,C-accelerated,137536.22,136650.0,3369.93,4700.0,1.7197
2026-03-30T05:54:31Z,2039078462,217,She kept a jar of wind. Released it on still days.,50,44,1,49.6338,0.048347,0.359375,0.617188,0.496338,0.041672,0.398438,0.59375,0.006226,0.029517,0.0047,1,49.9054,7.991842,248.076,0.610201,1,0.541719,1,4,16,0.015625,-0.002626,-0.007377,0.009291,C-accelerated,133846.89,133600.0,1255.51,1100.0,0.4117
2026-03-30T05:54:31Z,2039078462,218,He painted echoes. They sang back.,34,44,1,49.3347,0.042736,0.390625,0.609375,0.493347,0.044774,0.367188,0.601562,0.006227,0.031863,0.004692,1,49.9268,7.991436,262.598,0.35845,1,0.300899,1,4,16,0.015625,-0.003353,-0.005166,-0.004133,C-accelerated,135584.0,133600.0,6480.13,5550.0,2.0771
2026-03-30T05:54:31Z,2039078462,219,The last poem unwrote itself. Pages wept.,41,44,1,50.061,0.037779,0.382812,0.578125,0.50061,0.04282,0.398438,0.609375,0.006201,0.028917,0.004639,1,50.1953,7.992531,226.967,0.896193,1,0.510609,1,4,16,0.015625,-0.005227,-0.000677,0.015477,C-accelerated,132784.0,132800.0,1193.49,1700.0,0.6401
2026-03-30T05:54:31Z,2039078462,220,She collected dawns. Traded them for dusk.,42,44,1,49.353,0.045188,0.359375,0.65625,0.49353,0.041697,0.382812,0.585938,0.00631,0.032098,0.004776,1,49.9695,7.991922,246.819,0.631794,1,0.593384,1,4,16,0.015625,0.000239,0.000115,0.005411,C-accelerated,137856.22,135200.0,5494.73,5675.0,2.0987
2026-03-30T05:54:31Z,2039078462,221,He followed silence. Found a scream.,36,44,1,50.3723,0.04594,0.375,0.617188,0.503723,0.041935,0.390625,0.609375,0.006179,0.031743,0.004713,1,50.0854,7.990887,276.678,0.167697,1,0.804212,1,4,16,0.015625,0.014683,0.00727,-0.000728,C-accelerated,133572.44,133300.0,1372.49,2000.0,0.7502
2026-03-30T05:54:31Z,2039078462,222,She planted shadows. Harvested light. Confused.,47,44,1,50.1648,0.045634,0.375,0.601562,0.501648,0.049097,0.367188,0.625,0.006283,0.034494,0.004749,1,49.8932,7.990956,276.259,0.172143,1,0.094263,1,4,16,0.015625,0.002117,-0.007427,0.002503,C-accelerated,143380.67,138600.0,11957.47,15225.0,5.4924
2026-03-30T05:54:31Z,2039078462,223,The clock apologized. No one accepted.,38,44,1,49.4202,0.041687,0.375,0.601562,0.494202,0.043599,0.390625,0.601562,0.006306,0.033201,0.004784,1,49.8352,7.992085,240.372,0.735937,1,0.557621,1,4,16,0.015625,-0.007854,0.000456,0.008561,C-accelerated,133873.33,133700.0,1353.37,1700.0,0.6358
2026-03-30T05:54:31Z,2039078462,224,She counted heartbeats. Lost. Found. Lost again.,48,44,1,50.2686,0.045768,0.359375,0.617188,0.502686,0.044778,0.382812,0.601562,0.006174,0.028806,0.0047,1,49.411,7.991822,248.797,0.597678,1,0.365047,1,4,16,0.015625,-0.004797,0.002634,-0.006099,C-accelerated,138609.56,138100.0,3806.83,6150.0,2.2266
2026-03-30T05:54:31Z,2039078462,225,He built doors in walls that weren't there.,43,44,1,50.2075,0.04314,0.382812,0.632812,0.502075,0.044618,0.40625,0.664062,0.006166,0.029521,0.004688,1,50.0427,7.989871,307.142,0.01401,0,0.593384,1,4,16,0.015625,-0.002138,0.010469,0.000922,C-accelerated,133756.67,133300.0,1629.09,2675.0,1.0034
2026-03-30T05:54:31Z,2039078462,226,The photograph aged. She didn't.,32,44,1,50.1587,0.048439,0.34375,0.625,0.501587,0.041124,0.390625,0.601562,0.006231,0.029978,0.004706,1,49.9359,7.991448,260.945,0.385633,1,0.557621,1,4,16,0.015625,-0.003571,-0.013532,-0.002687,C-accelerated,133824.89,134000.0,1532.03,2300.0,0.8582
2026-03-30T05:54:31Z,2039078462,227,She kept a river in a jar. Drank memories.,42,44,1,49.4202,0.038512,0.398438,0.585938,0.494202,0.042805,0.390625,0.617188,0.006272,0.028083,0.004804,1,49.7192,7.990823,282.892,0.11086,1,0.753033,1,4,16,0.015625,0.00513,-0.00992,0.004536,C-accelerated,134500.67,134300.0,1343.44,1800.0,0.6701
2026-03-30T05:54:31Z,2039078462,228,He painted rain. Clouds grew jealous.,37,44,1,49.5239,0.04306,0.351562,0.578125,0.495239,0.047874,0.351562,0.648438,0.006295,0.031712,0.004695,1,50.3754,7.992418,231.412,0.85286,1,0.815297,1,4,16,0.015625,-0.001538,-0.003948,0.002652,C-accelerated,139197.56,138900.0,3780.79,6275.0,2.2588
2026-03-30T05:54:31Z,2039078462,229,The last word. No one to speak it.,34,44,1,49.646,0.048582,0.375,0.632812,0.49646,0.0431,0.367188,0.59375,0.006232,0.027535,0.004697,1,50.2472,7.992646,225.431,0.908871,1,0.178825,1,4,16,0.015625,0.007249,0.007651,-0.00411,C-accelerated,133476.89,132900.0,2068.07,1975.0,0.743
2026-03-30T05:54:31Z,2039078462,230,She wrote in dust. Wind stole her stories.,42,44,1,49.8047,0.04278,0.390625,0.617188,0.498047,0.046538,0.367188,0.578125,0.006273,0.028795,0.004717,1,49.6918,7.992188,237.626,0.775723,1,0.778502,1,4,16,0.015625,0.007585,-0.012832,0.005723,C-accelerated,140561.78,136750.0,9409.2,5675.0,2.075
2026-03-30T05:54:31Z,2039078462,231,He collected breaths. Had a roomful. Still suffocated.,54,44,1,50.5798,0.046387,0.40625,0.617188,0.505798,0.045379,0.367188,0.59375,0.006158,0.028319,0.004647,1,50.0397,7.991096,271.604,0.226855,1,0.248627,1,4,16,0.015625,0.001424,-0.003312,0.011878,C-accelerated,136504.89,136500.0,1279.87,1000.0,0.3663
2026-03-30T05:54:31Z,2039078462,232,The mirror broke. Freed a thousand reflections.,47,44,1,50.4395,0.047439,0.390625,0.609375,0.504395,0.041036,0.382812,0.601562,0.006313,0.034802,0.004733,1,49.8688,7.991367,262.831,0.354683,1,0.564044,1,4,16,0.015625,-0.001613,-0.005409,0.000424,C-accelerated,138448.89,137550.0,2762.21,4400.0,1.5994
2026-03-30T05:54:31Z,2039078462,233,She counted stars. Found one missing. It was her.,49,44,1,49.7742,0.03967,0.398438,0.609375,0.497742,0.044998,0.351562,0.601562,0.006234,0.028479,0.004715,1,49.9878,7.991868,246.796,0.63219,1,0.980983,1,4,16,0.015625,-0.018074,-0.005496,-0.019625,C-accelerated,147627.56,141550.0,14974.54,12475.0,4.4066
2026-03-30T05:54:31Z,2039078462,234,He planted fires. Harvested ash. Warmed himself.,48,44,1,49.4202,0.039755,0.390625,0.632812,0.494202,0.045609,0.375,0.617188,0.006346,0.031389,0.004685,1,50.238,7.992804,219.148,0.949378,1,0.333162,1,4,16,0.015625,0.003944,0.012077,-0.010264,C-accelerated,140158.0,135950.0,10605.26,6200.0,2.2803
2026-03-30T05:54:31Z,2039078462,235,She kept a box of dawns. Opened it at midnight.,47,44,1,49.6155,0.041213,0.359375,0.601562,0.496155,0.044108,0.398438,0.609375,0.006192,0.037557,0.004711,1,49.6521,7.991982,243.537,0.686425,1,0.920254,1,4,16,0.015625,0.002619,-0.005847,-0.002407,C-accelerated,133926.0,133500.0,1759.69,2075.0,0.7772
2026-03-30T05:54:31Z,2039078462,236,The photograph whispered. She listened. Learned nothing.,56,44,1,49.9878,0.042735,0.40625,0.609375,0.499878,0.046793,0.390625,0.609375,0.006245,0.029395,0.004739,1,50.119,7.992074,239.907,0.742903,1,0.333162,1,4,16,0.015625,0.00928,0.002983,-0.009216,C-accelerated,140134.67,138300.0,5594.26,7475.0,2.7025
2026-03-30T05:54:31Z,2039078462,237,He painted darkness. Light bought it anyway.,44,44,1,50.9155,0.045733,0.414062,0.632812,0.509155,0.044561,0.398438,0.65625,0.006249,0.031262,0.004672,1,49.9084,7.991603,257.175,0.450042,1,0.2205,1,4,16,0.015625,-0.004738,-0.007219,-0.014359,C-accelerated,134473.11,134600.0,2335.79,2900.0,1.0773
2026-03-30T05:54:31Z,2039078462,238,She collected questions. Had no answers. Perfect.,49,44,1,50.0854,0.04469,0.382812,0.601562,0.500854,0.044401,0.40625,0.632812,0.006337,0.028439,0.004762,1,49.8322,7.991834,250.193,0.573235,1,0.782161,1,4,16,0.015625,0.003556,-0.002534,-0.004084,C-accelerated,138690.44,136250.0,6760.53,5275.0,1.9358
2026-03-30T05:54:31Z,2039078462,239,The clock melted. Time ran everywhere.,38,44,1,49.2249,0.047154,0.375,0.609375,0.492249,0.044885,0.40625,0.640625,0.006212,0.031962,0.00471,1,50.0366,7.991975,241.489,0.718875,1,0.22961,1,4,16,0.015625,0.003601,0.003651,0.002672,C-accelerated,134463.78,134300.0,818.43,900.0,0.3351
2026-03-30T05:54:31Z,2039078462,240,She counted silences. The loudest one was hers.,47,44,1,49.7131,0.041649,0.398438,0.609375,0.497131,0.048178,0.367188,0.625,0.006286,0.030001,0.00475,1,50.1312,7.991101,271.581,0.227153,1,0.367577,1,4,16,0.015625,0.004192,-0.00176,-0.00299,C-accelerated,144644.0,140200.0,10745.27,14975.0,5.3406
2026-03-30T05:54:31Z,2039078462,241,He built houses of cards. Lived dangerously.,44,44,1,50.2319,0.042166,0.40625,0.601562,0.502319,0.048371,0.40625,0.609375,0.006228,0.031149,0.004625,1,49.7772,7.990982,274.257,0.194478,1,0.498432,1,4,16,0.015625,0.001996,0.000157,0.004816,C-accelerated,132769.56,132100.0,2062.62,1775.0,0.6718
2026-03-30T05:54:31Z,2039078462,242,The last dream. No one slept.,29,44,1,49.6826,0.042595,0.382812,0.617188,0.496826,0.040916,0.375,0.59375,0.006209,0.030021,0.004717,1,50.0397,7.991226,266.089,0.303802,1,0.495412,1,4,16,0.015625,-0.006286,0.002298,-0.002019,C-accelerated,135452.67,134800.0,2743.46,3075.0,1.1406
2026-03-30T05:54:31Z,2039078462,243,She wrote in water. Read in rain.,33,44,1,50.946,0.038727,0.429688,0.59375,0.50946,0.043527,0.40625,0.609375,0.006273,0.034544,0.004742,1,50.5676,7.991986,244.492,0.670842,1,0.483431,1,4,16,0.015625,-0.006543,0.004916,-0.005975,C-accelerated,134658.0,132300.0,8719.35,2000.0,0.7559
2026-03-30T05:54:31Z,2039078462,245,She planted tears. Harvested laughter. Strange garden.,54,44,1,49.8779,0.046389,0.351562,0.617188,0.498779,0.041241,0.390625,0.601562,0.006341,0.041243,0.004757,1,50.3998,7.991511,261.876,0.370226,1,0.613323,1,4,16,0.015625,0.00379,0.002958,-0.020041,C-accelerated,135540.67,133700.0,4708.59,3700.0,1.3837
2026-03-30T05:54:31Z,2039078462,244,He followed echoes. Found silence. Stayed.,42,44,1,50.1526,0.041742,0.414062,0.679688,0.501526,0.046075,0.390625,0.625,0.006148,0.030637,0.004675,1,49.6857,7.990938,275.863,0.176415,1,0.409516,1,4,16,0.015625,0.006996,0.006069,-0.01229,C-accelerated,145606.22,140000.0,13803.85,11875.0,4.2411
2026-03-30T05:54:31Z,2039078462,246,The mirror lied beautifully. She thanked it.,44,44,1,50.1465,0.045078,0.390625,0.648438,0.501465,0.044717,0.382812,0.617188,0.006196,0.030514,0.004648,1,50.0214,7.993066,209.722,0.98247,1,0.529162,1,4,16,0.015625,-0.007999,-0.001059,-3.8e-05,C-accelerated,135430.0,135400.0,2669.39,4300.0,1.5879
2026-03-30T05:54:31Z,2039078462,247,She collected storms. Released them one by one. The last one stayed.,68,44,1,50.2258,0.042141,0.40625,0.601562,0.502258,0.041006,0.398438,0.601562,0.00627,0.032497,0.004758,1,50.0732,7.99197,246.097,0.644041,1,0.135655,1,4,16,0.015625,0.004905,0.007851,0.002777,C-accelerated,133172.22,132600.0,1823.59,2700.0,1.0181
2026-03-30T05:54:31Z,2039078462,248,He painted time. It dried crooked. Like everything else.,56,44,1,49.9634,0.045657,0.398438,0.609375,0.499634,0.040133,0.398438,0.617188,0.006269,0.029789,0.004729,1,49.939,7.991454,260.945,0.385633,1,0.177289,1,4,16,0.015625,-0.02071,0.016825,0.003759,C-accelerated,134869.56,133300.0,3812.62,2800.0,1.0503
2026-03-30T05:54:31Z,2039078462,249,The photograph moved. Left the frame. Never came back.,54,44,1,49.3652,0.041921,0.367188,0.59375,0.493652,0.045215,0.390625,0.601562,0.006305,0.028677,0.004678,1,50.2136,7.991023,273.908,0.198559,1,0.837576,1,4,16,0.015625,-0.004146,-0.000677,0.015571,C-accelerated,136456.44,136100.0,1507.88,1375.0,0.5051
2026-03-30T05:54:31Z,2039078462,250,She counted everything. Except the things that mattered.,56,44,1,49.8291,0.042116,0.367188,0.609375,0.498291,0.041143,0.414062,0.625,0.006251,0.030995,0.004702,1,50.061,7.992379,231.412,0.85286,1,0.965777,1,4,16,0.015625,-0.000341,0.002205,0.005707,C-accelerated,135436.0,134900.0,2541.66,2900.0,1.0749
2026-03-30T05:54:31Z,2039078462,251,He built a tower to heaven. God wasn't home.,44,44,1,49.2798,0.046195,0.351562,0.609375,0.492798,0.042786,0.390625,0.59375,0.006233,0.040521,0.004719,1,50.0916,7.991981,242.956,0.695788,1,0.845033,1,4,16,0.015625,-0.004377,0.010525,-0.006236,C-accelerated,137256.22,134750.0,6739.12,3800.0,1.41
2026-03-30T05:54:31Z,2039078462,252,The last breath. Held. Released. Gone.,38,44,1,50.7446,0.044139,0.359375,0.617188,0.507446,0.043056,0.40625,0.601562,0.006292,0.030632,0.004731,1,49.4751,7.992193,238.324,0.765915,1,0.213401,1,4,16,0.015625,-0.006929,-0.013611,-0.003827,C-accelerated,136789.33,135200.0,5621.93,5175.0,1.9138
2026-03-30T05:54:31Z,2039078462,253,She planted secrets. They grew into trees. She hung her regrets on them.,72,44,1,50.4517,0.040918,0.40625,0.601562,0.504517,0.043614,0.40625,0.632812,0.00627,0.030128,0.004762,1,49.7101,7.991918,245.469,0.654608,1,0.055307,1,4,16,0.015625,0.00384,-0.002607,0.000513,C-accelerated,135416.22,135300.0,1389.35,1400.0,0.5174
2026-03-30T05:54:31Z,2039078462,254,He collected rainbows. Traded them for a pot of gold. The gold was fake.,72,44,1,50.3052,0.044337,0.40625,0.640625,0.503052,0.039946,0.398438,0.609375,0.006216,0.029303,0.004717,1,49.6643,7.991702,253.312,0.518093,1,0.109196,1,4,16,0.015625,0.000894,0.002375,0.007273,C-accelerated,140110.67,137600.0,8230.11,7700.0,2.798
2026-03-30T05:54:31Z,2039078462,255,The clock ran backward. She got younger. Her memories didn't.,61,44,1,49.9756,0.043738,0.390625,0.601562,0.499756,0.045133,0.398438,0.601562,0.006244,0.032939,0.004702,1,50.3693,7.990842,278.4,0.150246,1,0.124765,1,4,16,0.015625,0.008392,0.007183,0.010141,C-accelerated,136370.44,134700.0,4504.28,2500.0,0.928
2026-03-30T05:54:31Z,2039078462,256,She wrote in invisible ink. Only the blind could read it.,57,44,1,49.585,0.043156,0.40625,0.59375,0.49585,0.042297,0.398438,0.609375,0.006111,0.0287,0.004635,1,49.7864,7.992609,225.152,0.911054,1,0.129518,1,4,16,0.015625,-0.002032,-0.004149,0.011245,C-accelerated,135786.0,135400.0,1844.02,1200.0,0.4431
2026-03-30T05:54:31Z,2039078462,257,He followed stars. They led him to a city. The city was empty.,62,44,1,49.2981,0.043089,0.398438,0.617188,0.492981,0.043343,0.375,0.59375,0.006207,0.027588,0.004654,1,50.0397,7.992294,235.276,0.807106,1,0.510609,1,4,16,0.015625,0.007528,0.009977,-0.002589,C-accelerated,140344.89,138700.0,5866.37,6700.0,2.4153
2026-03-30T05:54:31Z,2039078462,258,我打开了门。猫坐在那里。它看了我一眼。然后走了。我等着。它没回来。,33,44,1,49.231,0.039704,0.40625,0.601562,0.49231,0.043793,0.398438,0.601562,0.00615,0.029658,0.004683,1,50.3784,7.993006,211.491,0.978236,1,0.340356,1,4,16,0.015625,-0.009629,-0.001167,0.000217,C-accelerated,149131.78,137100.0,37306.63,5300.0,1.9329
2026-03-30T05:54:31Z,2039078462,259,雨停了。她合上伞。抬头看天。彩虹。她笑了。这是今天唯一的好事。,31,44,1,50.3662,0.037428,0.414062,0.59375,0.503662,0.045154,0.382812,0.609375,0.006218,0.027762,0.004699,1,50.4547,7.989788,308.678,0.012003,0,0.06367,1,4,16,0.015625,0.00248,0.004055,0.002793,C-accelerated,151419.56,139050.0,33453.32,14450.0,5.196
2026-03-30T05:54:31Z,2039078462,260,他每天给同一个人发早安。三年了。对方从未回复。他继续发。这是他的仪式。,35,44,1,50.4028,0.037683,0.40625,0.617188,0.504028,0.046064,0.390625,0.601562,0.006092,0.028479,0.004724,1,49.7406,7.991036,273.676,0.201309,1,0.088768,1,4,16,0.015625,0.003902,-0.007842,0.005189,C-accelerated,133794.67,132450.0,2983.53,3075.0,1.1608
2026-03-30T05:54:31Z,2039078462,261,茶凉了。她又烧了一壶。他还没回来。电话也没接。她把茶倒掉。这是第七次。,35,44,1,49.5972,0.045533,0.398438,0.601562,0.495972,0.039884,0.390625,0.648438,0.006238,0.029417,0.004684,1,50.1526,7.99248,227.06,0.895387,1,0.372668,1,4,16,0.015625,0.003585,0.007262,-0.00256,C-accelerated,134220.0,133800.0,2200.85,2200.0,0.8221
2026-03-30T05:54:31Z,2039078462,262,老照片里有人像我。但不是我。母亲说是姑姑。姑姑早走了。我从未见过她。,34,44,1,50.4517,0.043108,0.40625,0.625,0.504517,0.041851,0.390625,0.609375,0.006316,0.032081,0.0048,1,50.6866,7.991645,255.825,0.473677,1,0.901355,1,4,16,0.015625,-0.011515,-0.00183,-0.001753,C-accelerated,133796.44,133800.0,2151.56,3200.0,1.1958
2026-03-30T05:54:31Z,2039078462,263,月亮很圆。我一个人看。想起你说过要一起看。你现在和谁看呢。,29,44,1,49.6399,0.043683,0.382812,0.59375,0.496399,0.045887,0.375,0.617188,0.006177,0.033539,0.004657,1,49.7467,7.990631,284.148,0.101363,1,0.760284,1,4,16,0.015625,-0.006412,0.011836,0.01015,C-accelerated,135768.44,135500.0,2182.54,2750.0,1.0148
2026-03-30T05:54:31Z,2039078462,264,钥匙插不进锁。我试了很多次。邻居说这家没人住。可我明明看见里面亮着灯。,35,44,1,50.0916,0.044255,0.382812,0.609375,0.500916,0.040953,0.398438,0.632812,0.006194,0.027872,0.004654,1,50.6042,7.991221,266.694,0.294765,1,0.541719,1,4,16,0.015625,0.003211,0.004937,0.001349,C-accelerated,148504.0,140100.0,17695.26,17675.0,6.308
2026-03-30T05:54:31Z,2039078462,265,她种了一盆花。每天都浇水。花不开。别人说这是假花。她继续浇。,30,44,1,50.2625,0.046664,0.398438,0.609375,0.502625,0.047,0.375,0.617188,0.006316,0.034788,0.004775,1,49.7528,7.991444,258.665,0.424264,1,0.551233,1,4,16,0.015625,0.001444,0.009907,-0.000619,C-accelerated,159991.56,153400.0,24526.98,13625.0,4.441
2026-03-30T05:54:31Z,2039078462,266,地铁最后一班。我赶上了。车厢里只有一个人。他对我笑。我下了车。,31,44,1,50.0061,0.044383,0.351562,0.617188,0.500061,0.05102,0.375,0.640625,0.006152,0.034056,0.004667,1,50.0793,7.991785,252.148,0.538713,1,0.140724,1,4,16,0.015625,0.008041,-0.001393,-0.002712,C-accelerated,138038.89,135900.0,6501.4,3500.0,1.2877
2026-03-30T05:54:31Z,2039078462,267,父亲教我骑自行车。他在后面扶着。我回头。他早放手了。我骑了很远。,32,44,1,49.8413,0.04229,0.398438,0.601562,0.498413,0.045996,0.398438,0.59375,0.006193,0.029175,0.004687,1,50.0275,7.991025,272.512,0.215426,1,0.935407,1,4,16,0.015625,0.003195,0.007482,0.005435,C-accelerated,143245.78,140300.0,8610.74,10600.0,3.7776
2026-03-30T05:54:31Z,2039078462,268,猫死了。我把它埋在树下。第二年树开花了。白色的。猫活着时也是白色。,33,44,1,50.2625,0.045137,0.375,0.601562,0.502625,0.040398,0.367188,0.59375,0.006294,0.028123,0.004702,1,49.8199,7.991072,270.65,0.239259,1,0.125941,1,4,16,0.015625,-0.008314,0.01048,0.002728,C-accelerated,136693.56,136500.0,3105.35,4300.0,1.5751
2026-03-30T05:54:31Z,2039078462,269,她每天照镜子。镜子里的她越来越年轻。她害怕。后来不照了。,28,44,1,49.3469,0.041083,0.375,0.585938,0.493469,0.046587,0.359375,0.617188,0.006234,0.034142,0.00465,1,50.0916,7.991574,257.641,0.441948,1,0.706458,1,4,16,0.015625,0.006874,-0.009848,-0.001213,C-accelerated,135091.78,134950.0,1267.16,1775.0,0.6577
2026-03-30T05:54:31Z,2039078462,270,他在等一封永远不会来的信。邮差每天经过。摇摇头。他继续等。,29,44,1,50.5432,0.042853,0.398438,0.625,0.505432,0.040176,0.421875,0.65625,0.006242,0.02988,0.004726,1,50.5463,7.991254,268.137,0.273785,1,0.279173,1,4,16,0.015625,0.00347,-0.001292,-0.003073,C-accelerated,137763.11,135900.0,5283.16,5900.0,2.1707
2026-03-30T05:54:31Z,2039078462,271,饭做好了。筷子摆好了。电视开着。没人吃。都走了。,24,44,1,49.8901,0.042114,0.359375,0.59375,0.498901,0.043484,0.375,0.640625,0.006295,0.029832,0.004798,1,49.9237,7.991492,259.665,0.407172,1,0.0381,1,4,16,0.015625,0.006178,0.005868,0.000293,C-accelerated,135164.22,134200.0,3628.44,2300.0,0.8569
2026-03-30T05:54:31Z,2039078462,272,她买了两个冰淇淋。一个给我。一个自己吃。我的化了。她的也化了。,31,44,1,49.8352,0.040778,0.390625,0.601562,0.498352,0.047024,0.390625,0.648438,0.0063,0.028749,0.004746,1,49.8688,7.992045,240.838,0.728886,1,0.557621,1,4,16,0.015625,-0.002647,-0.002424,-0.00029,C-accelerated,133434.44,133000.0,1352.89,1900.0,0.7143
2026-03-30T05:54:31Z,2039078462,273,窗外的树被砍了。我难过了一周。后来发现能看见更远的山了。,28,44,1,49.7498,0.044139,0.398438,0.632812,0.497498,0.046012,0.367188,0.609375,0.006223,0.030511,0.004659,1,49.881,7.99058,285.428,0.092339,1,0.901355,1,4,16,0.015625,0.011484,0.002413,0.006805,C-accelerated,141528.0,137550.0,12011.87,8150.0,2.9626
2026-03-30T05:54:31Z,2039078462,274,他戒烟一百次。每次都失败。医生说再抽就活不了。他说那就死吧。,30,44,1,50.2319,0.041252,0.390625,0.664062,0.502319,0.042234,0.390625,0.601562,0.006169,0.029545,0.004602,1,50.1465,7.990976,272.954,0.209991,1,0.837576,1,4,16,0.015625,0.008341,-0.006322,0.005733,C-accelerated,141871.78,137550.0,11030.44,6200.0,2.2537
2026-03-30T05:54:31Z,2039078462,275,她整夜没睡。等天亮。天亮了。等天黑。就这样过了一生。,26,44,1,50.7874,0.047996,0.40625,0.632812,0.507874,0.044415,0.367188,0.585938,0.006186,0.029431,0.004749,1,50.1312,7.991335,267.834,0.278116,1,0.969577,1,4,16,0.015625,0.00872,0.0109,-0.00112,C-accelerated,136737.33,136800.0,2115.54,1500.0,0.5482
2026-03-30T05:54:31Z,2039078462,276,婴儿在哭。母亲在哄。父亲在加班。月亮在看。,21,44,1,51.2329,0.039253,0.398438,0.640625,0.512329,0.041393,0.40625,0.625,0.006223,0.034761,0.004766,1,50.2716,7.993128,210.513,0.980669,1,0.738597,1,4,16,0.015625,0.003534,0.001909,-0.009509,C-accelerated,133800.89,133500.0,1174.96,1500.0,0.5618
2026-03-30T05:54:31Z,2039078462,277,他写了很多诗。没人读。自己读。读着读着哭了。诗是写给她的。,29,44,1,50.8179,0.04798,0.382812,0.65625,0.508179,0.044494,0.398438,0.617188,0.006195,0.031713,0.00477,1,49.762,7.991668,253.103,0.521806,1,0.756656,1,4,16,0.015625,0.003433,0.01017,-0.009415,C-accelerated,138014.22,137000.0,3409.31,5550.0,2.0255
2026-03-30T05:54:31Z,2039078462,278,她丢了钥匙。进不了门。坐在楼梯上等。等到天黑。没人来开门。,29,44,1,49.9023,0.044,0.398438,0.640625,0.499023,0.038793,0.414062,0.59375,0.006239,0.028072,0.004714,1,49.7864,7.991808,251.404,0.551892,1,0.390828,1,4,16,0.015625,-0.004169,0.001377,0.014921,C-accelerated,133264.0,133800.0,1642.65,2600.0,0.9716
2026-03-30T05:54:31Z,2039078462,279,雨下了三天。第四天停了。第五天她又带伞。伞没用上。她笑了。,29,44,1,49.7314,0.045096,0.398438,0.59375,0.497314,0.041609,0.40625,0.617188,0.006174,0.031452,0.004688,1,49.5941,7.991717,253.335,0.517681,1,0.140724,1,4,16,0.015625,0.010326,0.009604,0.002691,C-accelerated,154566.0,146550.0,20184.82,25625.0,8.7427
2026-03-30T05:54:31Z,2039078462,280,他给母亲打电话。母亲问你是谁。他说我是你儿子。母亲说我不认识你。,32,44,1,49.5667,0.038901,0.382812,0.585938,0.495667,0.046914,0.382812,0.601562,0.006223,0.029738,0.004761,1,50.3021,7.99038,295.04,0.042987,0,0.60998,1,4,16,0.015625,-0.003658,0.006923,-0.004891,C-accelerated,132914.89,132500.0,1233.11,1475.0,0.5566
2026-03-30T05:54:31Z,2039078462,281,她收拾旧物。发现一封信。没有寄出。收信人是自己。日期是十年前。,31,44,1,50.1282,0.042688,0.390625,0.609375,0.501282,0.043649,0.40625,0.632812,0.006277,0.031128,0.004752,1,50.0702,7.991011,271.418,0.229244,1,0.731413,1,4,16,0.015625,-0.009959,0.007495,0.00118,C-accelerated,136919.11,135900.0,3224.71,4575.0,1.6832
2026-03-30T05:54:31Z,2039078462,282,鱼死了。他把它冲进马桶。后来每次上厕所都想起它。,24,44,1,49.8352,0.044971,0.40625,0.617188,0.498352,0.041104,0.390625,0.609375,0.006298,0.03058,0.004738,1,49.5056,7.990665,278.796,0.146425,1,0.590089,1,4,16,0.015625,0.000975,-0.000452,-0.002327,C-accelerated,134643.78,134850.0,1747.8,2700.0,1.0011
2026-03-30T05:54:31Z,2039078462,283,她学会了一个人吃饭。一个人看病。一个人过年。一个人老去。,28,44,1,50.6104,0.042218,0.398438,0.617188,0.506104,0.044623,0.375,0.617188,0.006206,0.032194,0.004773,1,49.2401,7.991156,269.743,0.251421,1,0.942992,1,4,16,0.015625,-0.002561,0.007713,0.006258,C-accelerated,135047.56,134800.0,1294.61,1600.0,0.5935
2026-03-30T05:54:31Z,2039078462,284,他在人群中看见她。她也看见他。都没停下。继续走各自的路。,28,44,1,49.9573,0.044434,0.375,0.632812,0.499573,0.044359,0.367188,0.601562,0.00619,0.0292,0.004653,1,49.942,7.992265,234.182,0.820813,1,0.89381,1,4,16,0.015625,-0.008747,0.002358,0.009349,C-accelerated,134591.56,134800.0,2171.12,3000.0,1.1128
2026-03-30T05:54:31Z,2039078462,285,月亮跟着我走。我停它也停。我跑它也跑。后来我回家了。它还在外面。,32,44,1,49.6643,0.042976,0.382812,0.601562,0.496643,0.047216,0.34375,0.59375,0.006205,0.033247,0.004719,1,49.8016,7.990341,294.947,0.04333,0,0.852503,1,4,16,0.015625,0.001195,0.000496,-0.003001,C-accelerated,135369.56,135200.0,1249.21,1400.0,0.5178
2026-03-30T05:54:31Z,2039078462,286,她养了一只猫。猫走了。她养了狗。狗也走了。她不再养了。,27,44,1,49.5544,0.043297,0.390625,0.585938,0.495544,0.045415,0.40625,0.617188,0.006254,0.03254,0.004737,1,50.5707,7.992257,236.3,0.793752,1,0.314462,1,4,16,0.015625,-0.003223,0.002434,0.003099,C-accelerated,134224.89,134600.0,1611.8,2575.0,0.9565
2026-03-30T05:54:31Z,2039078462,287,他每天都去同一家咖啡馆。坐同一个位置。点同样的咖啡。看同样的报纸。直到咖啡馆关门。,41,44,1,49.6948,0.044401,0.390625,0.601562,0.496948,0.047101,0.34375,0.609375,0.006263,0.03026,0.004744,1,50.116,7.990849,275.84,0.176668,1,0.046815,1,4,16,0.015625,0.002045,0.009741,-0.013951,C-accelerated,142755.56,140600.0,7513.54,10800.0,3.8407
2026-03-30T05:54:31Z,2039078462,288,她写了一封信。没有地址。没有收信人。没有寄出。烧了。灰烬像蝴蝶。,32,44,1,49.7131,0.039954,0.398438,0.59375,0.497131,0.044419,0.398438,0.601562,0.006223,0.030148,0.004732,1,50.0305,7.989881,307.863,0.013033,0,0.372668,1,4,16,0.015625,0.004403,-0.00663,0.004461,C-accelerated,133728.89,133900.0,2041.15,3100.0,1.1576
2026-03-30T05:54:31Z,2039078462,289,雨打在窗上。她数雨滴。数到一百就睡着了。醒来雨还在下。,27,44,1,50.1526,0.044238,0.398438,0.625,0.501526,0.043477,0.375,0.601562,0.006294,0.032579,0.004829,1,49.9573,7.991688,253.917,0.507373,1,0.819,1,4,16,0.015625,-0.006639,-0.001784,0.00101,C-accelerated,135111.78,135000.0,1559.38,2000.0,0.7407
2026-03-30T05:54:31Z,2039078462,290,他等了很久。久到忘了等谁。久到忘了在等。还在等。,24,44,1,49.4934,0.045905,0.375,0.601562,0.494934,0.043625,0.40625,0.601562,0.006275,0.033686,0.004768,1,50.0519,7.991418,261.527,0.375976,1,0.67832,1,4,16,0.015625,-0.00833,-0.004741,-0.005112,C-accelerated,140626.44,136750.0,8220.76,8850.0,3.2358
2026-03-30T05:54:31Z,2039078462,291,她买了一束花。回家发现没有花瓶。用杯子插。花开了。杯子很高兴。,31,44,1,49.3652,0.045025,0.382812,0.601562,0.493652,0.042497,0.390625,0.585938,0.006202,0.029403,0.004673,1,50.1434,7.991379,262.179,0.365269,1,0.977181,1,4,16,0.015625,0.002276,-0.001316,0.00329,C-accelerated,135392.67,135000.0,2258.5,2700.0,1.0
2026-03-30T05:54:31Z,2039078462,292,他对着镜子练习微笑。练了一辈子。死的时候脸上没有表情。,27,44,1,50.0244,0.043912,0.328125,0.617188,0.500244,0.044441,0.390625,0.625,0.006282,0.029544,0.004699,1,49.8352,7.990573,284.986,0.095384,1,0.260553,1,4,16,0.015625,-0.005642,-0.019416,0.000944,C-accelerated,146344.44,145700.0,5146.07,6075.0,2.0848
2026-03-30T05:54:31Z,2039078462,293,她走了很远的路。去看一棵树。树被砍了。她在原地站了很久。,28,44,1,50.2991,0.040349,0.40625,0.601562,0.502991,0.041846,0.375,0.601562,0.006209,0.029404,0.004739,1,49.8871,7.992138,241.583,0.717432,1,0.355039,1,4,16,0.015625,-0.008814,-0.006237,0.005984,C-accelerated,150594.67,144500.0,16234.43,14850.0,5.1384
2026-03-30T05:54:31Z,2039078462,294,猫在窗台上晒太阳。它在。阳光在。我也在。这样就很好。,26,44,1,50.1343,0.04205,0.414062,0.617188,0.501343,0.04049,0.382812,0.609375,0.006212,0.028912,0.004756,1,49.8627,7.99176,251.217,0.555183,1,0.194731,1,4,16,0.015625,-0.010612,0.004173,-0.001957,C-accelerated,134338.44,134700.0,1296.68,1000.0,0.3712
2026-03-30T05:54:31Z,2039078462,295,他每天都写日记。记下吃什么。喝什么。天气如何。从不写心情。,29,44,1,50.061,0.044491,0.382812,0.617188,0.50061,0.042259,0.390625,0.617188,0.006239,0.029046,0.004681,1,50.0305,7.992828,217.751,0.956129,1,0.95438,1,4,16,0.015625,-0.002204,-0.005714,0.00962,C-accelerated,139412.44,139000.0,3165.22,4975.0,1.7896
2026-03-30T05:54:31Z,2039078462,296,她织了一条围巾。拆了。重新织。拆了。重新织。冬天过去了。,28,44,1,50.2258,0.046231,0.382812,0.632812,0.502258,0.045566,0.382812,0.601562,0.006235,0.033025,0.004735,1,49.7131,7.991207,268.509,0.268505,1,0.457057,1,4,16,0.015625,0.001665,-0.005478,-0.00199,C-accelerated,136091.56,133200.0,7022.71,4375.0,1.6423
2026-03-30T05:54:31Z,2039078462,297,他学会了修表。却修不好自己的时间。它走得太快。或者太慢。,28,44,1,49.9207,0.043045,0.390625,0.625,0.499207,0.039473,0.359375,0.601562,0.006236,0.030885,0.004695,1,50.2014,7.990501,290.502,0.062552,1,0.763917,1,4,16,0.015625,-0.006923,0.008461,0.003341,C-accelerated,142641.11,138600.0,10163.58,9500.0,3.4271
2026-03-30T05:54:31Z,2039078462,298,她煮了粥。凉了。热了。又凉了。他还没回来。她一个人喝了。,28,44,1,50.2075,0.041575,0.40625,0.609375,0.502075,0.039878,0.398438,0.65625,0.006289,0.030632,0.004731,1,49.6979,7.991463,258.874,0.42067,1,0.016703,1,4,16,0.015625,-0.008555,-0.004991,0.000686,C-accelerated,139826.44,136200.0,9182.15,4575.0,1.6795
2026-03-30T05:54:31Z,2039078462,299,雨停了。他收起伞。看见彩虹。想起她说过喜欢彩虹。发照片给她。她已不是好友。,37,44,1,50.8301,0.041152,0.40625,0.625,0.508301,0.04674,0.375,0.632812,0.006289,0.033364,0.004707,1,50.0946,7.991456,258.246,0.431476,1,0.014847,1,4,16,0.015625,-0.001353,-0.003464,0.001854,C-accelerated,141491.78,139950.0,6711.67,8175.0,2.9207
2026-03-30T05:54:31Z,2039078462,300,他每天给鸟喂食。鸟来了。吃了。飞走了。他也走了。,24,44,1,49.6887,0.039924,0.367188,0.601562,0.496887,0.047152,0.359375,0.609375,0.006215,0.027366,0.004725,1,50.0366,7.990702,287.942,0.076439,1,0.300899,1,4,16,0.015625,-0.000711,0.005042,-0.009087,C-accelerated,143094.22,141900.0,4328.36,5450.0,1.9204
2026-03-30T05:54:31Z,2039078462,301,她养了一盆仙人掌。忘记浇水。它活了。她记得浇水。它死了。,28,44,1,49.8596,0.045611,0.351562,0.617188,0.498596,0.043294,0.382812,0.609375,0.006217,0.034061,0.004737,1,49.9054,7.991152,269.952,0.248583,1,0.237089,1,4,16,0.015625,-0.006407,0.009422,-0.004811,C-accelerated,148192.89,145350.0,10352.94,15900.0,5.4696
2026-03-30T05:54:31Z,2039078462,302,他等最后一班车。车来了。他没上。车走了。他还在等。,25,44,1,49.7559,0.042351,0.398438,0.609375,0.497559,0.044105,0.40625,0.609375,0.006182,0.027966,0.004722,1,49.8932,7.990986,274.746,0.188858,1,0.347648,1,4,16,0.015625,-0.005821,0.002387,-0.003337,C-accelerated,132625.56,132000.0,1545.76,2800.0,1.0606
2026-03-30T05:54:31Z,2039078462,303,她学会了做饭。做给自己吃。做给猫吃。猫死了。她自己吃。,27,44,1,49.5117,0.040489,0.375,0.578125,0.495117,0.04375,0.375,0.59375,0.006269,0.029053,0.004765,1,49.6704,7.991295,264.785,0.323721,1,0.169757,1,4,16,0.015625,0.006632,-0.003755,0.005607,C-accelerated,133583.56,133300.0,1522.23,1875.0,0.7033
2026-03-30T05:54:31Z,2039078462,304,他在海边写了一行字。海浪冲走了。他又写。又冲走了。他写了一天。,31,44,1,49.1028,0.041685,0.390625,0.617188,0.491028,0.039585,0.390625,0.578125,0.006207,0.034397,0.004721,1,50.1526,7.990767,281.495,0.122177,1,0.763917,1,4,16,0.015625,0.005426,-0.002932,-0.008414,C-accelerated,141575.78,138850.0,7326.36,9675.0,3.484
2026-03-30T05:54:31Z,2039078462,305,她打开窗户。风吹进来。窗帘动了。她也想动。但动不了。,26,44,1,50.1709,0.042667,0.390625,0.609375,0.501709,0.042376,0.375,0.601562,0.006192,0.033228,0.004668,1,50.0854,7.991407,259.921,0.402834,1,0.738597,1,4,16,0.015625,0.003499,-0.006359,0.000848,C-accelerated,133958.67,133800.0,1981.83,2800.0,1.0463
2026-03-30T05:54:31Z,2039078462,306,他给远方写信。寄出去。没有回音。继续写。继续寄。直到邮局关门。,31,44,1,49.9878,0.041386,0.390625,0.609375,0.499878,0.047961,0.359375,0.640625,0.006296,0.029117,0.004682,1,50.0977,7.991191,267.857,0.277782,1,0.927827,1,4,16,0.015625,0.014173,0.003165,-0.01071,C-accelerated,136268.67,135900.0,2437.13,3000.0,1.1038
2026-03-30T05:54:31Z,2039078462,307,她种了一棵树。每天浇水。树长高了。她老了。树还在长。,26,44,1,50.5981,0.040788,0.398438,0.585938,0.505981,0.044629,0.390625,0.609375,0.006312,0.03234,0.00476,1,49.4537,7.99142,261.62,0.374439,1,0.616675,1,4,16,0.015625,0.004484,-0.007705,-0.010342,C-accelerated,135717.11,136200.0,3039.63,4600.0,1.6887
2026-03-30T05:54:31Z,2039078462,308,他看着镜子里的自己。不认识。问你是谁。镜子不说话。,25,44,1,50.7324,0.04404,0.398438,0.601562,0.507324,0.044332,0.382812,0.601562,0.006258,0.02969,0.0047,1,49.8535,7.991275,265.391,0.314398,1,0.404123,1,4,16,0.015625,-0.005717,-0.010538,-0.004666,C-accelerated,136141.11,135350.0,3132.61,4675.0,1.727
2026-03-30T05:54:31Z,2039078462,309,她学会了沉默。在沉默中听见很多声音。在声音中找回沉默。,27,44,1,49.8779,0.048233,0.351562,0.609375,0.498779,0.042628,0.382812,0.59375,0.006233,0.029462,0.00478,1,49.5178,7.991341,263.505,0.343855,1,0.124765,1,4,16,0.015625,0.000844,0.007054,-0.000104,C-accelerated,134775.78,134500.0,2121.34,1775.0,0.6599
2026-03-30T05:54:31Z,2039078462,310,他每天经过那扇门。门总是关着。有一天开了。里面没人。他进去了。没出来。,35,44,1,49.8657,0.042803,0.398438,0.585938,0.498657,0.04318,0.390625,0.65625,0.006136,0.032851,0.004674,1,49.6643,7.990664,284.614,0.098007,1,0.796843,1,4,16,0.015625,0.008563,0.005027,-0.019457,C-accelerated,142015.11,139850.0,7030.55,6775.0,2.4222
2026-03-30T05:54:31Z,2039078462,311,她数羊。数到一千。还是睡不着。起来数星星。星星也没睡。,27,44,1,49.9695,0.041136,0.359375,0.617188,0.499695,0.041815,0.390625,0.59375,0.006186,0.031117,0.004703,1,50.3326,7.991331,264.297,0.331344,1,0.513678,1,4,16,0.015625,-0.005874,0.006229,0.00714,C-accelerated,136986.22,137650.0,2663.45,4375.0,1.5892
2026-03-30T05:54:31Z,2039078462,312,他收集了很多瓶子。空的。透明的。对着阳光看。什么也没有。但他喜欢。,33,44,1,49.9695,0.043051,0.382812,0.617188,0.499695,0.04211,0.367188,0.601562,0.006222,0.03129,0.004728,1,50.2136,7.991348,262.551,0.359205,1,0.567269,1,4,16,0.015625,-0.010712,-0.001534,0.005698,C-accelerated,134867.56,134900.0,1882.92,2175.0,0.8062
2026-03-30T05:54:31Z,2039078462,313,她学会了告别。和昨天告别。和自己告别。和告别告别。,25,44,1,49.1638,0.049682,0.375,0.601562,0.491638,0.03979,0.382812,0.585938,0.006254,0.031851,0.004667,1,49.6948,7.9915,258.804,0.421867,1,0.439934,1,4,16,0.015625,-0.00514,0.002425,-0.007985,C-accelerated,137889.78,136500.0,3380.06,4800.0,1.7582
2026-03-30T05:54:31Z,2039078462,314,雨打在树叶上。叶子掉了。雨打在泥土上。泥泞了。雨打在他身上。他湿了。,34,44,1,50.0,0.042421,0.375,0.640625,0.5,0.042241,0.398438,0.59375,0.006285,0.027609,0.004648,1,50.2716,7.991056,271.488,0.228346,1,0.882511,1,4,16,0.015625,-0.002403,-0.004451,0.000411,C-accelerated,141770.89,138900.0,7756.78,8325.0,2.9968
2026-03-30T05:54:31Z,2039078462,315,他梦见自己醒了。醒来还在梦里。又醒来还在梦里。一直醒不来。,29,44,1,49.8657,0.038942,0.398438,0.601562,0.498657,0.039837,0.414062,0.617188,0.006265,0.029555,0.004689,1,49.942,7.991867,247.028,0.628216,1,0.092402,1,4,16,0.015625,0.002054,-0.001151,0.001417,C-accelerated,137774.89,135300.0,6831.15,4100.0,1.5152
2026-03-30T05:54:31Z,2039078462,316,她每天照镜子。有一天镜子碎了。她把自己拼起来。比原来好看。,29,44,1,49.7437,0.04387,0.375,0.601562,0.497437,0.044976,0.414062,0.640625,0.006213,0.035833,0.004775,1,50.0397,7.990956,276.841,0.165989,1,0.897581,1,4,16,0.015625,-0.004556,0.003299,0.006354,C-accelerated,133190.0,133000.0,1368.47,1475.0,0.5545
2026-03-30T05:54:31Z,2039078462,317,他种了一院子花。花开的时候。她走了。花谢的时候。他走了。,28,44,1,49.8169,0.041021,0.40625,0.585938,0.498169,0.042359,0.398438,0.632812,0.006273,0.027257,0.004718,1,49.939,7.992231,237.463,0.777981,1,0.580258,1,4,16,0.015625,0.001315,0.002693,-0.011499,C-accelerated,140010.0,137850.0,5448.63,7700.0,2.7929
2026-03-30T05:54:31Z,2039078462,318,她写了一首诗。只有一行。自己看不懂。给别人看。别人也看不懂。诗很高兴。,35,44,1,49.6765,0.04014,0.382812,0.59375,0.496765,0.046328,0.359375,0.632812,0.006324,0.030613,0.004753,1,50.119,7.990947,276.724,0.167208,1,0.186653,1,4,16,0.015625,-0.002872,-0.004333,0.005447,C-accelerated,135964.44,135600.0,2705.95,4500.0,1.6593
2026-03-30T05:54:31Z,2039078462,319,他养了一只鸟。鸟会说话。说你好。说再见。说饿了。后来只说再见。,31,44,1,49.707,0.044259,0.375,0.632812,0.49707,0.04232,0.382812,0.578125,0.006198,0.028069,0.004714,1,49.646,7.991258,269.673,0.252371,1,0.67832,1,4,16,0.015625,-0.015724,-0.004486,-0.006712,C-accelerated,135350.22,133700.0,4332.77,3600.0,1.3463
2026-03-30T05:54:31Z,2039078462,320,她学会了煮咖啡。苦的。加糖。还是苦的。不加了。苦就苦吧。,28,44,1,49.8352,0.04152,0.398438,0.585938,0.498352,0.04253,0.382812,0.617188,0.006281,0.029441,0.004742,1,50.0031,7.990637,284.102,0.101703,1,0.105042,1,4,16,0.015625,0.000749,0.002946,-0.009624,C-accelerated,134394.0,133800.0,1579.74,2375.0,0.8875
2026-03-30T05:54:31Z,2039078462,321,他看了一场电影。讲一个人等另一个人。等了一辈子。他哭了。哭自己。,32,44,1,50.2563,0.046549,0.367188,0.617188,0.502563,0.048751,0.367188,0.609375,0.006351,0.032347,0.004801,1,49.8016,7.988993,338.327,0.000363,0,0.27706,1,4,16,0.015625,0.009501,-0.010991,-0.012898,C-accelerated,134264.89,134150.0,1559.96,2100.0,0.7827
2026-03-30T05:54:31Z,2039078462,322,她在河边洗手。水很凉。想起小时候也这样洗过手。小时候的水也是凉的。,33,44,1,50.0854,0.048742,0.359375,0.640625,0.500854,0.045567,0.359375,0.632812,0.006277,0.038457,0.0047,1,50.0305,7.992205,236.625,0.789399,1,0.551233,1,4,16,0.015625,-0.002709,0.001386,-0.005951,C-accelerated,135990.67,135550.0,2177.84,2575.0,0.9498
2026-03-30T05:54:31Z,2039078462,323,他每天走同一条路。看同样的树。遇同样的人。说同样的话。不一样的是他自己。,36,44,1,49.8108,0.045184,0.390625,0.625,0.498108,0.039797,0.382812,0.59375,0.006138,0.034287,0.004741,1,50.0488,7.991828,248.308,0.606171,1,0.042268,1,4,16,0.015625,0.005621,-0.003917,-0.005979,C-accelerated,134202.22,134000.0,1647.99,2200.0,0.8209
2026-03-30T05:54:31Z,2039078462,324,她买了一个本子。想写点什么。翻开第一页。空白。合上了。一直空白。,32,44,1,50.8423,0.043197,0.390625,0.609375,0.508423,0.043075,0.382812,0.632812,0.006244,0.027777,0.004725,1,50.058,7.992467,228.131,0.885812,1,0.119017,1,4,16,0.015625,0.002407,0.001576,0.002615,C-accelerated,142456.0,136800.0,12847.32,12200.0,4.4591
2026-03-30T05:54:31Z,2039078462,325,他学会了修东西。修好了。又坏了。再修好。再坏。后来不修了。坏了就坏了。,35,44,1,49.6033,0.04473,0.390625,0.625,0.496033,0.042835,0.390625,0.617188,0.006223,0.032639,0.004693,1,49.9298,7.992063,240.721,0.730657,1,0.246678,1,4,16,0.015625,0.005584,0.007173,0.001652,C-accelerated,138944.44,138150.0,4379.56,6875.0,2.4882
2026-03-30T05:54:31Z,2039078462,326,她煮了一锅汤。太咸了。加水。太淡了。加盐。最后变成一大锅。一个人喝不完。,36,44,1,49.9207,0.044814,0.375,0.609375,0.499207,0.045259,0.351562,0.59375,0.006215,0.032357,0.004682,1,49.7711,7.990742,283.101,0.109232,1,0.620035,1,4,16,0.015625,-0.004265,-0.003723,0.00202,C-accelerated,133523.78,133300.0,1671.15,2800.0,1.0503
2026-03-30T05:54:31Z,2039078462,327,他看着窗外。下雨了。雨停了。天黑了。天亮了。他一直看着。,28,44,1,49.9329,0.044086,0.40625,0.617188,0.499329,0.039668,0.414062,0.609375,0.006216,0.03273,0.004708,1,49.6979,7.991902,248.378,0.60496,1,0.135655,1,4,16,0.015625,-0.000142,-0.003485,0.004944,C-accelerated,135845.56,136250.0,2668.95,4000.0,1.4679
2026-03-30T05:54:31Z,2039078462,328,她学会了说谎。对别人说谎。对自己说谎。最后分不清哪句是真话。,30,44,1,49.9146,0.043347,0.382812,0.59375,0.499146,0.046847,0.34375,0.59375,0.006193,0.031838,0.004685,1,50.2899,7.989629,319.5,0.003742,0,0.319071,1,4,16,0.015625,0.009046,-0.003956,-0.007158,C-accelerated,136562.89,134600.0,5998.42,4275.0,1.588
2026-03-30T05:54:31Z,2039078462,329,他养了一只狗。狗老了。走不动了。他抱着狗出去晒太阳。狗死了。他还抱着。,35,44,1,50.2502,0.04353,0.328125,0.601562,0.502502,0.041096,0.398438,0.625,0.006275,0.033412,0.004766,1,49.8962,7.991494,260.433,0.394202,1,0.414952,1,4,16,0.015625,0.001507,0.001924,-0.003061,C-accelerated,137728.89,137100.0,2952.82,4975.0,1.8144
2026-03-30T05:54:31Z,2039078462,330,她每天写一个字。写满了本子。连起来是一句话。她没发现。本子丢了。,32,44,1,50.0427,0.043469,0.390625,0.601562,0.500427,0.045316,0.390625,0.625,0.006197,0.0332,0.004739,1,50.2289,7.991245,265.041,0.319761,1,0.434309,1,4,16,0.015625,0.005038,0.013127,-0.01227,C-accelerated,132402.89,132200.0,1391.17,1775.0,0.6713
2026-03-30T05:54:31Z,2039078462,331,他学会了等待。等车。等人。等时间。等死。死也在等他。,26,44,1,49.9084,0.038542,0.414062,0.59375,0.499084,0.044843,0.382812,0.601562,0.00625,0.030281,0.004726,1,50.2136,7.991333,265.018,0.32012,1,0.767556,1,4,16,0.015625,-0.014254,-0.006661,-0.00976,C-accelerated,134513.78,134900.0,1980.01,3275.0,1.2139
2026-03-30T05:54:31Z,2039078462,332,她种了一棵葡萄树。葡萄熟了。酸。第二年甜了。她一个人吃。吃不完。,32,44,1,50.5493,0.040079,0.375,0.601562,0.505493,0.043775,0.398438,0.59375,0.006168,0.033194,0.004662,1,49.8138,7.991717,250.868,0.561346,1,0.314462,1,4,16,0.015625,0.013235,-0.00195,0.015496,C-accelerated,133741.56,133200.0,1799.91,1600.0,0.6006
2026-03-30T05:54:31Z,2039078462,333,他对着墙说话。墙听着。墙不回答。他继续说。说了很多年。墙倒了。,31,44,1,49.7925,0.04407,0.382812,0.632812,0.497925,0.040211,0.390625,0.59375,0.006197,0.029064,0.004691,1,49.7955,7.992118,240.163,0.739082,1,0.330786,1,4,16,0.015625,0.007016,0.010189,-0.001066,C-accelerated,138319.78,135900.0,6232.83,5600.0,2.0603
2026-03-30T05:54:31Z,2039078462,334,她学会了煮面。清水面。加个蛋。加青菜。加肉。加太多。最后是剩菜面。,33,44,1,49.7681,0.043753,0.398438,0.625,0.497681,0.046398,0.390625,0.632812,0.006224,0.032208,0.004681,1,50.0214,7.991966,246.004,0.645613,1,0.398773,1,4,16,0.015625,0.002385,-0.00271,-0.008067,C-accelerated,133499.78,133300.0,1236.28,1600.0,0.6002
2026-03-30T05:54:31Z,2039078462,335,他看了一场日落。很美。第二天又来看。没昨天美。第三天没来。,29,44,1,49.7253,0.048254,0.359375,0.601562,0.497253,0.044049,0.382812,0.648438,0.006248,0.028664,0.004679,1,49.8566,7.991435,257.641,0.441948,1,0.38298,1,4,16,0.015625,-0.00293,-0.003228,-0.001661,C-accelerated,136106.67,136200.0,2368.59,2900.0,1.0646
2026-03-30T05:54:31Z,2039078462,336,她买了一双鞋。不合脚。磨破了皮。继续穿。脚习惯了。鞋也习惯了。,31,44,1,49.6887,0.044798,0.382812,0.609375,0.496887,0.044713,0.398438,0.617188,0.006199,0.031837,0.004693,1,49.9451,7.991337,261.644,0.374056,1,0.657505,1,4,16,0.015625,-0.015417,-0.008518,0.003252,C-accelerated,138546.44,138600.0,2538.09,3800.0,1.3709
2026-03-30T05:54:31Z,2039078462,337,他学会了沉默。在人群中沉默。在孤独中沉默。在沉默中沉默。,28,44,1,50.3113,0.044477,0.367188,0.601562,0.503113,0.042861,0.390625,0.59375,0.006276,0.029566,0.004747,1,50.3235,7.991596,256.524,0.461425,1,0.833854,1,4,16,0.015625,-0.007667,-0.001969,0.004016,C-accelerated,137832.22,136500.0,3325.17,4700.0,1.7216
2026-03-30T05:54:31Z,2039078462,338,她养了一只乌龟。乌龟活得很久。她死了。乌龟还在。乌龟不知道她死了。,33,44,1,49.9146,0.047854,0.367188,0.648438,0.499146,0.041744,0.398438,0.609375,0.006213,0.03017,0.0047,1,49.9176,7.990786,281.984,0.118123,1,0.804212,1,4,16,0.015625,0.0143,-0.00597,0.005511,C-accelerated,136617.11,135600.0,4088.6,3400.0,1.2537
2026-03-30T05:54:31Z,2039078462,339,他写了很多信。没有寄出。放在抽屉里。有一天烧了。火很暖。,28,44,1,49.3225,0.041871,0.390625,0.617188,0.493225,0.039371,0.398438,0.632812,0.006294,0.02897,0.004764,1,49.7681,7.991045,274.444,0.192324,1,0.404123,1,4,16,0.015625,0.00148,0.00947,0.01146,C-accelerated,135490.0,135000.0,2241.34,2375.0,0.8796
2026-03-30T05:54:31Z,2039078462,340,她学会了忘记。忘记昨天。忘记自己。忘记忘记。最后什么都记得。,30,44,1,50.415,0.044312,0.398438,0.617188,0.50415,0.04376,0.367188,0.601562,0.006275,0.031471,0.004758,1,49.8291,7.992913,213.12,0.97363,1,0.285576,1,4,16,0.015625,-0.00263,0.002989,0.00944,C-accelerated,134894.44,135400.0,1315.36,2300.0,0.8493
2026-03-30T05:54:31Z,2039078462,341,他每天去海边。看海浪。数海浪。海浪不等人。他也不等海浪。,28,44,1,50.1343,0.047912,0.382812,0.640625,0.501343,0.041937,0.414062,0.609375,0.006209,0.027084,0.004655,1,50.6897,7.992641,224.105,0.918906,1,0.647195,1,4,16,0.015625,0.001402,0.007785,9e-05,C-accelerated,136702.67,135800.0,3231.12,4900.0,1.8041
2026-03-30T05:54:31Z,2039078462,342,她种了一棵苹果树。苹果熟了。很甜。想给他尝。找不到他了。,28,44,1,49.9634,0.044376,0.375,0.609375,0.499634,0.039894,0.390625,0.601562,0.006158,0.027816,0.004622,1,49.9756,7.992329,233.67,0.827026,1,0.125941,1,4,16,0.015625,0.000325,-0.009724,-0.010555,C-accelerated,136556.44,135100.0,5067.46,4275.0,1.5822
2026-03-30T05:54:31Z,2039078462,343,他学会了做饭。做给自己吃。做给猫吃。猫死了。做给空气吃。,28,44,1,49.6765,0.043416,0.375,0.617188,0.496765,0.047083,0.367188,0.65625,0.006235,0.030358,0.004708,1,49.9847,7.991887,246.796,0.63219,1,0.352565,1,4,16,0.015625,0.008301,0.002543,0.006183,C-accelerated,137157.56,136700.0,2100.7,1800.0,0.6584
2026-03-30T05:54:31Z,2039078462,344,她在镜子里看见母亲。母亲老了。她也老了。镜子没老。,25,44,1,50.293,0.04595,0.398438,0.601562,0.50293,0.043289,0.351562,0.59375,0.006312,0.035321,0.004783,1,50.1831,7.992213,236.788,0.787204,1,0.551233,1,4,16,0.015625,-0.005268,-0.00412,-0.007451,C-accelerated,132842.67,132500.0,1088.28,1100.0,0.4151
2026-03-30T05:54:31Z,2039078462,345,他养了一盆竹子。叶子黄了。浇水。更黄了。问别人。说是浇太多。不浇了。死了。,37,44,1,49.9268,0.045212,0.398438,0.617188,0.499268,0.050654,0.34375,0.601562,0.006232,0.029905,0.00478,1,49.9176,7.991107,272.163,0.219779,1,0.647195,1,4,16,0.015625,8.9e-05,0.011239,0.008163,C-accelerated,135328.0,134800.0,2967.38,1800.0,0.6677
2026-03-30T05:54:31Z,2039078462,346,她学会了走路。一步一步。走到这里。走到那里。走到走不动。回头看。没走多远。,37,44,1,49.9268,0.041183,0.40625,0.601562,0.499268,0.049115,0.390625,0.617188,0.006249,0.033566,0.004725,1,49.4598,7.992313,232.506,0.840663,1,0.206468,1,4,16,0.015625,-0.005952,0.012779,-0.003378,C-accelerated,134467.78,134800.0,1540.81,2400.0,0.8902
2026-03-30T05:54:31Z,2039078462,347,他看了很多书。记住了。忘了。又看。又忘。最后什么也没记住。但感觉充实。,35,44,1,50.47,0.043895,0.382812,0.609375,0.5047,0.046078,0.382812,0.640625,0.006259,0.032064,0.004689,1,49.8352,7.992061,239.744,0.74532,1,0.643773,1,4,16,0.015625,-0.008882,0.007599,-0.013568,C-accelerated,136570.22,135700.0,2627.65,2975.0,1.0962
2026-03-30T05:54:31Z,2039078462,348,她学会了煮粥。白粥。加皮蛋。加瘦肉。加葱花。加太多。忘了加米。,31,44,1,49.9084,0.044309,0.398438,0.617188,0.499084,0.040637,0.382812,0.609375,0.006244,0.029329,0.004719,1,50.0305,7.991253,267.857,0.277782,1,0.385585,1,4,16,0.015625,-0.006388,-0.00645,-0.006862,C-accelerated,134756.44,134700.0,1836.2,2275.0,0.8445
2026-03-30T05:54:31Z,2039078462,349,他种了一棵梅花。冬天开花。很香。雪落在花上。花没落。他落了。,30,44,1,50.1953,0.042275,0.382812,0.617188,0.501953,0.039596,0.414062,0.601562,0.006217,0.030771,0.004681,1,49.704,7.993175,209.094,0.983799,1,0.309897,1,4,16,0.015625,-0.007365,-0.003507,0.007801,C-accelerated,137565.56,135900.0,4562.98,4575.0,1.6832
2026-03-30T05:54:31Z,2039078462,350,她每天看新闻。坏事多。好事少。关掉。打开。又关掉。又打开。停不下来。,34,44,1,49.1211,0.041901,0.398438,0.601562,0.491211,0.041581,0.367188,0.59375,0.0063,0.032081,0.00475,1,49.9939,7.992873,217.705,0.956342,1,0.643773,1,4,16,0.015625,0.011778,-0.009999,-0.005,C-accelerated,134921.78,134550.0,2380.56,4600.0,1.7094
2026-03-30T05:54:31Z,2039078462,351,他学会了修自行车。修好了。骑出去。胎破了。推回来。再修。,28,44,1,49.9634,0.048983,0.375,0.625,0.499634,0.045521,0.40625,0.625,0.006236,0.030494,0.004684,1,50.2441,7.990549,288.105,0.075488,1,0.423185,1,4,16,0.015625,0.002373,0.011816,0.00733,C-accelerated,134869.78,134000.0,2637.4,3675.0,1.3713
2026-03-30T05:54:31Z,2039078462,352,她买了一盆绿萝。放在窗台。阳光好。长得快。剪下来插水里。又长根。一直剪一直插。,39,44,1,49.8657,0.041399,0.40625,0.59375,0.498657,0.044912,0.375,0.617188,0.006267,0.029413,0.004694,1,49.8993,7.991143,270.906,0.235892,1,0.807902,1,4,16,0.015625,-0.00073,0.000988,-0.00194,C-accelerated,134734.89,134100.0,1745.08,1775.0,0.6618
2026-03-30T05:54:31Z,2039078462,353,他学会了喝茶。苦的。回甘。再苦。再回甘。像生活。像不像都喝茶。,31,44,1,49.6643,0.042362,0.398438,0.59375,0.496643,0.043877,0.398438,0.609375,0.006245,0.03008,0.00475,1,49.472,7.991503,258.641,0.424664,1,0.390828,1,4,16,0.015625,-0.002817,-0.009428,-0.001215,C-accelerated,136018.22,134900.0,3009.82,3400.0,1.2602
2026-03-30T05:54:31Z,2039078462,354,她种了向日葵。向着太阳。太阳走了。它低头。明天又抬头。,27,44,1,49.8108,0.03802,0.40625,0.601562,0.498108,0.043506,0.390625,0.609375,0.006145,0.030684,0.004668,1,49.8566,7.993012,211.956,0.976993,1,0.544881,1,4,16,0.015625,0.010571,0.003268,0.001269,C-accelerated,135406.22,135400.0,1469.18,1300.0,0.4801
2026-03-30T05:54:31Z,2039078462,355,他学会了等待。等春天。春天来了。等夏天。夏天来了。等秋天。秋天来了。等冬天。冬天来了。等春天。,47,44,1,50.1526,0.040607,0.414062,0.585938,0.501526,0.042736,0.40625,0.609375,0.006252,0.030884,0.004741,1,50.1282,7.991314,263.994,0.336104,1,0.224113,1,4,16,0.015625,-0.007551,-0.000344,-0.007357,C-accelerated,139123.56,137200.0,6703.6,6750.0,2.4599
2026-03-30T05:54:31Z,2039078462,356,她养了一只猫。猫抓沙发。骂它。下次还抓。不骂了。沙发烂了。换新的。猫继续抓。,38,44,1,50.2563,0.042321,0.390625,0.617188,0.502563,0.048545,0.367188,0.640625,0.006177,0.029944,0.004666,1,50.2991,7.991094,271.907,0.223005,1,0.165354,1,4,16,0.015625,0.003675,0.002604,-0.000809,C-accelerated,135312.0,135600.0,1246.06,1400.0,0.5162
2026-03-30T05:54:31Z,2039078462,357,他学会了煮咖啡。手冲。法压。意式。都试过。最后还是喝速溶。省时间。省下的时间用来发呆。,43,44,1,49.6216,0.046291,0.375,0.664062,0.496216,0.045439,0.375,0.617188,0.006354,0.029646,0.004787,1,50.0916,7.99061,287.546,0.078787,1,0.07459,1,4,16,0.015625,-0.011282,-0.003412,0.005015,C-accelerated,138490.0,136300.0,5416.82,5500.0,2.0176
2026-03-30T05:54:31Z,2039078462,358,她每天照镜子。有一天镜子说早安。她吓了一跳。后来习惯了。镜子不说早安了。她不习惯。,41,44,1,50.3113,0.041321,0.359375,0.617188,0.503113,0.044014,0.375,0.609375,0.006179,0.0354,0.004668,1,50.0641,7.990796,276.655,0.167942,1,0.21516,1,4,16,0.015625,-0.007031,0.000509,0.006195,C-accelerated,133332.89,133800.0,1520.05,2050.0,0.7661
2026-03-30T05:54:31Z,2039078462,359,他种了一棵银杏。叶子黄了。落了。扫起来。堆成一堆。踩上去。咔嚓咔嚓。像秋天在说话。,41,44,1,49.5667,0.039929,0.375,0.585938,0.495667,0.047359,0.382812,0.625,0.006292,0.028513,0.004737,1,50.0977,7.991119,269.021,0.261337,1,0.252559,1,4,16,0.015625,0.00202,-0.00985,-0.0123,C-accelerated,136888.22,135400.0,5284.2,3075.0,1.1355
2026-03-30T05:54:31Z,2039078462,360,她学会了做饭。做给家人吃。家人走了。做给自己吃。自己走了。做给回忆吃。,35,44,1,50.0427,0.037459,0.398438,0.59375,0.500427,0.047424,0.382812,0.65625,0.006202,0.031657,0.00468,1,50.2167,7.990121,302.557,0.021865,0,0.882511,1,4,16,0.015625,-0.006689,-0.002093,-0.010931,C-accelerated,134285.78,134000.0,1256.99,1400.0,0.5224
2026-03-30T05:54:31Z,2039078462,361,他养了一只鹦鹉。教它说话。说你好。说再见。说爱你。它只会说你好。够了。,35,44,1,49.6582,0.046474,0.375,0.648438,0.496582,0.042688,0.390625,0.640625,0.006111,0.029782,0.004662,1,49.7345,7.992056,244.119,0.676956,1,0.912688,1,4,16,0.015625,-0.00585,-0.006815,-0.010104,C-accelerated,138232.44,137200.0,3448.33,5275.0,1.9224
2026-03-30T05:54:31Z,2039078462,362,她学会了沉默。在喧嚣中沉默。在寂静中沉默。在沉默中听见自己。听见了。满足了。,38,44,1,50.4211,0.048915,0.351562,0.625,0.504211,0.043376,0.398438,0.632812,0.006215,0.026723,0.004712,1,50.0488,7.992546,226.735,0.898188,1,0.22961,1,4,16,0.015625,0.004819,-0.00376,0.014903,C-accelerated,134967.78,134900.0,1288.88,1100.0,0.4077
2026-03-30T05:54:31Z,2039078462,363,他看了一部电影。关于一个老人。老人死了。他哭了。哭自己也会死。哭完了。继续活。,39,44,1,50.2625,0.040774,0.390625,0.609375,0.502625,0.048762,0.375,0.65625,0.006238,0.035633,0.004696,1,49.5148,7.991497,260.527,0.392639,1,0.699384,1,4,16,0.015625,0.000413,0.012759,0.010361,C-accelerated,141583.11,137600.0,10440.57,11375.0,4.1334
2026-03-30T05:54:31Z,2039078462,364,她种了一院子菜。青菜。萝卜。西红柿。虫子也吃。她分一半给虫子。虫子分一半给她。够吃。,42,44,1,49.7986,0.042097,0.382812,0.617188,0.497986,0.048192,0.359375,0.640625,0.006255,0.029627,0.004784,1,49.9023,7.9933,203.695,0.992132,1,0.939199,1,4,16,0.015625,0.003679,-0.006729,-0.004802,C-accelerated,133162.0,132400.0,2027.04,2500.0,0.9441
2026-03-30T05:54:31Z,2039078462,365,他学会了修钟表。修好了时间。修不好自己。自己走得忽快忽慢。没有规律。,34,44,1,49.2615,0.041193,0.34375,0.59375,0.492615,0.046253,0.375,0.609375,0.006234,0.030075,0.004668,1,49.823,7.991136,268.695,0.265886,1,0.036363,1,4,16,0.015625,0.000613,0.016585,0.009874,C-accelerated,149415.11,145850.0,12138.03,19575.0,6.7107
2026-03-30T05:54:31Z,2039078462,366,她买了一双红鞋。太红了。不敢穿。放着。褪色了。不红了。可以穿了。不想穿了。,37,44,1,49.3835,0.049446,0.351562,0.617188,0.493835,0.037969,0.40625,0.609375,0.006139,0.035908,0.004654,1,50.2899,7.992205,238.138,0.768551,1,0.498432,1,4,16,0.015625,-0.006348,-0.003372,-0.002847,C-accelerated,135601.33,135000.0,2915.79,4375.0,1.6204
2026-03-30T05:54:31Z,2039078462,367,他每天写一首诗。写了三百六十五首。烧了。第二年又写。又烧。灰烬养花。花开得很好。,40,44,1,49.823,0.046857,0.367188,0.617188,0.49823,0.046775,0.390625,0.601562,0.00621,0.032093,0.004676,1,49.6368,7.990175,299.229,0.029741,0,0.613323,1,4,16,0.015625,0.002581,0.012219,0.011077,C-accelerated,137158.44,134900.0,6632.33,3600.0,1.3343
2026-03-30T05:54:31Z,2039078462,368,她学会了煮鱼汤。鱼是活的。杀了。煮了。喝了。鱼死了。她活着。鱼在肚子里活着。,38,44,1,50.1709,0.044719,0.359375,0.617188,0.501709,0.041281,0.390625,0.617188,0.006296,0.030656,0.004743,1,50.4425,7.992055,243.98,0.679238,1,0.529162,1,4,16,0.015625,0.000704,0.003488,0.004325,C-accelerated,134668.89,133800.0,2677.82,1850.0,0.6913
2026-03-30T05:54:31Z,2039078462,370,她养了一只兔子。兔子吃胡萝卜。她给胡萝卜。兔子吃了。她高兴。兔子死了。她哭。兔子不知道。,44,44,1,49.5605,0.04634,0.390625,0.59375,0.495605,0.04167,0.382812,0.609375,0.00624,0.029661,0.004751,1,49.7314,7.993338,202.577,0.993294,1,0.745804,1,4,16,0.015625,0.00923,0.002176,0.00308,C-accelerated,138470.67,135150.0,7815.97,6725.0,2.488
2026-03-30T05:54:31Z,2039078462,369,他种了一棵柳树。河边。柳条垂下来。钓鱼的人坐在下面。钓到了。没钓到。都坐着。,38,44,1,50.8301,0.038481,0.40625,0.609375,0.508301,0.045163,0.40625,0.609375,0.006252,0.029197,0.004714,1,49.9176,7.990793,279.866,0.136429,1,0.05653,1,4,16,0.015625,-0.00683,0.00224,0.007275,C-accelerated,137655.78,137300.0,2164.89,2975.0,1.0834
2026-03-30T05:54:31Z,2039078462,371,他学会了忘记。忘记电话号码。忘记生日。忘记回家的路。记得她的名字。就够了。,37,44,1,50.238,0.047043,0.390625,0.617188,0.50238,0.041185,0.414062,0.625,0.006172,0.029926,0.004617,1,49.9054,7.992303,235.671,0.802006,1,0.489402,1,4,16,0.015625,-0.002122,-0.002738,-0.008663,C-accelerated,134499.11,134200.0,1854.02,1775.0,0.6613
2026-03-30T05:54:31Z,2039078462,372,她买了一个花瓶。透明的。插过玫瑰。玫瑰谢了。插过百合。百合谢了。插过满天星。干花了。一直插着。,47,44,1,50.0305,0.047566,0.390625,0.640625,0.500305,0.043874,0.382812,0.601562,0.006223,0.033183,0.004685,1,49.5361,7.993192,207.418,0.98694,1,0.927827,1,4,16,0.015625,-0.001597,-0.004518,0.007585,C-accelerated,154376.67,144400.0,26082.76,23850.0,8.2583
2026-03-30T05:54:31Z,2039078462,373,他学会了下棋。和邻居下。邻居搬走了。和自己下。输了赢了都是自己。不下了。,36,44,1,50.3967,0.046333,0.390625,0.640625,0.503967,0.042466,0.414062,0.609375,0.006187,0.03013,0.004653,1,49.8627,7.991481,259.27,0.413905,1,0.590089,1,4,16,0.015625,-0.000744,-0.008794,0.001094,C-accelerated,155647.56,136350.0,44197.6,26300.0,9.6443
2026-03-30T05:54:31Z,2039078462,374,她种了牵牛花。爬满了墙。早上开花。下午谢。每天都有新的花。旧的走了。,34,44,1,49.8474,0.038448,0.414062,0.65625,0.498474,0.039992,0.429688,0.609375,0.006255,0.029119,0.00467,1,49.8016,7.991905,244.817,0.66546,1,0.667881,1,4,16,0.015625,0.006632,-0.003162,0.008976,C-accelerated,162538.22,153100.0,38611.12,9850.0,3.2169
2026-03-30T05:54:31Z,2039078462,375,他养了一缸鱼。红色的。黑色的。花的。喂食。换水。一条一条死了。最后一条活得最久。也死了。,44,44,1,50.2136,0.047709,0.351562,0.609375,0.502136,0.040861,0.359375,0.585938,0.006139,0.028195,0.004643,1,49.9786,7.991162,269.184,0.259079,1,0.048965,1,4,16,0.015625,0.002803,0.00528,-0.016344,C-accelerated,136766.67,135400.0,4419.41,4000.0,1.4771
2026-03-30T05:54:31Z,2039078462,376,她学会了唱歌。唱给鸟听。鸟飞走了。唱给自己听。自己睡着了。唱给空气听。空气没有耳朵。,42,44,1,50.6348,0.039701,0.40625,0.609375,0.506348,0.040415,0.398438,0.601562,0.006293,0.031263,0.004754,1,50.0031,7.99164,255.313,0.482692,1,0.586804,1,4,16,0.015625,-0.006734,0.01196,0.001492,C-accelerated,137824.89,134200.0,9015.15,5475.0,2.0399
2026-03-30T05:54:31Z,2039078462,377,他看了一场雪。雪很大。白了世界。第二天雪停了。世界脏了。他怀念雪。雪不怀念他。,39,44,1,49.7498,0.042812,0.382812,0.625,0.497498,0.045112,0.375,0.625,0.006267,0.037231,0.004789,1,49.8169,7.991107,272.745,0.212555,1,0.603317,1,4,16,0.015625,-0.004304,-0.003717,0.003249,C-accelerated,135135.33,135100.0,1376.49,1400.0,0.5181
2026-03-30T05:54:31Z,2039078462,378,她学会了煮红豆汤。加糖。太甜。加水。太淡。加红豆。太多。一个人吃不完。放冰箱。明天吃。,43,44,1,50.647,0.04566,0.375,0.632812,0.50647,0.044314,0.40625,0.617188,0.006153,0.035819,0.00472,1,50.6439,7.991254,267.764,0.279121,1,0.720681,1,4,16,0.015625,-0.001242,0.000577,-0.005052,C-accelerated,144962.22,140300.0,11166.69,16675.0,5.9426
2026-03-30T05:54:31Z,2039078462,379,他种了一棵枣树。枣熟了。打下来。晒干。泡茶。煮粥。送人。自己留一点。明年还能吃。,40,44,1,49.823,0.046735,0.398438,0.632812,0.49823,0.040338,0.398438,0.640625,0.006192,0.030239,0.004695,1,50.0519,7.989702,313.612,0.007172,0,0.462847,1,4,16,0.015625,-0.00782,-0.002935,0.01182,C-accelerated,136914.22,136100.0,3105.53,3900.0,1.4328
2026-03-30T05:54:31Z,2039078462,380,她每天走一万步。走了三年。瘦了。健康了。开心了。为什么走忘了。继续走。,35,44,1,49.53,0.041631,0.390625,0.617188,0.4953,0.043017,0.367188,0.59375,0.006235,0.030882,0.004715,1,50.2716,7.991639,252.358,0.535003,1,0.393466,1,4,16,0.015625,-0.009197,-0.009121,-0.00111,C-accelerated,136306.22,134550.0,4804.64,3775.0,1.4028
2026-03-30T05:54:31Z,2039078462,381,他学会了修电脑。开机。关机。蓝屏。重启。坏了。换新的。新的也会坏。旧的在角落。,39,44,1,50.1221,0.045996,0.375,0.601562,0.501221,0.04691,0.382812,0.609375,0.006192,0.031396,0.004619,1,49.7406,7.989948,307.025,0.014173,0,0.139443,1,4,16,0.015625,0.006396,0.001848,0.014751,C-accelerated,140474.89,138600.0,7088.77,6350.0,2.2908
2026-03-30T05:54:31Z,2039078462,383,他种了一盆薄荷。泡茶喝。清凉。蚊子咬了擦一下。也清凉。长太多了。送邻居。邻居也送了别的花回来。,47,44,1,50.1099,0.042306,0.40625,0.601562,0.501099,0.04576,0.375,0.601562,0.006294,0.032344,0.004749,1,50.3143,7.992071,240.652,0.731717,1,0.939199,1,4,16,0.015625,0.002514,-0.014482,-0.004567,C-accelerated,136747.33,135850.0,3495.69,3775.0,1.3894
2026-03-30T05:54:31Z,2039078462,382,她买了一个日记本。第一天写了三页。第二天写了两页。第三天写了一页。后来空白。后来丢了。后来找到了。继续写。,53,44,1,49.9939,0.046992,0.414062,0.632812,0.499939,0.039686,0.40625,0.585938,0.0062,0.031637,0.00473,1,50.2563,7.99214,241.233,0.722827,1,0.459947,1,4,16,0.015625,-0.000651,0.003177,0.005337,C-accelerated,139884.67,138900.0,8114.18,7575.0,2.7268
2026-03-30T05:54:31Z,2039078462,384,她养了一条狗。每天遛狗。狗遛她。狗老了。走不动了。她抱狗出去晒太阳。狗死了。她遛自己。,43,44,1,49.4446,0.043827,0.367188,0.59375,0.494446,0.041743,0.390625,0.585938,0.006245,0.031898,0.004728,1,50.2441,7.990911,275.747,0.177685,1,0.72783,1,4,16,0.015625,-0.00651,0.007163,0.006581,C-accelerated,140829.11,138900.0,6915.21,2375.0,0.8549
2026-03-30T05:54:31Z,2039078462,385,他学会了沉默。在争吵中沉默。在误解中沉默。在沉默中被理解。在理解中继续沉默。,38,44,1,50.8118,0.044852,0.34375,0.617188,0.508118,0.044263,0.382812,0.632812,0.006216,0.030455,0.004712,1,50.0458,7.991696,253.452,0.515619,1,0.174247,1,4,16,0.015625,0.006634,0.00849,0.007903,C-accelerated,137896.67,136050.0,5273.74,4475.0,1.6446
2026-03-30T05:54:31Z,2039078462,386,她看了一本书。讲一个男人等一个女人。等了一辈子。等到了。女人死了。书合上了。她哭了。,42,44,1,50.2625,0.046582,0.398438,0.625,0.502625,0.04327,0.40625,0.59375,0.006214,0.030517,0.004702,1,49.8077,7.991571,256.058,0.469587,1,0.745804,1,4,16,0.015625,-0.001406,0.002709,-0.001552,C-accelerated,132883.78,132600.0,1688.62,2900.0,1.0935
2026-03-30T05:54:31Z,2039078462,387,他种了玉米。玉米熟了。煮着吃。香。留几根做种。明年再种。年年有玉米吃。年年香。,39,44,1,49.6643,0.042709,0.382812,0.617188,0.496643,0.039652,0.40625,0.601562,0.006299,0.03097,0.004713,1,50.0305,7.992581,225.175,0.910873,1,0.096154,1,4,16,0.015625,-0.000105,-0.000258,-0.006081,C-accelerated,158718.89,147700.0,27002.68,27675.0,9.3687
2026-03-30T05:54:31Z,2039078462,388,她学会了煮面条。清汤面。葱油面。炸酱面。都好吃。一个人吃。吃不完。倒掉。可惜。下次少煮点。,45,44,1,50.1343,0.04351,0.390625,0.632812,0.501343,0.0418,0.375,0.609375,0.006183,0.03101,0.004697,1,50.2869,7.991235,264.995,0.320479,1,0.548052,1,4,16,0.015625,0.005619,0.001691,0.003982,C-accelerated,134742.0,134500.0,1875.55,2500.0,0.9294
2026-03-30T05:54:31Z,2039078462,389,他每天给花浇水。花开了。谢了。又开了。他老了。不能浇花了。花等他。他不来了。,38,44,1,49.8535,0.043495,0.390625,0.625,0.498535,0.044972,0.382812,0.648438,0.006253,0.030167,0.00481,1,50.0,7.991809,249.169,0.591184,1,0.939199,1,4,16,0.015625,0.007257,0.011896,0.002965,C-accelerated,149820.22,139700.0,20085.7,13100.0,4.6886
2026-03-30T05:54:31Z,2039078462,390,她买了一双拖鞋。软软的。穿着舒服。穿久了。破了。舍不得扔。缝一缝。再穿。再破。再缝。最后全是线。,48,44,1,50.2686,0.043162,0.40625,0.640625,0.502686,0.044328,0.398438,0.625,0.006275,0.029488,0.00474,1,49.9664,7.991708,253.871,0.508198,1,0.735002,1,4,16,0.015625,0.000112,-0.006367,0.018009,C-accelerated,134409.33,134200.0,1303.57,1600.0,0.5961
2026-03-30T05:54:31Z,2039078462,391,他种了葡萄。葡萄藤爬满了架子。夏天在下面乘凉。秋天吃葡萄。冬天藤枯了。春天又发芽。一年一年。,46,44,1,49.9634,0.040898,0.390625,0.609375,0.499634,0.046578,0.351562,0.625,0.006202,0.030391,0.004708,1,50.354,7.991207,270.604,0.239874,1,0.988589,1,4,16,0.015625,-0.001702,-0.008126,-0.003989,C-accelerated,142942.89,139600.0,11257.73,9375.0,3.3578
2026-03-30T05:54:31Z,2039078462,392,她养了一只仓鼠。跑轮子。跑啊跑。轮子停。它停。轮子转。它转。它死了。轮子还在。,39,44,1,50.8972,0.045858,0.398438,0.632812,0.508972,0.044486,0.40625,0.632812,0.006147,0.028796,0.004681,1,49.9207,7.991288,265.6,0.3112,1,0.570503,1,4,16,0.015625,-0.001588,-0.000643,0.008806,C-accelerated,134514.67,134300.0,1528.23,2175.0,0.8098
2026-03-30T05:54:31Z,2039078462,393,他学会了煮咖啡。每天早上煮。闻着香。喝着苦。习惯了苦。不苦反而不习惯。咖啡知道。,40,44,1,49.8901,0.041059,0.40625,0.609375,0.498901,0.046648,0.367188,0.617188,0.006162,0.027607,0.00466,1,50.2716,7.992395,230.854,0.858855,1,0.800525,1,4,16,0.015625,-0.002958,0.011042,0.014362,C-accelerated,139855.56,136000.0,9815.13,4675.0,1.7188
2026-03-30T05:54:31Z,2039078462,394,她种了玫瑰。有刺。摘花被扎。流血。花很美。值得。下次小心。又被扎。还是值得。花谢了。刺还在。,46,44,1,49.8474,0.041902,0.359375,0.59375,0.498474,0.047119,0.351562,0.601562,0.006263,0.026335,0.004675,1,50.5096,7.992181,238.743,0.759927,1,0.390828,1,4,16,0.015625,0.013104,-0.004183,-0.012575,C-accelerated,133892.67,133600.0,1324.34,1500.0,0.5614
2026-03-30T05:54:31Z,2039078462,395,他看了一部老电影。黑白片。里面的人都死了。他活着。看着他们年轻。他们也年轻过。他也年轻过。,45,44,1,49.6704,0.041485,0.40625,0.617188,0.496704,0.04448,0.375,0.617188,0.006175,0.032209,0.004728,1,49.2737,7.991828,249.146,0.591591,1,0.175763,1,4,16,0.015625,0.000382,0.01449,0.004478,C-accelerated,137851.11,137000.0,3323.12,5000.0,1.8248
2026-03-30T05:54:31Z,2039078462,396,她学会了做饭。做给女儿吃。女儿说好吃。做给女婿吃。女婿说好吃。做给外孙吃。外孙说好吃。他们都走了。她做给自己吃。不好吃。,60,44,1,49.646,0.040652,0.390625,0.59375,0.49646,0.051553,0.3125,0.601562,0.006248,0.031971,0.004709,1,50.0885,7.992821,220.055,0.944581,1,0.340356,1,4,16,0.015625,0.007652,0.002557,-0.006266,C-accelerated,134704.22,134200.0,2055.54,2600.0,0.9687
2026-03-30T05:54:31Z,2039078462,397,他养了一只八哥。会学舌。学电话铃声。学门铃声。学邻居吵架。学婴儿哭。后来不学了。沉默了。死了。世界安静了。,53,44,1,49.8962,0.041124,0.40625,0.59375,0.498962,0.04611,0.390625,0.601562,0.00628,0.028788,0.004753,1,49.8566,7.991062,270.65,0.239259,1,0.874992,1,4,16,0.015625,-0.006647,-0.001944,0.008955,C-accelerated,132378.0,131900.0,1582.36,1200.0,0.4549
2026-03-30T05:54:31Z,2039078462,398,她买了一条鱼。养在盆里。每天换水。喂食。鱼长大了。盆太小。换大盆。又长大。换鱼缸。又长大。她老了。鱼也老了。一起老。,58,44,1,49.6277,0.043967,0.390625,0.59375,0.496277,0.042331,0.398438,0.585938,0.006239,0.033459,0.004731,1,50.1678,7.992519,229.597,0.871763,1,0.289899,1,4,16,0.015625,-0.008051,-0.00575,0.000219,C-accelerated,140746.67,137100.0,7508.08,8375.0,3.0543
2026-03-30T05:54:31Z,2039078462,399,他种了丝瓜。爬满了架。结了很多丝瓜。吃不完。送邻居。邻居也吃不完。送回来。做成丝瓜络。洗碗。洗了很多年。丝瓜还在。,57,44,1,49.4873,0.043623,0.390625,0.609375,0.494873,0.045275,0.359375,0.59375,0.006204,0.028654,0.004691,1,50.0336,7.991852,247.913,0.613017,1,0.950583,1,4,16,0.015625,-0.013078,-0.004019,-0.001633,C-accelerated,134497.78,134400.0,1782.29,2400.0,0.8929
2026-03-30T05:54:31Z,2039078462,400,她每天看日落。同一个地方。同一个时间。云不同。颜色不同。心情不同。日落相同。她不同。日落在等她变老。,50,44,1,50.3113,0.048113,0.382812,0.617188,0.503113,0.043764,0.421875,0.632812,0.006214,0.028989,0.00469,1,49.7772,7.992714,222.871,0.927497,1,0.180371,1,4,16,0.015625,-0.004527,-0.007159,-0.007265,C-accelerated,137349.78,134400.0,8099.6,5000.0,1.8601
2026-03-30T05:54:31Z,2039078462,401,他学会了修自行车。修邻居的。修朋友的。修陌生人的。不收钱。收一声谢谢。谢谢听多了。不够了。收一个微笑。微笑也够了。,57,44,1,49.9084,0.039009,0.414062,0.617188,0.499084,0.042931,0.382812,0.617188,0.006283,0.033547,0.00472,1,50.1892,7.990869,278.796,0.146425,1,0.365047,1,4,16,0.015625,-0.008348,-0.012918,-0.011,C-accelerated,135558.89,135200.0,1672.62,1900.0,0.7027
2026-03-30T05:54:31Z,2039078462,402,Dia membuka jendela. Hujan baru reda. Bau tanah basah. Burung berkicau. Dia tersenyum. Hari baru.,97,44,1,49.8535,0.044148,0.398438,0.609375,0.498535,0.046392,0.382812,0.625,0.006243,0.033733,0.004644,1,49.6979,7.991959,246.33,0.640103,1,0.19147,1,4,16,0.015625,0.007744,0.003602,-0.006888,C-accelerated,148562.44,148350.0,4672.21,5850.0,1.9717
2026-03-30T05:54:31Z,2039078462,403,Dia menunggu bis setiap pagi. Bis selalu datang. Dia selalu naik. Suatu hari bis tidak datang. Dia tetap menunggu.,114,44,1,49.7925,0.043875,0.367188,0.617188,0.497925,0.043635,0.375,0.601562,0.006347,0.033001,0.004851,1,50.2625,7.990703,280.751,0.12855,1,0.357525,1,4,16,0.015625,0.00242,0.001787,0.008375,C-accelerated,138998.0,138100.0,3799.8,5350.0,1.937
2026-03-30T05:54:31Z,2039078462,404,Ibu memasak di dapur. Aroma gorengan. Anak-anak bermain di halaman. Ayah pulang kerja. Keluarga kecil. Bahagia sederhana.,121,44,1,50.3906,0.042646,0.382812,0.59375,0.503906,0.044043,0.382812,0.609375,0.006224,0.029167,0.004662,1,49.9481,7.992736,221.405,0.936819,1,0.874992,1,4,16,0.015625,0.003143,0.008612,-0.006197,C-accelerated,133243.33,132800.0,2289.12,2900.0,1.0919
2026-03-30T05:54:31Z,2039078462,405,Kucing hitam melintas. Dia berhenti. Kucing itu menatapnya. Lalu pergi. Dia terus berjalan. Teringat mantan.,108,44,1,50.0244,0.042924,0.414062,0.617188,0.500244,0.044172,0.375,0.609375,0.006246,0.029082,0.004644,1,50.0702,7.992202,236.625,0.789399,1,0.062991,1,4,16,0.015625,-0.010507,0.001477,-0.011516,C-accelerated,138043.11,136100.0,5330.18,4275.0,1.5705
2026-03-30T05:54:31Z,2039078462,406,Nenek menanam bunga. Bunga mekar. Nenek tua. Bunga tetap cantik. Nenek tersenyum melihatnya.,92,44,1,49.6826,0.041849,0.382812,0.59375,0.496826,0.043689,0.40625,0.601562,0.006185,0.027808,0.004652,1,50.1129,7.991205,268.044,0.275114,1,0.076948,1,4,16,0.015625,-0.000819,0.004909,0.00306,C-accelerated,133867.56,133000.0,1989.78,2700.0,1.015
2026-03-30T05:54:31Z,2039078462,407,"Dia menemukan surat lama. Tulisan tangannya sendiri. Kepada dirinya sepuluh tahun lalu. Surat itu berkata: ""Jangan menyerah.""",125,44,1,50.238,0.048195,0.359375,0.648438,0.50238,0.043995,0.398438,0.601562,0.006261,0.029512,0.004695,1,50.2869,7.992512,227.06,0.895387,1,0.065045,1,4,16,0.015625,-0.00808,0.01027,0.002581,C-accelerated,140285.56,137100.0,7313.45,8200.0,2.9905
2026-03-30T05:54:31Z,2039078462,408,Hujan turun deras. Dia berteduh di halte. Orang asing berbagi payung. Mereka tidak pernah bertemu lagi. Tapi dia ingat kebaikan itu.,132,44,1,48.9319,0.040275,0.390625,0.570312,0.489319,0.052051,0.351562,0.632812,0.006269,0.032179,0.004758,1,49.8718,7.991771,250.705,0.56422,1,0.640359,1,4,16,0.015625,-0.001459,0.010888,0.001467,C-accelerated,136106.67,137500.0,3358.03,6300.0,2.2909
2026-03-30T05:54:31Z,2039078462,409,Ayah mengajar naik sepeda. Anak jatuh. Bangkit lagi. Jatuh lagi. Akhirnya bisa. Ayah bangga.,92,44,1,50.5066,0.043712,0.414062,0.617188,0.505066,0.038293,0.398438,0.609375,0.006214,0.033207,0.004733,1,50.1556,7.991552,255.453,0.480231,1,0.567269,1,4,16,0.015625,-0.010799,0.011692,0.003698,C-accelerated,138710.67,137800.0,5201.6,4000.0,1.4514
2026-03-30T05:54:31Z,2039078462,410,Dia duduk di dermaga. Memandang laut. Kapal pergi. Kapal datang. Dia masih di sana. Menunggu sesuatu yang tak pasti.,116,44,1,49.8901,0.043605,0.390625,0.59375,0.498901,0.044417,0.390625,0.617188,0.00626,0.028565,0.004721,1,50.0153,7.990318,294.737,0.04411,0,0.667881,1,4,16,0.015625,0.002644,0.000282,-0.0033,C-accelerated,133478.67,133300.0,1424.0,1800.0,0.6752
2026-03-30T05:54:31Z,2039078462,411,Pasar pagi ramai. Ibu menjual sayur. Pembeli tawar-menawar. Uang receh berpindah tangan. Kehidupan berputar.,108,44,1,49.4812,0.041424,0.382812,0.609375,0.494812,0.043905,0.375,0.625,0.006248,0.030754,0.004661,1,50.0763,7.991696,253.335,0.517681,1,0.793166,1,4,16,0.015625,-0.005501,-0.000472,-0.009744,C-accelerated,146141.33,137400.0,20784.53,9400.0,3.4207
2026-03-30T05:54:31Z,2039078462,412,Dia kehilangan kunci. Tidak bisa masuk rumah. Duduk di teras. Menunggu adik pulang. Jam menunjukkan pukul sepuluh malam.,120,44,1,49.9268,0.046676,0.359375,0.617188,0.499268,0.041918,0.398438,0.585938,0.006216,0.028449,0.004635,1,50.2258,7.992908,213.679,0.97188,1,0.620035,1,4,16,0.015625,0.002453,-0.007197,0.004645,C-accelerated,134353.11,133500.0,2163.57,2400.0,0.8989
2026-03-30T05:54:31Z,2039078462,413,Kopi pagi. Koran lama. Radio menyanyikan lagu kenangan. Dia sendiri. Tapi tidak kesepian.,89,44,1,50.3052,0.04468,0.390625,0.601562,0.503052,0.041824,0.40625,0.601562,0.006227,0.032215,0.004785,1,49.8322,7.991319,264.576,0.326978,1,0.961977,1,4,16,0.015625,-0.00072,-0.00037,0.000572,C-accelerated,134143.33,133450.0,2157.35,3000.0,1.124
2026-03-30T05:54:31Z,2039078462,414,Anak kecil menangis. Ibunya menggendong. Menyanyikan lagu ninabobo. Anak tertidur. Ibu tersenyum lelah.,103,44,1,49.6216,0.046773,0.359375,0.609375,0.496216,0.043146,0.367188,0.609375,0.00619,0.029868,0.004705,1,49.9359,7.991838,247.494,0.620235,1,0.969577,1,4,16,0.015625,-2.8e-05,-0.006763,-0.004262,C-accelerated,134758.22,134650.0,1842.4,3400.0,1.2625
2026-03-30T05:54:31Z,2039078462,415,Dia berjalan di sawah. Padi menguning. Petani panen. Dia membantu. Upahnya nasi bungkus dan teh hangat.,103,44,1,49.9756,0.041923,0.398438,0.648438,0.499756,0.048198,0.390625,0.648438,0.006194,0.030886,0.004659,1,49.826,7.992617,221.917,0.933671,1,0.749416,1,4,16,0.015625,-0.001567,0.002965,0.003043,C-accelerated,137523.11,135550.0,5296.12,4600.0,1.6968
2026-03-30T05:54:31Z,2039078462,416,Gerimis. Jalanan basah. Anak sekolah berlarian. Motor melaju pelan. Lampu merah menyala. Semua berhenti.,104,44,1,49.8291,0.043388,0.367188,0.625,0.498291,0.045501,0.375,0.625,0.006226,0.030634,0.004684,1,50.0366,7.989244,324.829,0.002009,0,0.086119,1,4,16,0.015625,0.001034,-0.00516,-0.013214,C-accelerated,147624.0,133200.0,40788.03,2650.0,0.9947
2026-03-30T05:54:31Z,2039078462,417,Nenek menjahit baju. Jarum menembus kain. Benang berwarna. Kain menjadi baju. Baju dipakai cucu.,96,44,1,49.4019,0.045192,0.382812,0.601562,0.494019,0.043853,0.34375,0.578125,0.006301,0.029784,0.004753,1,50.238,7.991661,252.847,0.526343,1,0.256534,1,4,16,0.015625,0.001895,-0.006176,-0.004669,C-accelerated,134996.0,134800.0,2063.2,2200.0,0.816
2026-03-30T05:54:31Z,2039078462,418,Dia memancing di sungai. Air mengalir. Kail tak dapat ikan. Tapi dia dapat ketenangan.,86,44,1,50.5554,0.045399,0.40625,0.640625,0.505554,0.047683,0.40625,0.632812,0.006303,0.030886,0.004747,1,49.9847,7.99158,256.826,0.456133,1,0.448449,1,4,16,0.015625,-0.013001,0.012636,-0.002677,C-accelerated,133437.11,133200.0,1090.68,1100.0,0.4129
2026-03-30T05:54:31Z,2039078462,419,Ibu membelikan es krim. Anak memilih rasa coklat. Es krim meleleh di tangan. Tertawa bersama.,93,44,1,50.4272,0.044835,0.390625,0.617188,0.504272,0.045185,0.359375,0.617188,0.006234,0.027953,0.00473,1,50.0153,7.98984,308.212,0.012582,0,0.462847,1,4,16,0.015625,-0.004324,-0.001019,-0.00022,C-accelerated,137730.22,135550.0,5511.85,5900.0,2.1763
2026-03-30T05:54:31Z,2039078462,420,Ayah pulang membawa oleh-oleh. Kue kesukaan ibu. Mereka makan bersama. Sederhana tapi bermakna.,95,44,1,50.531,0.051517,0.390625,0.648438,0.50531,0.042555,0.382812,0.625,0.006158,0.031611,0.00468,1,49.7314,7.992709,219.846,0.945717,1,0.912688,1,4,16,0.015625,-0.007497,0.008136,0.000216,C-accelerated,135788.22,135700.0,1617.05,1600.0,0.5895
2026-03-30T05:54:31Z,2039078462,421,Dia menulis diary setiap malam. Hari ini sedih. Besok senang. Lusa biasa saja. Hidup memang begitu.,99,44,1,49.5667,0.042419,0.382812,0.617188,0.495667,0.042464,0.390625,0.601562,0.006329,0.033287,0.004811,1,50.2197,7.992756,219.38,0.94818,1,0.931616,1,4,16,0.015625,0.001135,-0.00198,0.010554,C-accelerated,135989.11,135100.0,3809.91,2700.0,0.9993
2026-03-30T05:54:31Z,2039078462,422,Langit senja jingga. Burung pulang ke sarang. Dia pulang ke rumah. Pulang adalah kata yang indah.,97,44,1,49.8291,0.042801,0.382812,0.617188,0.498291,0.045804,0.390625,0.609375,0.006156,0.029887,0.004687,1,49.8291,7.992928,215.284,0.966325,1,0.350101,1,4,16,0.015625,-0.002656,-0.00227,-0.001052,C-accelerated,135207.33,135200.0,995.46,1000.0,0.3698
2026-03-30T05:54:31Z,2039078462,423,"Dia memeluk ibunya erat. Air mata jatuh. Ibu usap kepalanya. ""Sudah, jangan nangis."" Semua luka sembuh.",103,44,1,50.0854,0.045953,0.390625,0.625,0.500854,0.050264,0.382812,0.632812,0.006217,0.030754,0.004696,1,50.0183,7.99126,265.251,0.316538,1,0.222301,1,4,16,0.015625,-0.003583,-0.004587,0.00275,C-accelerated,136766.67,135900.0,3395.36,4700.0,1.7292
2026-03-30T05:54:31Z,2039078462,424,Hari minggu. Sepeda berdua. Jalanan sepi. Angin menerpa. Tertawa lepas. Bahagia itu gratis.,91,44,1,49.8169,0.047113,0.375,0.609375,0.498169,0.042506,0.367188,0.609375,0.006218,0.032223,0.004718,1,49.4293,7.99109,271.046,0.234068,1,0.193095,1,4,16,0.015625,-0.004478,0.003304,-0.016031,C-accelerated,132723.56,132200.0,1734.35,1275.0,0.4822
2026-03-30T05:54:31Z,2039078462,425,Dia belajar bahasa asing. Sulit. Menyerah. Mulai lagi. Akhirnya bisa. Bangga pada diri sendiri.,95,44,1,50.1892,0.049069,0.40625,0.609375,0.501892,0.046165,0.398438,0.625,0.006235,0.02726,0.004711,1,49.9969,7.99037,291.596,0.057276,1,0.654061,1,4,16,0.015625,-0.004257,-0.005554,-0.004612,C-accelerated,136107.56,134500.0,5246.0,4400.0,1.6357
2026-03-30T05:54:31Z,2039078462,426,Kue coklat buatan sendiri. Tidak cantik. Tapi enak. Adik memuji. Ibu tersenyum. Dia bahagia.,92,44,1,50.1953,0.037772,0.414062,0.609375,0.501953,0.046374,0.390625,0.617188,0.006255,0.033081,0.004739,1,50.2228,7.991275,266.577,0.296493,1,0.560828,1,4,16,0.015625,-0.015998,-0.00077,0.005714,C-accelerated,141214.67,137150.0,9729.42,6600.0,2.4061
2026-03-30T05:54:31Z,2039078462,427,Dia menanam pohon. Menyiram setiap hari. Daun tumbuh. Bunga mekar. Lebah datang. Kehidupan baru.,96,44,1,50.7812,0.047702,0.421875,0.617188,0.507812,0.041074,0.382812,0.601562,0.006191,0.03528,0.004722,1,49.9329,7.992132,238.068,0.769536,1,0.108146,1,4,16,0.015625,0.001039,-0.008727,-0.007278,C-accelerated,145223.56,141250.0,10624.91,14375.0,5.0885
2026-03-30T05:54:31Z,2039078462,428,Cincin lama ditemukan di laci. Kenangan pernikahan. Tiga puluh tahun lalu. Sekarang sendiri. Cincin masih bersinar.,115,44,1,49.6582,0.049745,0.367188,0.625,0.496582,0.041762,0.375,0.601562,0.006313,0.034157,0.004729,1,49.7559,7.99225,236.16,0.795603,1,0.287732,1,4,16,0.015625,-0.001042,0.004167,0.012529,C-accelerated,134175.78,134300.0,1707.83,2475.0,0.9214
2026-03-30T05:54:31Z,2039078462,429,Dia menggendong anaknya yang demam. Sepanjang malam. Tidak tidur. Anak sembuh. Ibu tersenyum lelah.,99,44,1,49.9084,0.03976,0.414062,0.617188,0.499084,0.045204,0.390625,0.609375,0.006172,0.030867,0.004729,1,50.3143,7.991318,266.159,0.302753,1,0.274959,1,4,16,0.015625,-0.0073,-0.006293,0.001424,C-accelerated,138293.78,137300.0,5185.12,6675.0,2.4308
2026-03-30T05:54:31Z,2039078462,430,Bulan purnama. Dia duduk di balkon. Sendiri. Tapi tidak sepi. Bulan menemani.,77,44,1,49.8413,0.046603,0.367188,0.625,0.498413,0.048587,0.359375,0.609375,0.006261,0.029499,0.00477,1,50.0122,7.992287,234.833,0.812717,1,0.155416,1,4,16,0.015625,0.013441,-0.00492,-0.005443,C-accelerated,134558.22,134400.0,884.53,1200.0,0.4464
2026-03-30T05:54:31Z,2039078462,431,Dia belajar memasak dari YouTube. Nasi gosong. Sayur terlalu asin. Tetap dimakan. Besok coba lagi.,98,44,1,49.9146,0.049064,0.375,0.617188,0.499146,0.042187,0.382812,0.609375,0.006215,0.030985,0.00467,1,49.8291,7.992501,227.642,0.890254,1,0.749416,1,4,16,0.015625,-0.006568,0.013274,0.004615,C-accelerated,137765.33,137000.0,3368.16,4300.0,1.5693
2026-03-30T05:54:31Z,2039078462,432,"Ayah membelikan sepatu baru. Sepatu terlalu besar. ""Buat cadangan, nanti juga muat."" Setahun kemudian pas.",106,44,1,49.408,0.045247,0.34375,0.640625,0.49408,0.042351,0.375,0.59375,0.006225,0.030247,0.004682,1,49.9603,7.992138,240.186,0.738734,1,0.623403,1,4,16,0.015625,-0.01708,-0.00385,0.001715,C-accelerated,137037.11,138200.0,2942.14,4575.0,1.6552
2026-03-30T05:54:31Z,2039078462,434,Hujan disertai angin. Pohon tumbang. Jalan terhalang. Warga gotong royong. Membersihkan bersama.,96,44,1,49.8718,0.042486,0.398438,0.59375,0.498718,0.045823,0.40625,0.625,0.006238,0.02892,0.004681,1,49.7253,7.992521,227.735,0.889417,1,0.807902,1,4,16,0.015625,-0.002704,0.000124,-0.005133,C-accelerated,136946.89,134600.0,5498.85,3450.0,1.2816
2026-03-30T05:54:31Z,2039078462,433,Dia menabung koin sejak kecil. Celengan pecah. Uang dihitung. Cukup untuk beli kado ibu.,88,44,1,50.647,0.045639,0.390625,0.617188,0.50647,0.044421,0.359375,0.609375,0.006216,0.032586,0.004668,1,49.9176,7.992454,226.758,0.89799,1,0.554422,1,4,16,0.015625,-0.014135,0.001303,0.002775,C-accelerated,136989.56,135350.0,6200.5,5500.0,2.0318
2026-03-30T05:54:31Z,2039078462,435,Dia menonton film sendiri di bioskop. Kursi empuk. Layar besar. Sendiri ternyata menyenangkan.,94,44,1,49.7437,0.044378,0.390625,0.625,0.497437,0.044912,0.367188,0.601562,0.006201,0.034427,0.004717,1,49.9146,7.990871,280.471,0.131002,1,0.307631,1,4,16,0.015625,-0.001183,-0.005585,-0.004723,C-accelerated,137501.56,137000.0,2620.95,3700.0,1.3504
2026-03-30T05:54:31Z,2039078462,436,"Ibu membuat teh manis. Disajikan hangat. ""Minum dulu, lelah kan seharian bekerja."" Matanya berkaca-kaca.",104,44,1,50.3784,0.038744,0.40625,0.609375,0.503784,0.047692,0.382812,0.648438,0.006145,0.028424,0.004669,1,49.0662,7.991482,261.853,0.370608,1,0.4775,1,4,16,0.015625,-0.005968,0.000564,0.005068,C-accelerated,133049.33,132800.0,1086.9,1200.0,0.4518
2026-03-30T05:54:31Z,2039078462,437,Dia terlambat naik kereta. Kereta pergi. Dia menunggu berikutnya. Kereta berikutnya lebih sepi. Mungkin takdir.,111,44,1,49.7314,0.043634,0.414062,0.609375,0.497314,0.045611,0.398438,0.632812,0.006189,0.027828,0.00467,1,49.8169,7.991876,247.866,0.61382,1,0.108146,1,4,16,0.015625,-0.001729,0.005093,0.005386,C-accelerated,140065.56,138550.0,5476.17,6500.0,2.3457
2026-03-30T05:54:31Z,2039078462,438,Surat lamaran kerja ditolak. Lagi. Lagi. Lagi. Akhirnya diterima. Perjuangan tidak mengkhianati hasil.,102,44,1,49.884,0.040912,0.398438,0.59375,0.49884,0.044721,0.382812,0.59375,0.006269,0.029294,0.004668,1,50.0336,7.990803,278.191,0.152298,1,0.988589,1,4,16,0.015625,-0.005374,-0.003438,-0.004554,C-accelerated,133978.22,132300.0,4166.15,2700.0,1.0204
2026-03-30T05:54:31Z,2039078462,439,Kakak beradik bertengkar. Saling mendiamkan. Malamnya makan bersama. Lupa kenapa bertengkar.,92,44,1,49.4507,0.042884,0.375,0.632812,0.494507,0.040269,0.390625,0.617188,0.006173,0.031778,0.004649,1,49.6246,7.991702,253.312,0.518093,1,0.166812,1,4,16,0.015625,0.001862,0.006952,0.002421,C-accelerated,139005.56,138150.0,3599.28,5700.0,2.063
2026-03-30T05:54:31Z,2039078462,440,Dia pindah ke kota baru. Tidak kenal siapa pun. Sendirian. Sebulan kemudian punya banyak teman.,95,44,1,50.3662,0.045333,0.382812,0.609375,0.503662,0.046966,0.359375,0.609375,0.006339,0.034557,0.004813,1,50.0275,7.991453,261.411,0.3779,1,0.048965,1,4,16,0.015625,-0.003527,-0.001594,0.005863,C-accelerated,133374.67,132900.0,1644.04,1700.0,0.6396
2026-03-30T05:54:31Z,2039078462,441,Nenek menceritakan masa muda. Berperang. Susah. Senang. Cucu mendengar. Kagum pada nenek.,89,44,1,49.9512,0.044653,0.398438,0.609375,0.499512,0.046145,0.359375,0.671875,0.006219,0.027936,0.004714,1,50.5157,7.991094,272.07,0.220949,1,0.279173,1,4,16,0.015625,0.004172,0.009188,0.010626,C-accelerated,138293.78,137000.0,5084.46,3500.0,1.2774
2026-03-30T05:54:31Z,2039078462,442,Dia membeli roti untuk pengemis. Pengemis tersenyum. Dia tersenyum balik. Saling memberi kebahagiaan.,101,44,1,49.6521,0.04199,0.359375,0.585938,0.496521,0.044867,0.40625,0.585938,0.006231,0.030494,0.004687,1,50.2075,7.989389,323.968,0.002226,0,0.37523,1,4,16,0.015625,0.001209,0.001931,-0.004751,C-accelerated,159459.33,139450.0,40759.97,22650.0,8.1212
2026-03-30T05:54:31Z,2039078462,443,Pohon mangga di halaman berbuah. Manis. Dibagikan ke tetangga. Semua senang.,76,44,1,50.5554,0.042926,0.40625,0.609375,0.505554,0.040913,0.40625,0.601562,0.006308,0.0327,0.004815,1,49.7345,7.993111,210.001,0.981851,1,0.567269,1,4,16,0.015625,0.006455,-0.001892,0.005981,C-accelerated,137114.22,136300.0,3430.49,5300.0,1.9442
2026-03-30T05:54:31Z,2039078462,444,Dia berkaca. Melihat uban. Tersenyum. Menua adalah anugerah.,60,44,1,49.5789,0.045291,0.398438,0.617188,0.495789,0.044344,0.382812,0.59375,0.006206,0.03437,0.004747,1,49.7375,7.991954,243.305,0.690184,1,0.285576,1,4,16,0.015625,-0.006664,0.002949,-0.000527,C-accelerated,136216.67,135400.0,2243.15,3500.0,1.2925
2026-03-30T05:54:31Z,2039078462,445,Anak belajar jalan. Merambat. Jatuh. Bangun. Akhirnya melangkah. Ibu bertepuk tangan.,85,44,1,50.3479,0.044547,0.375,0.609375,0.503479,0.043265,0.40625,0.625,0.006288,0.0291,0.004777,1,49.9573,7.992492,231.087,0.856377,1,0.905131,1,4,16,0.015625,0.000399,-0.010148,0.012873,C-accelerated,137648.44,135300.0,5834.48,4250.0,1.5706
2026-03-30T05:54:31Z,2039078462,446,Dia bermimpi bertemu orang tua. Sudah tiada. Dalam mimpi mereka masih ada. Hidup dan sehat.,91,44,1,49.5422,0.042349,0.40625,0.640625,0.495422,0.047976,0.359375,0.625,0.006235,0.028866,0.004688,1,49.5575,7.992011,242.188,0.707976,1,0.60998,1,4,16,0.015625,0.004809,-0.003601,0.014902,C-accelerated,137089.33,135000.0,7475.91,3800.0,1.4074
2026-03-30T05:54:31Z,2039078462,447,Banjir datang. Warga mengungsi. Saling membantu. Bersama lebih ringan.,70,44,1,50.3052,0.04248,0.40625,0.601562,0.503052,0.048694,0.382812,0.601562,0.006198,0.028578,0.004724,1,49.9329,7.992397,229.364,0.874066,1,0.486411,1,4,16,0.015625,0.001154,-0.008008,-0.007725,C-accelerated,140835.56,136750.0,9049.14,10400.0,3.8026
2026-03-30T05:54:31Z,2039078462,448,"Dia menemukan buku bekas. Ada tulisan tangan. ""Untuk pembaca berikutnya, semoga bahagia."" Dia tersenyum.",104,44,1,49.9207,0.045626,0.382812,0.601562,0.499207,0.044973,0.382812,0.617188,0.006254,0.031191,0.004721,1,49.884,7.991519,258.036,0.435094,1,0.606644,1,4,16,0.015625,-0.007867,0.007447,-0.005604,C-accelerated,133841.56,133700.0,1110.33,1300.0,0.4862
2026-03-30T05:54:31Z,2039078462,449,Ibu memasak sayur kesukaan ayah. Ayah suka. Ibu bahagia. Cinta sederhana.,73,44,1,50.061,0.04463,0.382812,0.648438,0.50061,0.03907,0.40625,0.59375,0.006211,0.033402,0.004696,1,49.7864,7.992821,219.66,0.946713,1,0.082687,1,4,16,0.015625,0.008326,-0.00189,0.012612,C-accelerated,136162.22,135600.0,2342.27,2900.0,1.0693
2026-03-30T05:54:31Z,2039078462,450,Dia berhenti merokok. Susah. Gagal. Coba lagi. Satu bulan bebas rokok. Bangga.,78,44,1,50.293,0.050725,0.34375,0.664062,0.50293,0.042309,0.398438,0.625,0.006264,0.031528,0.004711,1,49.9573,7.993681,192.128,0.998747,1,0.630162,1,4,16,0.015625,0.004006,-0.009157,-0.006304,C-accelerated,138406.89,136500.0,6830.22,3875.0,1.4194
2026-03-30T05:54:31Z,2039078462,451,"Anak bertanya dari mana bayi berasal. Ibu tersenyum. ""Dari doa orang baik.""",75,44,1,49.9023,0.044688,0.390625,0.617188,0.499023,0.043355,0.375,0.617188,0.00626,0.033083,0.00464,1,49.9664,7.991653,255.593,0.477772,1,0.357525,1,4,16,0.015625,0.002815,-0.001401,0.005195,C-accelerated,134360.44,134300.0,1302.68,1600.0,0.5957
2026-03-30T05:54:31Z,2039078462,452,Dia berjalan tanpa tujuan. Menikmati kota. Melihat orang. Mendengar suara. Hidup ramai.,87,44,1,50.3113,0.040634,0.398438,0.609375,0.503113,0.040162,0.421875,0.65625,0.006287,0.029676,0.004763,1,49.7101,7.990265,295.389,0.041721,0,0.950583,1,4,16,0.015625,-0.004974,0.004323,-0.000595,C-accelerated,133552.67,133300.0,1002.35,1000.0,0.3751
2026-03-30T05:54:31Z,2039078462,453,Kucing peliharaan mati. Anak menangis. Dikubur di belakang rumah. Ditanami bunga.,81,44,1,49.7742,0.045146,0.382812,0.585938,0.497742,0.039356,0.390625,0.59375,0.006271,0.032908,0.00475,1,49.8138,7.992972,215.052,0.96718,1,0.657505,1,4,16,0.015625,0.004566,0.013348,-0.00892,C-accelerated,139653.78,137100.0,7304.04,7075.0,2.5802
2026-03-30T05:54:31Z,2039078462,454,"Dia mengirim pesan ke teman lama. ""Apa kabar?"" Teman membalas. ""Kangen."" Mereka janjian ketemu.",95,44,1,49.8596,0.043481,0.390625,0.609375,0.498596,0.048539,0.34375,0.609375,0.006189,0.033374,0.004667,1,49.6307,7.992583,226.223,0.902484,1,0.554422,1,4,16,0.015625,-0.004211,-0.003778,0.004172,C-accelerated,146719.56,142200.0,12102.7,13550.0,4.7644
2026-03-30T05:54:31Z,2039078462,455,Tukang becak menunggu penumpang. Sepi. Tetap sabar. Sore hari dapat penumpang. Pulang dengan senyum.,100,44,1,49.7742,0.038013,0.414062,0.625,0.497742,0.043958,0.398438,0.625,0.006202,0.028071,0.004699,1,50.0,7.991891,247.145,0.626225,1,0.144621,1,4,16,0.015625,0.000887,0.002795,-0.008409,C-accelerated,147279.33,142450.0,13393.46,15350.0,5.3879
2026-03-30T05:54:31Z,2039078462,456,Dia membeli bunga. Tidak ada acara spesial. Hanya untuk meja makan. Rumah jadi lebih cerah.,91,44,1,49.8352,0.040201,0.390625,0.585938,0.498352,0.043076,0.390625,0.601562,0.006293,0.034424,0.004706,1,50.1862,7.990564,287.057,0.081767,1,0.209914,1,4,16,0.015625,0.000598,0.01384,0.001795,C-accelerated,139959.33,139400.0,3737.42,4375.0,1.5692
2026-03-30T05:54:31Z,2039078462,457,Ibu guru mengajar di kelas terpencil. Murid sedikit. Semangat besar. Masa depan bangsa.,87,44,1,49.7986,0.045115,0.375,0.648438,0.497986,0.043665,0.382812,0.601562,0.006275,0.038092,0.004765,1,50.1068,7.991596,257.757,0.439929,1,0.538566,1,4,16,0.015625,0.004102,0.005403,0.00095,C-accelerated,135003.56,135100.0,1098.26,1400.0,0.5181
2026-03-30T05:54:31Z,2039078462,458,Dia tersesat di kota asing. Orang baik menunjukkan jalan. Sampai tujuan. Bersyukur.,83,44,1,50.1709,0.045887,0.375,0.601562,0.501709,0.050724,0.414062,0.609375,0.006207,0.032047,0.004681,1,50.177,7.991065,271.046,0.234068,1,0.115669,1,4,16,0.015625,0.006195,0.013603,-0.003387,C-accelerated,133776.0,133300.0,1764.53,2200.0,0.8252
2026-03-30T05:54:31Z,2039078462,459,Hujan di pagi hari. Malas bangun. Tapi harus kerja. Kopi panas penyelamat.,74,44,1,50.6836,0.051978,0.375,0.640625,0.506836,0.042523,0.375,0.617188,0.006127,0.030635,0.004697,1,49.7894,7.991123,270.022,0.247641,1,0.272868,1,4,16,0.015625,0.005272,0.006532,0.004281,C-accelerated,134660.0,134800.0,1487.31,1500.0,0.5564
2026-03-30T05:54:31Z,2039078462,460,Dia menikmati matahari terbenam. Merah. Jingga. Ungu. Cantik. Tuhan baik.,73,44,1,49.6643,0.042305,0.382812,0.632812,0.496643,0.042932,0.40625,0.609375,0.006264,0.028065,0.004738,1,49.3927,7.991882,244.98,0.662758,1,0.738597,1,4,16,0.015625,0.011055,0.001457,-0.005741,C-accelerated,134225.78,133800.0,1728.01,1900.0,0.71
2026-03-30T05:54:31Z,2039078462,461,Anak minta dibelikan mainan. Mahal. Ibu bilang tidak bisa. Anak nangis. Esok lupa.,82,44,1,49.6582,0.044407,0.375,0.609375,0.496582,0.04404,0.40625,0.617188,0.006246,0.030985,0.004728,1,49.765,7.992755,219.264,0.948782,1,0.201376,1,4,16,0.015625,-0.000625,0.008219,-0.004237,C-accelerated,133403.56,133300.0,864.01,975.0,0.3657
2026-03-30T05:54:31Z,2039078462,462,Dia lupa ulang tahun sendiri. Tiba-tiba ada kue. Teman-teman memberi kejutan. Terharu.,86,44,1,50.0488,0.046607,0.359375,0.617188,0.500488,0.045321,0.375,0.601562,0.006173,0.027736,0.004697,1,49.8444,7.990649,285.056,0.094898,1,0.319071,1,4,16,0.015625,-0.00199,0.000784,0.004089,C-accelerated,133310.0,132700.0,2317.87,2300.0,0.8666
2026-03-30T05:54:31Z,2039078462,463,Pasar malam ramai. Lampu warna-warni. Anak-anak gembira. Makan sate. Naik komidi putar.,87,44,1,50.0977,0.041213,0.40625,0.585938,0.500977,0.038645,0.421875,0.601562,0.006308,0.028034,0.004695,1,50.1343,7.991709,251.427,0.551481,1,0.454178,1,4,16,0.015625,-0.004266,0.001956,-0.003973,C-accelerated,141379.78,138500.0,8092.52,10050.0,3.6282
2026-03-30T05:54:31Z,2039078462,464,Dia membersihkan rumah. Menemukan foto lama. Kenangan masa kecil. Tertawa sendiri.,82,44,1,49.8596,0.047975,0.359375,0.617188,0.498596,0.047886,0.367188,0.648438,0.006215,0.028841,0.00467,1,49.9359,7.99115,269.719,0.251737,1,0.014082,1,4,16,0.015625,-0.007003,0.001377,-0.002064,C-accelerated,132951.78,132700.0,1265.84,1275.0,0.4804
2026-03-30T05:54:31Z,2039078462,465,"Tetangga baru pindah. Membawa kue. ""Ini oleh-oleh."" Tanda persahabatan dimulai.",79,44,1,49.3225,0.0422,0.382812,0.617188,0.493225,0.041159,0.382812,0.570312,0.006266,0.032116,0.004717,1,49.9786,7.992149,239.86,0.743594,1,0.996196,1,4,16,0.015625,0.005085,-0.009508,0.010182,C-accelerated,139566.0,138300.0,5728.6,6000.0,2.1692
2026-03-30T05:54:31Z,2039078462,466,Dia belajar gitar. Jari sakit. Terus berlatih. Bisa memainkan lagu sederhana. Untuk ibu.,88,44,1,50.647,0.038187,0.40625,0.632812,0.50647,0.045188,0.375,0.625,0.006337,0.028904,0.004726,1,50.0122,7.991001,274.118,0.196104,1,0.560828,1,4,16,0.015625,-0.005481,-0.010477,-0.00535,C-accelerated,138222.89,137500.0,3088.3,5275.0,1.9182
2026-03-30T05:54:31Z,2039078462,467,"Ibu hamil. Anak sulung cemburu. Tapi saat adik lahir, dia sayang sekali.",72,44,1,49.6887,0.043633,0.367188,0.609375,0.496887,0.047071,0.375,0.59375,0.006232,0.036137,0.004692,1,50.1923,7.992479,228.596,0.88147,1,0.939199,1,4,16,0.015625,0.004721,-0.005383,0.010841,C-accelerated,134643.56,134200.0,1804.25,1875.0,0.6986
2026-03-30T05:54:31Z,2039078462,468,Dia menulis novel. Berbulan-bulan. Jadi. Diterbitkan. Dibaca orang. Mimpinya tercapai.,86,44,1,50.2319,0.042144,0.367188,0.601562,0.502319,0.042211,0.40625,0.609375,0.006303,0.031019,0.004746,1,50.0122,7.992315,235.252,0.807404,1,0.782161,1,4,16,0.015625,0.001199,0.000575,0.008502,C-accelerated,135722.89,135200.0,2792.54,4000.0,1.4793
2026-03-30T05:54:31Z,2039078462,469,Angin kencang. Jendela berderak. Dia membaca buku. Selimut tebal. Nyaman.,73,44,1,49.6704,0.041954,0.367188,0.59375,0.496704,0.044093,0.351562,0.625,0.006218,0.03434,0.004767,1,49.9176,7.99062,284.94,0.095709,1,0.151298,1,4,16,0.015625,0.017146,-0.001014,-0.009023,C-accelerated,152075.56,139800.0,21019.05,35675.0,12.7593
2026-03-30T05:54:31Z,2039078462,470,Dia memberi sedekah diam-diam. Tidak ingin dipuji. Tapi Tuhan tahu.,67,44,1,49.9207,0.043485,0.390625,0.617188,0.499207,0.046772,0.382812,0.601562,0.006185,0.029657,0.004672,1,49.5819,7.991261,265.158,0.317968,1,0.774848,1,4,16,0.015625,0.009264,0.009401,-0.006827,C-accelerated,133305.33,133350.0,2117.56,2875.0,1.078
2026-03-30T05:54:31Z,2039078462,471,Anak-anak bermain hujan. Basah kuyup. Ibu marah. Tapi dalam hati senang anaknya ceria.,86,44,1,49.6582,0.04493,0.398438,0.640625,0.496582,0.043725,0.359375,0.59375,0.006229,0.032105,0.004732,1,50.1434,7.990425,291.177,0.059252,1,0.519843,1,4,16,0.015625,-0.003099,0.011445,-0.006273,C-accelerated,135913.56,135300.0,2931.6,4075.0,1.5059
2026-03-30T05:54:31Z,2039078462,472,Dia lupa bawa payung. Kehujanan. Masuk angin. Dimasakin sup hangat oleh ibu. Sembuh.,84,44,1,50.0488,0.043298,0.398438,0.625,0.500488,0.046597,0.359375,0.632812,0.006181,0.02978,0.004661,1,50.1099,7.991922,243.584,0.685672,1,0.28343,1,4,16,0.015625,-0.011961,-0.002265,-0.001287,C-accelerated,133657.56,133400.0,1318.57,1300.0,0.4873
2026-03-30T05:54:31Z,2039078462,473,Kakek duduk di beranda. Melihat lalu lalang. Mengingat masa muda. Tersenyum sendiri.,84,44,1,50.1404,0.042572,0.414062,0.601562,0.501404,0.043492,0.359375,0.617188,0.006201,0.029562,0.004773,1,50.2655,7.991571,254.336,0.499958,1,0.434309,1,4,16,0.015625,-0.000949,0.00011,0.007145,C-accelerated,133590.67,133300.0,1716.24,2200.0,0.8252
2026-03-30T05:54:31Z,2039078462,474,Dia mencoba makanan baru. Aneh. Tapi menarik. Pengalaman baru.,62,44,1,49.3835,0.044727,0.359375,0.609375,0.493835,0.042798,0.359375,0.601562,0.006117,0.026757,0.004623,1,49.8505,7.991415,260.131,0.399295,1,0.519843,1,4,16,0.015625,-0.001338,-0.002896,-0.005766,C-accelerated,136095.11,135800.0,2966.69,3875.0,1.4267
2026-03-30T05:54:31Z,2039078462,475,"Ibu menjahit baju untuk Lebaran. Semalaman. Anak bangun, ibu masih menjahit. Mata sayu. Tersenyum.",98,44,1,49.9146,0.041343,0.40625,0.625,0.499146,0.047544,0.335938,0.609375,0.006129,0.03063,0.004656,1,50.238,7.99123,264.739,0.324444,1,0.782161,1,4,16,0.015625,-0.008692,0.001884,0.006778,C-accelerated,134729.33,134900.0,1391.17,1900.0,0.7042
2026-03-30T05:54:31Z,2039078462,476,Dia kehilangan dompet. Sedih. Seminggu kemudian ditemukan. Ada yang mengembalikan. Masih percaya kebaikan.,106,44,1,49.8596,0.042224,0.382812,0.609375,0.498596,0.045475,0.390625,0.632812,0.006307,0.032841,0.004689,1,50.0305,7.992347,233.158,0.83311,1,0.007485,0,4,16,0.015625,-0.004958,0.000214,-0.012186,C-accelerated,136127.56,134000.0,5165.94,3750.0,1.3993
2026-03-30T05:54:31Z,2039078462,477,Pantai di pagi hari. Sepi. Ombak tenang. Dia bermeditasi. Damai.,64,44,1,49.9329,0.043783,0.375,0.59375,0.499329,0.043235,0.382812,0.617188,0.006297,0.029399,0.00475,1,49.3164,7.992001,240.535,0.733479,1,0.423185,1,4,16,0.015625,-0.007342,0.000144,-0.003414,C-accelerated,135893.56,134400.0,4113.89,2800.0,1.0417
2026-03-30T05:54:31Z,2039078462,478,"Anak bertanya tentang Tuhan. Sulit dijawab. ""Di hati yang baik.""",64,44,1,50.1038,0.044004,0.382812,0.648438,0.501038,0.045306,0.390625,0.601562,0.006262,0.031723,0.004782,1,50.0671,7.992827,219.357,0.9483,1,0.393466,1,4,16,0.015625,0.002912,-0.008646,0.004324,C-accelerated,133160.67,133100.0,1547.75,2475.0,0.9298
2026-03-30T05:54:31Z,2039078462,479,Dia memberi hadiah untuk diri sendiri. Jam tangan baru. Hadiah karena sudah bertahan setahun.,93,44,1,49.823,0.043115,0.390625,0.601562,0.49823,0.041915,0.382812,0.609375,0.006294,0.032024,0.004807,1,50.0092,7.991502,259.34,0.412715,1,0.287732,1,4,16,0.015625,-0.004296,-0.002043,-0.004091,C-accelerated,145900.89,138350.0,15997.72,13250.0,4.7886
2026-03-30T05:54:31Z,2039078462,480,Tetangga sakit. Membawakan makanan. Dia tersenyu m. Terima kasih.,65,44,1,49.7742,0.046815,0.382812,0.609375,0.497742,0.043914,0.375,0.601562,0.006146,0.030285,0.004648,1,50.3326,7.99185,247.703,0.61663,1,0.753033,1,4,16,0.015625,-0.00038,-0.014904,-0.002936,C-accelerated,136289.11,135100.0,3310.65,3400.0,1.2583
2026-03-30T05:54:31Z,2039078462,481,Dia belajar bahasa isyarat. Untuk teman tuli. Ingin berkawan dengan semua orang.,80,44,1,49.7253,0.047043,0.398438,0.609375,0.497253,0.042518,0.367188,0.65625,0.006215,0.030695,0.004716,1,50.293,7.99145,257.687,0.44114,1,0.830134,1,4,16,0.015625,-0.003791,0.011506,-0.006153,C-accelerated,133764.22,133500.0,1920.03,1975.0,0.7397
2026-03-30T05:54:31Z,2039078462,482,Hujan reda. Pelangi muncul. Anak-anak menunjuk ke langit. Cantik sekali.,72,44,1,50.1648,0.03988,0.40625,0.617188,0.501648,0.045172,0.414062,0.632812,0.006297,0.029971,0.004748,1,49.8962,7.990443,292.969,0.051173,1,0.626779,1,4,16,0.015625,-0.001209,0.003588,-0.000937,C-accelerated,143398.44,138200.0,12526.86,9575.0,3.4642
2026-03-30T05:54:31Z,2039078462,483,Ibu membacakan dongeng sebelum tidur. Anak terlelap. Ibu mengecup kening. Selamat malam.,88,44,1,50.1282,0.045813,0.390625,0.625,0.501282,0.043055,0.414062,0.59375,0.006223,0.02784,0.004661,1,49.3195,7.990668,283.078,0.109412,1,0.252559,1,4,16,0.015625,-0.001535,-0.001149,-0.000585,C-accelerated,138516.89,135100.0,8083.73,5800.0,2.1466
2026-03-30T05:54:31Z,2039078462,484,Dia gagal ujian. Kecewa. Belajar lagi. Lulus dengan nilai baik. Pantang menyerah.,81,44,1,49.8474,0.042264,0.414062,0.585938,0.498474,0.044485,0.390625,0.609375,0.006246,0.028567,0.004747,1,50.0671,7.990963,276.585,0.168678,1,0.48046,1,4,16,0.015625,0.004006,0.003501,-0.002207,C-accelerated,134823.11,133550.0,2438.11,4800.0,1.7971
2026-03-30T05:54:31Z,2039078462,485,"Tukang sayur lewat setiap pagi. ""Sayur, sayur..."" Ibu-ibu keluar rumah. Transaksi kecil. Hidup berjalan.",104,44,1,50.1404,0.04382,0.390625,0.609375,0.501404,0.047133,0.375,0.640625,0.006281,0.029789,0.004764,1,50.177,7.992852,216.704,0.960717,1,0.48046,1,4,16,0.015625,0.000148,-0.008522,0.003978,C-accelerated,134164.0,133750.0,1639.96,2100.0,0.785
2026-03-30T05:54:31Z,2039078462,486,Dia melihat langit malam penuh bintang. Tak terhitung. Merasa kecil. Tapi bersyukur ada di sini.,96,44,1,50.47,0.041848,0.40625,0.632812,0.5047,0.042041,0.40625,0.601562,0.006249,0.030301,0.004667,1,49.6613,7.990894,277.772,0.15646,1,0.544881,1,4,16,0.015625,0.013061,0.011127,0.003284,C-accelerated,149008.89,141800.0,16608.61,18100.0,6.3822
2026-03-30T05:54:31Z,2039078462,487,"Anak jatuh dari sepeda. Lutut berdarah. Ibu meniup lukanya. ""Sembuh ya."" Sakit berkurang.",89,44,1,50.5432,0.044704,0.40625,0.632812,0.505432,0.046328,0.390625,0.671875,0.006316,0.029692,0.004812,1,49.9878,7.991838,245.423,0.655387,1,0.289899,1,4,16,0.015625,-0.004706,0.006937,0.00237,C-accelerated,135920.0,135200.0,3038.19,1300.0,0.4808
2026-03-30T05:54:31Z,2039078462,488,Dia memasak untuk teman yang sedih. Makan bersama. Cerita. Tertawa. Luka sedikit sembuh.,88,44,1,49.4141,0.048249,0.382812,0.640625,0.494141,0.04489,0.398438,0.617188,0.00611,0.03383,0.004593,1,50.2472,7.991838,247.284,0.623832,1,0.532287,1,4,16,0.015625,-0.001287,0.010424,-0.011613,C-accelerated,134309.33,133500.0,2242.24,1675.0,0.6273
2026-03-30T05:54:31Z,2039078462,489,Pohon di depan rumah ditebang. Sedih. Tumbuh rumput hijau. Hidup tetap berlanjut.,81,44,1,49.8047,0.042207,0.390625,0.640625,0.498047,0.040923,0.359375,0.601562,0.006261,0.028366,0.004719,1,50.5249,7.98988,309.562,0.010967,0,0.04424,1,4,16,0.015625,-0.003522,-0.006748,0.002155,C-accelerated,137666.22,134400.0,6209.82,8175.0,3.0413
2026-03-30T05:54:31Z,2039078462,490,Dia menyimpan tiket bioskop pertama kencan. Sudah lima tahun. Masih ingat gugupnya.,83,44,1,50.5737,0.040057,0.414062,0.609375,0.505737,0.043972,0.382812,0.585938,0.006244,0.03157,0.004706,1,50.3204,7.991475,257.268,0.448421,1,0.42043,1,4,16,0.015625,0.009296,0.003226,0.006996,C-accelerated,139667.11,133200.0,15999.08,6500.0,2.4399
2026-03-30T05:54:31Z,2039078462,492,Dia belajar melukis. Tidak bagus. Tapi senang. Mengekspresikan diri.,68,44,1,50.7385,0.045995,0.375,0.601562,0.507385,0.049616,0.375,0.640625,0.006198,0.028435,0.00466,1,49.8505,7.99086,277.236,0.161892,1,0.110255,1,4,16,0.015625,0.006149,0.007712,-0.002772,C-accelerated,133844.44,133300.0,2152.6,2800.0,1.0503
2026-03-30T05:54:31Z,2039078462,491,Ibu mengirim paket ke rantau. Berisi makanan kesukaan. Anak terharu. Iba selalu ingat.,86,44,1,50.4211,0.045312,0.382812,0.640625,0.504211,0.046414,0.390625,0.617188,0.006251,0.028441,0.004717,1,49.9481,7.99071,281.542,0.121787,1,0.845033,1,4,16,0.015625,0.004125,-0.003113,0.006036,C-accelerated,141104.67,137050.0,7900.64,7775.0,2.8366
2026-03-30T05:54:31Z,2039078462,493,Macet di jalan. Panas. Bising. Sabar. Akhirnya sampai juga.,59,44,1,50.4089,0.041501,0.390625,0.609375,0.504089,0.039354,0.40625,0.609375,0.006325,0.03027,0.004751,1,50.0885,7.990088,300.812,0.025736,0,0.330786,1,4,16,0.015625,-0.006073,-0.000278,-0.001676,C-accelerated,134190.67,133900.0,1562.58,2200.0,0.8215
2026-03-30T05:54:31Z,2039078462,494,Anak kucing terlantar. Dia bawa pulang. Diberi susu. Kecil tapi berharga.,73,44,1,49.8657,0.046835,0.382812,0.601562,0.498657,0.043423,0.382812,0.609375,0.006208,0.028917,0.00469,1,49.5911,7.991412,259.247,0.414302,1,0.939199,1,4,16,0.015625,0.002473,-0.000374,-0.002815,C-accelerated,135992.22,134400.0,6812.83,4900.0,1.8229
2026-03-30T05:54:31Z,2039078462,495,Dia berkebun di lahan sempit. Tanaman dalam pot. Hijau di tengah kota.,70,44,1,49.8291,0.046311,0.390625,0.609375,0.498291,0.040629,0.398438,0.625,0.00629,0.030712,0.004744,1,50.4639,7.99117,271.395,0.229544,1,0.024742,1,4,16,0.015625,0.003341,-0.000609,-0.006814,C-accelerated,137282.22,134200.0,6144.38,6075.0,2.2634
2026-03-30T05:54:31Z,2039078462,496,"Ibu memeluk anak yang gagal. ""Tidak apa. Masih ada kesempatan."" Peluk yang menguatkan.",86,44,1,49.1699,0.046597,0.367188,0.59375,0.491699,0.045131,0.382812,0.617188,0.006213,0.02858,0.004667,1,50.1923,7.992314,234.205,0.820527,1,0.763917,1,4,16,0.015625,-0.007789,-0.007808,0.006856,C-accelerated,158905.33,138300.0,40252.61,22175.0,8.017
2026-03-30T05:54:31Z,2039078462,497,Dia mencoba puasa pertama. Lapar. Haus. Tapi bahagia. Merasa lebih dekat dengan Tuhan.,86,44,1,49.5239,0.048389,0.390625,0.65625,0.495239,0.042176,0.398438,0.609375,0.00628,0.031025,0.004782,1,50.4364,7.991619,255.43,0.480641,1,0.927827,1,4,16,0.015625,-0.007997,0.003711,-0.008893,C-accelerated,134149.11,134600.0,1479.63,2475.0,0.9194
2026-03-30T05:54:31Z,2039078462,498,Teman lama menikah. Datang ke pernikahan. Tersenyum melihat bahagia mereka.,75,44,1,50.1099,0.042598,0.359375,0.640625,0.501099,0.049946,0.382812,0.625,0.006187,0.028059,0.004643,1,50.2411,7.992013,243.747,0.683028,1,0.89381,1,4,16,0.015625,0.002023,-0.000116,0.003611,C-accelerated,134569.56,134300.0,2401.4,2175.0,0.8098
2026-03-30T05:54:31Z,2039078462,499,Dia membuang barang tidak terpakai. Rumah lebih lapang. Hati juga.,66,44,1,49.6338,0.040571,0.398438,0.632812,0.496338,0.042229,0.359375,0.585938,0.006347,0.028214,0.00469,1,49.826,7.991961,243.444,0.687931,1,0.37523,1,4,16,0.015625,0.004971,-0.002786,0.000486,C-accelerated,140143.33,134700.0,19180.7,5200.0,1.9302
2026-03-30T05:54:31Z,2039078462,500,Hujan deras malam ini. Tidur nyenyak. Suara hujan seperti lagu tidur.,69,44,1,49.8596,0.049971,0.375,0.632812,0.498596,0.041974,0.398438,0.617188,0.006278,0.042452,0.004769,1,49.7284,7.992037,243.328,0.689809,1,0.557621,1,4,16,0.015625,-0.004303,0.000599,0.012254,C-accelerated,145163.78,141150.0,12206.81,9700.0,3.4361
2026-03-30T05:54:31Z,2039078462,501,Dia mengajari adik matematika. Sulit. Sabar. Akhirnya mengerti. Bangga.,71,44,1,50.2991,0.046937,0.375,0.640625,0.502991,0.042558,0.390625,0.625,0.006289,0.028445,0.004717,1,50.0366,7.991489,255.546,0.478592,1,0.654061,1,4,16,0.015625,-0.000767,0.004926,-0.001803,C-accelerated,145702.89,138850.0,14390.11,16000.0,5.7616
2026-03-30T05:54:31Z,2039078462,502,Ibu membuat kue ulang tahun sendiri. Tidak sempurna. Tapi penuh cinta. Anak suka.,81,44,1,49.7498,0.04389,0.34375,0.65625,0.497498,0.045186,0.335938,0.648438,0.006256,0.032585,0.004769,1,50.3845,7.991962,245.841,0.648358,1,0.483431,1,4,16,0.015625,-0.000223,0.009112,0.000777,C-accelerated,135884.89,135400.0,2059.78,2475.0,0.914
2026-03-30T05:54:31Z,2039078462,503,Dia menulis surat untuk masa depan. Dikubur dalam botol. Semoga ditemukan.,74,44,1,50.1648,0.046993,0.359375,0.648438,0.501648,0.041543,0.398438,0.609375,0.006198,0.030521,0.00465,1,50.0427,7.991898,248.076,0.610201,1,0.504501,1,4,16,0.015625,0.002088,0.004741,-0.006292,C-accelerated,133609.11,133200.0,1684.39,1800.0,0.6757
2026-03-30T05:54:31Z,2039078462,504,Matahari terbit. Ayam berkokok. Hari baru dimulai. Semangat baru.,65,44,1,50.2686,0.044123,0.40625,0.640625,0.502686,0.044778,0.390625,0.609375,0.006287,0.030538,0.004733,1,50.4211,7.991853,248.681,0.599704,1,0.24281,1,4,16,0.015625,-0.010025,0.002312,-6.4e-05,C-accelerated,138636.22,137100.0,4839.91,7400.0,2.6988
2026-03-30T05:54:31Z,2039078462,505,Dia tersesat di pasar. Ramai. Akhirnya bertemu ibu. Lega.,57,44,1,49.8169,0.042235,0.390625,0.601562,0.498169,0.039806,0.390625,0.609375,0.006162,0.03356,0.004674,1,50.6714,7.992264,233.228,0.832288,1,0.21516,1,4,16,0.015625,0.005559,0.018138,0.001087,C-accelerated,136847.78,135000.0,5164.94,5000.0,1.8519
2026-03-30T05:54:31Z,2039078462,506,Kakek memakai kacamata baru. Bisa baca koran lagi. Tersenyum.,61,44,1,50.2869,0.044225,0.40625,0.601562,0.502869,0.04628,0.390625,0.609375,0.00626,0.035751,0.004728,1,49.7803,7.991632,254.406,0.498723,1,0.554422,1,4,16,0.015625,-0.002569,0.006354,-0.012081,C-accelerated,135402.67,135700.0,1728.31,2675.0,0.9856
2026-03-30T05:54:31Z,2039078462,507,Dia menyelamatkan cacing di jalan setelah hujan. Kecil. Tapi berharga.,70,44,1,49.646,0.039739,0.414062,0.609375,0.49646,0.045699,0.351562,0.585938,0.006205,0.030228,0.004607,1,49.7742,7.991309,263.855,0.33831,1,0.519843,1,4,16,0.015625,-0.005723,0.007692,0.007581,C-accelerated,134285.33,134600.0,1895.01,2700.0,1.003
2026-03-30T05:54:31Z,2039078462,508,Ibu memasak dengan sisa bahan di kulkas. Jadi masakan enak. Kreatif.,68,44,1,49.3347,0.0466,0.382812,0.671875,0.493347,0.042602,0.398438,0.578125,0.006199,0.028297,0.004735,1,49.9084,7.991656,252.079,0.53995,1,0.227767,1,4,16,0.015625,-0.002867,0.013121,0.006085,C-accelerated,138629.11,137800.0,3887.6,5850.0,2.1226
2026-03-30T05:54:31Z,2039078462,509,Dia berdoa di tempat sunyi. Sepi. Hanya dia dan Tuhan. Tenang.,62,44,1,50.3174,0.042009,0.40625,0.601562,0.503174,0.044842,0.390625,0.617188,0.006141,0.028705,0.004691,1,49.6948,7.991817,247.82,0.614624,1,0.307631,1,4,16,0.015625,-0.002434,-0.007507,-0.008749,C-accelerated,139849.78,139600.0,4107.98,5175.0,1.8535
2026-03-30T05:54:31Z,2039078462,510,Anak lulus sekolah. Ibu menangis haru. Perjuangan tidak sia-sia.,64,44,1,50.5676,0.038888,0.398438,0.59375,0.505676,0.042843,0.390625,0.609375,0.006192,0.032083,0.004692,1,49.9512,7.990322,295.087,0.042816,0,0.935407,1,4,16,0.015625,-0.001081,0.000123,0.00213,C-accelerated,140425.56,136450.0,10652.7,6000.0,2.1986
2026-03-30T05:54:31Z,2039078462,511,Dia dengar lagu lama. Ingat masa muda. Tersenyum. Menangis. Bernostalgia.,73,44,1,50.5493,0.041996,0.398438,0.609375,0.505493,0.03966,0.414062,0.609375,0.006288,0.028084,0.004785,1,50.0854,7.990897,278.377,0.150473,1,0.434309,1,4,16,0.015625,0.000514,-0.001639,0.011004,C-accelerated,137823.33,133500.0,13540.88,3675.0,1.3764
2026-03-30T05:54:31Z,2039078462,512,Banjir surut. Lumpur di mana-mana. Warga bersih-bersih. Gotong royong.,70,44,1,50.4089,0.045239,0.34375,0.632812,0.504089,0.047511,0.398438,0.632812,0.006197,0.027579,0.00465,1,50.2411,7.991684,251.613,0.548188,1,0.931616,1,4,16,0.015625,0.004214,-0.00506,-0.00064,C-accelerated,136958.44,136000.0,3538.92,5275.0,1.9393
2026-03-30T05:54:31Z,2039078462,513,Dia memberi tempat duduk di bus untuk ibu hamil. Ibu tersenyum. Dia senang.,75,44,1,50.3906,0.041004,0.375,0.601562,0.503906,0.047491,0.382812,0.625,0.006278,0.035162,0.004828,1,50.4333,7.991716,253.172,0.520568,1,0.101014,1,4,16,0.015625,-0.005443,-0.008239,0.013078,C-accelerated,134011.11,133900.0,1194.23,1200.0,0.4481
2026-03-30T05:54:31Z,2039078462,514,Malam tahun baru. Kembang api. Harapan baru. Doa baru.,54,44,1,50.6531,0.044235,0.367188,0.617188,0.506531,0.045489,0.40625,0.617188,0.006231,0.030162,0.00472,1,50.3754,7.991669,255.22,0.484334,1,0.328421,1,4,16,0.015625,0.003128,0.005926,0.003349,C-accelerated,133466.0,132800.0,1817.44,1900.0,0.7154
2026-03-30T05:54:31Z,2039078462,515,Dia mengembalikan dompet yang ditemukan. Pemiliknya senang. Dia merasa tenang.,78,44,1,50.2808,0.046494,0.375,0.601562,0.502808,0.044364,0.40625,0.632812,0.006186,0.030435,0.004676,1,50.1068,7.992725,221.684,0.935116,1,0.778502,1,4,16,0.015625,-0.011883,-0.000695,0.007162,C-accelerated,137248.22,135400.0,4492.4,2975.0,1.0986
2026-03-30T05:54:31Z,2039078462,516,Ibu menanam sayur di halaman. Cabai. Tomat. Bayam. Hemat. Sehat.,64,44,1,50.4517,0.044502,0.367188,0.625,0.504517,0.040414,0.40625,0.601562,0.006318,0.03533,0.004759,1,49.8016,7.991071,268.416,0.269819,1,0.822708,1,4,16,0.015625,-0.000251,-0.001825,-0.010436,C-accelerated,145394.89,141500.0,10825.64,10250.0,3.6219
2026-03-30T05:54:31Z,2039078462,517,Dia pindah rumah. Berat. Tapi meninggalkan kenangan buruk. Awal baru.,69,44,1,50.5798,0.045094,0.421875,0.640625,0.505798,0.038919,0.382812,0.609375,0.006228,0.029812,0.004688,1,49.4415,7.99122,270.022,0.247641,1,0.796843,1,4,16,0.015625,0.00128,0.004391,-0.01149,C-accelerated,145412.89,142950.0,9695.48,14275.0,4.993
2026-03-30T05:54:31Z,2039078462,518,"Anak bertanya mengapa langit biru. Ibu tidak tahu. ""Cantik, kan?"" Ya.",69,44,1,49.6094,0.043826,0.390625,0.617188,0.496094,0.043421,0.40625,0.601562,0.006249,0.031364,0.004701,1,50.6531,7.992132,239.604,0.747383,1,0.570503,1,4,16,0.015625,0.005544,0.007975,0.004861,C-accelerated,136816.67,135100.0,5682.68,5100.0,1.8875
2026-03-30T05:54:31Z,2039078462,519,Dia membuat sarapan untuk pasangan. Roti bakar. Teh. Sederhana. Bahagia.,72,44,1,50.0122,0.047662,0.398438,0.65625,0.500122,0.042376,0.40625,0.609375,0.006174,0.028101,0.004717,1,49.5758,7.990859,276.329,0.171397,1,0.688822,1,4,16,0.015625,-0.001825,0.003221,0.009035,C-accelerated,133533.11,133400.0,1228.91,1575.0,0.5903
2026-03-30T05:54:31Z,2039078462,520,Tukang parkir membantu memundurkan mobil. Ramah. Senyum. Hari lebih baik.,73,44,1,50.6104,0.045658,0.390625,0.609375,0.506104,0.04401,0.398438,0.617188,0.006218,0.031077,0.00467,1,49.8291,7.991821,247.866,0.61382,1,0.136909,1,4,16,0.015625,0.003326,-0.003951,-0.008198,C-accelerated,148070.0,137900.0,28463.61,6500.0,2.3568
2026-03-30T05:54:31Z,2039078462,521,Dia menyiram tanaman. Kuncup mulai mekar. Sabar menunggu. Akhirnya cantik.,74,44,1,49.8962,0.043644,0.414062,0.617188,0.498962,0.050963,0.359375,0.609375,0.006249,0.031576,0.004791,1,49.5605,7.993079,210.048,0.981746,1,0.248627,1,4,16,0.015625,-0.010429,0.005539,0.00484,C-accelerated,134144.0,133700.0,2388.05,3275.0,1.2248
2026-03-30T05:54:31Z,2039078462,522,Ibu memijat anak yang kecapekan. Lembut. Penuh kasih. Anak tertidur.,68,44,1,49.6887,0.041275,0.398438,0.585938,0.496887,0.047394,0.382812,0.609375,0.006256,0.03173,0.004751,1,50.1343,7.991782,251.706,0.546541,1,0.570503,1,4,16,0.015625,0.004941,0.010762,-0.006063,C-accelerated,137339.33,135300.0,6099.1,3600.0,1.3304
2026-03-30T05:54:31Z,2039078462,523,Dia memberi makan burung di taman. Burung datang. Pergi. Datang lagi. Persahabatan sederhana.,93,44,1,50.47,0.043304,0.390625,0.601562,0.5047,0.044068,0.390625,0.648438,0.006308,0.031252,0.004728,1,49.649,7.991672,253.079,0.522218,1,0.445601,1,4,16,0.015625,-0.005742,0.011236,0.006893,C-accelerated,140495.78,138650.0,5755.44,7800.0,2.8128
2026-03-30T05:54:31Z,2039078462,524,Hujan disertai petir. Anak takut. Ibu menemani. Petir tidak menakutkan lagi.,76,44,1,50.1221,0.045033,0.34375,0.609375,0.501221,0.040246,0.390625,0.617188,0.006183,0.035307,0.004697,1,49.5575,7.991359,263.273,0.347573,1,0.535422,1,4,16,0.015625,0.003082,0.000694,-0.009591,C-accelerated,142970.44,140300.0,7389.61,10275.0,3.6618
2026-03-30T05:54:31Z,2039078462,525,"Dia membeli kopi untuk teman menganggur. Teman tersenyum. ""Nanti aku traktir kalau sudah kerja.""",96,44,1,49.6826,0.04237,0.382812,0.601562,0.496826,0.040612,0.414062,0.632812,0.006212,0.034623,0.004707,1,49.7833,7.992061,240.279,0.737337,1,0.457057,1,4,16,0.015625,0.006507,0.001643,0.001171,C-accelerated,138503.11,134950.0,7945.41,4975.0,1.8433
2026-03-30T05:54:31Z,2039078462,526,Nenek kehilangan kacamata. Mencarinya di mana-mana. Ternyata di atas kepala. Tertawa bersama.,93,44,1,50.4517,0.043428,0.398438,0.609375,0.504517,0.047628,0.367188,0.625,0.006169,0.035768,0.004658,1,50.1099,7.990354,294.831,0.043762,0,0.380386,1,4,16,0.015625,0.002377,-0.004383,-0.000181,C-accelerated,134631.11,134300.0,2361.56,2700.0,1.0052
2026-03-30T05:54:31Z,2039078462,527,Dia belajar membuat tempe. Gagal. Coba lagi. Berhasil. Bangga.,62,44,1,50.5859,0.04457,0.40625,0.632812,0.505859,0.039668,0.390625,0.609375,0.006213,0.033058,0.004691,1,49.7803,7.991115,268.858,0.263606,1,0.996196,1,4,16,0.015625,0.000153,-0.001326,-0.003217,C-accelerated,135864.22,135200.0,2854.29,4100.0,1.5163
2026-03-30T05:54:31Z,2039078462,528,Macet parah. Dia sabar. Mendengarkan podcast. Waktu tidak terbuang sia-sia.,75,44,1,50.0549,0.047473,0.375,0.617188,0.500549,0.045315,0.398438,0.625,0.006264,0.03012,0.004795,1,50.119,7.99143,261.667,0.373672,1,0.48046,1,4,16,0.015625,-0.012448,-0.004806,0.009465,C-accelerated,134740.89,134700.0,1136.18,1100.0,0.4083
2026-03-30T05:54:31Z,2039078462,529,Ibu menjenguk anak sakit di kost. Membawa sup ayam. Anak sembuh. Ibu pulang.,76,44,1,49.3225,0.044713,0.390625,0.59375,0.493225,0.044692,0.367188,0.601562,0.006211,0.031299,0.004743,1,49.5087,7.991174,266.857,0.292356,1,0.417685,1,4,16,0.015625,0.004349,-0.002032,0.000576,C-accelerated,133074.67,133000.0,1116.73,1500.0,0.5639
2026-03-30T05:54:31Z,2039078462,530,Dia menemukan batu unik di sungai. Dibawa pulang. Jadi pajangan. Mengingatkan pada petualangan.,95,44,1,50.2136,0.040744,0.390625,0.59375,0.502136,0.046051,0.390625,0.601562,0.006224,0.028737,0.004674,1,49.7711,7.991821,247.913,0.613017,1,0.474549,1,4,16,0.015625,-0.012255,0.012409,0.001849,C-accelerated,147837.56,142250.0,13958.07,16400.0,5.7645
2026-03-30T05:54:31Z,2039078462,531,Anak kecil menangis di mall. Tersesat. Diantarkan ke informasi. Bertemu ibu. Pelukan hangat.,92,44,1,49.5422,0.044896,0.40625,0.617188,0.495422,0.037652,0.390625,0.570312,0.006206,0.030535,0.004655,1,49.7101,7.992183,238.627,0.761598,1,0.171244,1,4,16,0.015625,-0.001611,0.007836,-0.017481,C-accelerated,140291.56,138450.0,6415.64,7900.0,2.853
2026-03-30T05:54:31Z,2039078462,532,Dia berkebun di pagi hari. Tanah basah. Cacing muncul. Burung datang. Hidup.,76,44,1,49.8169,0.041964,0.398438,0.59375,0.498169,0.044842,0.398438,0.609375,0.006234,0.029596,0.004761,1,49.7498,7.990715,285.359,0.092815,1,0.24281,1,4,16,0.015625,0.004216,-0.004712,0.001391,C-accelerated,134978.89,134800.0,1385.57,1600.0,0.5935
2026-03-30T05:54:31Z,2039078462,533,Ibu membelikan buku untuk anak. Bukan yang diminta. Tapi anak suka. Ibu tahu selera anak.,89,44,1,50.2808,0.045436,0.390625,0.609375,0.502808,0.045719,0.382812,0.617188,0.006237,0.033821,0.004737,1,50.2319,7.992582,225.85,0.905528,1,0.623403,1,4,16,0.015625,-0.007745,-0.004301,0.002934,C-accelerated,140480.89,132900.0,25251.74,3375.0,1.2698
2026-03-30T05:54:31Z,2039078462,534,Dia membantu tetua menyebrang jalan. Lambat. Tapi sabar. Kakek berterima kasih. Dia tersenyum.,94,44,1,49.7437,0.049141,0.390625,0.625,0.497437,0.047563,0.382812,0.609375,0.00629,0.034677,0.00476,1,50.1617,7.99149,259.549,0.409149,1,0.833854,1,4,16,0.015625,0.00637,0.001374,0.000872,C-accelerated,149517.56,141550.0,16501.54,33075.0,11.6832
2026-03-30T05:54:31Z,2039078462,535,Hari panas. Dia membeli es kelapa muda. Segar. Bersyukur.,57,44,1,50.1282,0.049031,0.382812,0.632812,0.501282,0.047238,0.367188,0.640625,0.006292,0.029784,0.004726,1,50.4181,7.991981,242.513,0.70283,1,0.596686,1,4,16,0.015625,0.0039,0.008418,-0.001412,C-accelerated,139240.0,138700.0,4780.19,2700.0,0.9733
2026-03-30T05:54:31Z,2039078462,536,Dia bermeditasi di pagi hari. Sepi. Damai. Siap menghadapi hari.,64,44,1,49.6216,0.042455,0.414062,0.617188,0.496216,0.044129,0.382812,0.601562,0.006261,0.027205,0.004732,1,50.0946,7.993061,212.143,0.97648,1,0.398773,1,4,16,0.015625,-0.002573,0.005055,-0.004194,C-accelerated,134710.67,134500.0,1479.39,1800.0,0.6691
2026-03-30T05:54:31Z,2039078462,537,"Ibu menelfon anak setiap minggu. ""Sudah makan? Jaga kesehatan."" Suara yang dirindukan.",86,44,1,50.5432,0.042101,0.390625,0.625,0.505432,0.043897,0.382812,0.632812,0.006247,0.027956,0.0047,1,50.3937,7.990931,274.746,0.188858,1,0.720681,1,4,16,0.015625,0.010404,0.007519,0.001779,C-accelerated,134277.11,134000.0,1196.32,1500.0,0.5597
2026-03-30T05:54:31Z,2039078462,538,Dia melihat anak jalanan. Tergerak. Memberi sedikit. Tidak banyak. Tapi dari hati.,82,44,1,49.2065,0.040946,0.398438,0.601562,0.492065,0.044677,0.398438,0.632812,0.006315,0.032834,0.004737,1,50.235,7.992052,241.792,0.714174,1,0.154034,1,4,16,0.015625,-0.006838,0.002494,0.008663,C-accelerated,133096.89,132700.0,1555.1,1900.0,0.7159
2026-03-30T05:54:31Z,2039078462,539,Pohon durian berbuah. Wangi. Jatuh. Dibagikan ke tetangga. Semua kebagian.,74,44,1,49.9695,0.041758,0.382812,0.601562,0.499695,0.043073,0.382812,0.609375,0.006218,0.03261,0.004747,1,50.1038,7.990743,282.705,0.112321,1,0.112396,1,4,16,0.015625,-0.003996,-0.004833,-0.000606,C-accelerated,133180.0,132500.0,1590.9,2400.0,0.9057
2026-03-30T05:54:31Z,2039078462,540,Dia menyelesaikan buku tebal. Puas. Belajar banyak. Pinjam lagi.,64,44,1,50.8545,0.041598,0.421875,0.625,0.508545,0.043569,0.390625,0.601562,0.006244,0.029137,0.00475,1,50.0732,7.989679,314.519,0.006504,0,0.036363,1,4,16,0.015625,0.003892,-0.003323,0.010272,C-accelerated,143236.44,139650.0,10125.03,9300.0,3.3298
2026-03-30T05:54:31Z,2039078462,541,Malam sunyi. Dia merenung. Bersyukur atas hari ini. Besok semangat lagi.,72,44,1,50.2258,0.044625,0.40625,0.617188,0.502258,0.042356,0.40625,0.648438,0.006228,0.027969,0.004698,1,50.1923,7.992513,228.503,0.882347,1,0.551233,1,4,16,0.015625,0.001238,0.009841,-0.002583,C-accelerated,133443.11,133600.0,1267.14,1500.0,0.5614
2026-03-30T05:54:31Z,2039078462,542,Ibu membangunkkan sahur. Lemas. Tapi makan bersama hangat. Puasa lancar.,72,44,1,50.4883,0.041432,0.398438,0.601562,0.504883,0.045376,0.398438,0.609375,0.006134,0.029767,0.004669,1,50.6622,7.992452,228.969,0.877917,1,0.717116,1,4,16,0.015625,-0.001316,0.006858,-0.007172,C-accelerated,135555.33,135200.0,2924.35,4575.0,1.6919
2026-03-30T05:54:31Z,2039078462,543,Dia menemukan uang di jalan. Diberikan ke masjid. Lebih berkah.,63,44,1,49.6399,0.04474,0.390625,0.625,0.496399,0.042218,0.367188,0.609375,0.006161,0.029765,0.004721,1,49.823,7.991523,258.711,0.423465,1,0.053513,1,4,16,0.015625,0.005398,-0.004418,-0.001809,C-accelerated,162632.89,136200.0,45876.85,54825.0,20.1267
2026-03-30T05:54:31Z,2039078462,544,Anak belajar mengikat tali sepatu. Susah. Terus mencoba. Bisa. Sombong sedikit.,79,44,1,50.0977,0.046126,0.382812,0.625,0.500977,0.044032,0.382812,0.609375,0.00613,0.031253,0.004651,1,50.1312,7.991367,264.32,0.330979,1,0.95438,1,4,16,0.015625,-0.007146,0.003063,-0.000556,C-accelerated,142402.44,139150.0,8626.12,12175.0,4.3748
2026-03-30T05:54:31Z,2039078462,545,Hujan angin. Pohon tumbang. Warga kerja bakti. Semua bantu.,59,44,1,50.1953,0.043454,0.398438,0.59375,0.501953,0.046064,0.390625,0.601562,0.006331,0.03382,0.004786,1,49.9847,7.99148,260.55,0.392249,1,0.365047,1,4,16,0.015625,-0.000469,0.003363,0.006174,C-accelerated,140179.11,135200.0,18984.8,3475.0,1.2851
2026-03-30T05:54:31Z,2039078462,546,Dia memasak untuk diri sendiri. Pertama kali. Gosong. Tapi bangga.,66,44,1,50.1526,0.050291,0.382812,0.625,0.501526,0.04913,0.359375,0.648438,0.006281,0.030411,0.004738,1,50.412,7.991146,268.323,0.271138,1,0.340356,1,4,16,0.015625,0.009963,0.006146,-0.00388,C-accelerated,136709.78,134900.0,5717.56,7500.0,2.7798
2026-03-30T05:54:31Z,2039078462,547,Ibu membelikan mainan murah. Anak senang bukan main. Bahagia tidak perlu mahal.,79,44,1,50.5005,0.047136,0.390625,0.609375,0.505005,0.042844,0.367188,0.601562,0.006236,0.029661,0.004689,1,50.2991,7.992046,241.071,0.725329,1,0.385585,1,4,16,0.015625,0.009725,-0.003933,-0.00222,C-accelerated,143657.56,135450.0,22286.37,4975.0,1.8365
2026-03-30T05:54:31Z,2039078462,548,Dia menabung untuk umroh. Bertahun-tahun. Terkumpul. Berangkat. Terharu di tanah suci.,86,44,1,49.8901,0.042888,0.375,0.617188,0.498901,0.039929,0.382812,0.609375,0.006293,0.030538,0.004731,1,49.6674,7.990468,289.711,0.066608,1,0.316761,1,4,16,0.015625,0.001144,-0.007611,0.005996,C-accelerated,138190.89,137400.0,3671.88,5600.0,2.0378
2026-03-30T05:54:31Z,2039078462,549,Tetangga punya hajat. Bantu masak. Bantu siapkan. Gotong royong. Hidup bermasyarakat.,85,44,1,49.6643,0.044844,0.40625,0.648438,0.496643,0.043176,0.351562,0.609375,0.006203,0.029922,0.004738,1,50.2258,7.990966,274.886,0.187271,1,0.24281,1,4,16,0.015625,-0.009931,-0.011843,-0.003988,C-accelerated,133877.11,133900.0,1242.29,1300.0,0.4854
2026-03-30T05:54:31Z,2039078462,550,Dia mengirim bunga untuk ibu di hari ibu. Ibu menangis. Senang. Bunga layu. Kenangan abadi.,91,44,1,49.4812,0.047061,0.359375,0.632812,0.494812,0.041688,0.351562,0.59375,0.006218,0.028308,0.004677,1,50.0946,7.991914,244.538,0.670075,1,0.398773,1,4,16,0.015625,0.007625,-0.003803,-0.000448,C-accelerated,142202.67,138050.0,10877.95,9075.0,3.2869
2026-03-30T05:54:31Z,2039078462,551,"Anak lomba mewarnai. Tidak menang. Ibu peluk. ""Kamu sudah hebat.""",65,44,1,49.8474,0.050139,0.359375,0.601562,0.498474,0.043619,0.398438,0.601562,0.006244,0.029217,0.004782,1,50.0763,7.991715,251.52,0.549835,1,1.0,1,4,16,0.015625,0.002615,0.00529,0.002214,C-accelerated,135014.0,134900.0,2461.09,3700.0,1.3714
2026-03-30T05:54:31Z,2039078462,552,Dia belajar membuat kue kering Lebaran. Gagal beberapa kali. Jadi juga. Enak.,77,44,1,49.1577,0.04356,0.367188,0.578125,0.491577,0.044992,0.367188,0.632812,0.006301,0.033044,0.004752,1,49.7742,7.99224,237.766,0.773779,1,0.227767,1,4,16,0.015625,-0.004696,-0.010897,0.007732,C-accelerated,140173.33,137750.0,6719.78,8000.0,2.9038
2026-03-30T05:54:31Z,2039078462,553,Hari libur. Tidak ke mana-mana. Rebahan. Membaca. Menikmati lambat.,67,44,1,50.1648,0.044971,0.40625,0.617188,0.501648,0.037956,0.429688,0.609375,0.006257,0.031736,0.004758,1,49.7681,7.991341,262.807,0.355059,1,0.162467,1,4,16,0.015625,0.002376,-0.005619,-0.003329,C-accelerated,134379.78,134100.0,1344.13,1600.0,0.5966
2026-03-30T05:54:31Z,2039078462,554,Ibu menjemur kasur. Wangi matahari. Tidur nyenyak malamnya.,59,44,1,49.5483,0.04026,0.382812,0.59375,0.495483,0.043963,0.351562,0.632812,0.006188,0.029543,0.004749,1,50.0275,7.9911,272.791,0.211983,1,0.4775,1,4,16,0.015625,-0.003487,0.006663,-0.001883,C-accelerated,137507.56,136900.0,4380.68,4000.0,1.4609
2026-03-30T05:54:31Z,2039078462,555,Dia membersihkan selokan. Mampet. Gotong royong dengan tetangga. Air mengalir lagi.,83,44,1,49.939,0.047013,0.367188,0.648438,0.49939,0.03907,0.421875,0.609375,0.006268,0.02776,0.00474,1,50.2136,7.992389,232.111,0.845145,1,0.030804,1,4,16,0.015625,0.019387,0.006309,0.003186,C-accelerated,135793.56,135600.0,2085.71,2000.0,0.7375
2026-03-30T05:54:31Z,2039078462,556,Melihat orang tua berpegangan tangan. Manis. Berharap bisa seperti mereka.,74,44,1,49.7437,0.042434,0.40625,0.601562,0.497437,0.040982,0.398438,0.609375,0.006303,0.030385,0.004764,1,50.1038,7.99176,251.613,0.548188,1,0.60998,1,4,16,0.015625,0.000721,-0.002235,-0.006937,C-accelerated,135553.56,135900.0,1114.81,1700.0,0.6255
2026-03-30T05:54:31Z,2039078462,557,Dia memberi makan kucing liar. Kucing datang setiap hari. Menunggu. Persahabatan sederhana.,91,44,1,49.7375,0.04587,0.382812,0.585938,0.497375,0.044434,0.375,0.609375,0.006226,0.029414,0.004702,1,50.061,7.991667,253.661,0.511908,1,0.048965,1,4,16,0.015625,0.00019,-0.010339,0.008106,C-accelerated,134812.44,133900.0,1929.73,3800.0,1.419
2026-03-30T05:54:31Z,2039078462,558,Ibu menulis resep turun temurun. Dibagikan ke anak. Masakan ibu tetap jadi yang terenak.,88,44,1,50.6104,0.040535,0.390625,0.601562,0.506104,0.043673,0.398438,0.609375,0.006263,0.030276,0.004673,1,49.7223,7.990235,293.853,0.047533,0,0.414952,1,4,16,0.015625,-0.001005,0.008327,-0.005423,C-accelerated,137240.22,133000.0,13805.8,2500.0,0.9398
2026-03-30T05:54:31Z,2039078462,559,Dia berkunjung ke kampung halaman. Rumah lama. Kenangan masa kecil. Haru.,73,44,1,49.762,0.040378,0.398438,0.632812,0.49762,0.042864,0.40625,0.625,0.006264,0.031393,0.00473,1,50.235,7.991,272.07,0.220949,1,0.977181,1,4,16,0.015625,-0.010779,-0.005378,0.00083,C-accelerated,140198.67,135000.0,19453.92,4900.0,1.8148
2026-03-30T05:54:31Z,2039078462,560,Malam hujan. Membaca buku. Minum teh hangat. Sempurna.,54,44,1,49.585,0.042286,0.40625,0.617188,0.49585,0.040898,0.375,0.609375,0.006306,0.030742,0.004752,1,50.2502,7.992164,238.255,0.766905,1,0.731413,1,4,16,0.015625,-0.008813,-0.004356,-0.003321,C-accelerated,136652.67,135500.0,3393.07,5100.0,1.8819
2026-03-30T05:54:31Z,2039078462,561,Anak pertama kali puasa penuh. Bangga. Ibu buka puasa dengan makanan kesukaan.,78,44,1,49.4202,0.043424,0.398438,0.617188,0.494202,0.043259,0.398438,0.625,0.006314,0.030781,0.004753,1,50.1404,7.991929,244.608,0.668923,1,0.057151,1,4,16,0.015625,-0.000963,0.003303,-0.005791,C-accelerated,138238.22,135950.0,5097.5,5775.0,2.1239
2026-03-30T05:54:31Z,2039078462,562,Dia belajar fotografi. Memotret hal sederhana. Indah. Bersyukur.,64,44,1,50.3296,0.046029,0.375,0.640625,0.503296,0.046029,0.382812,0.640625,0.00629,0.030723,0.004718,1,49.7925,7.991476,258.362,0.42947,1,0.454178,1,4,16,0.015625,5.4e-05,0.00439,0.002275,C-accelerated,133606.89,133600.0,1756.47,2700.0,1.0105
2026-03-30T05:54:31Z,2039078462,563,Ibu membuat telur dadar kesukaan anak. Anak suka. Ibu senang.,61,44,1,50.7141,0.040923,0.414062,0.585938,0.507141,0.039306,0.414062,0.617188,0.006234,0.033907,0.004709,1,49.9878,7.991245,266.903,0.29167,1,0.738597,1,4,16,0.015625,0.0026,-0.00053,-0.002053,C-accelerated,158591.78,154150.0,18146.75,25350.0,8.2225
2026-03-30T05:54:31Z,2039078462,564,Dia kehilangan teman karena salah paham. Sedih. Belajar memaafkan.,66,44,1,50.061,0.040177,0.414062,0.585938,0.50061,0.047678,0.375,0.640625,0.006303,0.03187,0.004772,1,50.1282,7.991287,266.484,0.297878,1,0.782161,1,4,16,0.015625,-0.002042,-0.005235,-0.000113,C-accelerated,139799.56,138900.0,4413.23,7400.0,2.6638
2026-03-30T05:54:31Z,2039078462,565,Hari panas. Tukang es kelapa laris. Orang-orang haus. Melepas dahaga.,69,44,1,49.7437,0.042411,0.398438,0.59375,0.497437,0.040349,0.398438,0.617188,0.006199,0.027806,0.00471,1,50.0427,7.992065,241.071,0.725329,1,0.113479,1,4,16,0.015625,0.005246,0.002321,-0.003621,C-accelerated,133779.11,133500.0,1554.87,2300.0,0.8614
2026-03-30T05:54:31Z,2039078462,566,Dia menanam cabai di pot. Tumbuh. Berbuah. Pedas. Masak sendiri.,64,44,1,49.939,0.047054,0.398438,0.640625,0.49939,0.043614,0.382812,0.609375,0.006173,0.033396,0.004723,1,49.6368,7.991172,270.417,0.242344,1,0.211652,1,4,16,0.015625,0.009302,-0.006378,0.000802,C-accelerated,134067.33,134200.0,1677.2,2700.0,1.006
2026-03-30T05:54:31Z,2039078462,567,Ibu merapikan rambut anak. Disisir pelan. Anak terlelap. Momen kecil berarti.,77,44,1,50.2136,0.048364,0.398438,0.617188,0.502136,0.040592,0.390625,0.59375,0.006252,0.028039,0.004743,1,49.8596,7.991326,264.297,0.331344,1,0.067153,1,4,16,0.015625,-0.011478,-0.000744,-0.00183,C-accelerated,145169.78,140000.0,13177.87,11375.0,4.0625
2026-03-30T05:54:31Z,2039078462,568,Dia berjalan di pasar. Bau rempah. Sayur segar. Ikan basah. Hidup berwarna.,75,44,1,49.4934,0.041703,0.414062,0.609375,0.494934,0.040022,0.40625,0.585938,0.006276,0.0264,0.004695,1,50.0854,7.991608,256.989,0.453288,1,0.222301,1,4,16,0.015625,-0.004845,0.009636,0.006136,C-accelerated,144518.44,140800.0,9610.1,12300.0,4.3679
2026-03-30T05:54:31Z,2039078462,569,Malam takbiran. Takbir berkumandang. Haru. Suci. Selamat Idul Fitri.,68,44,1,50.1404,0.047052,0.375,0.609375,0.501404,0.038179,0.367188,0.578125,0.006259,0.030992,0.004745,1,50.2502,7.990805,279.564,0.139203,1,0.492402,1,4,16,0.015625,-0.001356,0.016285,0.000664,C-accelerated,134200.0,134300.0,1631.82,2300.0,0.8563
2026-03-30T05:54:31Z,2039078462,570,"Dia membuat kopi untuk ayah. Ayah tersenyum. ""Anakku sudah besar.""",66,44,1,50.5737,0.045601,0.398438,0.625,0.505737,0.046931,0.390625,0.625,0.006241,0.032184,0.00467,1,49.9817,7.991767,250.612,0.56586,1,0.623403,1,4,16,0.015625,-0.00405,0.003331,0.012907,C-accelerated,135505.78,135100.0,2463.31,3575.0,1.3231
2026-03-30T05:54:31Z,2039078462,571,Anak bertanya tentang kematian. Ibu menjawab sebisanya. Sulit. Tapi penting.,76,44,1,50.4333,0.044354,0.40625,0.632812,0.504333,0.042889,0.375,0.617188,0.006233,0.03148,0.004656,1,49.884,7.992061,241.745,0.714899,1,0.554422,1,4,16,0.015625,0.001826,-0.002456,0.001143,C-accelerated,134928.89,135500.0,1301.15,2300.0,0.8487
2026-03-30T05:54:31Z,2039078462,572,Hujan badai. Listrik mati. Lilin menyala. Bercerita. Hangat.,60,44,1,49.8169,0.043678,0.34375,0.609375,0.498169,0.043733,0.40625,0.601562,0.006105,0.030865,0.004621,1,50.0092,7.990809,280.006,0.135163,1,0.393466,1,4,16,0.015625,-0.010579,-0.001457,-0.001558,C-accelerated,139197.33,136200.0,7095.92,7100.0,2.6065
2026-03-30T05:54:31Z,2039078462,573,Dia mengembalikan buku perpustakaan terlambat. Bayar denda. Janji tidak mengulangi.,83,44,1,49.7253,0.043581,0.375,0.617188,0.497253,0.041519,0.375,0.609375,0.006293,0.031374,0.004718,1,49.9268,7.991182,267.229,0.286887,1,0.692336,1,4,16,0.015625,0.003184,-0.008439,0.007633,C-accelerated,135404.22,135400.0,1776.04,2500.0,0.9232
2026-03-30T05:54:31Z,2039078462,574,Ibu menyiapkan bekal sekolah. Nasi hangat. Lauk kesukaan. Cinta dalam kotak makan.,82,44,1,50.1465,0.043232,0.414062,0.625,0.501465,0.045247,0.382812,0.617188,0.006229,0.0285,0.004722,1,49.7314,7.992453,228.806,0.87948,1,0.404123,1,4,16,0.015625,0.009796,0.010829,0.002172,C-accelerated,142823.33,138500.0,11294.87,8600.0,3.1047
2026-03-30T05:54:31Z,2039078462,575,Dia melihat langit biru. Awan putih. Burung terbang. Hidup indah.,65,44,1,49.1028,0.041891,0.398438,0.59375,0.491028,0.048604,0.351562,0.609375,0.006191,0.0331,0.004661,1,49.765,7.990244,296.413,0.038186,0,0.201376,1,4,16,0.015625,-0.002962,0.00175,0.008198,C-accelerated,134260.22,134700.0,1226.45,1500.0,0.5568
2026-03-30T05:54:31Z,2039078462,576,Kakek jatuh. Berhenti main catur. Tapi masih menonton. Masih semangat.,70,44,1,50.6531,0.042475,0.390625,0.59375,0.506531,0.039821,0.398438,0.617188,0.006342,0.028192,0.004725,1,50.6195,7.992479,229.318,0.874523,1,0.445601,1,4,16,0.015625,0.003996,0.011857,-0.002698,C-accelerated,140604.0,137700.0,7192.96,8700.0,3.159
2026-03-30T05:54:31Z,2039078462,577,"Dia menolong orang buta menyeberang. ""Terima kasih."" ""Sama-sama."" Senang membantu.",82,44,1,50.2502,0.046548,0.382812,0.617188,0.502502,0.04625,0.382812,0.625,0.006203,0.0303,0.004702,1,49.6796,7.991431,260.294,0.39655,1,0.567269,1,4,16,0.015625,0.003003,-0.006862,-0.007819,C-accelerated,132153.11,131900.0,1122.1,900.0,0.3412
2026-03-30T05:54:31Z,2039078462,578,Ibu menggoreng pisang. Wangi. Anak-anak datang. Ramai. Canda tawa.,66,44,1,49.8901,0.041302,0.375,0.617188,0.498901,0.045593,0.390625,0.625,0.006224,0.03021,0.004678,1,49.9664,7.991436,262.877,0.353932,1,0.154034,1,4,16,0.015625,-0.002891,0.012485,0.002687,C-accelerated,133219.11,132850.0,1604.59,2800.0,1.0538
2026-03-30T05:54:31Z,2039078462,579,Dia menabung untuk beli rumah. Bertahun-tahun. Akhirnya punya. Lelah terbayar.,78,44,1,50.0305,0.04926,0.359375,0.625,0.500305,0.044894,0.382812,0.648438,0.006326,0.031376,0.004782,1,50.177,7.991772,247.354,0.622634,1,0.901355,1,4,16,0.015625,-0.010768,0.002801,-0.00594,C-accelerated,134111.11,134700.0,1426.03,2400.0,0.8909
2026-03-30T05:54:31Z,2039078462,581,Dia melihat sampah di sungai. Sedih. Mulai tidak buang sampah sembarangan.,74,44,1,50.3418,0.041887,0.390625,0.59375,0.503418,0.042899,0.351562,0.601562,0.006275,0.031175,0.004702,1,49.8077,7.990939,274.909,0.187008,1,0.560828,1,4,16,0.015625,0.005689,-0.003076,0.003862,C-accelerated,134558.0,134800.0,1403.75,1900.0,0.7047
2026-03-30T05:54:31Z,2039078462,580,Hari raya. Semua pulang. Makan bersama. Maaf-memaafkan. Fitrah.,63,44,1,50.4028,0.044837,0.390625,0.609375,0.504028,0.046126,0.398438,0.625,0.006234,0.032732,0.004712,1,49.8779,7.992221,236.765,0.787519,1,0.144621,1,4,16,0.015625,0.00091,0.014059,0.000733,C-accelerated,135426.22,135400.0,1266.9,1400.0,0.517
2026-03-30T05:54:31Z,2039078462,582,Anak belajar puasa. Setengah hari. Terus bertambah. Ibu bangga.,63,44,1,49.8108,0.046144,0.382812,0.609375,0.498108,0.040873,0.398438,0.617188,0.006225,0.030069,0.004659,1,49.5544,7.989441,324.48,0.002095,0,0.833854,1,4,16,0.015625,0.002958,-0.009353,-0.009852,C-accelerated,133483.56,133400.0,1399.74,2500.0,0.937
2026-03-30T05:54:31Z,2039078462,583,Dia memeluk ibunya erat. Lama. Tidak mau lepas. Ibu usap rambutnya.,67,44,1,49.9939,0.040223,0.414062,0.59375,0.499939,0.046317,0.351562,0.609375,0.006257,0.031959,0.00476,1,50.5035,7.991419,262.109,0.366411,1,0.946787,1,4,16,0.015625,-0.002517,-0.004563,-0.005469,C-accelerated,143269.33,140500.0,8348.64,11175.0,3.9769
2026-03-30T05:54:31Z,2039078462,585,Dia membuat taman kecil di rumah. Bunga warna-warni. Kupu-kupu datang.,70,44,1,50.1465,0.048551,0.390625,0.609375,0.501465,0.040451,0.382812,0.59375,0.006262,0.02785,0.004716,1,49.4781,7.991814,250.938,0.560114,1,0.674834,1,4,16,0.015625,0.004111,0.001221,0.010338,C-accelerated,135014.0,134500.0,1923.68,1700.0,0.632
2026-03-30T05:54:31Z,2039078462,584,Malam jumat. Baca yasin. Doa bersama. Mengingat yang sudah pergi.,65,44,1,50.0183,0.045096,0.375,0.632812,0.500183,0.043863,0.398438,0.601562,0.006162,0.030407,0.004688,1,49.3622,7.993152,208.14,0.985657,1,0.554422,1,4,16,0.015625,0.004066,-0.000816,-0.004036,C-accelerated,134856.89,134800.0,1547.88,2000.0,0.7418
2026-03-30T05:54:31Z,2039078462,586,Ibu mencuci baju dengan tangan. Keringat. Lelah. Melihat anak bersih. Lupa lelah.,81,44,1,50.0793,0.039918,0.414062,0.59375,0.500793,0.038507,0.40625,0.585938,0.006254,0.029722,0.004654,1,49.6246,7.990998,274.7,0.189388,1,0.337947,1,4,16,0.015625,-0.006253,-0.001531,-0.004465,C-accelerated,139928.0,138900.0,5309.5,7000.0,2.5198
2026-03-30T05:54:31Z,2039078462,587,Dia tersenyum pada orang asing. Orang itu tersenyum balik. Dunia lebih terang.,78,44,1,50.293,0.040182,0.40625,0.617188,0.50293,0.04725,0.390625,0.625,0.006223,0.029684,0.004761,1,50.1617,7.991494,259.549,0.409149,1,0.431512,1,4,16,0.015625,0.008028,-0.002237,-0.009233,C-accelerated,140496.44,137950.0,6790.72,8375.0,3.0355
2026-03-30T05:54:31Z,2039078462,588,"Anak takut gelap. Ibu nyalakan lampu tidur. ""Tidak apa, Ibu di sini.""",69,44,1,49.8474,0.046753,0.375,0.59375,0.498474,0.037986,0.40625,0.609375,0.006226,0.030853,0.004704,1,49.8962,7.991872,247.075,0.62742,1,0.168279,1,4,16,0.015625,0.000111,0.007992,0.010494,C-accelerated,134693.11,134500.0,1342.77,1400.0,0.5204
2026-03-30T05:54:31Z,2039078462,589,Dia belajar menenun dari nenek. Sulit. Sabar. Akhirnya bisa. Selendang pertama.,79,44,1,49.6887,0.05054,0.382812,0.625,0.496887,0.045485,0.367188,0.640625,0.006232,0.028083,0.004707,1,49.8413,7.991447,262.807,0.355059,1,0.27706,1,4,16,0.015625,-0.000845,-0.005673,-0.002394,C-accelerated,141956.0,138500.0,7610.23,8275.0,2.9874
2026-03-30T05:54:31Z,2039078462,590,Hujan gerimis. Dia berjalan tanpa payung. Basah. Segar. Seperti mandi.,70,44,1,49.884,0.044346,0.398438,0.601562,0.49884,0.042355,0.375,0.609375,0.006283,0.03151,0.004738,1,49.7589,7.992164,237.929,0.7715,1,0.845033,1,4,16,0.015625,-0.001367,0.011242,0.001513,C-accelerated,141688.67,136050.0,11901.1,6875.0,2.5266
2026-03-30T05:54:31Z,2039078462,591,"Ibu memeluk anak yang mimpi buruk. ""Itu hanya mimpi. Ibu di sini.""",66,44,1,49.7559,0.041921,0.390625,0.601562,0.497559,0.047709,0.382812,0.679688,0.006241,0.029601,0.004715,1,49.9847,7.991892,243.491,0.687178,1,0.699384,1,4,16,0.015625,0.001582,0.004098,0.003776,C-accelerated,135393.56,134100.0,5560.19,2500.0,0.9321
2026-03-30T05:54:31Z,2039078462,592,Dia memberi sedekah setiap Jumat. Sedikit. Konsisten. Bahagia.,62,44,1,49.6887,0.04698,0.367188,0.601562,0.496887,0.04437,0.367188,0.632812,0.00626,0.029239,0.004707,1,49.6277,7.990925,274.816,0.188063,1,0.965777,1,4,16,0.015625,-0.000179,-0.003136,-0.000667,C-accelerated,134076.67,133800.0,1296.75,1900.0,0.71
2026-03-30T05:54:31Z,2039078462,593,Pasar tradisional mulai sepi. Orang beralih ke supermarket. Sedih. Tapi hidup berubah.,86,44,1,50.415,0.043803,0.40625,0.617188,0.50415,0.039703,0.421875,0.648438,0.006301,0.036362,0.004723,1,49.9847,7.991155,269.603,0.253323,1,0.396114,1,4,16,0.015625,-0.016673,-0.00562,0.011494,C-accelerated,137484.22,135150.0,5748.84,5375.0,1.9885
2026-03-30T05:54:31Z,2039078462,594,Dia memasak untuk panti asuhan. Anak-anak senang. Dia lebih senang.,67,44,1,50.3479,0.04475,0.375,0.609375,0.503479,0.043758,0.398438,0.609375,0.006294,0.031419,0.004699,1,49.7986,7.991605,254.01,0.505725,1,0.564044,1,4,16,0.015625,-0.001253,0.000651,-0.001229,C-accelerated,140370.44,137300.0,7138.91,8550.0,3.1136
2026-03-30T05:54:31Z,2039078462,595,Matahari tenggelam. Warna jingga. Cantik. Bersyukur melihatnya.,63,44,1,49.469,0.042454,0.390625,0.609375,0.49469,0.042116,0.390625,0.601562,0.006216,0.028179,0.004679,1,49.8108,7.993236,206.627,0.988235,1,0.804212,1,4,16,0.015625,-0.003389,-0.008468,0.005505,C-accelerated,136052.89,135400.0,3105.61,1750.0,0.6462
2026-03-30T05:54:31Z,2039078462,596,Ibu mengajarkan doa sebelum tidur. Anak hapal. Ibu bangga.,58,44,1,49.6338,0.044783,0.367188,0.609375,0.496338,0.046762,0.375,0.609375,0.006279,0.030112,0.004749,1,50.3662,7.991667,257.99,0.435899,1,0.457057,1,4,16,0.015625,0.001745,0.005455,0.018872,C-accelerated,140317.11,136800.0,8504.24,8775.0,3.2072
2026-03-30T05:54:31Z,2039078462,597,Dia berhenti mengeluh. Mulai bersyukur. Hidup lebih ringan.,59,44,1,50.061,0.045256,0.375,0.640625,0.50061,0.04478,0.390625,0.625,0.006285,0.031739,0.00465,1,50.2594,7.992543,227.06,0.895387,1,0.328421,1,4,16,0.015625,0.006517,0.004923,0.017318,C-accelerated,134319.33,134100.0,1123.43,1200.0,0.4474
2026-03-30T05:54:31Z,2039078462,598,Anak main layangan. Putus. Layangan hilang. Nangis. Dibeliin baru. Senang lagi.,79,44,1,50.2319,0.048851,0.390625,0.632812,0.502319,0.045063,0.382812,0.609375,0.006183,0.030273,0.004759,1,50.0763,7.99269,222.243,0.931609,1,0.756656,1,4,16,0.015625,0.002328,-0.005892,-0.00158,C-accelerated,133953.33,133450.0,2334.2,3700.0,1.3863
2026-03-30T05:54:31Z,2039078462,599,Dia mengunjungi makam orang tua. Bersihkan. Tabur bunga. Doa. Rindu.,68,44,1,50.4822,0.043718,0.382812,0.59375,0.504822,0.047533,0.390625,0.632812,0.006242,0.032876,0.004719,1,50.0427,7.989913,307.724,0.013217,0,0.292077,1,4,16,0.015625,0.008956,-0.013001,0.006445,C-accelerated,136800.44,136700.0,3016.8,3600.0,1.3168
2026-03-30T05:54:31Z,2039078462,600,Ibu membuat wedang jahe. Hangat. Hujan di luar. Nikmat.,55,44,1,49.0967,0.045212,0.367188,0.65625,0.490967,0.040009,0.382812,0.617188,0.00619,0.028689,0.004721,1,50.177,7.990491,290.572,0.062204,1,0.057776,1,4,16,0.015625,0.000398,-0.005541,-0.010661,C-accelerated,135455.11,135400.0,1476.63,1600.0,0.5908
2026-03-30T05:54:31Z,2039078462,601,Dia belajar menerima kegagalan. Sulit. Tapi belajar. Bangkit lagi.,66,44,1,50.3479,0.043276,0.40625,0.609375,0.503479,0.041956,0.40625,0.640625,0.006277,0.029417,0.004659,1,50.4883,7.991975,242.188,0.707976,1,0.867483,1,4,16,0.015625,0.007376,-0.001601,-0.005818,C-accelerated,139801.56,137250.0,6608.64,5200.0,1.8944
2026-03-30T05:54:31Z,2039078462,602,Anak pertama kali naik sepeda tanpa roda bantu. Jatuh. Bangun. Bisa. Tertawa.,77,44,1,50.0305,0.044681,0.375,0.625,0.500305,0.048597,0.367188,0.601562,0.006306,0.029426,0.004788,1,50.0519,7.992921,215.191,0.966669,1,0.980983,1,4,16,0.015625,0.002525,-0.008441,0.000596,C-accelerated,133338.22,133100.0,1109.82,1300.0,0.4884
2026-03-30T05:54:31Z,2039078462,603,Dia membantu korban bencana. Sedikit. Tulus. Mereka tersenyum.,62,44,1,50.3235,0.046513,0.398438,0.632812,0.503235,0.048095,0.390625,0.640625,0.006217,0.034871,0.004721,1,49.6704,7.990973,274.025,0.197192,1,0.140724,1,4,16,0.015625,0.001016,0.006195,0.004544,C-accelerated,142452.44,140550.0,6247.84,7575.0,2.6948
2026-03-30T05:54:31Z,2039078462,604,Ibu menyanyi sambil memasak. Anak ikut bernyanyi. Rumah penuh lagu.,67,44,1,49.9634,0.043976,0.335938,0.585938,0.499634,0.050156,0.320312,0.648438,0.006246,0.034543,0.004727,1,50.119,7.991935,241.14,0.724258,1,0.804212,1,4,16,0.015625,-0.003375,-0.000837,-0.010233,C-accelerated,148607.56,139900.0,24267.31,8675.0,3.1004
2026-03-30T05:54:31Z,2039078462,605,Dia melihat matahari terbit di pantai. Sepi. Damai. Bersyukur hidup.,68,44,1,49.8901,0.039169,0.40625,0.585938,0.498901,0.046535,0.398438,0.640625,0.006171,0.03076,0.004675,1,50.0702,7.990372,293.201,0.050193,1,0.294266,1,4,16,0.015625,0.015487,-0.004796,-0.00412,C-accelerated,134765.78,134700.0,1065.64,1300.0,0.4826
2026-03-30T05:54:31Z,2039078462,606,"Anak bertanya kenapa harus berbagi. Ibu tersenyum. ""Karena berbagi membuat kita kaya.""",86,44,1,50.7446,0.039822,0.40625,0.59375,0.507446,0.036315,0.398438,0.578125,0.006258,0.02734,0.004655,1,50.1404,7.991811,250.031,0.576099,1,0.7712,1,4,16,0.015625,0.000415,0.002329,0.005302,C-accelerated,137460.44,135500.0,6471.85,3300.0,1.2177
2026-03-30T05:54:31Z,2039078462,607,Dia menulis jurnal syukur setiap malam. Tiga hal baik. Tidur lebih nyenyak.,75,44,1,50.0061,0.041621,0.390625,0.59375,0.500061,0.040917,0.414062,0.609375,0.006164,0.030391,0.004619,1,49.7925,7.991743,251.055,0.55806,1,0.370117,1,4,16,0.015625,-0.010803,-0.001954,0.006273,C-accelerated,133980.67,133900.0,1595.98,2600.0,0.9709
2026-03-30T05:54:31Z,2039078462,608,Ibu mengajarkan anak membaca. Sabar. Ulang terus. Akhirnya lancar. Ibu bangga.,78,44,1,50.1465,0.049108,0.398438,0.625,0.501465,0.043121,0.390625,0.625,0.006247,0.030972,0.004718,1,50.2441,7.989055,335.255,0.000545,0,0.538566,1,4,16,0.015625,-0.008529,0.004168,-0.001202,C-accelerated,135004.89,134700.0,1360.97,1575.0,0.5846
2026-03-30T05:54:31Z,2039078462,609,Dia melepas balon ke langit. Harapan. Doa. Semoga sampai.,57,44,1,50.2197,0.04142,0.40625,0.632812,0.502197,0.045291,0.398438,0.59375,0.006163,0.033396,0.004641,1,49.9298,7.991403,259.526,0.409545,1,0.42043,1,4,16,0.015625,-0.008703,-0.006152,-0.00122,C-accelerated,134368.89,134100.0,1160.25,1100.0,0.4101
2026-03-30T05:54:31Z,2039078462,610,Hujan deras. Banjir. Warga evakuasi. Bersatu. Bertahan. Hidup terus.,68,44,1,49.7131,0.0431,0.390625,0.59375,0.497131,0.042285,0.398438,0.632812,0.006265,0.030629,0.004746,1,49.8413,7.991112,270.045,0.247328,1,0.412229,1,4,16,0.015625,-0.002225,0.00262,-0.003581,C-accelerated,134687.33,134400.0,2146.99,3000.0,1.1161
2026-03-30T05:54:31Z,2039078462,611,Dia membuat kue untuk tetangga yang sakit. Dikirim. Tetangga terharu.,69,44,1,50.0244,0.037173,0.421875,0.601562,0.500244,0.044118,0.382812,0.617188,0.006301,0.031396,0.004754,1,49.6704,7.990114,300.998,0.025296,0,0.950583,1,4,16,0.015625,0.009912,-0.000417,0.004388,C-accelerated,136008.0,137100.0,2956.61,5400.0,1.9694
2026-03-30T05:54:31Z,2039078462,612,Ibu memeluk anak yang sedih. Tidak bicara. Cukup peluk. Sembuh.,63,44,1,50.2808,0.048708,0.375,0.625,0.502808,0.047065,0.398438,0.632812,0.006192,0.031468,0.004702,1,50.0183,7.991885,244.375,0.672757,1,0.062319,1,4,16,0.015625,0.007036,0.003137,-0.01605,C-accelerated,137780.67,137200.0,3414.14,5500.0,2.0044
2026-03-30T05:54:31Z,2039078462,613,Dia belajar memaafkan diri sendiri. Masa lalu pergi. Hari ini baru.,67,44,1,49.6765,0.044747,0.382812,0.59375,0.496765,0.038898,0.398438,0.601562,0.006204,0.029551,0.004709,1,50.1221,7.99148,258.688,0.423864,1,0.973379,1,4,16,0.015625,-0.009032,-0.002504,-0.005361,C-accelerated,134404.22,134100.0,2267.12,2400.0,0.8949
2026-03-30T05:54:31Z,2039078462,614,Anak menangis karena mainan rusak. Ibu perbaiki. Mainan hidup lagi. Anak senang.,80,44,1,50.0671,0.049363,0.375,0.609375,0.500671,0.047802,0.390625,0.65625,0.006269,0.030235,0.004749,1,49.7009,7.991526,258.525,0.426665,1,0.033884,1,4,16,0.015625,0.001855,-0.005341,-0.008118,C-accelerated,137334.89,138200.0,4355.53,5400.0,1.9537
2026-03-30T05:54:31Z,2039078462,615,Dia memberi pujian tulus. Orang lain senang. Dia senang.,56,44,1,50.2808,0.042385,0.414062,0.609375,0.502808,0.042475,0.359375,0.59375,0.006253,0.033678,0.004689,1,50.3357,7.990629,284.265,0.100515,1,0.279173,1,4,16,0.015625,0.007605,0.006862,-0.004288,C-accelerated,157727.78,134400.0,49620.55,7225.0,2.6879
2026-03-30T05:54:31Z,2039078462,616,Ibu menceritakan masa kecilnya. Lucu. Nakal. Anak tertawa. Ibu juga.,68,44,1,49.5361,0.048332,0.375,0.632812,0.495361,0.040647,0.382812,0.59375,0.006282,0.02871,0.004679,1,49.4049,7.991983,245.585,0.652659,1,0.486411,1,4,16,0.015625,-0.001377,-0.00359,-0.000652,C-accelerated,134379.56,134600.0,1350.58,2000.0,0.7429
2026-03-30T05:54:31Z,2039078462,617,Dia berjalan di alam. Udara segar. Burung bernyanyi. Tuhan baik.,64,44,1,50.2869,0.040204,0.414062,0.617188,0.502869,0.042262,0.390625,0.617188,0.006238,0.031349,0.0047,1,49.9451,7.993054,211.654,0.977808,1,0.596686,1,4,16,0.015625,0.003222,0.000654,-0.014836,C-accelerated,136750.44,136000.0,2462.39,3800.0,1.3971
2026-03-30T05:54:31Z,2039078462,618,Anak belajar salat. Rakaat pertama. Kedua. Selesai. Ibu bangga.,63,44,1,50.2502,0.044107,0.367188,0.59375,0.502502,0.041443,0.421875,0.617188,0.006244,0.030876,0.004704,1,50.3601,7.992522,229.295,0.874751,1,0.206468,1,4,16,0.015625,-0.001073,-0.007728,0.007772,C-accelerated,140756.44,138500.0,7175.04,8475.0,3.0596
2026-03-30T05:54:31Z,2039078462,619,Dia membuat teh untuk teman yang lelah. Teman tenang. Persahabatan sederhana.,77,44,1,50.5005,0.044471,0.367188,0.601562,0.505005,0.042932,0.398438,0.59375,0.006286,0.033398,0.004812,1,49.7742,7.992536,227.107,0.894982,1,0.258538,1,4,16,0.015625,-0.001698,-0.001931,-3.1e-05,C-accelerated,139964.67,139500.0,6803.79,5950.0,2.1326
2026-03-30T05:54:31Z,2039078462,621,Dia memberi makan burung gereja. Burung datang setiap hari. Kicauan pagi.,73,44,1,49.53,0.047885,0.382812,0.617188,0.4953,0.042616,0.382812,0.609375,0.006268,0.02844,0.004643,1,50.0549,7.99029,294.551,0.044813,0,0.681814,1,4,16,0.015625,0.003484,0.001595,0.002125,C-accelerated,134861.78,134900.0,1949.84,2000.0,0.7413
2026-03-30T05:54:31Z,2039078462,620,Ibu memandikan anak. Air hangat. Busa sabun. Tertawa. Bermain.,62,44,1,50.1587,0.04694,0.359375,0.632812,0.501587,0.048498,0.382812,0.609375,0.006242,0.0331,0.004717,1,50.2106,7.992087,238.86,0.75825,1,0.692336,1,4,16,0.015625,-0.000659,0.002888,0.006083,C-accelerated,135309.11,134700.0,2176.82,2300.0,0.8537
2026-03-30T05:54:31Z,2039078462,622,Hujan malam. Tidur nyenyak. Mimpi indah. Bangun segar.,54,44,1,49.8108,0.045205,0.398438,0.609375,0.498108,0.042654,0.398438,0.625,0.006174,0.029679,0.004651,1,50.2045,7.991075,272.838,0.211413,1,0.720681,1,4,16,0.015625,-0.001207,0.011806,-0.00889,C-accelerated,135759.78,135500.0,2035.13,1400.0,0.5166
2026-03-30T05:54:31Z,2039078462,623,Dia menerima kekurangan diri. Tidak sempurna. Tapi berharga.,60,44,1,50.5737,0.039129,0.398438,0.617188,0.505737,0.047123,0.382812,0.617188,0.006272,0.028822,0.004732,1,50.3784,7.99104,272.931,0.210275,1,0.388201,1,4,16,0.015625,0.006251,-0.000362,-0.006249,C-accelerated,138640.22,137300.0,5440.42,5975.0,2.1759
2026-03-30T05:54:31Z,2039078462,624,Ibu mengajarkan sopan santun. Tolong. Maaf. Terima kasih. Kunci hidup bersama.,78,44,1,50.4578,0.044103,0.40625,0.609375,0.504578,0.049086,0.375,0.632812,0.006103,0.029292,0.004623,1,50.4761,7.989894,304.908,0.017457,0,0.326067,1,4,16,0.015625,0.003247,0.006252,-0.003465,C-accelerated,146104.67,137150.0,17639.61,15900.0,5.7966
2026-03-30T05:54:31Z,2039078462,625,Dia membantu nenek membawa belanjaan. Nenek berterima kasih. Dia senang.,72,44,1,50.2441,0.040639,0.414062,0.609375,0.502441,0.044664,0.421875,0.640625,0.006191,0.029787,0.00465,1,49.9542,7.991328,264.762,0.324082,1,0.837576,1,4,16,0.015625,0.001848,0.000604,-0.004112,C-accelerated,138647.11,137750.0,4125.19,7300.0,2.6497
2026-03-30T05:54:31Z,2039078462,626,Anak bertemu teman baru di taman. Main bersama. Senja datang. Berpisah. Besok ketemu lagi.,90,44,1,49.6155,0.046518,0.398438,0.601562,0.496155,0.045407,0.335938,0.632812,0.00625,0.030868,0.004758,1,49.7925,7.992435,229.178,0.875888,1,0.699384,1,4,16,0.015625,-0.001027,-0.003472,-0.002986,C-accelerated,134792.22,134800.0,1612.07,1400.0,0.5193
2026-03-30T05:54:31Z,2039078462,627,Dia menulis puisi sederhana. Tentang ibu. Tentang rumah. Tentang rindu.,71,44,1,49.7131,0.043167,0.375,0.632812,0.497131,0.03987,0.414062,0.59375,0.0062,0.02882,0.004708,1,49.7986,7.990736,283.52,0.106031,1,0.385585,1,4,16,0.015625,-0.002971,0.005891,0.002565,C-accelerated,133872.22,133000.0,2252.35,2975.0,1.1184
2026-03-30T05:54:31Z,2039078462,628,Ibu membuat kolak pisang. Hangat. Manis. Sempurna di hujan sore.,64,44,1,50.3235,0.04516,0.382812,0.632812,0.503235,0.042439,0.414062,0.59375,0.006248,0.031237,0.004763,1,49.7833,7.991363,261.876,0.370226,1,0.778502,1,4,16,0.015625,0.008331,0.001239,-0.008217,C-accelerated,134156.89,134200.0,1342.06,1700.0,0.6334
2026-03-30T05:54:31Z,2039078462,629,Dia belajar mencintai proses. Tidak terburu hasil. Nikmati perjalanan.,70,44,1,50.6409,0.041206,0.390625,0.59375,0.506409,0.043852,0.414062,0.601562,0.006218,0.028809,0.004684,1,49.7589,7.992446,229.597,0.871763,1,0.905131,1,4,16,0.015625,0.007965,0.000622,0.003358,C-accelerated,145351.33,141750.0,10384.88,13875.0,4.8942
2026-03-30T05:54:31Z,2039078462,630,"Anak memeluk ayah sebelum berangkat kerja. ""Ayah, cepat pulang."" Ayah tersenyum.",80,44,1,49.2981,0.049283,0.34375,0.609375,0.492981,0.048138,0.382812,0.65625,0.006132,0.03247,0.004634,1,49.7162,7.99232,233.204,0.832562,1,0.428726,1,4,16,0.015625,-0.013304,-0.001558,-0.020069,C-accelerated,141629.78,139200.0,8062.22,9000.0,3.2328
2026-03-30T05:54:31Z,2039078462,631,Dia melihat orang tua berbagi makanan. Sederhana. Penuh cinta. Inspirasi.,73,44,1,50.3906,0.048436,0.375,0.625,0.503906,0.042151,0.34375,0.59375,0.006292,0.031246,0.004753,1,50.4089,7.992121,237.999,0.770519,1,0.807902,1,4,16,0.015625,0.006723,0.002167,-0.003295,C-accelerated,133428.0,132900.0,1275.71,2475.0,0.9312
2026-03-30T05:54:31Z,2039078462,632,Ibu menjemput anak sekolah. Hujan. Satu payung berdua. Basah. Tapi hangat.,74,44,1,50.7019,0.040263,0.414062,0.648438,0.507019,0.048601,0.390625,0.640625,0.006235,0.031739,0.004722,1,50.5188,7.9914,259.689,0.406777,1,0.274959,1,4,16,0.015625,-0.004936,-0.005068,-0.000448,C-accelerated,133475.11,133500.0,1059.88,1300.0,0.4869
2026-03-30T05:54:31Z,2039078462,633,Dia berdamai dengan masa lalu. Maafkan. Lepaskan. Melangkah.,60,44,1,50.5249,0.043576,0.390625,0.601562,0.505249,0.043979,0.382812,0.609375,0.006327,0.031165,0.004747,1,50.3723,7.991591,255.709,0.475724,1,0.564044,1,4,16,0.015625,-0.003566,0.003125,0.006815,C-accelerated,138228.67,137000.0,3750.92,6275.0,2.2901
2026-03-30T05:54:31Z,2039078462,634,Anak belajar mengucap terima kasih. Untuk makanan. Untuk mainan. Untuk cinta.,77,44,1,48.8098,0.044215,0.367188,0.59375,0.488098,0.043223,0.367188,0.570312,0.006268,0.030204,0.004718,1,49.8138,7.99077,281.775,0.119848,1,0.969577,1,4,16,0.015625,-0.008747,-0.005131,0.01189,C-accelerated,133706.89,133200.0,1905.03,2900.0,1.0886
2026-03-30T05:54:31Z,2039078462,635,Dia membuat sarapan kejutan untuk pasangan. Bangun tidur tersenyum. Hari baik dimulai.,86,44,1,50.1465,0.040978,0.398438,0.617188,0.501465,0.048542,0.375,0.617188,0.006211,0.03401,0.004691,1,50.293,7.991912,247.54,0.619435,1,0.590089,1,4,16,0.015625,0.004986,-0.006842,-0.010805,C-accelerated,133969.33,133600.0,1309.74,2100.0,0.7859
2026-03-30T05:54:31Z,2039078462,636,Ibu merawat tanaman. Disiram. Diberi pupuk. Tumbuh subur. Seperti anak-anaknya.,79,44,1,50.6531,0.046103,0.367188,0.609375,0.506531,0.042944,0.40625,0.632812,0.006182,0.032224,0.004654,1,49.884,7.991958,245.097,0.660823,1,0.742198,1,4,16,0.015625,0.000724,-0.005914,0.002247,C-accelerated,133303.11,133100.0,1181.65,1600.0,0.6011
2026-03-30T05:54:31Z,2039078462,637,Dia memberi tanpa mengharap kembali. Ikhlas. Ringan. Bahagia.,61,44,1,49.7803,0.041038,0.40625,0.59375,0.497803,0.047801,0.390625,0.609375,0.00615,0.034055,0.004635,1,49.8108,7.992038,242.63,0.700983,1,0.724253,1,4,16,0.015625,0.002815,-0.008776,0.001395,C-accelerated,141752.44,138900.0,9240.37,2400.0,0.8639
2026-03-30T05:54:31Z,2039078462,638,Anak bermain hujan. Lomba-lompat. Tersiram air. Ibu memanggil mandi. Hangatkan badan.,85,44,1,50.47,0.042053,0.414062,0.609375,0.5047,0.046047,0.390625,0.617188,0.006297,0.030736,0.004717,1,50.1556,7.991073,270.673,0.238951,1,0.811598,1,4,16,0.015625,-0.001578,-0.003499,-0.000738,C-accelerated,132892.44,132700.0,897.62,900.0,0.3391
2026-03-30T05:54:31Z,2039078462,639,Dia mengunjungi teman lama. Bawa oleh-oleh. Cerita nostalgia. Tertawa. Kangen.,78,44,1,49.4019,0.043317,0.375,0.601562,0.494019,0.046564,0.351562,0.625,0.006289,0.031057,0.004682,1,49.7742,7.991666,253.708,0.511083,1,0.681814,1,4,16,0.015625,0.003469,-0.002238,-0.010469,C-accelerated,138101.56,137200.0,3442.97,3875.0,1.4122
2026-03-30T05:54:31Z,2039078462,640,Ibu membuat acar. Pendamping makan. Segar. Nikmat. Semua suka.,62,44,1,50.2319,0.046006,0.390625,0.640625,0.502319,0.038981,0.414062,0.609375,0.006275,0.031256,0.004688,1,49.7284,7.992179,237.556,0.776692,1,0.296466,1,4,16,0.015625,0.004729,-0.003494,-0.004159,C-accelerated,141186.22,138450.0,8576.84,11975.0,4.3247
2026-03-30T05:54:31Z,2039078462,642,Anak bertemu kakek tua di jalan. Tersenyum. Membalas senyum. Kebaikan kecil.,76,44,1,49.8901,0.050553,0.382812,0.625,0.498901,0.041932,0.382812,0.609375,0.006117,0.029664,0.004665,1,50.2716,7.99095,271.767,0.224777,1,0.303132,1,4,16,0.015625,-0.004266,0.016578,0.010071,C-accelerated,135764.67,133500.0,6567.62,6075.0,2.2753
2026-03-30T05:54:31Z,2039078462,641,Dia belajar dari kesalahan. Tidak mengulangi. Lebih baik. Bersyukur.,68,44,1,49.7131,0.042644,0.40625,0.609375,0.497131,0.042183,0.414062,0.617188,0.006173,0.029022,0.00469,1,49.9023,7.99348,198.831,0.996179,1,0.815297,1,4,16,0.015625,0.001276,-0.002743,-0.004713,C-accelerated,134259.56,134000.0,1585.67,1600.0,0.597
2026-03-30T05:54:31Z,2039078462,643,Dia menikmati secangkir kopi di pagi hari. Sunyi. Sendiri. Bahagia.,67,44,1,50.647,0.041925,0.398438,0.609375,0.50647,0.039027,0.398438,0.609375,0.006252,0.027708,0.004663,1,49.8779,7.991892,245.632,0.651878,1,0.225935,1,4,16,0.015625,-0.014696,0.010547,-0.000891,C-accelerated,135255.78,135400.0,1313.36,1900.0,0.7016
2026-03-30T05:54:31Z,2039078462,644,Ibu menidurkan anak dengan lagu. Suara lembut. Anak terlelap. Malam tenang.,75,44,1,50.2747,0.041862,0.414062,0.632812,0.502747,0.046585,0.382812,0.648438,0.006261,0.03509,0.004742,1,50.4883,7.991344,262.039,0.367553,1,0.969577,1,4,16,0.015625,0.002966,0.004899,-0.000841,C-accelerated,142532.89,143800.0,6382.96,11800.0,4.1029
2026-03-30T05:54:31Z,2039078462,645,Dia berbagi makanan dengan tetangga. Lebaran. Semua makan. Semua senang.,72,44,1,50.0244,0.046002,0.382812,0.640625,0.500244,0.042455,0.398438,0.609375,0.006217,0.031626,0.00464,1,50.0702,7.992328,233.041,0.834474,1,0.431512,1,4,16,0.015625,0.003043,-0.000105,-0.005675,C-accelerated,140975.56,136800.0,9614.57,8075.0,2.9514
2026-03-30T05:54:31Z,2039078462,646,Anak belajar mengikat tali sepatu sendiri. Susah. Terus coba. Bisa. Bangga.,75,44,1,49.6094,0.040736,0.40625,0.59375,0.496094,0.046023,0.382812,0.617188,0.006281,0.033937,0.004759,1,49.8596,7.990671,282.543,0.113612,1,0.20476,1,4,16,0.015625,-0.006148,-0.004132,-0.001171,C-accelerated,144589.56,139750.0,12126.22,14375.0,5.1431
2026-03-30T05:54:31Z,2039078462,647,Dia merenung di tepi danau. Air tenang. Pikiran tenang. Damai.,62,44,1,50.4333,0.048414,0.359375,0.65625,0.504333,0.043265,0.382812,0.609375,0.006367,0.03206,0.004756,1,49.7284,7.991633,253.661,0.511908,1,0.519843,1,4,16,0.015625,-0.004362,-0.006343,0.000106,C-accelerated,140664.67,139300.0,5519.48,8500.0,3.051
2026-03-30T05:54:31Z,2039078462,648,Ibu mengajarkan anak berpuasa. Lapar. Haus. Tapi belajar. Besok kuat lagi.,74,44,1,49.8474,0.045314,0.367188,0.601562,0.498474,0.044901,0.390625,0.625,0.006186,0.028805,0.004683,1,49.942,7.991739,252.358,0.535003,1,0.538566,1,4,16,0.015625,-0.007751,0.013674,0.000673,C-accelerated,141147.56,139000.0,7077.12,7300.0,2.6259
2026-03-30T05:54:31Z,2039078462,649,Dia memberi tempat duduk di kereta. Ibu hamil tersenyum. Lelah hilang.,70,44,1,49.4263,0.04358,0.367188,0.640625,0.494263,0.050795,0.34375,0.632812,0.006315,0.037854,0.004813,1,50.354,7.991589,257.059,0.45207,1,0.778502,1,4,16,0.015625,0.008582,0.010371,0.012782,C-accelerated,134807.56,135000.0,1946.86,2500.0,0.9259
2026-03-30T05:54:31Z,2039078462,650,Anak melihat kupu-kupu pertama. Cantik. Terbang. Ingin mengejar. Ibu pegang tangannya.,86,44,1,49.3408,0.044004,0.382812,0.617188,0.493408,0.045402,0.390625,0.617188,0.006282,0.028512,0.004679,1,50.6683,7.992312,235.415,0.805315,1,0.890041,1,4,16,0.015625,0.001975,0.015489,0.00847,C-accelerated,140077.33,138600.0,7065.45,6875.0,2.4802
2026-03-30T05:54:31Z,2039078462,651,Dia membuat taman baca kecil. Buku sumbangan. Anak-anak datang. Membaca. Senang.,80,44,1,49.7009,0.04351,0.398438,0.59375,0.497009,0.045451,0.382812,0.625,0.006163,0.031124,0.00467,1,49.9847,7.991208,268.672,0.266212,1,0.404123,1,4,16,0.015625,-0.001119,0.005876,-0.004858,C-accelerated,134800.89,134800.0,1909.73,2200.0,0.816
2026-03-30T05:54:31Z,2039078462,652,Ibu memasak sayur asam. Segar. Pedas. Nikmat. Makan bersama.,60,44,1,50.5188,0.037636,0.390625,0.617188,0.505188,0.042939,0.375,0.601562,0.006222,0.032223,0.004738,1,49.5056,7.99187,248.401,0.604556,1,0.927827,1,4,16,0.015625,-0.002344,-0.000908,-0.007001,C-accelerated,161275.56,168000.0,15352.12,19725.0,5.8705
2026-03-30T05:54:31Z,2039078462,653,Dia belajar berkata tidak. Tidak enak. Tapi perlu. Mulai belajar.,65,44,1,50.4761,0.043446,0.359375,0.601562,0.504761,0.046438,0.34375,0.601562,0.006214,0.028425,0.004688,1,50.5127,7.993337,204.3,0.991434,1,0.681814,1,4,16,0.015625,0.00305,0.003182,0.005478,C-accelerated,132624.0,132100.0,1621.63,1400.0,0.5299
2026-03-30T05:54:31Z,2039078462,654,Anak main petak umpet dengan teman. Sembunyi. Dicari. Ketemu. Tertawa.,70,44,1,50.0305,0.044328,0.390625,0.601562,0.500305,0.042538,0.375,0.609375,0.006232,0.030882,0.004757,1,49.7559,7.990455,292.201,0.054517,1,0.623403,1,4,16,0.015625,-0.000975,0.000194,-0.001653,C-accelerated,141128.67,137750.0,8710.28,10375.0,3.7659
2026-03-30T05:54:31Z,2039078462,655,Dia melihat bintang jatuh. Berharap. Berdoa. Semoga terkabul.,61,44,1,50.1465,0.04121,0.398438,0.609375,0.501465,0.044664,0.375,0.585938,0.006217,0.03819,0.004719,1,50.2106,7.991488,257.408,0.445991,1,0.905131,1,4,16,0.015625,0.005795,-0.0015,0.008863,C-accelerated,177587.56,143550.0,58331.31,81450.0,28.3699
2026-03-30T05:54:31Z,2039078462,656,Ibu merajut selimut. Satu jahitan setiap malam. Cinta dalam setiap benang.,74,44,1,50.2625,0.040657,0.421875,0.625,0.502625,0.044057,0.375,0.601562,0.006291,0.038193,0.004744,1,49.9573,7.990975,274.513,0.191521,1,0.613323,1,4,16,0.015625,0.006351,0.003871,-0.004545,C-accelerated,134188.89,133900.0,2816.77,2700.0,1.0082
2026-03-30T05:54:31Z,2039078462,657,Dia menemukan uang di jalan. Cari pemilik. Dikembalikan. Lega.,62,44,1,49.8047,0.045439,0.367188,0.617188,0.498047,0.041247,0.375,0.648438,0.006229,0.02987,0.004744,1,49.942,7.992539,227.177,0.894374,1,0.912688,1,4,16,0.015625,-0.004575,-0.006152,0.007927,C-accelerated,170004.0,152900.0,37449.17,41050.0,13.4238
2026-03-30T05:54:31Z,2039078462,658,Anak belajar menggambar. Lingkaran. Kotak. Orang-orangan. Ibu simpan di kulkas.,79,44,1,50.3723,0.045407,0.398438,0.609375,0.503723,0.046486,0.390625,0.617188,0.006195,0.02743,0.004708,1,50.0671,7.990742,281.263,0.124143,1,0.544881,1,4,16,0.015625,-0.008418,-0.003944,0.003218,C-accelerated,136591.78,136100.0,2490.84,4300.0,1.5797
2026-03-30T05:54:31Z,2039078462,659,Dia membantu teman yang kesulitan. Sekarang giliran dia. Teman membantu. Saling.,80,44,1,50.415,0.047088,0.40625,0.648438,0.50415,0.0405,0.40625,0.59375,0.006215,0.028605,0.004703,1,50.3143,7.992523,229.155,0.876115,1,0.946787,1,4,16,0.015625,0.002099,-0.002026,0.006469,C-accelerated,136158.89,134050.0,5134.95,3000.0,1.119
2026-03-30T05:54:31Z,2039078462,660,Ibu membacakan buku sebelum tidur. Anak mendengar. Tertidur. Ibu lanjut bekerja.,80,44,1,49.8962,0.045317,0.359375,0.609375,0.498962,0.041459,0.367188,0.617188,0.006247,0.033169,0.004763,1,49.8505,7.991112,268.719,0.265559,1,0.492402,1,4,16,0.015625,0.002011,-0.002067,0.010061,C-accelerated,134810.44,134900.0,2010.48,2300.0,0.8525
2026-03-30T05:54:31Z,2039078462,661,Dia melihat matahari terbenam di sawah. Indah. Sepi. Bersyukur.,63,44,1,49.7375,0.044498,0.382812,0.585938,0.497375,0.043016,0.382812,0.59375,0.006268,0.029366,0.004717,1,49.4019,7.992057,242.025,0.710534,1,0.623403,1,4,16,0.015625,0.002458,0.006986,0.000237,C-accelerated,133752.89,133100.0,1587.9,2400.0,0.9016
2026-03-30T05:54:31Z,2039078462,662,Anak menangis karena kehilangan mainan. Ibu cari. Dapat. Peluk.,63,44,1,49.5667,0.04775,0.398438,0.59375,0.495667,0.049011,0.375,0.632812,0.006176,0.03208,0.004615,1,50.0671,7.993528,197.411,0.996947,1,0.942992,1,4,16,0.015625,-0.004964,0.005874,0.005543,C-accelerated,141232.89,138600.0,6716.98,7700.0,2.7778
2026-03-30T05:54:31Z,2039078462,663,Dia membuat kue ulang tahun untuk ibu. Tidak bagus. Tapi dari hati. Ibu terharu.,80,44,1,49.2615,0.046253,0.34375,0.59375,0.492615,0.043534,0.382812,0.625,0.006176,0.032428,0.004712,1,50.4517,7.991867,246.167,0.642861,1,0.72783,1,4,16,0.015625,0.000322,-0.001681,-0.005711,C-accelerated,138446.44,136000.0,8958.81,4075.0,1.4982
2026-03-30T05:54:31Z,2039078462,664,Ibu mengajar ngaji. Perlahan. Ikhlas. Anak bisa baca. Bangga.,61,44,1,50.0916,0.048422,0.382812,0.648438,0.500916,0.045884,0.382812,0.609375,0.006206,0.030275,0.00468,1,49.7162,7.992488,230.249,0.86517,1,0.211652,1,4,16,0.015625,-0.001263,-0.000419,0.00586,C-accelerated,134452.67,134500.0,1672.25,2400.0,0.8922
2026-03-30T05:54:31Z,2039078462,665,Dia berjalan kaki ke tempat kerja. Hemat. Sehat. Lihat kehidupan.,65,44,1,50.293,0.045344,0.390625,0.609375,0.50293,0.048387,0.375,0.648438,0.0062,0.031993,0.004652,1,50.2075,7.992204,238.673,0.76093,1,0.281296,1,4,16,0.015625,0.003299,0.007253,0.003804,C-accelerated,134418.67,134300.0,1799.04,2400.0,0.8935
2026-03-30T05:54:31Z,2039078462,666,Anak bermain dengan kardus bekas. Imajinasi. Jadi robot. Jadi mobil. Jadi istana.,81,44,1,50.5737,0.04581,0.40625,0.625,0.505737,0.0421,0.414062,0.601562,0.006222,0.030113,0.004695,1,50.0519,7.990668,284.125,0.101533,1,0.037222,1,4,16,0.015625,0.00608,-0.005392,0.006514,C-accelerated,135267.78,135300.0,1324.86,1300.0,0.4804
2026-03-30T05:54:31Z,2039078462,667,Dia menyisihkan rezeki untuk orang tua. Tiap bulan. Tidak banyak. Tulus.,72,44,1,49.9939,0.047134,0.351562,0.609375,0.499939,0.046214,0.382812,0.625,0.006251,0.031974,0.004696,1,50.119,7.991599,254.639,0.494608,1,0.927827,1,4,16,0.015625,0.003448,-0.001949,0.011045,C-accelerated,149551.33,141750.0,18568.36,17750.0,6.261
2026-03-30T05:54:31Z,2039078462,668,"Ibu memeluk anak yang takut disuntik. ""Sabar, bentar lagi."" Anak berani.",72,44,1,49.469,0.041143,0.40625,0.578125,0.49469,0.044911,0.398438,0.617188,0.006234,0.028566,0.004787,1,49.5209,7.991967,245.19,0.659273,1,0.108146,1,4,16,0.015625,0.004602,0.005028,0.003683,C-accelerated,134568.44,134400.0,1239.04,1900.0,0.7068
2026-03-30T05:54:31Z,2039078462,669,Dia belajar membuat tempe sendiri. Fermentasi. Coba. Gagal. Coba lagi. Berhasil.,80,44,1,49.7742,0.043914,0.398438,0.59375,0.497742,0.043958,0.390625,0.601562,0.006152,0.029844,0.004674,1,49.9542,7.990959,275.305,0.182566,1,0.201376,1,4,16,0.015625,0.001593,-0.00281,-0.006494,C-accelerated,134916.44,135000.0,2326.92,3400.0,1.2593
2026-03-30T05:54:31Z,2039078462,670,Anak melihat pelangi pertama. Kagum. Warna-warni. Tunjuk-tunjuk. Ibu jelaskan.,78,44,1,50.0305,0.044252,0.398438,0.625,0.500305,0.04646,0.367188,0.632812,0.006238,0.031997,0.004756,1,50.4333,7.990397,293.434,0.049229,0,0.863734,1,4,16,0.015625,0.002337,0.001524,0.004046,C-accelerated,135744.44,135100.0,2012.51,3075.0,1.138
2026-03-30T05:54:31Z,2039078462,671,Dia merapikan foto-foto lama. Kenangan. Tertawa. Menangis. Bersyukur.,69,44,1,50.6287,0.04545,0.390625,0.609375,0.506287,0.043772,0.382812,0.632812,0.006239,0.03019,0.004639,1,49.9725,7.991475,260.108,0.399688,1,0.654061,1,4,16,0.015625,-0.003909,-0.006787,0.006737,C-accelerated,135289.78,135600.0,1396.94,1500.0,0.5531
2026-03-30T05:54:31Z,2039078462,672,Ibu membuat lontong sayur. Rumit. Tapi enak. Semua makan kenyang.,65,44,1,49.7742,0.036853,0.40625,0.570312,0.497742,0.04328,0.382812,0.625,0.006192,0.032837,0.004727,1,49.6338,7.991857,247.587,0.618634,1,0.859987,1,4,16,0.015625,0.011108,0.001759,0.004186,C-accelerated,134358.0,134100.0,949.47,1400.0,0.522
2026-03-30T05:54:31Z,2039078462,673,Dia memberi senyum pada kasir yang lelah. Kasir tersenyum balik. Lelah berkurang.,81,44,1,49.7559,0.037705,0.398438,0.585938,0.497559,0.045885,0.375,0.59375,0.006273,0.029024,0.004651,1,49.9359,7.991274,265.647,0.310492,1,0.935407,1,4,16,0.015625,0.007756,-0.005454,-0.004808,C-accelerated,135050.89,134800.0,2471.11,3400.0,1.2611
2026-03-30T05:54:31Z,2039078462,674,Anak belajar menanam biji kacang. Siram. Tumbuh. Daun pertama. Kagum.,69,44,1,49.7375,0.042029,0.375,0.632812,0.497375,0.045515,0.359375,0.59375,0.006249,0.028233,0.004682,1,49.9908,7.991866,245.818,0.64875,1,0.973379,1,4,16,0.015625,-0.006602,-0.003344,-0.00424,C-accelerated,135884.44,135500.0,1794.91,2400.0,0.8856
2026-03-30T05:54:31Z,2039078462,675,Dia berenang di sungai. Segar. Bebas. Ingat masa kecil.,55,44,1,50.116,0.044528,0.375,0.632812,0.50116,0.039837,0.414062,0.609375,0.006179,0.031595,0.00467,1,49.9329,7.992759,220.753,0.940661,1,0.91647,1,4,16,0.015625,-0.00627,-0.004869,-0.001763,C-accelerated,134216.67,133700.0,1742.54,2600.0,0.9723
2026-03-30T05:54:31Z,2039078462,676,Ibu mengajarkan anak menyapu. Bersih. Rapi. Tanggung jawab pertama.,67,44,1,49.6643,0.046226,0.382812,0.59375,0.496643,0.043484,0.414062,0.625,0.006253,0.029764,0.004709,1,49.5819,7.990486,290.479,0.062669,1,0.735002,1,4,16,0.015625,-0.007143,-0.017326,0.002191,C-accelerated,134047.56,134000.0,1219.15,1700.0,0.6343
2026-03-30T05:54:31Z,2039078462,677,"Dia menulis catatan kecil untuk dirimu. ""Kamu hebat. Semangat."" Baca lagi saat sedih.",85,44,1,50.6287,0.044335,0.414062,0.617188,0.506287,0.04197,0.398438,0.609375,0.006269,0.032206,0.004813,1,50.0977,7.990731,282.682,0.112505,1,0.474549,1,4,16,0.015625,-0.019645,0.011849,0.002907,C-accelerated,137777.11,135500.0,5692.97,6575.0,2.4262
2026-03-30T05:54:31Z,2039078462,678,Anak belajar bersepeda tanpa roda bantu. Ayah pegang. Lepas. Bisa. Ayah bangga.,79,44,1,50.0916,0.046246,0.351562,0.625,0.500916,0.045697,0.351562,0.609375,0.00621,0.031541,0.004722,1,49.9268,7.992818,219.404,0.948059,1,0.296466,1,4,16,0.015625,-0.004179,0.008043,-0.004414,C-accelerated,138679.56,138050.0,3484.43,5000.0,1.8109
2026-03-30T05:54:31Z,2039078462,679,Dia membagi makanan untuk tetangga yang kurang mampu. Pintu diketuk. Senyum. Terima kasih.,90,44,1,49.8047,0.04043,0.414062,0.601562,0.498047,0.043739,0.382812,0.601562,0.006253,0.03431,0.00472,1,50.1373,7.991954,246.982,0.629012,1,0.312174,1,4,16,0.015625,-0.006476,0.002936,0.00466,C-accelerated,137233.78,137900.0,2744.04,3700.0,1.3416
2026-03-30T05:54:31Z,2039078462,680,Ibu membuat telur ceplok kesukaan ayah. Matahari. Kuning. Ayah suka.,68,44,1,49.9329,0.040336,0.359375,0.601562,0.499329,0.03986,0.414062,0.609375,0.006256,0.031617,0.004718,1,49.588,7.992701,222.732,0.928426,1,0.738597,1,4,16,0.015625,0.005829,0.00978,-0.005411,C-accelerated,137438.0,134950.0,5179.27,5600.0,2.0748
2026-03-30T05:54:31Z,2039078462,681,Dia duduk di masjid setelah subuh. Baca Quran. Dzikir. Tenang.,62,44,1,50.2075,0.039093,0.375,0.617188,0.502075,0.041276,0.382812,0.59375,0.006193,0.028669,0.004673,1,49.5941,7.99099,270.79,0.237419,1,0.826419,1,4,16,0.015625,0.006285,-0.000319,0.004437,C-accelerated,133161.56,132800.0,1312.69,1475.0,0.5553
2026-03-30T05:54:31Z,2039078462,682,Anak bermain dengan bayangan. Tangan jadi kelinci. Jadi burung. Ibu tertawa.,76,44,1,50.592,0.042419,0.398438,0.617188,0.50592,0.042329,0.414062,0.648438,0.006297,0.029301,0.004736,1,50.0305,7.991163,268.602,0.267193,1,0.262578,1,4,16,0.015625,-0.004553,-0.017822,-0.01688,C-accelerated,136580.44,135400.0,3713.53,5500.0,2.031
2026-03-30T05:54:31Z,2039078462,683,Dia menikmati hujan dari jendela. Teh hangat. Buku. Sempurna.,61,44,1,49.1577,0.043241,0.375,0.617188,0.491577,0.039591,0.375,0.59375,0.006218,0.033401,0.004713,1,49.9451,7.992102,240.303,0.736988,1,0.237089,1,4,16,0.015625,0.000406,0.004934,0.002312,C-accelerated,134729.11,135000.0,1321.79,900.0,0.3333
2026-03-30T05:54:31Z,2039078462,684,Ibu menggendong anak yang demam. Malam. Jalan. Doa. Anak tertidur. Ibu terjaga.,79,44,1,50.1587,0.04186,0.367188,0.585938,0.501587,0.044392,0.40625,0.640625,0.006159,0.028812,0.004628,1,50.4303,7.99034,293.015,0.050976,1,0.37523,1,4,16,0.015625,0.008494,-0.006118,-0.002858,C-accelerated,134804.0,134700.0,2392.74,3650.0,1.3549
2026-03-30T05:54:31Z,2039078462,685,Dia belajar dari kritik. Sakit. Tapi membangun. Lebih baik.,59,44,1,49.7253,0.03798,0.390625,0.59375,0.497253,0.042997,0.382812,0.601562,0.006294,0.030441,0.00474,1,49.9542,7.992384,230.668,0.860818,1,0.942992,1,4,16,0.015625,-0.011231,0.003027,-0.000841,C-accelerated,133837.33,134000.0,1585.2,2300.0,0.8582
2026-03-30T05:54:31Z,2039078462,686,"Anak melihat bulan purnama. Besar. Bulat. Kuning. ""Itu bola, Bu?"" Ibu tersenyum.",80,44,1,50.3662,0.045585,0.40625,0.625,0.503662,0.045804,0.382812,0.640625,0.006282,0.032521,0.004723,1,50.1892,7.992657,222.988,0.926717,1,0.931616,1,4,16,0.015625,0.001562,0.003876,-0.004705,C-accelerated,136332.89,136100.0,1321.56,900.0,0.3306
2026-03-30T05:54:31Z,2039078462,687,Dia membantu tetangga memindahkan barang. Capek. Tapi senang. Solidaritas.,74,44,1,49.6948,0.047914,0.367188,0.65625,0.496948,0.045252,0.382812,0.609375,0.006237,0.027485,0.004693,1,49.8444,7.990596,286.592,0.084686,1,0.201376,1,4,16,0.015625,-0.00075,0.001671,-0.008975,C-accelerated,136605.11,136100.0,2300.2,3200.0,1.1756
2026-03-30T05:54:31Z,2039078462,688,Ibu mengajari anak memasak sederhana. Nasi goreng. Gosong. Tapi dimakan. Enak.,78,44,1,50.3418,0.041268,0.390625,0.601562,0.503418,0.042755,0.390625,0.601562,0.006256,0.029272,0.004711,1,49.8901,7.992271,233.158,0.83311,1,0.859987,1,4,16,0.015625,0.006267,0.007223,-0.008725,C-accelerated,137345.11,136100.0,5345.22,3800.0,1.396
2026-03-30T05:54:31Z,2039078462,689,Dia memberi hadiah kecil untuk teman. Tidak spesial. Tulus. Teman senang.,73,44,1,50.7935,0.042869,0.382812,0.640625,0.507935,0.043815,0.375,0.632812,0.00622,0.027498,0.004709,1,50.4456,7.989678,313.239,0.007463,0,0.292077,1,4,16,0.015625,0.001829,-0.00093,-0.000998,C-accelerated,135175.78,134900.0,2464.88,1700.0,0.6301
2026-03-30T05:54:31Z,2039078462,690,Anak bermain pasir di pantai. Membangun istana. Ombak datang. Hancur. Tertawa.,78,44,1,50.1404,0.048656,0.382812,0.617188,0.501404,0.047425,0.375,0.625,0.006202,0.032088,0.004709,1,49.7009,7.992809,218.612,0.952055,1,0.335549,1,4,16,0.015625,-0.008015,0.009788,0.005514,C-accelerated,136048.89,136000.0,865.88,800.0,0.2941
2026-03-30T05:54:31Z,2039078462,691,Dia berdoa di tempat sunyi. Sendiri dengan Tuhan. Curhat. Tenang.,65,44,1,50.2014,0.044358,0.382812,0.632812,0.502014,0.044754,0.382812,0.640625,0.006301,0.02699,0.004731,1,49.5819,7.991531,258.455,0.427866,1,0.961977,1,4,16,0.015625,-0.003137,-0.00115,0.003154,C-accelerated,136938.89,136400.0,2874.37,3975.0,1.4571
2026-03-30T05:54:31Z,2039078462,692,Ibu membelikan es krim setelah berenang. Lelah hilang. Dingin. Manis. Sempurna.,79,44,1,49.9146,0.042514,0.382812,0.609375,0.499146,0.042994,0.40625,0.625,0.006189,0.029725,0.004634,1,50.2075,7.991438,259.363,0.412318,1,0.774848,1,4,16,0.015625,-0.002206,-0.010364,-0.010613,C-accelerated,133290.0,133200.0,1697.85,2600.0,0.976
2026-03-30T05:54:31Z,2039078462,693,Dia belajar menabung. Sisihkan setiap hari. Kecil. Konsisten. Terkumpul.,72,44,1,49.4446,0.041686,0.398438,0.59375,0.494446,0.038942,0.382812,0.625,0.00624,0.029785,0.0047,1,50.2533,7.991764,249.216,0.590371,1,0.667881,1,4,16,0.015625,0.010379,-0.003743,0.004458,C-accelerated,138012.0,135200.0,7859.69,6700.0,2.4778
2026-03-30T05:54:31Z,2039078462,694,Anak bertemu kucing liar. Diberi makan. Kucing datang setiap hari. Berteman.,76,44,1,49.8169,0.038725,0.421875,0.601562,0.498169,0.048362,0.375,0.640625,0.006265,0.029649,0.004737,1,49.826,7.991421,263.11,0.350186,1,0.961977,1,4,16,0.015625,0.001769,-0.009402,0.008152,C-accelerated,134383.78,134400.0,1505.1,2375.0,0.8836
2026-03-30T05:54:31Z,2039078462,695,Dia mengunjungi orang tua di kampung. Bawa buah tangan. Ibu masak kesukaan. Hangat.,83,44,1,50.0488,0.047759,0.320312,0.617188,0.500488,0.040815,0.398438,0.59375,0.00624,0.032234,0.004746,1,49.9329,7.990987,274.025,0.197192,1,0.289899,1,4,16,0.015625,0.002042,-0.017826,0.00188,C-accelerated,135722.0,135550.0,2003.88,3475.0,1.2818
2026-03-30T05:54:31Z,2039078462,696,Ibu menyiapkan bekal sekolah. Nasi. Sayur. Lauk. Cinta dalam kotak makan.,73,44,1,50.1953,0.041374,0.382812,0.585938,0.501953,0.042679,0.414062,0.601562,0.00618,0.035792,0.004674,1,50.058,7.991451,260.596,0.391469,1,0.19147,1,4,16,0.015625,0.001372,-0.005922,-0.004365,C-accelerated,134798.0,134950.0,943.88,1100.0,0.4076
2026-03-30T05:54:31Z,2039078462,697,Dia melihat laut lepas. Luas. Tak terbatas. Merasa kecil. Bersyukur.,68,44,1,50.4272,0.043846,0.40625,0.648438,0.504272,0.0432,0.382812,0.632812,0.006232,0.028077,0.004708,1,49.4965,7.990873,278.726,0.147094,1,0.198033,1,4,16,0.015625,0.004689,-0.013256,0.00416,C-accelerated,134072.44,133350.0,2584.26,3500.0,1.3123
2026-03-30T05:54:31Z,2039078462,698,Anak belajar mengucap maaf. Salah. Minta maaf. Teman maafkan. Main lagi.,72,44,1,49.9268,0.039961,0.398438,0.585938,0.499268,0.047204,0.382812,0.609375,0.006261,0.033833,0.004723,1,50.1892,7.991485,258.362,0.42947,1,0.767556,1,4,16,0.015625,-0.011283,-0.006159,-0.002448,C-accelerated,134335.11,133900.0,2002.61,2100.0,0.7842
2026-03-30T05:54:31Z,2039078462,699,Dia menulis catatan syukur setiap pagi. Tiga hal. Semangat mulai hari.,70,44,1,50.177,0.044583,0.398438,0.640625,0.50177,0.03915,0.398438,0.59375,0.006212,0.032356,0.004664,1,50.2045,7.991759,248.471,0.603344,1,0.091483,1,4,16,0.015625,-0.001793,-0.000758,0.009482,C-accelerated,135629.11,134900.0,2432.7,4600.0,1.705
2026-03-30T05:54:31Z,2039078462,700,Ibu mengajarkan anak bersedekah. Sedikit. Ikhlas. Berkah.,57,44,1,49.7803,0.048935,0.398438,0.625,0.497803,0.043803,0.367188,0.59375,0.00625,0.036426,0.004681,1,49.9603,7.991981,244.492,0.670842,1,0.09057,1,4,16,0.015625,-0.004766,-0.000771,-0.005524,C-accelerated,169806.0,169700.0,1666.76,1500.0,0.442
2026-03-30T05:54:31Z,2039078462,701,Dia membantu orang buta membaca. Baca koran. Dunia sampai padanya.,66,44,1,49.8901,0.042328,0.398438,0.601562,0.498901,0.046893,0.34375,0.601562,0.006165,0.02771,0.004665,1,50.3265,7.992095,240.815,0.729241,1,0.454178,1,4,16,0.015625,-0.002051,0.004333,-0.000576,C-accelerated,137076.44,134700.0,7165.26,3975.0,1.4755
2026-03-30T05:54:31Z,2039078462,702,Anak bermain dengan adik. Jagain. Temani. Ibu bisa masak. Tenang.,65,44,1,49.7131,0.04778,0.367188,0.632812,0.497131,0.043299,0.375,0.632812,0.006257,0.030786,0.004701,1,49.7559,7.993212,207.279,0.987177,1,0.852503,1,4,16,0.015625,0.009121,0.000386,-0.003615,C-accelerated,147187.11,142450.0,13723.37,13725.0,4.8175
2026-03-30T05:54:31Z,2039078462,703,Dia menikmati angin sore. Rambut tertiup. Segar. Lelah pergi.,61,44,1,49.231,0.039306,0.367188,0.617188,0.49231,0.044269,0.390625,0.59375,0.006176,0.029984,0.004654,1,49.353,7.991527,258.129,0.433485,1,0.807902,1,4,16,0.015625,0.000413,-0.004107,0.000497,C-accelerated,133293.11,132850.0,1815.76,2800.0,1.0538
2026-03-30T05:54:31Z,2039078462,704,Ibu membuat sup ayam untuk anak sakit. Hangat. Pulih. Sembuh.,61,44,1,49.6887,0.047374,0.367188,0.59375,0.496887,0.045158,0.382812,0.617188,0.006247,0.029463,0.004643,1,50.4761,7.991703,253.103,0.521806,1,0.504501,1,4,16,0.015625,0.004225,-0.001698,0.012741,C-accelerated,132831.78,132500.0,1403.37,2100.0,0.7925
2026-03-30T05:54:31Z,2039078462,705,Dia belajar berkebun. Tanam. Rawat. Panen. Makan hasil sendiri. Bangga.,71,44,1,49.7925,0.042427,0.390625,0.625,0.497925,0.047516,0.375,0.617188,0.006241,0.031279,0.004714,1,50.4669,7.99245,231.738,0.849291,1,0.119017,1,4,16,0.015625,0.00794,-0.010842,0.01031,C-accelerated,132654.22,132300.0,1190.33,1400.0,0.5291
2026-03-30T05:54:31Z,2039078462,706,Anak pertama kali naik kereta. Lihat pemandangan. Sawah. Gunung. Kagum.,71,44,1,49.7009,0.042039,0.390625,0.601562,0.497009,0.041295,0.40625,0.617188,0.006271,0.03431,0.004808,1,50.1526,7.99079,279.191,0.142672,1,0.062319,1,4,16,0.015625,0.010546,-0.006207,-0.007289,C-accelerated,144342.89,139300.0,12054.06,10675.0,3.8317
2026-03-30T05:54:31Z,2039078462,707,Dia menyapa tetangga baru. Bantu perkenalkan lingkungan. Mereka berterima kasih.,80,44,1,49.8596,0.041963,0.390625,0.601562,0.498596,0.043776,0.375,0.601562,0.006306,0.028195,0.004766,1,49.6918,7.992617,227.386,0.892533,1,0.246678,1,4,16,0.015625,0.010623,-0.000854,0.003936,C-accelerated,133736.0,133600.0,1941.81,2600.0,0.9731
2026-03-30T05:54:31Z,2039078462,708,Ibu menceritakan kisah nabi. Anak dengar. Ambil hikmah. Tidur.,62,44,1,50.3601,0.044312,0.351562,0.617188,0.503601,0.039931,0.367188,0.609375,0.006233,0.027198,0.004708,1,49.8108,7.992279,234.671,0.814761,1,0.355039,1,4,16,0.015625,0.002593,-0.002855,-0.002835,C-accelerated,132883.56,132600.0,1381.67,1300.0,0.4902
2026-03-30T05:54:31Z,2039078462,709,Dia belajar melukis dengan cat air. Warna menyatu. Indah. Hati senang.,70,44,1,49.7131,0.04402,0.414062,0.625,0.497131,0.042711,0.367188,0.601562,0.006302,0.033564,0.004808,1,49.7955,7.992149,237.836,0.772804,1,0.819,1,4,16,0.015625,-0.000739,-0.001047,-0.002667,C-accelerated,138131.56,136700.0,5547.27,6800.0,2.4872
2026-03-30T05:54:31Z,2039078462,710,Anak bermain ayunan. Tinggi. Tertawa. Minta dorong lagi. Ibu dorong.,68,44,1,50.1953,0.049101,0.382812,0.625,0.501953,0.042847,0.390625,0.601562,0.006253,0.030661,0.004704,1,49.9084,7.9913,266.74,0.294076,1,0.04788,1,4,16,0.015625,0.006171,0.007817,0.006133,C-accelerated,138408.22,137200.0,4072.54,6175.0,2.2504
2026-03-30T05:54:31Z,2039078462,711,Dia mengembalikan dompet yang ditemukan di taksi. Pemilik haru. Memberi hadiah. Ditolak.,88,44,1,49.5178,0.041491,0.390625,0.632812,0.495178,0.037987,0.40625,0.609375,0.006263,0.031635,0.004781,1,49.8047,7.99052,288.547,0.072954,1,0.867483,1,4,16,0.015625,-0.003853,0.004447,-0.008956,C-accelerated,133580.44,133900.0,1912.28,3000.0,1.1202
2026-03-30T05:54:31Z,2039078462,712,"Ibu memeluk anak yang gagal ujian. ""Tidak apa. Coba lagi."" Kuat.",64,44,1,50.7812,0.045867,0.398438,0.617188,0.507812,0.041684,0.414062,0.617188,0.006289,0.031982,0.004722,1,49.9573,7.990901,275.91,0.175909,1,0.196377,1,4,16,0.015625,-0.001952,-1.5e-05,-0.004154,C-accelerated,134595.11,134700.0,2018.57,1500.0,0.5568
2026-03-30T05:54:31Z,2039078462,713,Dia melihat langit malam. Bintang bersinar. Tak terhitung. Tuhan Maha Besar.,76,44,1,49.8596,0.046583,0.367188,0.617188,0.498596,0.043972,0.398438,0.632812,0.006224,0.033534,0.004718,1,50.0397,7.992097,240.721,0.730657,1,0.706458,1,4,16,0.015625,0.001202,0.001669,-0.01011,C-accelerated,139120.44,135100.0,10440.78,5500.0,2.0355
2026-03-30T05:54:31Z,2039078462,714,Anak bermain dengan teman berbeda agama. Saling menghormati. Main bersama. Bahagia.,83,44,1,50.0305,0.042661,0.414062,0.632812,0.500305,0.04102,0.382812,0.585938,0.006209,0.030176,0.004705,1,50.3326,7.991294,265.74,0.309078,1,0.882511,1,4,16,0.015625,0.000597,0.001626,0.00938,C-accelerated,139732.22,136250.0,8759.05,7300.0,2.6789
2026-03-30T05:54:31Z,2039078462,715,Dia memberi makan burung di halaman. Burung datang. Bawa teman. Ramai.,70,44,1,49.939,0.043963,0.367188,0.578125,0.49939,0.045034,0.390625,0.609375,0.006272,0.028318,0.004756,1,50.2655,7.990775,278.959,0.144871,1,0.431512,1,4,16,0.015625,-0.00215,0.008656,-0.001517,C-accelerated,134491.56,134500.0,2046.25,3100.0,1.1524
2026-03-30T05:54:31Z,2039078462,716,Ibu mengajarkan anak berkata jujur. Walaupun pahit. Lebih baik dari dusta.,74,44,1,49.8352,0.03982,0.390625,0.59375,0.498352,0.048492,0.351562,0.609375,0.006177,0.028427,0.004637,1,49.9878,7.991495,258.804,0.421867,1,0.034286,1,4,16,0.015625,-0.002265,-0.005485,0.002709,C-accelerated,141694.22,139200.0,7771.71,5600.0,2.0115
2026-03-30T05:54:31Z,2039078462,717,Dia belajar menerima pujian. Malu. Tapi senang. Terima kasih.,61,44,1,49.762,0.04448,0.390625,0.601562,0.49762,0.047023,0.382812,0.609375,0.006261,0.034433,0.004704,1,50.3357,7.991006,273.745,0.200482,1,0.526046,1,4,16,0.015625,-0.003366,-0.003667,-0.005318,C-accelerated,134379.33,134600.0,1493.58,1300.0,0.4829
2026-03-30T05:54:31Z,2039078462,718,Anak main petak umpet. Sembunyi baik-baik. Tidak ditemukan. Menunggu lama. Teman pulang. Bingung.,97,44,1,50.177,0.042503,0.382812,0.609375,0.50177,0.046489,0.40625,0.609375,0.0063,0.033059,0.004744,1,49.9512,7.992208,235.951,0.798361,1,0.24281,1,4,16,0.015625,0.003725,-0.004123,-0.004568,C-accelerated,141304.89,139800.0,5984.5,8100.0,2.897
2026-03-30T05:54:31Z,2039078462,719,Dia menikmati hari tanpa rencana. Ikuti kata hati. Berpetualang. Menyenangkan.,78,44,1,50.5005,0.042227,0.421875,0.632812,0.505005,0.039205,0.414062,0.609375,0.006169,0.030029,0.004666,1,50.116,7.991447,259.526,0.409545,1,0.474549,1,4,16,0.015625,0.005002,-0.001855,0.016705,C-accelerated,135841.11,135700.0,1211.0,800.0,0.2948
2026-03-30T05:54:31Z,2039078462,720,Ibu membuat wedang ronde. Hangat. Kenyal. Jahe. Hujan sore. Sempurna.,69,44,1,49.4812,0.040492,0.390625,0.59375,0.494812,0.046949,0.375,0.625,0.006158,0.030899,0.004682,1,49.9298,7.991764,251.729,0.546129,1,0.00097,0,4,16,0.015625,-0.001999,-0.00666,-0.005401,C-accelerated,139916.0,136800.0,7029.82,6975.0,2.5493
2026-03-30T05:54:31Z,2039078462,721,Dia belajar bahasa baru. Sulit. Tapi serius. Bisa sedikit. Bangga.,66,44,1,49.4324,0.047918,0.382812,0.640625,0.494324,0.043264,0.382812,0.617188,0.006188,0.029075,0.004711,1,50.3082,7.991666,253.964,0.506549,1,0.912688,1,4,16,0.015625,0.004601,-0.000809,0.0078,C-accelerated,135924.67,135300.0,2109.87,2300.0,0.85
2026-03-30T05:54:31Z,2039078462,722,Anak melihat kebun binatang pertama. Gajah besar. Jerapah tinggi. Lucu.,71,44,1,49.8169,0.043635,0.390625,0.632812,0.498169,0.046523,0.359375,0.609375,0.006224,0.033591,0.004733,1,50.0183,7.991762,250.007,0.576508,1,0.128317,1,4,16,0.015625,0.004601,-0.007685,0.001376,C-accelerated,139188.22,138600.0,4391.5,4300.0,1.5512
2026-03-30T05:54:31Z,2039078462,723,Dia membantu korban bencana. Relawan. Cape,42,44,1,50.3662,0.041189,0.398438,0.625,0.503662,0.046844,0.375,0.640625,0.006227,0.02905,0.004636,1,50.0732,7.991835,249.356,0.58793,1,0.294266,1,4,16,0.015625,0.013813,2.3e-05,0.001802,C-accelerated,134732.22,135000.0,1480.57,1475.0,0.5463
2026-03-30T05:54:31Z,2039078462,724,Он открыл дверь. Кошка сидела там. Посмотрела на него. И ушла. Он ждал. Она не вернулась.,89,44,1,50.3113,0.041205,0.351562,0.59375,0.503113,0.044263,0.359375,0.632812,0.006251,0.034322,0.004749,1,50.4028,7.992657,221.359,0.937099,1,0.316761,1,4,16,0.015625,-0.002516,-0.004182,-0.007822,C-accelerated,134216.44,134100.0,1092.86,1100.0,0.4101
2026-03-30T05:54:31Z,2039078462,725,Дождь кончился. Она закрыла зонт. Посмотрела на небо. Радуга. Улыбнулась. Это был единственный хороший момент за день.,118,44,1,49.9207,0.04143,0.328125,0.601562,0.499207,0.04669,0.34375,0.648438,0.006224,0.028917,0.004675,1,49.7284,7.992192,238.348,0.765584,1,0.298677,1,4,16,0.015625,0.00394,-0.000312,0.007113,C-accelerated,152374.44,138700.0,34834.92,5375.0,1.9376
2026-03-30T05:54:31Z,2039078462,726,"Каждое утро он отправлял ей ""доброе утро"". Три года. Она никогда не отвечала. Он продолжал. Это был его ритуал.",111,44,1,50.1648,0.044886,0.398438,0.609375,0.501648,0.047608,0.375,0.65625,0.006324,0.030292,0.004766,1,50.2197,7.991473,256.337,0.464687,1,0.032699,1,4,16,0.015625,0.004373,0.009999,-0.002846,C-accelerated,159056.0,149300.0,26210.39,27575.0,9.2348
2026-03-30T05:54:31Z,2039078462,727,Чай остыл. Она вскипятила новый. Он всё не возвращался. Телефон молчал. Она вылила чай. В седьмой раз.,102,44,1,49.823,0.044882,0.375,0.585938,0.49823,0.043347,0.40625,0.59375,0.006223,0.030732,0.004671,1,49.6826,7.992772,219.055,0.949852,1,0.250588,1,4,16,0.015625,0.001753,-0.009228,0.012605,C-accelerated,148385.11,146800.0,6938.38,7600.0,2.5886
2026-03-30T05:54:31Z,2039078462,728,"На старой фотографии кто-то похожий на меня. Но не я. Мама сказала, это тётя. Тётя давно умерла. Я никогда её не видел.",119,44,1,50.3601,0.044623,0.390625,0.609375,0.503601,0.04746,0.375,0.617188,0.006267,0.030999,0.004676,1,50.0183,7.991683,253.009,0.523455,1,0.262578,1,4,16,0.015625,0.004406,-0.001176,-0.007487,C-accelerated,134733.78,134600.0,1339.71,1875.0,0.6965
2026-03-30T05:54:31Z,2039078462,729,"Луна была полной. Я смотрел один. Вспомнил, как мы обещали смотреть вместе. С кем ты смотришь сейчас?",101,44,1,49.9939,0.045622,0.398438,0.65625,0.499939,0.044533,0.398438,0.601562,0.006269,0.04029,0.004719,1,49.8688,7.991177,269.277,0.257793,1,0.756656,1,4,16,0.015625,0.000725,0.004872,-0.00076,C-accelerated,149976.22,139900.0,27904.13,11175.0,3.9939
2026-03-30T05:54:31Z,2039078462,731,"Она посадила цветок. Поливала каждый день. Цветок не цвёл. Ей сказали, что он искусственный. Она продолжала поливать.",117,44,1,50.4333,0.048148,0.390625,0.640625,0.504333,0.041095,0.398438,0.59375,0.006233,0.027469,0.004672,1,49.704,7.992484,227.107,0.894982,1,0.958178,1,4,16,0.015625,-0.003398,0.018975,0.001239,C-accelerated,135127.11,135100.0,1389.28,1075.0,0.3979
2026-03-30T05:54:31Z,2039078462,730,"Ключ не подходил к замку. Я пробовал много раз. Сосед сказал, что здесь никто не живёт. Но я видел свет в окне.",111,44,1,50.1709,0.042173,0.375,0.609375,0.501709,0.042701,0.375,0.601562,0.006253,0.028029,0.004689,1,50.0946,7.991643,254.033,0.505313,1,0.035939,1,4,16,0.015625,-0.006089,-0.010199,0.006199,C-accelerated,138091.78,136900.0,3248.1,5100.0,1.8627
2026-03-30T05:54:31Z,2039078462,732,Последний поезд метро. Я успел. В вагоне был только один человек. Он улыбнулся мне. Я вышел.,92,44,1,50.47,0.040458,0.398438,0.609375,0.5047,0.040857,0.382812,0.609375,0.006182,0.031767,0.004691,1,49.9817,7.992336,234.228,0.820241,1,0.538566,1,4,16,0.015625,-0.012483,-0.004004,-0.002793,C-accelerated,133024.67,132800.0,1372.63,1475.0,0.5553
2026-03-30T05:54:31Z,2039078462,733,Отец учил меня кататься на велосипеде. Он держал сзади. Я оглянулся. Он уже отпустил. Я уехал далеко.,101,44,1,49.4629,0.040392,0.40625,0.617188,0.494629,0.047499,0.367188,0.625,0.006304,0.033129,0.004782,1,50.0305,7.991433,262.179,0.365269,1,0.756656,1,4,16,0.015625,-0.000784,-0.011326,-0.002834,C-accelerated,134935.56,133400.0,3465.27,2300.0,0.8621
2026-03-30T05:54:31Z,2039078462,734,Кошка умерла. Я похоронил её под деревом. На следующий год дерево зацвело. Белыми цветами. Кошка тоже была белой.,113,44,1,49.5361,0.045391,0.34375,0.601562,0.495361,0.044468,0.390625,0.664062,0.006342,0.029411,0.004782,1,49.9603,7.991909,244.282,0.674286,1,0.901355,1,4,16,0.015625,-0.004578,0.003422,-0.002424,C-accelerated,141082.44,137550.0,9058.83,8075.0,2.9353
2026-03-30T05:54:31Z,2039078462,735,Каждый день она смотрелась в зеркало. Лицо в зеркале становилось всё моложе. Ей стало страшно. Она перестала смотреться.,120,44,1,50.2869,0.043944,0.40625,0.632812,0.502869,0.042923,0.421875,0.625,0.006279,0.030131,0.004713,1,49.9481,7.991993,246.959,0.62941,1,0.489402,1,4,16,0.015625,0.006618,-0.001954,-0.008581,C-accelerated,143540.67,140300.0,8503.56,11900.0,4.2409
2026-03-30T05:54:31Z,2039078462,736,"Он ждал письмо, которое никогда не придёт. Почтальон проходил мимо каждый день. Качал головой. Он продолжал ждать.",114,44,1,50.4333,0.043573,0.382812,0.625,0.504333,0.04476,0.351562,0.609375,0.006179,0.03102,0.004709,1,49.6429,7.991263,265.996,0.305205,1,0.342776,1,4,16,0.015625,-0.003116,0.006114,0.003925,C-accelerated,135078.44,135500.0,1613.91,1900.0,0.7011
2026-03-30T05:54:31Z,2039078462,737,Еда была готова. Приборы на столе. Телеvisor работал. Никто не ел. Все ушли.,76,44,1,50.3845,0.045386,0.359375,0.601562,0.503845,0.045815,0.382812,0.59375,0.006206,0.029662,0.004623,1,50.3265,7.992015,243.119,0.693178,1,0.996196,1,4,16,0.015625,0.004504,0.002585,0.010128,C-accelerated,139095.11,135550.0,9765.12,8075.0,2.9786
2026-03-30T05:54:31Z,2039078462,738,"Она купила два мороженых. Одно мне, одно себе. Моё растаяло. Её тоже.",69,44,1,49.6094,0.04352,0.375,0.617188,0.496094,0.044291,0.390625,0.632812,0.006204,0.032813,0.004744,1,49.8932,7.992537,225.478,0.908504,1,0.206468,1,4,16,0.015625,0.005362,-0.004835,0.000381,C-accelerated,139561.11,136100.0,8365.42,6300.0,2.3145
2026-03-30T05:54:31Z,2039078462,739,"Дерево за окном срубили. Я грустил неделю. Потом увидел, что теперь видно дальние горы.",87,44,1,50.2014,0.044002,0.382812,0.609375,0.502014,0.04705,0.367188,0.617188,0.00634,0.030269,0.004769,1,49.231,7.992264,233.437,0.829808,1,0.664415,1,4,16,0.015625,-0.001594,0.010405,-0.005094,C-accelerated,134446.89,134500.0,1012.54,1400.0,0.5204
2026-03-30T05:54:31Z,2039078462,740,"Он бросал курить сто раз. Каждый раз срывался. Врач сказал, что если не бросит, не проживёт и года. Он сказал: значит, так тому и быть.",135,44,1,50.4333,0.04445,0.398438,0.625,0.504333,0.043726,0.40625,0.617188,0.006204,0.029662,0.004634,1,50.2411,7.991766,250.077,0.575281,1,0.513678,1,4,16,0.015625,0.000503,0.002193,0.005443,C-accelerated,135467.78,135000.0,1513.5,2000.0,0.7407
2026-03-30T05:54:31Z,2039078462,741,Она не спала всю ночь. Ждала рассвета. Рассвело. Ждала заката. Так прошла вся жизнь.,84,44,1,50.4456,0.037336,0.40625,0.59375,0.504456,0.041829,0.40625,0.609375,0.006237,0.029662,0.004711,1,49.8596,7.991093,269.533,0.254277,1,0.21516,1,4,16,0.015625,-0.009799,-0.004337,-0.002775,C-accelerated,140751.33,137500.0,8749.77,8950.0,3.2545
2026-03-30T05:54:31Z,2039078462,742,Ребёнок плакал. Мать успокаивала. Отец был на работе. Луна смотрела.,68,44,1,50.1465,0.046041,0.390625,0.617188,0.501465,0.043408,0.390625,0.617188,0.006226,0.029309,0.004699,1,49.7742,7.991336,264.343,0.330615,1,0.603317,1,4,16,0.015625,-8.3e-05,0.00383,-0.00039,C-accelerated,196350.0,168650.0,57273.4,114950.0,34.0795
2026-03-30T05:54:31Z,2039078462,743,Он писал много стихов. Их никто не читал. Он читал их сам. Читал и плакал. Стихи были о ней.,92,44,1,50.061,0.040988,0.390625,0.59375,0.50061,0.041023,0.351562,0.601562,0.006264,0.032555,0.004692,1,49.9908,7.991576,258.246,0.431476,1,0.804212,1,4,16,0.015625,-0.005592,0.005045,0.008612,C-accelerated,146440.89,141100.0,13704.34,15300.0,5.4217
2026-03-30T05:54:31Z,2039078462,744,Она потеряла ключи. Не могла войти в дом. Сидела на лестнице и ждала. Ждала дотемна. Никто не пришёл открыть.,109,44,1,49.8169,0.043689,0.398438,0.609375,0.498169,0.047012,0.359375,0.617188,0.006176,0.03004,0.004722,1,49.9817,7.99184,246.284,0.640892,1,0.138172,1,4,16,0.015625,-0.002896,0.004166,0.005917,C-accelerated,134010.89,133700.0,1451.66,1800.0,0.6731
2026-03-30T05:54:31Z,2039078462,745,Дождь шёл три дня. На четвёртый закончился. На пятый она снова взяла зонт. Зонт не пригодился. Она улыбнулась.,110,44,1,50.177,0.044882,0.367188,0.617188,0.50177,0.048389,0.351562,0.601562,0.006262,0.027131,0.004629,1,50.1495,7.992252,236.253,0.79437,1,0.796843,1,4,16,0.015625,0.011769,-0.000753,-0.000301,C-accelerated,135973.78,135800.0,2630.85,3900.0,1.4359
2026-03-30T05:54:31Z,2039078462,746,Он позвонил матери. Мать спросила: кто это? Он сказал: я твой сын. Мать сказала: я тебя не знаю.,96,44,1,49.9023,0.045155,0.382812,0.609375,0.499023,0.046137,0.390625,0.585938,0.006131,0.028943,0.004711,1,50.4211,7.990974,272.628,0.213988,1,0.583526,1,4,16,0.015625,-0.010012,-0.008549,-0.009088,C-accelerated,132775.33,132600.0,1436.95,2275.0,0.8578
2026-03-30T05:54:31Z,2039078462,747,Она разбирала старые вещи. Нашла письмо. Оно не было отправлено. Получательницей была она сама. Дата стояла десять лет назад.,125,44,1,50.3845,0.046783,0.375,0.632812,0.503845,0.041753,0.34375,0.609375,0.006217,0.034588,0.004637,1,49.7559,7.991061,274.048,0.19692,1,0.950583,1,4,16,0.015625,0.008408,0.007607,-0.005843,C-accelerated,141361.78,138450.0,7180.16,7675.0,2.7718
2026-03-30T05:54:31Z,2039078462,748,"Рыбка умерла. Он смыл её в унитаз. Теперь каждый раз, когда он ходил в туалет, он вспоминал о ней.",98,44,1,49.8779,0.047526,0.367188,0.609375,0.498779,0.044703,0.40625,0.609375,0.006366,0.031036,0.004814,1,50.1282,7.991875,247.424,0.621435,1,0.357525,1,4,16,0.015625,0.014427,0.005659,-0.000118,C-accelerated,136530.0,137100.0,2003.29,3300.0,1.2035
2026-03-30T05:54:31Z,2039078462,749,Она научилась есть одна. Ходить к врачу одной. Встречать праздники одной. Стареть одной.,88,44,1,50.3296,0.044598,0.382812,0.625,0.503296,0.042541,0.40625,0.601562,0.006183,0.02903,0.004744,1,49.4812,7.991527,260.061,0.400474,1,0.254541,1,4,16,0.015625,-0.002016,0.002082,0.002073,C-accelerated,134954.44,135000.0,2298.79,3200.0,1.1852
2026-03-30T05:54:31Z,2039078462,750,Он увидел её в толпе. Она тоже увидела его. Никто не остановился. Каждый пошёл дальше своей дорогой.,100,44,1,50.7202,0.041749,0.414062,0.617188,0.507202,0.042619,0.414062,0.609375,0.006205,0.032099,0.004662,1,50.0916,7.992135,240.326,0.736638,1,0.811598,1,4,16,0.015625,0.001459,0.006362,0.005323,C-accelerated,132903.11,132500.0,1553.54,1700.0,0.6415
2026-03-30T05:54:31Z,2039078462,751,Луна шла за мной. Я останавливался — она останавливалась. Я бежал — она бежала. Потом я вернулся домой. А она осталась снаружи.,127,44,1,49.9939,0.042123,0.390625,0.601562,0.499939,0.042996,0.367188,0.601562,0.006163,0.033758,0.004691,1,49.7437,7.991123,273.117,0.20801,1,0.48046,1,4,16,0.015625,-0.002094,0.001187,0.000543,C-accelerated,137330.67,137100.0,2314.26,3700.0,1.3494
2026-03-30T05:54:31Z,2039078462,752,Она завела кошку. Кошка ушла. Завела собаку. Собака тоже ушла. Больше она никого не заводила.,93,44,1,50.5493,0.036856,0.414062,0.617188,0.505493,0.047132,0.390625,0.625,0.006233,0.03211,0.004708,1,50.0458,7.991815,248.308,0.606171,1,0.045256,1,4,16,0.015625,-0.004911,-0.007802,-0.007254,C-accelerated,138977.33,136300.0,7246.1,4375.0,1.6049
2026-03-30T05:54:31Z,2039078462,753,Каждый день он ходил в одно и то же кафе. Садился на одно и то же место. Заказывал один и тот же кофе. Читал одну и ту же газету. Пока кафе не закрылось.,153,44,1,49.6765,0.044329,0.375,0.59375,0.496765,0.045203,0.390625,0.609375,0.006198,0.03185,0.004647,1,49.7742,7.991748,251.264,0.55436,1,0.298677,1,4,16,0.015625,-0.014292,0.00024,-0.01215,C-accelerated,142430.67,136850.0,12135.81,8150.0,2.9777
2026-03-30T05:54:31Z,2039078462,754,"Она написала письмо. Без адреса. Без получателя. Не отправила. Сожгла. Пепел взлетел, как бабочки.",98,44,1,50.5493,0.042538,0.398438,0.625,0.505493,0.044252,0.359375,0.617188,0.006312,0.029763,0.004798,1,50.0671,7.991283,266.065,0.304153,1,0.636952,1,4,16,0.015625,0.001987,-0.006297,-0.007242,C-accelerated,134004.22,133500.0,1567.19,2400.0,0.8989
2026-03-30T05:54:31Z,2039078462,755,"Дождь стучал по стеклу. Она считала капли. Досчитав до ста, заснула. Проснулась — дождь всё ещё шёл.",100,44,1,49.6704,0.035502,0.398438,0.585938,0.496704,0.045529,0.390625,0.585938,0.006309,0.030252,0.004732,1,49.3835,7.991201,267.462,0.283497,1,0.360022,1,4,16,0.015625,-0.00375,-0.001426,0.007395,C-accelerated,134910.0,134800.0,1929.92,2000.0,0.7418
2026-03-30T05:54:31Z,2039078462,756,"Он ждал очень долго. Так долго, что забыл, кого ждёт. Забыл, что ждёт. Но продолжал ждать.",90,44,1,49.7314,0.044628,0.359375,0.625,0.497314,0.039493,0.414062,0.578125,0.006315,0.029417,0.004761,1,49.5972,7.991625,253.359,0.517269,1,0.307631,1,4,16,0.015625,-0.010116,-0.000362,-0.008083,C-accelerated,135292.22,134800.0,1923.18,2300.0,0.8531
2026-03-30T05:54:31Z,2039078462,757,"Она купила цветы. Дома оказалось, что нет вазы. Поставила их в кружку. Цветы расцвели. Кружка была рада.",104,44,1,50.1831,0.040648,0.335938,0.59375,0.501831,0.04264,0.40625,0.601562,0.006175,0.029212,0.004642,1,50.0336,7.991469,258.595,0.425464,1,0.159618,1,4,16,0.015625,-0.000544,-0.013099,-0.001722,C-accelerated,133676.89,133400.0,1957.56,2575.0,0.9651
2026-03-30T05:54:31Z,2039078462,758,"Он тренировался улыбаться перед зеркалом. Тренировался всю жизнь. Когда он умер, на его лице не было никакого выражения.",120,44,1,49.7375,0.043435,0.398438,0.632812,0.497375,0.039995,0.390625,0.585938,0.006216,0.030401,0.004702,1,50.2075,7.993079,210.257,0.981267,1,0.504501,1,4,16,0.015625,-0.005606,-0.01572,0.010864,C-accelerated,133750.22,133500.0,1549.97,2700.0,1.0112
2026-03-30T05:54:31Z,2039078462,759,"Она прошла долгий путь, чтобы увидеть дерево. Дерево срубили. Она долго стояла на том месте.",92,44,1,49.8108,0.045457,0.398438,0.59375,0.498108,0.039254,0.398438,0.617188,0.006259,0.030516,0.004749,1,50.1587,7.991635,254.871,0.490496,1,0.495412,1,4,16,0.015625,-0.003709,-0.00311,0.001729,C-accelerated,143263.56,140100.0,8438.68,8875.0,3.1674
2026-03-30T05:54:31Z,2039078462,760,Кошка грелась на подоконнике на солнце. Она была здесь. Солнце было здесь. Я тоже был здесь. Этого достаточно.,110,44,1,49.9146,0.037673,0.40625,0.585938,0.499146,0.043182,0.382812,0.609375,0.006148,0.037731,0.004732,1,50.0824,7.991377,264.762,0.324082,1,0.396114,1,4,16,0.015625,0.005131,-0.000422,0.015232,C-accelerated,138514.22,137900.0,2935.32,3800.0,1.3778
2026-03-30T05:54:31Z,2039078462,761,"Каждый день он вёл дневник. Записывал, что ел. Что пил. Какая была погода. Никогда не писал о своих чувствах.",109,44,1,49.5239,0.045147,0.382812,0.609375,0.495239,0.040809,0.367188,0.585938,0.006336,0.032733,0.004764,1,50.3326,7.991649,255.151,0.485566,1,0.785824,1,4,16,0.015625,-0.002233,0.002198,0.003738,C-accelerated,138012.0,137700.0,4372.91,3850.0,1.398
2026-03-30T05:54:31Z,2039078462,762,Она вязала шарф. Распускала. Вязала заново. Распускала. Вязала заново. Зима кончилась.,86,44,1,50.3296,0.043153,0.367188,0.59375,0.503296,0.044555,0.390625,0.617188,0.006326,0.029172,0.004723,1,49.6307,7.992172,239.604,0.747383,1,0.274959,1,4,16,0.015625,-0.012368,0.009443,0.003198,C-accelerated,135151.78,135600.0,1409.67,2200.0,0.8112
2026-03-30T05:54:31Z,2039078462,763,"Он научился чинить часы. Но не мог починить своё время. Оно шло то слишком быстро, то слишком медленно.",103,44,1,50.6226,0.043117,0.40625,0.625,0.506226,0.043028,0.390625,0.625,0.00625,0.030516,0.004714,1,50.0244,7.990666,284.544,0.098505,1,0.623403,1,4,16,0.015625,0.00722,0.004641,-0.006067,C-accelerated,137904.44,137000.0,3652.01,5300.0,1.9343
2026-03-30T05:54:31Z,2039078462,764,Она сварила кашу. Каша остыла. Она подогрела её. Она снова остыла. Он всё не возвращался. Она съела одна.,105,44,1,50.1099,0.048894,0.375,0.601562,0.501099,0.044898,0.382812,0.609375,0.006146,0.027594,0.004647,1,50.354,7.992499,228.387,0.883437,1,0.920254,1,4,16,0.015625,0.00302,0.000892,0.001638,C-accelerated,134470.0,134300.0,1175.17,1800.0,0.6701
2026-03-30T05:54:31Z,2039078462,765,"Дождь кончился. Он сложил зонт. Увидел радугу. Вспомнил, что она любила радугу. Отправил ей фото. Она уже не была его контактом.",128,44,1,49.2493,0.047133,0.375,0.617188,0.492493,0.047656,0.390625,0.640625,0.006299,0.028829,0.004716,1,50.0031,7.992085,241.024,0.726042,1,0.927827,1,4,16,0.015625,-0.004961,0.002063,-0.003948,C-accelerated,134798.22,134450.0,2739.05,3500.0,1.3016
2026-03-30T05:54:31Z,2039078462,766,Каждый день он кормил птиц. Птицы прилетали. Ели. Улетали. Он тоже уходил.,74,44,1,49.884,0.048111,0.367188,0.640625,0.49884,0.042479,0.382812,0.59375,0.006306,0.026842,0.004685,1,49.7223,7.990239,300.067,0.027558,0,0.859987,1,4,16,0.015625,0.009348,0.002225,-0.009336,C-accelerated,134812.89,135100.0,1556.11,2600.0,0.9623
2026-03-30T05:54:31Z,2039078462,767,Она завела кактус. Забывала поливать. Он выживал. Она стала поливать — он умер.,79,44,1,50.7324,0.049726,0.359375,0.617188,0.507324,0.042888,0.398438,0.625,0.006334,0.03111,0.004761,1,49.7772,7.99108,270.999,0.234675,1,0.04131,1,4,16,0.015625,-0.014879,-0.003076,-0.00252,C-accelerated,135027.78,134600.0,1976.41,2100.0,0.7801
2026-03-30T05:54:31Z,2039078462,768,Он ждал последний автобус. Автобус подошёл. Он не сел. Автобус уехал. Он остался ждать.,87,44,1,50.0366,0.045814,0.367188,0.640625,0.500366,0.045448,0.375,0.609375,0.006246,0.030889,0.004761,1,50.177,7.9909,276.608,0.168433,1,0.939199,1,4,16,0.015625,0.00757,-0.008489,0.013541,C-accelerated,136029.11,136100.0,1280.67,1700.0,0.6245
2026-03-30T05:54:31Z,2039078462,769,Она научилась готовить. Готовила для себя. Готовила для кошки. Кошка умерла. Она готовила для никого.,101,44,1,50.1953,0.047792,0.375,0.625,0.501953,0.043531,0.382812,0.625,0.006259,0.032724,0.004744,1,49.7101,7.991295,264.576,0.326978,1,0.778502,1,4,16,0.015625,0.005934,0.016361,-0.00135,C-accelerated,134279.56,134400.0,1234.57,1100.0,0.4092
2026-03-30T05:54:31Z,2039078462,770,Он написал на песке слово. Волна смыла. Он написал снова. Волна снова смыла. Он писал весь день.,96,44,1,49.3958,0.046632,0.382812,0.601562,0.493958,0.046046,0.34375,0.609375,0.006206,0.03052,0.004673,1,50.1648,7.990397,291.27,0.058809,1,0.626779,1,4,16,0.015625,-0.012146,-0.000189,0.000119,C-accelerated,134548.89,134350.0,1671.05,2700.0,1.0048
2026-03-30T05:54:31Z,2039078462,771,"Она открыла окно. Ветер влетел. Занавески зашевелились. Она тоже хотела пошевелиться, но не могла.",98,44,1,49.5544,0.043462,0.390625,0.617188,0.495544,0.040202,0.382812,0.59375,0.006244,0.032066,0.004675,1,50.0763,7.990719,281.402,0.122961,1,0.393466,1,4,16,0.015625,0.001648,0.002333,0.011267,C-accelerated,141918.89,138950.0,7070.25,10300.0,3.7064
2026-03-30T05:54:31Z,2039078462,772,Он писал письма далеко. Отправлял. Ответа не было. Продолжал писать. Продолжал отправлять. Пока почта не закрылась.,115,44,1,49.2798,0.044918,0.367188,0.617188,0.492798,0.045435,0.375,0.609375,0.00622,0.033201,0.004678,1,50.647,7.99149,259.27,0.413905,1,0.404123,1,4,16,0.015625,-0.003952,-0.001509,0.00151,C-accelerated,135992.22,135200.0,2883.95,2400.0,0.8876
2026-03-30T05:54:31Z,2039078462,773,Она посадила дерево. Поливала каждый день. Дерево выросло. Она постарела. Дерево продолжало расти.,98,44,1,49.7742,0.045692,0.34375,0.601562,0.497742,0.044433,0.390625,0.601562,0.006083,0.032613,0.004665,1,49.5514,7.989337,326.086,0.001727,0,0.019492,1,4,16,0.015625,-0.009157,-0.003182,0.007989,C-accelerated,144346.67,140500.0,8938.43,7675.0,2.7313
2026-03-30T05:54:31Z,2039078462,774,Он смотрел в зеркало на себя. Не узнавал. Спрашивал: кто ты? Зеркало молчало.,77,44,1,49.7864,0.040178,0.390625,0.59375,0.497864,0.045457,0.367188,0.601562,0.006114,0.028775,0.004671,1,49.6643,7.99097,277.376,0.160462,1,0.194731,1,4,16,0.015625,0.005692,-0.001398,0.002679,C-accelerated,140404.0,137900.0,6457.14,6750.0,2.4474
2026-03-30T05:54:31Z,2039078462,775,Она научилась молчать. В тишине она слышала много звуков. Среди звуков она снова обретала тишину.,97,44,1,49.2676,0.04355,0.382812,0.625,0.492676,0.044717,0.398438,0.59375,0.006196,0.032881,0.004716,1,49.5026,7.991258,264.064,0.335003,1,0.009372,0,4,16,0.015625,-0.00144,0.002444,-0.001952,C-accelerated,136221.33,136000.0,1554.52,2700.0,0.9926
2026-03-30T05:54:31Z,2039078462,776,Каждый день он проходил мимо двери. Дверь всегда была закрыта. Однажды она открылась. Внутри никого не было. Он вошёл и не вышел.,129,44,1,50.2136,0.042373,0.398438,0.59375,0.502136,0.040321,0.390625,0.601562,0.006305,0.029878,0.004679,1,49.7681,7.991739,249.891,0.578551,1,0.055916,1,4,16,0.015625,-0.003572,0.004451,0.003395,C-accelerated,135406.67,135500.0,1368.81,1775.0,0.655
2026-03-30T05:54:31Z,2039078462,777,Она считала овец. Досчитала до тысячи. Не заснула. Встала считать звёзды. Звёзды тоже не спали.,95,44,1,49.823,0.040244,0.390625,0.585938,0.49823,0.049083,0.375,0.609375,0.006313,0.032714,0.004782,1,50.2411,7.991522,254.615,0.495019,1,0.785824,1,4,16,0.015625,-0.006823,-0.014777,0.000239,C-accelerated,140182.22,136450.0,10296.79,7650.0,2.8032
2026-03-30T05:54:31Z,2039078462,778,Он собирал много бутылок. Пустых. Прозрачных. Смотрел сквозь них на свет. Ничего не видел. Но ему нравилось.,108,44,1,49.585,0.043421,0.398438,0.59375,0.49585,0.043705,0.382812,0.59375,0.006256,0.029162,0.004704,1,50.296,7.991912,246.912,0.630205,1,0.156807,1,4,16,0.015625,-0.005176,0.010266,-0.006121,C-accelerated,135573.33,136000.0,1291.42,2200.0,0.8088
2026-03-30T05:54:31Z,2039078462,779,Она научилась прощаться. С прошлым. С собой. С самим прощанием.,63,44,1,50.5981,0.046193,0.398438,0.617188,0.505981,0.042224,0.40625,0.609375,0.006178,0.032399,0.00475,1,50.2655,7.991561,255.313,0.482692,1,0.266661,1,4,16,0.015625,-0.003979,0.001707,-0.016232,C-accelerated,137002.0,137600.0,2310.26,3800.0,1.3808
2026-03-30T05:54:31Z,2039078462,780,Дождь бил по листьям. Листья падали. Дождь бил по земле. Земля становилась грязной. Дождь бил по нему. Он промокал.,115,44,1,50.0122,0.043793,0.351562,0.585938,0.500122,0.038977,0.414062,0.601562,0.006233,0.031027,0.004678,1,49.5239,7.992439,231.063,0.856626,1,0.428726,1,4,16,0.015625,0.001547,0.006156,-0.006832,C-accelerated,134556.0,134350.0,1966.95,2700.0,1.0048
2026-03-30T05:54:31Z,2039078462,781,"Ему снилось, что он проснулся. Просыпался — и понимал, что всё ещё во сне. Просыпался снова — и снова оказывался во сне. Так и не мог проснуться по-настоящему.",159,44,1,49.6887,0.046449,0.390625,0.625,0.496887,0.043061,0.40625,0.609375,0.006233,0.030901,0.004691,1,49.8199,7.990453,287.639,0.07823,1,0.845033,1,4,16,0.015625,0.000524,-0.003696,0.01002,C-accelerated,161579.78,153500.0,33644.87,17075.0,5.5619
2026-03-30T05:54:31Z,2039078462,782,"Каждый день она смотрелась в зеркало. Однажды зеркало разбилось. Она собрала себя заново. Получилось лучше, чем было.",117,44,1,49.939,0.046503,0.296875,0.609375,0.49939,0.044843,0.375,0.609375,0.006225,0.03267,0.004777,1,49.9817,7.991205,265.088,0.319043,1,0.538566,1,4,16,0.015625,-0.003235,0.008662,-0.010452,C-accelerated,134323.11,134800.0,1659.8,2700.0,1.0015
2026-03-30T05:54:31Z,2039078462,783,"Он посадил целый сад цветов. Когда они расцвели, она ушла. Когда они завяли, ушёл он.",85,44,1,49.3469,0.04136,0.398438,0.601562,0.493469,0.044664,0.367188,0.601562,0.006292,0.029052,0.004778,1,50.3723,7.991218,268.812,0.264256,1,0.163906,1,4,16,0.015625,-0.006787,0.010068,0.002886,C-accelerated,150825.11,141800.0,19700.8,19275.0,6.7965
2026-03-30T05:54:31Z,2039078462,784,Она написала стихотворение. Всего одну строку. Сама не поняла. Другим показала. Другие тоже не поняли. Стихотворение было довольно.,131,44,1,50.7263,0.041824,0.390625,0.632812,0.507263,0.045093,0.414062,0.617188,0.006231,0.037289,0.004643,1,50.0916,7.989711,312.588,0.007999,0,0.133174,1,4,16,0.015625,-0.00839,-0.010845,0.002836,C-accelerated,136701.11,136050.0,2796.62,4000.0,1.47
2026-03-30T05:54:31Z,2039078462,785,"Он завёл птицу. Птица говорила. Говорила ""здравствуй"". Говорила ""прощай"". Говорила ""есть хочу"". Потом говорила только ""прощай"".",127,44,1,50.3967,0.042264,0.414062,0.601562,0.503967,0.04525,0.390625,0.617188,0.006188,0.028535,0.004612,1,49.9969,7.991212,268.439,0.26949,1,0.946787,1,4,16,0.015625,-0.001098,0.007575,-0.000854,C-accelerated,144022.22,137550.0,21623.97,1775.0,0.6452
2026-03-30T05:54:31Z,2039078462,786,Она научилась варить кофе. Горький. Добавляла сахар. Всё равно горький. Перестала добавлять. Горький — так горький.,115,44,1,50.5493,0.045148,0.390625,0.679688,0.505493,0.043293,0.398438,0.625,0.006116,0.034089,0.004643,1,50.3967,7.990473,292.247,0.05431,1,0.385585,1,4,16,0.015625,0.000748,0.001963,0.004677,C-accelerated,135171.78,135300.0,1368.69,1500.0,0.5543
2026-03-30T05:54:31Z,2039078462,788,"Она мыла руки в реке. Вода была холодная. Вспомнила, как мыла руки в детстве. Тогда вода тоже была холодной.",108,44,1,49.6582,0.041876,0.421875,0.617188,0.496582,0.043331,0.382812,0.601562,0.00623,0.031275,0.004679,1,50.0519,7.989315,322.735,0.002575,0,0.428726,1,4,16,0.015625,-0.0106,0.005216,-0.010059,C-accelerated,137193.11,136450.0,2750.04,3800.0,1.3925
2026-03-30T05:54:31Z,2039078462,787,Он смотрел фильм. Там один человек ждал другого всю жизнь. Он заплакал. Плакал о себе.,86,44,1,49.9512,0.042385,0.390625,0.59375,0.499512,0.044202,0.359375,0.601562,0.00635,0.029009,0.004755,1,49.4843,7.990699,283.055,0.109592,1,0.789493,1,4,16,0.015625,0.00229,0.000292,-0.006338,C-accelerated,133681.11,133300.0,1365.88,2000.0,0.7502
2026-03-30T05:54:31Z,2039078462,789,Каждый день он ходил одной дорогой. Видел одни и те же деревья. Встречал одних и тех же людей. Говорил одни и те же слова. Менялся только он сам.,145,44,1,50.0793,0.039134,0.390625,0.585938,0.500793,0.042633,0.398438,0.585938,0.006155,0.029596,0.004679,1,50.2594,7.990599,285.615,0.09108,1,0.414952,1,4,16,0.015625,0.011425,0.003144,-0.002524,C-accelerated,134076.44,134300.0,1660.68,2500.0,0.9308
2026-03-30T05:54:31Z,2039078462,790,Она купила блокнот. Хотела что-то писать. Открыла первую страницу. Пусто. Закрыла. Так и остался пустым.,104,44,1,49.5483,0.040022,0.398438,0.609375,0.495483,0.04334,0.382812,0.59375,0.006217,0.031393,0.004744,1,49.7528,7.991677,255.034,0.487619,1,0.1997,1,4,16,0.015625,0.003142,-0.003101,-0.002191,C-accelerated,134894.0,134300.0,1585.82,2575.0,0.9587
2026-03-30T05:54:31Z,2039078462,791,Он научился чинить вещи. Починит — сломается. Снова починит — снова сломается. Потом перестал чинить. Ломается — и пусть.,121,44,1,49.3835,0.046154,0.382812,0.601562,0.493835,0.045916,0.382812,0.625,0.00626,0.029101,0.004719,1,49.7467,7.991154,270.86,0.236502,1,0.931616,1,4,16,0.015625,-0.006879,-0.00412,-0.00658,C-accelerated,139030.22,136050.0,5974.05,8375.0,3.0779
2026-03-30T05:54:31Z,2039078462,792,Она сварила суп. Пересолила. Добавила воды. Стал пресным. Добавила соли. Получилась огромная кастрюля. Одной не съесть.,119,44,1,49.9756,0.044826,0.40625,0.609375,0.499756,0.044258,0.382812,0.601562,0.006155,0.0294,0.004628,1,50.6256,7.991045,272.0,0.221829,1,0.093329,1,4,16,0.015625,4e-05,0.001261,-0.003288,C-accelerated,134583.56,135000.0,1688.65,3375.0,1.25
2026-03-30T05:54:31Z,2039078462,793,Он смотрел в окно. Пошёл дождь. Дождь кончился. Стемнело. Рассвело. Он всё смотрел.,83,44,1,49.939,0.047588,0.367188,0.609375,0.49939,0.042764,0.375,0.570312,0.006238,0.029346,0.00475,1,49.9298,7.990599,285.149,0.094253,1,0.830134,1,4,16,0.015625,-0.002669,-0.001347,0.001805,C-accelerated,133798.67,133500.0,1570.02,1700.0,0.6367
2026-03-30T05:54:31Z,2039078462,794,"Она научилась врать. Врала другим. Врала себе. Потом перестала понимать, где правда.",84,44,1,50.3296,0.039325,0.40625,0.617188,0.503296,0.041081,0.390625,0.648438,0.00625,0.036234,0.004762,1,49.5087,7.992591,225.036,0.911952,1,0.350101,1,4,16,0.015625,-0.006263,-0.008681,0.005222,C-accelerated,137339.33,134800.0,15403.3,3200.0,1.1869
2026-03-30T05:54:31Z,2039078462,795,"Он завёл собаку. Собака состарилась, перестала ходить. Он носил её на руках греться на солнце. Собака умерла. Он всё ещё носил.",127,44,1,49.4568,0.039783,0.414062,0.648438,0.494568,0.040578,0.382812,0.601562,0.006162,0.027712,0.004614,1,50.0488,7.990919,275.91,0.175909,1,0.942992,1,4,16,0.015625,0.004252,-0.006693,-0.005012,C-accelerated,135906.89,135500.0,2448.06,3075.0,1.1347
2026-03-30T05:54:31Z,2039078462,796,Каждый день она писала одно слово. Исписала всю тетрадь. Сложила слова вместе — получилась фраза. Она не заметила. Тетрадь потерялась.,134,44,1,50.1648,0.04323,0.375,0.585938,0.501648,0.041058,0.375,0.585938,0.006212,0.031563,0.00474,1,50.0153,7.993925,185.449,0.999644,1,0.996196,1,4,16,0.015625,0.00147,0.007666,0.00627,C-accelerated,134745.11,135100.0,1661.53,2400.0,0.8882
2026-03-30T05:54:31Z,2039078462,797,Он научился ждать. Ждать автобус. Ждать человека. Ждать времени. Ждать смерти. Смерть тоже ждала его.,101,44,1,50.4211,0.040956,0.421875,0.59375,0.504211,0.047711,0.390625,0.625,0.00624,0.031496,0.00472,1,49.6124,7.993236,205.231,0.990257,1,0.87875,1,4,16,0.015625,0.003879,-0.005155,-0.009104,C-accelerated,139624.0,135850.0,10087.41,4900.0,1.8035
2026-03-30T05:54:31Z,2039078462,798,Она посадила виноград. Виноград созрел. Кислый. На следующий год стал сладкий. Она ела одна. Не могла съесть всё.,113,44,1,50.4395,0.046093,0.414062,0.625,0.504395,0.041475,0.359375,0.601562,0.006147,0.031865,0.004732,1,50.0946,7.991521,258.362,0.42947,1,0.448449,1,4,16,0.015625,0.006513,-0.002757,-0.012687,C-accelerated,142079.78,139450.0,7084.14,9775.0,3.5048
2026-03-30T05:54:31Z,2039078462,799,Он разговаривал со стеной. Стена слушала. Стена не отвечала. Он продолжал говорить. Говорил много лет. Стена рухнула.,117,44,1,49.762,0.044027,0.382812,0.601562,0.49762,0.042697,0.390625,0.601562,0.006176,0.03065,0.004749,1,49.7192,7.991478,260.177,0.39851,1,0.48046,1,4,16,0.015625,0.001881,-0.006437,0.005791,C-accelerated,135982.44,135600.0,2449.58,2600.0,0.9587
2026-03-30T05:54:31Z,2039078462,800,Она научилась варить лапшу. Простую. Добавляла яйцо. Добавляла зелень. Добавляла мясо. Добавляла слишком много. Получалась еда из остатков.,139,44,1,50.0,0.0425,0.367188,0.609375,0.5,0.042969,0.398438,0.609375,0.006255,0.03127,0.00478,1,50.3265,7.99138,262.249,0.364129,1,0.942992,1,4,16,0.015625,0.000681,-0.004583,0.000574,C-accelerated,135027.33,134800.0,1291.76,1700.0,0.6306
2026-03-30T05:54:31Z,2039078462,801,Он смотрел на закат. Красиво. Пришёл на следующий день — уже не так красиво. На третий день не пришёл.,102,44,1,50.0488,0.042699,0.390625,0.59375,0.500488,0.047126,0.390625,0.617188,0.006231,0.031395,0.004659,1,49.8413,7.992897,213.888,0.971201,1,0.778502,1,4,16,0.015625,-0.011258,0.011205,0.000808,C-accelerated,139870.0,139200.0,3015.48,3200.0,1.1494
2026-03-30T05:54:31Z,2039078462,802,Она купила туфли. Не подошли по размеру. Натёрли мозоли. Продолжала носить. Ноги привыкли. Туфли привыкли.,106,44,1,49.8718,0.043616,0.40625,0.632812,0.498718,0.040721,0.375,0.601562,0.006244,0.034494,0.004784,1,50.0427,7.991073,273.536,0.202971,1,0.616675,1,4,16,0.015625,0.001839,-0.004695,-0.000827,C-accelerated,134747.11,134700.0,1554.36,1200.0,0.4454
2026-03-30T05:54:31Z,2039078462,803,Он научился молчать. Молчать среди людей. Молчать в одиночестве. Молчать в самой тишине.,88,44,1,50.0549,0.041881,0.367188,0.625,0.500549,0.042737,0.375,0.632812,0.006211,0.028723,0.00468,1,49.6582,7.992016,242.839,0.697648,1,0.804212,1,4,16,0.015625,-0.001181,0.006029,-0.00686,C-accelerated,138916.22,135400.0,8859.6,5600.0,2.0679
2026-03-30T05:54:31Z,2039078462,804,"Она завела черепаху. Черепаха жила долго. Она умерла. Черепаха осталась. Черепаха не знала, что её больше нет.",110,44,1,50.4272,0.049313,0.382812,0.671875,0.504272,0.043933,0.390625,0.625,0.006241,0.031746,0.004663,1,49.8657,7.991777,248.401,0.604556,1,0.462847,1,4,16,0.015625,0.002946,-0.006595,0.01001,C-accelerated,136632.67,136500.0,1336.65,1600.0,0.5861
2026-03-30T05:54:31Z,2039078462,805,Он написал много писем. Не отправил. Сложил в ящик. Однажды сжёг. Огонь был тёплым.,83,44,1,49.7253,0.042596,0.375,0.585938,0.497253,0.04145,0.382812,0.609375,0.006271,0.031205,0.004757,1,50.4364,7.991653,255.546,0.478592,1,0.156807,1,4,16,0.015625,0.001316,0.007972,0.002324,C-accelerated,135750.0,135500.0,2177.73,2975.0,1.0978
2026-03-30T05:54:31Z,2039078462,806,Она научилась забывать. Забывать вчерашний день. Забывать себя. Забывать само забытьё. В итоге помнила всё.,107,44,1,49.7925,0.044178,0.375,0.585938,0.497925,0.044005,0.382812,0.601562,0.006216,0.029769,0.004698,1,49.707,7.991398,261.551,0.375592,1,0.303132,1,4,16,0.015625,-0.000895,0.002939,-0.007209,C-accelerated,135005.11,135100.0,1401.71,2000.0,0.7402
2026-03-30T05:54:31Z,2039078462,807,Каждый день он ходил к морю. Смотрел на волны. Считал волны. Волны никого не ждали. Он тоже не ждал.,100,44,1,50.1465,0.038345,0.429688,0.617188,0.501465,0.044546,0.375,0.601562,0.006157,0.030801,0.004688,1,49.7986,7.99207,240.349,0.736288,1,0.326067,1,4,16,0.015625,0.00448,-0.006273,0.004259,C-accelerated,135746.67,135500.0,1936.26,2700.0,0.9963
2026-03-30T05:54:31Z,2039078462,808,Она посадила яблоню. Яблоки созрели. Сладкие. Хотела угостить его. Не нашла его.,80,44,1,50.116,0.049479,0.359375,0.609375,0.50116,0.04329,0.40625,0.609375,0.006314,0.034659,0.004751,1,50.3326,7.992283,233.6,0.827864,1,0.620035,1,4,16,0.015625,-0.000282,0.001634,0.003822,C-accelerated,134532.22,134500.0,1159.62,1200.0,0.4461
2026-03-30T05:54:31Z,2039078462,809,Он научился готовить. Готовил для себя. Готовил для кота. Кот умер. Готовил для пустоты.,88,44,1,49.6765,0.042032,0.375,0.617188,0.496765,0.042517,0.40625,0.601562,0.006244,0.030034,0.004739,1,49.7955,7.991765,249.169,0.591184,1,0.886275,1,4,16,0.015625,-0.010737,-0.000318,-0.003112,C-accelerated,136336.0,136100.0,2556.52,2975.0,1.0929
2026-03-30T05:54:31Z,2039078462,810,Она увидела в зеркале мать. Мать постарела. Она тоже постарела. Зеркало не постарело.,85,44,1,49.5911,0.041224,0.375,0.585938,0.495911,0.046023,0.359375,0.601562,0.006249,0.029886,0.004796,1,50.4669,7.990771,281.379,0.123157,1,0.147264,1,4,16,0.015625,0.00701,0.005563,0.005201,C-accelerated,135323.78,135400.0,1684.13,1300.0,0.4801
2026-03-30T05:54:31Z,2039078462,811,"Он завёл бамбук. Листья пожелтели. Полил — пожелтели ещё сильнее. Спросил у людей — сказали, что перелил. Перестал поливать. Бамбук засох.",138,44,1,50.4211,0.044878,0.390625,0.609375,0.504211,0.042544,0.398438,0.625,0.006325,0.037486,0.004765,1,49.7284,7.99114,267.462,0.283497,1,0.713557,1,4,16,0.015625,0.010259,0.007965,-0.006531,C-accelerated,132754.44,132150.0,1768.44,1500.0,0.5675
2026-03-30T05:54:31Z,2039078462,812,"Она научилась ходить. Шаг за шагом. Доходила сюда. Доходила туда. Дошла до того момента, когда уже не могла идти. Оглянулась назад — оказалось, что отошла недалеко.",164,44,1,50.0427,0.046592,0.375,0.625,0.500427,0.045756,0.335938,0.585938,0.00622,0.035284,0.004643,1,49.9054,7.991889,245.981,0.646005,1,0.852503,1,4,16,0.015625,-0.006977,0.008633,0.001517,C-accelerated,146427.11,142700.0,10980.73,14300.0,5.0105
2026-03-30T05:54:31Z,2039078462,813,Он прочитал много книг. Запоминал. Забывал. Снова читал. Снова забывал. В итоге ничего не помнил. Но чувствовал себя наполненным.,129,44,1,50.2747,0.044287,0.398438,0.59375,0.502747,0.042986,0.40625,0.632812,0.00631,0.027931,0.004726,1,49.6918,7.990691,284.8,0.096688,1,0.262578,1,4,16,0.015625,-0.000541,-0.009665,0.002494,C-accelerated,133393.33,132900.0,1682.34,2875.0,1.0816
2026-03-30T05:54:31Z,2039078462,814,Она научилась варить кашу. Простую. С мясом. С луком. Слишком много всего. Забыла положить крупу.,97,44,1,49.9451,0.047413,0.375,0.65625,0.499451,0.045472,0.390625,0.609375,0.006162,0.031015,0.004625,1,50.0702,7.991357,265.577,0.311555,1,0.396114,1,4,16,0.015625,-0.001434,-0.029592,-0.00828,C-accelerated,133927.56,134050.0,1536.17,2700.0,1.0071
2026-03-30T05:54:31Z,2039078462,815,Он посадил сливу. Зимой она зацвела. Красиво. Снег падал на цветы. Цветы не падали. Он падал.,93,44,1,50.1038,0.047855,0.351562,0.617188,0.501038,0.048822,0.351562,0.617188,0.006154,0.028481,0.004656,1,50.2716,7.991714,252.404,0.534179,1,0.848767,1,4,16,0.015625,0.000337,0.00695,-0.014739,C-accelerated,134606.67,134200.0,2243.24,2375.0,0.8849
2026-03-30T05:54:31Z,2039078462,816,"Каждый день она смотрела новости. Плохих было больше, чем хороших. Выключала. Включала снова. Выключала. Включала. Не могла остановиться.",137,44,1,50.8179,0.043486,0.390625,0.632812,0.508179,0.045574,0.398438,0.609375,0.006301,0.032679,0.004768,1,50.2258,7.991333,263.599,0.342373,1,0.586804,1,4,16,0.015625,0.004866,-0.00961,-0.001449,C-accelerated,141532.22,138100.0,8738.41,9750.0,3.5301
2026-03-30T05:54:31Z,2039078462,817,Он научился чинить велосипеды. Починил. Поехал. Колесо спустило. Пришёл пешком. Снова чинил.,92,44,1,50.7324,0.04632,0.398438,0.609375,0.507324,0.041314,0.414062,0.601562,0.006122,0.030958,0.004691,1,50.1526,7.990681,285.428,0.092339,1,0.939199,1,4,16,0.015625,-0.010538,-0.001187,-0.003361,C-accelerated,137043.33,136200.0,2130.52,2500.0,0.9178
2026-03-30T05:54:31Z,2039078462,818,"Она купила хлорофитум. Поставила на подоконник. Солнца было много — он быстро рос. Отрезала веточку, поставила в воду. Пустила корни. Так и росло: резала и сажала.",163,44,1,49.9634,0.048069,0.367188,0.640625,0.499634,0.045311,0.382812,0.632812,0.006227,0.03222,0.004738,1,50.0763,7.991003,272.652,0.213701,1,0.498432,1,4,16,0.015625,0.001133,0.000921,-0.014824,C-accelerated,135571.56,135800.0,2111.05,2300.0,0.8468
2026-03-30T05:54:31Z,2039078462,819,Он научился пить чай. Горький. С послевкусием. Снова горький. Снова послевкусие. Как жизнь. Похоже или нет — всё равно пил чай.,127,44,1,50.0305,0.047766,0.382812,0.632812,0.500305,0.040517,0.390625,0.625,0.00623,0.029085,0.004759,1,50.2625,7.991717,250.822,0.562167,1,0.333162,1,4,16,0.015625,-0.009873,0.001128,-0.001316,C-accelerated,169976.0,169700.0,1176.85,600.0,0.1768
2026-03-30T05:54:31Z,2039078462,820,Она посадила подсолнухи. Они поворачивались к солнцу. Солнце уходило — они опускали головы. Наутро снова поднимали.,115,44,1,50.0977,0.044356,0.40625,0.625,0.500977,0.042724,0.390625,0.601562,0.006269,0.029443,0.004686,1,49.8657,7.990984,272.745,0.212555,1,0.901355,1,4,16,0.015625,0.000599,-0.013543,0.0001,C-accelerated,135808.22,135800.0,1098.67,1400.0,0.5155
2026-03-30T05:54:31Z,2039078462,821,Он научился ждать. Ждал весну. Весна пришла. Ждал лето. Лето пришло. Ждал осень. Осень пришла. Ждал зиму. Зима пришла. Ждал весну.,130,44,1,49.1333,0.040867,0.40625,0.609375,0.491333,0.040562,0.382812,0.585938,0.006199,0.031784,0.004687,1,49.9603,7.991535,256.431,0.463055,1,0.706458,1,4,16,0.015625,0.004516,0.006856,-0.00359,C-accelerated,134868.44,134700.0,2374.88,2600.0,0.9651
2026-03-30T05:54:31Z,2039078462,822,Она завела кошку. Кошка драла диван. Ругала. В следующий раз снова драла. Перестала ругать. Диван развалился. Купили новый. Кошка продолжила драть.,147,44,1,49.2981,0.043976,0.382812,0.617188,0.492981,0.04761,0.398438,0.632812,0.006219,0.031524,0.004684,1,49.9847,7.990529,289.175,0.06947,1,0.785824,1,4,16,0.015625,0.003425,-0.004975,0.006536,C-accelerated,134625.33,134500.0,1543.76,2500.0,0.9294
2026-03-30T05:54:31Z,2039078462,823,"Он научился варить кофе. В турке. В фильтре. В эспрессо-машине. Попробовал всё. В итоге вернулся к растворимому. Экономил время. Сэкономленное время тратил на то, чтобы просто сидеть и смотреть в стену.",202,44,1,49.9512,0.039581,0.414062,0.59375,0.499512,0.044621,0.382812,0.625,0.006304,0.029173,0.004709,1,49.7589,7.992097,240.954,0.72711,1,0.616675,1,4,16,0.015625,0.017334,0.009093,0.005031,C-accelerated,134372.44,134400.0,1528.59,2400.0,0.8929
2026-03-30T05:54:31Z,2039078462,824,"Каждый день она смотрелась в зеркало. Однажды зеркало сказало ""доброе утро"". Она испугалась. Потом привыкла. Зеркало перестало говорить. Ей стало не хватать.",157,44,1,50.0671,0.04288,0.414062,0.609375,0.500671,0.043935,0.390625,0.601562,0.006248,0.031837,0.004684,1,50.0946,7.991652,255.453,0.480231,1,0.193095,1,4,16,0.015625,-0.000286,0.00687,-0.012645,C-accelerated,144020.0,140300.0,8991.04,10550.0,3.7598
2026-03-30T05:54:31Z,2039078462,825,Он посадил дуб. Листья пожелтели. Опали. Он собрал их в кучу. Прыгал по ним. Хруст-хруст. Как будто осень разговаривала.,120,44,1,50.5188,0.042143,0.390625,0.65625,0.505188,0.038993,0.382812,0.59375,0.006231,0.034053,0.004734,1,50.2716,7.991278,262.365,0.362232,1,0.032699,1,4,16,0.015625,0.005146,0.004983,-0.007885,C-accelerated,174713.56,170700.0,5681.79,12475.0,3.6541
2026-03-30T05:54:31Z,2039078462,826,Она научилась готовить. Готовила для семьи. Семья ушла. Готовила для себя. Себя не стало. Готовила для воспоминаний.,116,44,1,49.7925,0.043284,0.367188,0.609375,0.497925,0.047386,0.382812,0.65625,0.006283,0.029387,0.004767,1,49.9695,7.992045,242.234,0.707243,1,0.796843,1,4,16,0.015625,0.011942,-0.00488,-0.007916,C-accelerated,147622.0,139300.0,29165.91,3275.0,1.1755
2026-03-30T05:54:31Z,2039078462,827,"Он завёл попугая. Учил говорить. Говори ""здравствуй"". Говори ""прощай"". Говори ""люблю"". Попугай научился только ""здравствуй"". Этого было достаточно.",147,44,1,49.823,0.047694,0.375,0.695312,0.49823,0.045389,0.375,0.59375,0.006252,0.034954,0.004681,1,49.5758,7.992703,222.685,0.928734,1,0.789493,1,4,16,0.015625,-0.021175,0.011341,0.005963,C-accelerated,136442.44,136400.0,1034.71,500.0,0.1833
2026-03-30T05:54:31Z,2039078462,828,Она научилась молчать. Молчать в шуме. Молчать в тишине. В тишине услышала себя. Услышала — и успокоилась.,106,44,1,49.762,0.048412,0.375,0.617188,0.49762,0.041553,0.34375,0.609375,0.00627,0.031,0.004722,1,49.6887,7.991249,266.833,0.2927,1,0.109196,1,4,16,0.015625,0.010519,0.010151,0.003872,C-accelerated,145346.89,141200.0,9673.72,12175.0,4.3113
2026-03-30T05:54:31Z,2039078462,829,"Он смотрел фильм про старика. Старик умер. Он заплакал. Плакал оттого, что сам когда-нибудь умрёт. Поплакал — и продолжил жить.",127,44,1,49.9512,0.040191,0.414062,0.609375,0.499512,0.048236,0.382812,0.632812,0.006253,0.029621,0.004705,1,50.0275,7.992416,230.854,0.858855,1,0.504501,1,4,16,0.015625,-0.008683,-0.002431,-0.011236,C-accelerated,140748.22,138500.0,6372.95,7700.0,2.7798
2026-03-30T05:54:31Z,2039078462,830,Она посадила огород. Капусту. Морковь. Помидоры. Черви тоже ели. Она делилась с червями. Черви делились с ней. Всем хватало.,124,44,1,49.5178,0.046764,0.382812,0.625,0.495178,0.040796,0.40625,0.632812,0.00617,0.030106,0.004683,1,49.7711,7.991076,272.326,0.217741,1,0.807902,1,4,16,0.015625,-0.003041,-0.013888,-0.002771,C-accelerated,135746.67,133500.0,6006.71,3950.0,1.4794
2026-03-30T05:54:31Z,2039078462,831,"Он научился чинить часы. Починил время. Не смог починить себя. Внутри него время шло то бешено быстро, то почти останавливалось.",128,44,1,49.2615,0.040257,0.390625,0.59375,0.492615,0.048537,0.382812,0.664062,0.006252,0.030119,0.004657,1,50.1587,7.992616,225.571,0.907766,1,0.557621,1,4,16,0.015625,0.003461,-0.002925,-0.005317,C-accelerated,133588.44,133500.0,904.97,1200.0,0.4494
2026-03-30T05:54:31Z,2039078462,832,Она купила красные туфли. Слишком красные. Не решалась надеть. Лежали в шкафу. Выцвели. Перестали быть красными. Можно было надеть. Но уже не хотелось.,151,44,1,49.3591,0.040635,0.390625,0.617188,0.493591,0.042348,0.40625,0.609375,0.006236,0.031369,0.004737,1,49.3134,7.991884,246.191,0.642468,1,0.350101,1,4,16,0.015625,-0.003821,0.008625,0.001237,C-accelerated,135928.89,135900.0,1447.78,2100.0,0.7726
2026-03-30T05:54:31Z,2039078462,833,Каждый день он писал по стихотворению. Написал триста шестьдесят пять. Сжёг. На следующий год написал новые. Снова сжёг. Пепел пошёл на удобрение для цветов. Цветы выросли красивые.,181,44,1,50.769,0.046302,0.375,0.609375,0.50769,0.044784,0.414062,0.617188,0.006239,0.028686,0.004759,1,50.4578,7.99249,226.548,0.899765,1,0.822708,1,4,16,0.015625,-0.00367,0.001682,0.004236,C-accelerated,143317.56,140400.0,8437.61,8400.0,2.9915
2026-03-30T05:54:31Z,2039078462,834,Она научилась варить уху. Рыба была живая. Убила. Сварила. Выпила. Рыба умерла. Она осталась жить. Рыба жила теперь внутри неё.,127,44,1,49.4202,0.046139,0.390625,0.609375,0.494202,0.041297,0.375,0.625,0.006163,0.028556,0.004689,1,49.6368,7.991496,255.849,0.473268,1,0.52294,1,4,16,0.015625,-0.006431,0.005697,0.006032,C-accelerated,144722.0,139050.0,13013.46,15900.0,5.7174
2026-03-30T05:54:31Z,2039078462,835,Он посадил иву у реки. Ветки свисали вниз. Под ней сидели рыбаки. Кто-то ловил рыбу. Кто-то нет. Все сидели.,108,44,1,49.6643,0.039205,0.414062,0.59375,0.496643,0.045067,0.398438,0.609375,0.006205,0.030313,0.004755,1,49.4965,7.990168,300.137,0.027383,0,0.560828,1,4,16,0.015625,-0.001205,0.000819,0.012746,C-accelerated,135870.67,135800.0,1311.14,2175.0,0.8008
2026-03-30T05:54:31Z,2039078462,836,Она завела кролика. Кролик ел морковку. Она давала морковку. Кролик ел. Она радовалась. Кролик умер. Она плакала. Кролик не знал об этом.,137,44,1,50.0,0.047451,0.382812,0.640625,0.5,0.038447,0.40625,0.625,0.006161,0.033222,0.004683,1,50.238,7.991134,268.975,0.261984,1,0.793166,1,4,16,0.015625,0.000294,0.003328,-0.000155,C-accelerated,136420.67,136400.0,1714.36,2300.0,0.8431
2026-03-30T05:54:31Z,2039078462,837,Он научился забывать. Забывать номера телефонов. Забывать дни рождения. Забывать дорогу домой. Помнил только её имя. Этого хватало.,131,44,1,49.8474,0.044442,0.375,0.59375,0.498474,0.041834,0.335938,0.59375,0.006171,0.028454,0.004682,1,50.5249,7.991279,261.946,0.369079,1,0.901355,1,4,16,0.015625,0.005517,-0.003142,-0.007262,C-accelerated,135616.22,135400.0,2315.77,3175.0,1.1725
2026-03-30T05:54:31Z,2039078462,838,Она купила прозрачную вазу. Ставила туда розы. Розы вяли. Ставила лилии. Лилии вяли. Ставила сухоцветы. Они стояли вечно.,121,44,1,49.8779,0.042796,0.390625,0.609375,0.498779,0.043852,0.359375,0.609375,0.006283,0.030482,0.004702,1,50.3784,7.992156,237.859,0.772478,1,0.459947,1,4,16,0.015625,-0.002961,0.001662,-0.001705,C-accelerated,135640.44,134500.0,2728.45,4800.0,1.7844
2026-03-30T05:54:31Z,2039078462,839,Он научился играть в шахматы. Играл с соседом. Сосед уехал. Играл сам с собой. Проигрывал и выигрывал сам себе. Перестал играть.,128,44,1,50.2869,0.049109,0.375,0.609375,0.502869,0.040393,0.40625,0.585938,0.006245,0.030487,0.004678,1,49.9115,7.991589,256.384,0.463871,1,0.626779,1,4,16,0.015625,0.007627,0.006696,-0.003251,C-accelerated,133973.33,133800.0,1361.55,1475.0,0.5512
2026-03-30T05:54:31Z,2039078462,840,Она посадила вьюнки. Они оплели всю стену. Утром цветы распускались. К вечеру закрывались. Каждое утро появлялись новые цветы. Старых уже не было.,146,44,1,49.7253,0.049407,0.398438,0.648438,0.497253,0.046029,0.367188,0.59375,0.00613,0.029747,0.004669,1,49.5636,7.992433,230.481,0.862763,1,0.931616,1,4,16,0.015625,0.000153,-0.002802,-0.012993,C-accelerated,139534.22,136500.0,6972.38,7250.0,2.6557
2026-03-30T05:54:31Z,2039078462,841,Он держал аквариум. Рыбки были красные. Чёрные. Пёстрые. Кормил. Менял воду. Они умирали одна за другой. Последняя прожила дольше всех. Тоже умерла.,148,44,1,50.1587,0.047102,0.375,0.609375,0.501587,0.041848,0.359375,0.601562,0.006234,0.035054,0.00467,1,49.9573,7.99199,246.028,0.64522,1,0.225935,1,4,16,0.015625,-0.001862,0.018481,0.009502,C-accelerated,135598.22,135300.0,2620.75,3800.0,1.4043
2026-03-30T05:54:31Z,2039078462,842,Она научилась петь. Пела для птиц. Птицы улетали. Пела для себя. Она засыпала. Пела для воздуха. У воздуха не было ушей.,120,44,1,49.8108,0.040368,0.390625,0.59375,0.498108,0.041152,0.34375,0.601562,0.006357,0.034017,0.0048,1,49.7681,7.990652,284.521,0.098671,1,0.203063,1,4,16,0.015625,-0.000216,0.012734,-0.003217,C-accelerated,138461.11,138100.0,3590.09,3600.0,1.3034
2026-03-30T05:54:31Z,2039078462,843,Он смотрел на снег. Снег шёл сильный. Весь мир стал белым. На следующий день снег перестал. Мир стал грязным. Он скучал по снегу. Снег по нему не скучал.,153,44,1,50.4028,0.044118,0.40625,0.632812,0.504028,0.045919,0.375,0.625,0.00626,0.029762,0.004736,1,49.5789,7.991272,264.739,0.324444,1,0.551233,1,4,16,0.015625,0.000535,-0.001534,0.003344,C-accelerated,134794.0,134850.0,1287.13,1800.0,0.6674
2026-03-30T05:54:31Z,2039078462,844,Она научилась варить фасолевый суп. Добавляла сахар. Слишком сладко. Добавляла воду. Слишком пресно. Добавляла фасоль. Слишком много. Одной не съесть. Убирала в холодильник. Доест завтра.,187,44,1,49.3164,0.04593,0.375,0.625,0.493164,0.043421,0.390625,0.609375,0.006133,0.033607,0.004745,1,50.2045,7.992931,215.052,0.96718,1,0.20476,1,4,16,0.015625,0.007242,-0.003425,0.006802,C-accelerated,136070.44,136100.0,1328.77,1975.0,0.7256
2026-03-30T05:54:31Z,2039078462,845,Он посадил финиковую пальму из косточки. Прошло десять лет. Пальма выросла. Плодов не дала. Он всё равно был рад.,113,44,1,50.0305,0.040139,0.382812,0.601562,0.500305,0.043895,0.375,0.617188,0.006262,0.030218,0.004704,1,50.3021,7.991916,246.4,0.638919,1,0.620035,1,4,16,0.015625,0.001609,0.006881,0.000653,C-accelerated,135871.56,135700.0,2687.37,3475.0,1.2804
2026-03-30T05:54:31Z,2039078462,846,Каждый день она проходила десять тысяч шагов. Ходила так три года. Похудела. Стала здоровее. Стала счастливее. Зачем начала ходить — забыла. Но продолжала ходить.,162,44,1,49.9146,0.043016,0.367188,0.59375,0.499146,0.048399,0.390625,0.640625,0.006273,0.030982,0.004687,1,50.1007,7.991609,258.385,0.429069,1,0.526046,1,4,16,0.015625,-0.006239,-0.005091,-0.00261,C-accelerated,137270.89,136200.0,3498.27,5200.0,1.909
2026-03-30T05:54:31Z,2039078462,847,Он научился чинить компьютеры. Включаешь. Выключаешь. Синий экран. Перезагружаешь. Сломался. Покупаешь новый. Новый тоже сломается. Старый лежит в углу.,152,44,1,49.823,0.041076,0.382812,0.617188,0.49823,0.044924,0.375,0.601562,0.006194,0.032497,0.004681,1,50.3448,7.992656,224.012,0.919579,1,0.67832,1,4,16,0.015625,-0.002838,-0.014826,0.006939,C-accelerated,134692.89,134500.0,1357.02,1200.0,0.4461
2026-03-30T05:54:31Z,2039078462,848,Она купила дневник. В первый день написала три страницы. Во второй — две. На третий — одну. Дальше были пустые страницы. Потом дневник потерялся. Потом нашёлся. Она снова начала писать.,185,44,1,50.6042,0.042592,0.375,0.625,0.506042,0.037074,0.40625,0.601562,0.006217,0.028291,0.004638,1,49.7192,7.992242,237.254,0.780866,1,0.256534,1,4,16,0.015625,0.004211,-0.019318,-0.004551,C-accelerated,136251.11,136200.0,661.92,600.0,0.2203
2026-03-30T05:54:31Z,2039078462,849,Он посадил мяту в горшке. Заваривал чай. Освежало. Комары кусали — натирал место укуса. Тоже освежало. Мята разрасталась. Отдавал соседям. Соседи в ответ приносили другие растения.,180,44,1,49.5483,0.044265,0.382812,0.601562,0.495483,0.040201,0.40625,0.617188,0.006237,0.034398,0.004703,1,49.6582,7.991466,261.318,0.379442,1,0.296466,1,4,16,0.015625,-0.008306,0.00697,0.005922,C-accelerated,135358.22,135500.0,1760.93,1675.0,0.6181
2026-03-30T05:54:31Z,2039078462,850,Она завела собаку. Каждый день выгуливала. Собака выгуливала её. Собака состарилась. Перестала ходить. Она носила собаку на руках греться на солнце. Собака умерла. Она выгуливала себя сама.,189,44,1,50.2197,0.042421,0.398438,0.609375,0.502197,0.046885,0.40625,0.59375,0.006241,0.033315,0.004722,1,49.8993,7.990287,291.549,0.057493,1,0.654061,1,4,16,0.015625,-0.014227,-0.004157,0.004216,C-accelerated,133677.11,133000.0,2119.61,2300.0,0.8647
2026-03-30T05:54:31Z,2039078462,851,"Он научился молчать. Молчать во время ссор. Молчать, когда его не понимали. В молчании его наконец поняли. В понимании он продолжил молчать.",140,44,1,49.9573,0.048153,0.390625,0.625,0.499573,0.044466,0.40625,0.601562,0.00629,0.031126,0.00475,1,50.0092,7.991202,268.3,0.271468,1,0.423185,1,4,16,0.015625,-0.004091,0.003987,0.001125,C-accelerated,134806.22,134800.0,1378.05,1900.0,0.7047
2026-03-30T05:54:31Z,2039078462,852,Она прочитала книгу. Там мужчина ждал женщину всю жизнь. Дождался. Женщина умерла. Книга закрылась. Она заплакала.,114,44,1,50.0122,0.043498,0.375,0.59375,0.500122,0.042466,0.398438,0.640625,0.006214,0.03224,0.004712,1,49.8657,7.992479,229.248,0.875207,1,0.874992,1,4,16,0.015625,-0.006075,0.002193,0.00598,C-accelerated,138051.78,137400.0,3395.67,5100.0,1.8559
2026-03-30T05:54:31Z,2039078462,853,Он посадил кукурузу. Кукуруза созрела. Сварил. Вкусно. Оставил несколько початков на семена. На следующий год посадил снова. Так каждый год. Каждый год вкусно.,159,44,1,49.823,0.04709,0.398438,0.640625,0.49823,0.040703,0.398438,0.617188,0.006168,0.032465,0.004671,1,50.0397,7.991633,254.196,0.502429,1,0.189854,1,4,16,0.015625,-0.000578,-0.001126,-0.002541,C-accelerated,137216.22,135400.0,7041.17,4275.0,1.5787
2026-03-30T05:54:31Z,2039078462,854,Она научилась варить лапшу. С бульоном. С овощами. С мясом. Вкусно. Ела одна. Не доедала. Выливала. Жалко. В следующий раз варила меньше.,137,44,1,50.8911,0.047789,0.390625,0.648438,0.508911,0.04477,0.414062,0.640625,0.006277,0.030033,0.004736,1,49.6552,7.990919,277.353,0.1607,1,0.037222,1,4,16,0.015625,0.008143,0.008246,0.008065,C-accelerated,135160.0,135200.0,2138.17,2600.0,0.9615
2026-03-30T05:54:31Z,2039078462,855,Каждый день он поливал цветы. Цветы распускались. Вяли. Снова распускались. Он старел. Уже не мог поливать. Цветы ждали. Он не приходил.,136,44,1,50.0916,0.04554,0.367188,0.609375,0.500916,0.043031,0.398438,0.601562,0.006195,0.028757,0.004658,1,50.293,7.991332,263.366,0.346084,1,0.377802,1,4,16,0.015625,-0.003955,-5.7e-05,0.008427,C-accelerated,134588.44,134300.0,1351.1,1700.0,0.6329
2026-03-30T05:54:31Z,2039078462,856,Она купила мягкие тапочки. Удобные. Носила долго. Прохудились. Жалко выбросить. Зашила. Снова носила. Снова прохудились. Снова зашила. В конце концов одни нитки остались.,170,44,1,50.531,0.040276,0.40625,0.625,0.50531,0.041293,0.40625,0.648438,0.006246,0.031204,0.00473,1,49.8627,7.990835,275.328,0.182307,1,0.342776,1,4,16,0.015625,-0.002062,0.000443,0.007051,C-accelerated,137467.33,136400.0,3780.43,5475.0,2.007
2026-03-30T05:54:31Z,2039078462,857,Он посадил виноград. Лоза оплела всю беседку. Летом сидел в тени. Осенью ел виноград. Зимой лоза засыхала. Весной снова прорастала. Так год за годом.,149,44,1,49.8047,0.046956,0.375,0.59375,0.498047,0.044826,0.382812,0.601562,0.006282,0.032997,0.004707,1,49.8413,7.992024,242.723,0.699503,1,0.225935,1,4,16,0.015625,-0.010268,-0.003529,-0.000773,C-accelerated,136133.56,135000.0,5068.43,3775.0,1.3981
2026-03-30T05:54:31Z,2039078462,858,"Она завела хомяка. Он бегал в колесе. Бежал, бежал. Колесо останавливалось — он останавливался. Колесо крутилось — он бежал снова. Он умер. Колесо осталось.",156,44,1,49.6216,0.040347,0.414062,0.65625,0.496216,0.04376,0.398438,0.601562,0.0062,0.027588,0.00466,1,49.7284,7.991996,242.164,0.708342,1,0.133174,1,4,16,0.015625,0.008833,-0.01548,-0.00216,C-accelerated,137692.0,136700.0,3196.35,4550.0,1.6642
2026-03-30T05:54:31Z,2039078462,859,Он научился варить кофе каждое утро. Нюхал — ароматно. Пил — горько. Привык к горечи. Если не горько — уже не кофе. Кофе знал об этом.,134,44,1,49.0173,0.044078,0.375,0.59375,0.490173,0.039212,0.375,0.578125,0.006228,0.034006,0.004684,1,50.1556,7.991573,255.919,0.47204,1,0.510609,1,4,16,0.015625,-0.001508,-0.004237,-0.006752,C-accelerated,133621.78,133500.0,1488.21,2300.0,0.8614
2026-03-30T05:54:31Z,2039078462,860,Она посадила розы с шипами. Срывала цветы — кололась. Кровь шла. Цветы красивые — стоило того. В следующий раз снова кололась. Всё равно стоило. Цветы завяли. Шипы остались.,173,44,1,50.4578,0.046676,0.398438,0.625,0.504578,0.042044,0.40625,0.632812,0.006306,0.032497,0.004682,1,49.7101,7.989274,328.343,0.001311,0,0.264614,1,4,16,0.015625,-0.00521,0.004687,-0.003521,C-accelerated,138798.67,137600.0,3659.2,5775.0,2.0985
2026-03-30T05:54:31Z,2039078462,861,Он посмотрел старый чёрно-белый фильм. Все актёры в том фильме уже умерли. Он смотрел на них молодыми. Они когда-то были молодыми. Он тоже был молодым.,151,44,1,50.3296,0.041817,0.382812,0.609375,0.503296,0.042619,0.390625,0.625,0.00625,0.030431,0.004695,1,49.7314,7.993106,210.956,0.979598,1,0.593384,1,4,16,0.015625,0.002951,0.009766,0.002949,C-accelerated,134497.33,134600.0,1741.01,2700.0,1.003
2026-03-30T05:54:31Z,2039078462,862,"Она научилась готовить для дочери. Дочь говорила ""вкусно"". Готовила для зятя. Зять говорил ""вкусно"". Готовила для внука. Внук говорил ""вкусно"". Все уехали. Она готовила для себя. Было невкусно.",193,44,1,50.6165,0.040696,0.40625,0.617188,0.506165,0.04065,0.390625,0.609375,0.006201,0.028325,0.004667,1,49.7925,7.991833,247.517,0.619835,1,0.345206,1,4,16,0.015625,0.00329,-0.000854,-0.001539,C-accelerated,135085.56,134500.0,1862.5,2500.0,0.9294
2026-03-30T05:54:31Z,2039078462,863,"Он завёл скворца. Скворец умел подражать. Подражал телефону. Подражал звонку в дверь. Подражал соседям, когда те ссорились. Подражал плачу ребёнка. Потом замолчал. Умер. Стало тихо.",181,44,1,50.0183,0.042918,0.375,0.609375,0.500183,0.051448,0.351562,0.609375,0.006269,0.035281,0.004753,1,50.354,7.991923,248.099,0.609798,1,0.560828,1,4,16,0.015625,-0.005593,0.005396,0.005499,C-accelerated,149921.78,149700.0,4059.93,4775.0,1.5949
2026-03-30T05:54:31Z,2039078462,865,Он посадил люффу. Она оплела весь забор. Выросло много плодов. Не съесть. Раздавал соседям. У соседей тоже урожай. Приносили обратно. Делал из люффы мочалки. Мылся ими много лет. Люффа всё не кончалась.,202,44,1,49.7925,0.050019,0.382812,0.632812,0.497925,0.045924,0.367188,0.585938,0.006246,0.032312,0.004728,1,50.2258,7.992717,222.685,0.928734,1,0.717116,1,4,16,0.015625,0.008805,-0.002761,-0.012893,C-accelerated,135565.78,135200.0,2385.69,4200.0,1.5533
2026-03-30T05:54:31Z,2039078462,864,Она купила рыбку. Посадила в таз. Каждый день меняла воду. Кормила. Рыбка выросла. Таз стал мал. Пересадила в аквариум. Рыбка выросла ещё. Пересадила в бассейн. Рыбка выросла. Она состарилась. Рыбка тоже. Они старели вместе.,224,44,1,50.3845,0.040595,0.414062,0.625,0.503845,0.046834,0.375,0.59375,0.006252,0.026917,0.004739,1,50.0183,7.990049,304.14,0.018803,0,0.451308,1,4,16,0.015625,0.006451,-0.002023,-0.011502,C-accelerated,139789.78,138700.0,4501.16,6775.0,2.4423
2026-03-30T05:54:31Z,2039078462,866,"Каждый день она смотрела на закат. С одного места. В одно время. Облака были разные. Цвета были разные. Настроение было разное. Закат был тот же. Она была разная. Закат ждал, когда она постареет.",195,44,1,50.1648,0.043363,0.398438,0.601562,0.501648,0.04681,0.390625,0.664062,0.006258,0.029838,0.004745,1,49.8077,7.992556,226.385,0.901131,1,0.660957,1,4,16,0.015625,-0.004288,-0.001534,-0.005184,C-accelerated,133882.22,133500.0,1337.77,2000.0,0.7491
2026-03-30T05:54:31Z,2039078462,867,"Он научился чинить велосипеды. Чинил соседям. Чинил друзьям. Чинил незнакомцам. Не брал денег. Брал ""спасибо"". ""Спасибо"" стало мало. Стал брать улыбку. Улыбки хватало.",167,44,1,50.1038,0.039323,0.414062,0.59375,0.501038,0.046264,0.398438,0.59375,0.006313,0.032911,0.004758,1,49.8688,7.991939,244.608,0.668923,1,0.852503,1,4,16,0.015625,0.008275,-0.008495,-0.016149,C-accelerated,134425.11,134200.0,1257.32,1400.0,0.5216
2026-03-30T05:54:31Z,2039078462,869,Hujan reda. Dia menutup payung. Menengadah ke langit. Pelangi. Dia tersenyum. Itu satu-satunya hal baik hari ini.,113,44,1,49.7925,0.046768,0.390625,0.617188,0.497925,0.043864,0.375,0.617188,0.006261,0.028815,0.004641,1,49.9329,7.992673,223.593,0.922557,1,0.345206,1,4,16,0.015625,-0.004493,0.001516,0.00514,C-accelerated,137218.22,135800.0,4281.45,5875.0,2.1631
2026-03-30T05:54:31Z,2039078462,868,Dia membuka pintu. Kucing itu duduk di sana. Ia menatapnya. Lalu pergi. Dia menunggu. Kucing itu tak kembali.,109,44,1,49.2126,0.043613,0.382812,0.601562,0.492126,0.048372,0.375,0.617188,0.00629,0.029881,0.00473,1,50.2014,7.991135,269.021,0.261337,1,0.152661,1,4,16,0.015625,-0.000425,0.001794,-0.007613,C-accelerated,140506.89,138200.0,8031.44,4600.0,1.6643
2026-03-30T05:54:31Z,2039078462,870,Dia berkirim kabar setiap pagi. Tiga tahun. Tak pernah dibalas. Dia terus melakukannya. Itu ritualnya.,102,44,1,50.4639,0.041883,0.351562,0.601562,0.504639,0.044553,0.375,0.625,0.006058,0.03095,0.004583,1,50.3296,7.991221,268.207,0.27279,1,0.984786,1,4,16,0.015625,-0.013204,-0.003047,-0.012402,C-accelerated,134588.89,134800.0,1457.73,2300.0,0.8531
2026-03-30T05:54:31Z,2039078462,871,Tehnya dingin. Dia memanaskan lagi. Dia belum pulang. Telepon tak dijawab. Tehnya dibuang. Ini kali ketujuh.,108,44,1,50.2258,0.044174,0.382812,0.617188,0.502258,0.043313,0.382812,0.632812,0.006159,0.032739,0.004669,1,49.4507,7.992086,240.908,0.727821,1,0.89381,1,4,16,0.015625,0.013623,0.004527,0.018161,C-accelerated,145189.78,138200.0,23660.09,3975.0,1.4381
2026-03-30T05:54:31Z,2039078462,872,Foto lama seseorang mirip saya. Tapi bukan saya. Ibu bilang itu bibi. Bibi sudah lama pergi. Saya tak pernah melihatnya.,120,44,1,50.2319,0.043491,0.390625,0.609375,0.502319,0.045548,0.375,0.632812,0.006252,0.02773,0.004695,1,50.412,7.991663,255.709,0.475724,1,0.235204,1,4,16,0.015625,-0.002156,0.005878,-0.005588,C-accelerated,146366.0,138250.0,18898.73,16750.0,6.0579
2026-03-30T05:54:31Z,2039078462,873,Bulan purnama. Saya menonton sendiri. Teringat janji kita menonton bersama. Dengan siapa kau menonton sekarang?,111,44,1,50.2991,0.044689,0.390625,0.609375,0.502991,0.039319,0.40625,0.59375,0.006284,0.030864,0.004715,1,50.2075,7.990745,281.1,0.125533,1,0.939199,1,4,16,0.015625,0.009792,-0.00235,-0.006622,C-accelerated,140022.22,136100.0,9789.23,5000.0,1.8369
2026-03-30T05:54:31Z,2039078462,874,Kunci tak bisa masuk. Sudah dicoba berkali-kali. Tetangga bilang rumah itu kosong. Tapi saya melihat lampu menyala.,115,44,1,51.123,0.043121,0.40625,0.625,0.51123,0.044299,0.390625,0.648438,0.006149,0.033689,0.004704,1,49.6765,7.992017,243.305,0.690184,1,0.462847,1,4,16,0.015625,-0.00307,-0.002324,-0.005699,C-accelerated,134345.78,134700.0,1698.35,2775.0,1.0301
2026-03-30T05:54:31Z,2039078462,875,Dia menanam bunga. Menyiram setiap hari. Bunga tak kunjung mekar. Orang bilang itu bunga palsu. Dia tetap menyiram.,115,44,1,50.2075,0.041392,0.375,0.601562,0.502075,0.04421,0.40625,0.625,0.006234,0.032594,0.004729,1,50.0061,7.991364,261.923,0.369461,1,0.606644,1,4,16,0.015625,-0.003542,-0.00448,-0.000727,C-accelerated,137247.33,135600.0,5059.92,3300.0,1.2168
2026-03-30T05:54:31Z,2039078462,876,Kereta terakhir. Saya naik. Gerbong hanya satu orang. Dia tersenyum pada saya. Saya turun.,90,44,1,50.592,0.043044,0.390625,0.648438,0.50592,0.038494,0.375,0.625,0.006231,0.033855,0.004689,1,50.0671,7.991488,259.945,0.40244,1,0.274959,1,4,16,0.015625,0.003859,-0.01165,-0.000715,C-accelerated,150736.44,142800.0,21468.27,22125.0,7.7468
2026-03-30T05:54:31Z,2039078462,877,Ayah mengajar naik sepeda. Memegang dari belakang. Saya menoleh. Dia sudah melepas. Saya melaju jauh.,101,44,1,49.7009,0.042243,0.390625,0.617188,0.497009,0.043136,0.390625,0.609375,0.006143,0.034795,0.00469,1,50.0793,7.991542,258.897,0.420271,1,0.492402,1,4,16,0.015625,-0.002433,-0.004959,-0.005006,C-accelerated,139919.33,136550.0,7834.31,7650.0,2.8012
2026-03-30T05:54:31Z,2039078462,878,Kucing mati. Dikubur di bawah pohon. Tahun berikutnya pohon berbunga. Putih. Kucing itu juga putih dulu.,104,44,1,50.2197,0.04215,0.382812,0.601562,0.502197,0.041695,0.390625,0.609375,0.006248,0.030618,0.00477,1,49.7772,7.990347,293.015,0.050976,1,0.292077,1,4,16,0.015625,-0.002043,0.004708,-0.010778,C-accelerated,133991.78,134300.0,1674.46,2500.0,0.9308
2026-03-30T05:54:31Z,2039078462,879,Dia bercermin setiap hari. Wajah di cermin makin muda. Dia takut. Lalu berhenti bercermin.,90,44,1,50.2441,0.050845,0.382812,0.609375,0.502441,0.04417,0.375,0.617188,0.00617,0.030208,0.004685,1,50.4333,7.992352,232.623,0.83933,1,0.303132,1,4,16,0.015625,-0.001855,0.000776,-0.002803,C-accelerated,141786.44,135900.0,16502.79,6775.0,2.4926
2026-03-30T05:54:31Z,2039078462,880,Dia menanti surat yang takkan datang. Pak pos lewat setiap hari. Menggeleng. Dia terus menanti.,95,44,1,49.7375,0.041676,0.398438,0.59375,0.497375,0.046572,0.367188,0.609375,0.006224,0.028922,0.004747,1,50.1251,7.992513,226.176,0.902868,1,0.931616,1,4,16,0.015625,-0.007451,-0.003302,-0.009985,C-accelerated,144018.0,139950.0,12488.56,10300.0,3.6799
2026-03-30T05:54:31Z,2039078462,881,Masakan sudah siap. Sendok garpu terhampar. TV menyala. Tak ada yang makan. Semua pergi.,88,44,1,49.8779,0.037916,0.398438,0.578125,0.498779,0.04609,0.398438,0.609375,0.006288,0.030691,0.004684,1,50.2167,7.991975,242.42,0.704304,1,0.931616,1,4,16,0.015625,-0.004997,-0.005873,-0.007731,C-accelerated,138243.11,135800.0,6067.5,7100.0,2.6141
2026-03-30T05:54:31Z,2039078462,882,Dia beli dua eskrim. Satu untukku. Satu untuknya. Punyaku meleleh. Punyanya juga.,81,44,1,49.1821,0.040381,0.40625,0.609375,0.491821,0.044579,0.382812,0.59375,0.006248,0.034923,0.004655,1,50.3082,7.991424,260.596,0.391469,1,0.298677,1,4,16,0.015625,-0.002454,-0.00231,0.002973,C-accelerated,133818.89,133400.0,1307.63,2300.0,0.8621
2026-03-30T05:54:31Z,2039078462,883,Pohon di luar jendela ditebang. Seminggu bersedih. Lalu sadar bisa melihat gunung di kejauhan.,94,44,1,50.3601,0.044128,0.414062,0.625,0.503601,0.043563,0.398438,0.617188,0.006239,0.030593,0.004709,1,50.2869,7.992778,220.335,0.943037,1,0.695857,1,4,16,0.015625,-0.000208,-0.000333,-0.001859,C-accelerated,166177.11,169900.0,13929.26,2875.0,0.8461
2026-03-30T05:54:31Z,2039078462,884,Dia berhenti merokok seratus kali. Gagal terus. Doktor bilang kalau lanjut tak akan bertahan setahun. Dia bilang: mati ya mati saja.,132,44,1,49.9268,0.043481,0.375,0.59375,0.499268,0.042651,0.398438,0.601562,0.006278,0.032078,0.004745,1,50.0183,7.989838,307.793,0.013124,0,0.246678,1,4,16,0.015625,0.00034,0.011777,-0.000124,C-accelerated,141840.44,138500.0,10508.83,4875.0,1.7599
2026-03-30T05:54:31Z,2039078462,885,Dia tak tidur semalaman. Menanti fajar. Fajar tiba. Menanti senja. Begitulah sepanjang hidup.,93,44,1,49.9146,0.042006,0.421875,0.59375,0.499146,0.048063,0.40625,0.625,0.006237,0.034523,0.004719,1,49.9146,7.991684,253.382,0.516856,1,0.471609,1,4,16,0.015625,0.006577,0.007591,-0.001017,C-accelerated,133308.22,132700.0,1747.35,1375.0,0.5181
2026-03-30T05:54:31Z,2039078462,886,Bayi menangis. Ibu menenangkan. Ayah lembur. Bulan menyaksikan.,63,44,1,49.5728,0.046403,0.390625,0.625,0.495728,0.049109,0.335938,0.617188,0.006261,0.0282,0.004668,1,50.0763,7.990603,287.057,0.081767,1,0.019245,1,4,16,0.015625,-0.000163,-2e-05,0.001333,C-accelerated,133596.0,133900.0,1407.53,2400.0,0.8962
2026-03-30T05:54:31Z,2039078462,887,Dia menulis banyak puisi. Tak ada yang membaca. Dia baca sendiri. Membaca sambil menangis. Puisi itu tentang dia.,113,44,1,50.1526,0.043859,0.382812,0.617188,0.501526,0.045324,0.398438,0.640625,0.006227,0.030286,0.004743,1,49.823,7.990804,279.54,0.139418,1,0.001188,0,4,16,0.015625,0.002036,0.010272,-0.004943,C-accelerated,169832.44,140700.0,52571.19,54175.0,19.252
2026-03-30T05:54:31Z,2039078462,888,Dia kehilangan kunci. Tak bisa masuk rumah. Duduk di tangga menanti. Menanti sampai gelap. Tak ada yang datang membukakan.,122,44,1,49.7375,0.047424,0.359375,0.632812,0.497375,0.047474,0.351562,0.601562,0.006299,0.033313,0.004755,1,49.646,7.991931,245.772,0.649533,1,0.988589,1,4,16,0.015625,-0.004647,0.014836,0.004569,C-accelerated,144621.78,140500.0,12922.59,10175.0,3.621
2026-03-30T05:54:31Z,2039078462,889,Hujan tiga hari. Hari keempat reda. Hari kelima dia bawa payung. Payung tak kepakai. Dia tersenyum.,99,44,1,50.2686,0.043294,0.398438,0.632812,0.502686,0.04202,0.390625,0.585938,0.006275,0.032486,0.004693,1,50.0275,7.992485,227.642,0.890254,1,0.988589,1,4,16,0.015625,0.018884,-0.002285,-0.010366,C-accelerated,144552.0,141750.0,7663.15,9475.0,3.3422
2026-03-30T05:54:31Z,2039078462,890,Dia telepon ibu. Ibu tanya siapa. Dia bilang saya anakmu. Ibu bilang saya tak kenal kamu.,89,44,1,50.1587,0.045243,0.359375,0.609375,0.501587,0.047755,0.390625,0.65625,0.006239,0.028674,0.00471,1,49.6796,7.991953,245.167,0.659661,1,0.593384,1,4,16,0.015625,-0.003742,-0.005385,-0.008761,C-accelerated,134126.67,133700.0,1474.69,2400.0,0.8975
2026-03-30T05:54:31Z,2039078462,891,Dia membereskan barang lama. Menemukan surat. Tak pernah dikirim. Penerimanya dirinya sendiri. Tanggal sepuluh tahun lalu.,122,44,1,50.2869,0.045918,0.351562,0.632812,0.502869,0.044878,0.390625,0.585938,0.006341,0.02936,0.00475,1,49.7986,7.992036,240.209,0.738385,1,0.745804,1,4,16,0.015625,0.000483,0.008133,-0.003111,C-accelerated,133868.67,134100.0,1771.7,2500.0,0.9321
2026-03-30T05:54:31Z,2039078462,892,"Ikan mati. Dia buang ke toilet. Setiap kali ke toilet, dia teringat ikan itu.",77,44,1,49.3408,0.044927,0.382812,0.59375,0.493408,0.044231,0.390625,0.601562,0.00619,0.034913,0.004691,1,49.6155,7.990052,302.208,0.022596,0,0.076948,1,4,16,0.015625,0.003674,0.003496,-1.7e-05,C-accelerated,149920.67,140550.0,17937.5,23100.0,8.2177
2026-03-30T05:54:31Z,2039078462,893,Dia belajar makan sendiri. Pergi ke doktor sendiri. Rayakan hari raya sendiri. Tua sendiri.,91,44,1,49.6887,0.043568,0.351562,0.601562,0.496887,0.038028,0.40625,0.570312,0.006179,0.026843,0.00469,1,50.3326,7.992594,225.617,0.907396,1,0.91647,1,4,16,0.015625,0.006365,-0.006037,-0.000453,C-accelerated,140224.44,138400.0,7316.31,7325.0,2.6463
2026-03-30T05:54:31Z,2039078462,894,Dia melihatnya di keramaian. Dia juga melihatnya. Tak ada yang berhenti. Masing-masing terus berjalan.,102,44,1,49.2615,0.047785,0.375,0.671875,0.492615,0.041182,0.398438,0.601562,0.006401,0.03374,0.004737,1,50.5066,7.990693,285.056,0.094898,1,0.702918,1,4,16,0.015625,0.005564,0.018285,-0.001201,C-accelerated,133322.89,132800.0,1586.13,2200.0,0.8283
2026-03-30T05:54:31Z,2039078462,895,Bulan mengikuti saya. Saya berhenti dia berhenti. Saya lari dia lari. Sampai di rumah. Dia tetap di luar.,105,44,1,50.4944,0.041419,0.382812,0.59375,0.504944,0.039037,0.40625,0.59375,0.00622,0.030029,0.004698,1,49.7192,7.991327,263.436,0.344969,1,0.27706,1,4,16,0.015625,0.005496,-0.001127,-0.000226,C-accelerated,133762.44,133600.0,1280.53,1600.0,0.5988
2026-03-30T05:54:31Z,2039078462,896,Dia pelihara kucing. Kucing pergi. Pelihara anjing. Anjing pergi. Tak pelihara lagi.,84,44,1,49.8474,0.041283,0.40625,0.617188,0.498474,0.046845,0.398438,0.625,0.006094,0.028002,0.004601,1,50.3113,7.991269,266.484,0.297878,1,0.298677,1,4,16,0.015625,0.003174,-0.007339,-0.002596,C-accelerated,139728.22,138900.0,4508.82,7075.0,2.5468
2026-03-30T05:54:31Z,2039078462,897,Setiap hari dia ke kafe yang sama. Duduk di tempat sama. Pesan kopi sama. Baca koran sama. Sampai kafe tutup.,109,44,1,50.3357,0.044299,0.382812,0.625,0.503357,0.041012,0.40625,0.601562,0.006272,0.033547,0.004792,1,50.5463,7.991711,250.938,0.560114,1,0.699384,1,4,16,0.015625,0.000159,-0.004076,-0.000341,C-accelerated,146558.89,141300.0,12363.96,11350.0,4.0163
2026-03-30T05:54:31Z,2039078462,898,Dia menulis surat. Tanpa alamat. Tanpa penerima. Tak dikirim. Dibakar. Abunya beterbangan seperti kupu-kupu.,108,44,1,49.7253,0.045214,0.367188,0.601562,0.497253,0.046606,0.351562,0.609375,0.006249,0.028096,0.004692,1,50.3998,7.991071,270.464,0.241725,1,0.213401,1,4,16,0.015625,0.004919,0.000303,0.009167,C-accelerated,134668.0,134800.0,1716.96,1900.0,0.7047
2026-03-30T05:54:31Z,2039078462,899,Hujan mengetuk kaca. Dia menghitung titik. Seratus titik lalu tertidur. Bangun hujan masih turun.,97,44,1,50.1282,0.045875,0.382812,0.59375,0.501282,0.049205,0.382812,0.640625,0.006195,0.035856,0.004731,1,49.6429,7.99193,245.772,0.649533,1,0.841303,1,4,16,0.015625,-0.003798,-0.003354,0.000726,C-accelerated,138127.11,137150.0,2708.53,3475.0,1.2669
2026-03-30T05:54:31Z,2039078462,901,Dia membeli bunga. Sampai rumah tak ada vas. Masukkan ke gelas. Bunga mekar. Gelas senang.,90,44,1,49.6216,0.038645,0.398438,0.578125,0.496216,0.043454,0.375,0.625,0.006227,0.029585,0.004686,1,50.1465,7.992375,231.994,0.846448,1,0.398773,1,4,16,0.015625,0.0004,-0.001312,-0.00444,C-accelerated,138926.89,136700.0,8593.59,3100.0,1.1339
2026-03-30T05:54:31Z,2039078462,900,Dia menanti lama sekali. Sampai lupa siapa yang dinanti. Lupa bahwa dia menanti. Tapi tetap menanti.,100,44,1,49.5361,0.048519,0.382812,0.625,0.495361,0.048823,0.375,0.617188,0.006189,0.03093,0.004705,1,50.4272,7.991304,264.809,0.32336,1,0.21871,1,4,16,0.015625,0.002091,-0.005835,0.006451,C-accelerated,139114.22,138200.0,3885.2,6275.0,2.2703
2026-03-30T05:54:31Z,2039078462,902,"Dia berlatih senyum di depan cermin. Seumur hidup berlatih. Saat mati, wajahnya tanpa ekspresi.",95,44,1,49.5178,0.039088,0.382812,0.585938,0.495178,0.04277,0.398438,0.59375,0.00631,0.030042,0.004725,1,49.5331,7.991531,257.338,0.447205,1,0.774848,1,4,16,0.015625,0.005227,0.004416,0.010454,C-accelerated,134145.33,133600.0,1475.61,2100.0,0.7859
2026-03-30T05:54:31Z,2039078462,903,Dia berjalan jauh melihat pohon. Pohon itu ditebang. Dia berdiri lama di tempat itu.,84,44,1,50.1038,0.045306,0.390625,0.671875,0.501038,0.040435,0.375,0.617188,0.006362,0.027723,0.004743,1,49.9908,7.990867,277.772,0.15646,1,0.316761,1,4,16,0.015625,-0.006468,0.004897,-0.013541,C-accelerated,135505.11,135300.0,1471.28,1750.0,0.6467
2026-03-30T05:54:31Z,2039078462,904,Kucing berjemur di ambang jendela. Dia di situ. Matahari di situ. Saya di situ. Cukup.,86,44,1,50.4089,0.044312,0.351562,0.601562,0.504089,0.040205,0.40625,0.609375,0.006255,0.031001,0.004708,1,50.1282,7.992047,241.629,0.716709,1,0.573746,1,4,16,0.015625,0.000906,0.002444,0.009928,C-accelerated,140370.22,135100.0,16169.59,5050.0,1.869
2026-03-30T05:54:31Z,2039078462,905,Setiap hari dia menulis diari. Makan apa. Minum apa. Cuaca bagaimana. Tak pernah menulis perasaan.,98,44,1,50.1587,0.052329,0.390625,0.617188,0.501587,0.048014,0.40625,0.617188,0.006216,0.032001,0.004691,1,50.2319,7.991409,262.528,0.359583,1,0.692336,1,4,16,0.015625,0.006518,0.009115,-0.015915,C-accelerated,140559.33,137900.0,6444.96,8300.0,3.0094
2026-03-30T05:54:31Z,2039078462,906,Dia merajut syal. Dibuka. Dirajut ulang. Dibuka. Dirajut ulang. Musim dingin berlalu.,85,44,1,49.5361,0.043107,0.382812,0.609375,0.495361,0.042796,0.390625,0.59375,0.00631,0.030567,0.004775,1,49.881,7.991387,261.551,0.375592,1,0.541719,1,4,16,0.015625,-0.010319,0.015746,-0.000866,C-accelerated,135658.0,134800.0,3162.83,4500.0,1.6691
2026-03-30T05:54:31Z,2039078462,907,Dia belajar memperbaiki jam. Tapi tak bisa memperbaiki waktunya sendiri. Kadang terlalu cepat. Kadang terlalu lambat.,117,44,1,50.0549,0.041595,0.382812,0.609375,0.500549,0.039814,0.375,0.601562,0.006357,0.036135,0.004761,1,50.1251,7.991202,270.743,0.238031,1,0.504501,1,4,16,0.015625,-0.005244,0.006508,0.005769,C-accelerated,134323.56,134200.0,1868.67,2400.0,0.8942
2026-03-30T05:54:31Z,2039078462,908,Dia masak bubur. Bubur dingin. Dipanaskan. Dingin lagi. Dia belum pulang. Dia makan sendiri.,92,44,1,49.2188,0.051804,0.351562,0.609375,0.492188,0.043531,0.375,0.578125,0.006287,0.031393,0.004788,1,50.2136,7.991169,268.16,0.273453,1,0.04374,1,4,16,0.015625,0.012625,0.001427,0.001018,C-accelerated,135703.11,134200.0,5713.54,3400.0,1.2668
2026-03-30T05:54:31Z,2039078462,909,Hujan reda. Dia lipat payung. Lihat pelangi. Ingat dia suka pelangi. Kirim fotonya. Dia sudah bukan kontak.,107,44,1,49.9084,0.043919,0.351562,0.632812,0.499084,0.041554,0.382812,0.585938,0.006196,0.032902,0.004714,1,50.2747,7.991752,248.89,0.596057,1,0.793166,1,4,16,0.015625,0.011847,-0.001481,0.002672,C-accelerated,135463.11,134700.0,2225.81,4375.0,1.624
2026-03-30T05:54:31Z,2039078462,910,Setiap hari dia beri makan burung. Burung datang. Makan. Terbang. Dia juga pergi.,81,44,1,50.6958,0.040562,0.390625,0.609375,0.506958,0.046263,0.382812,0.609375,0.006313,0.031251,0.004703,1,50.0122,7.991521,258.502,0.427065,1,0.129518,1,4,16,0.015625,0.010214,0.000403,0.010426,C-accelerated,136240.0,136100.0,3018.45,4600.0,1.6899
2026-03-30T05:54:31Z,2039078462,911,Dia pelihara kaktus. Lupa menyiram. Kaktus bertahan. Dia rajin menyiram. Kaktus mati.,85,44,1,50.2075,0.046737,0.328125,0.617188,0.502075,0.047426,0.320312,0.601562,0.00617,0.030928,0.00466,1,49.6796,7.991203,268.835,0.263931,1,0.431512,1,4,16,0.015625,-0.008971,-0.010507,-0.002029,C-accelerated,142328.67,140550.0,7114.24,9175.0,3.264
2026-03-30T05:54:31Z,2039078462,912,Dia menanti bis terakhir. Bis tiba. Dia tak naik. Bis pergi. Dia terus menanti.,79,44,1,50.3601,0.041798,0.398438,0.617188,0.503601,0.040933,0.414062,0.585938,0.00616,0.027343,0.00467,1,50.174,7.992046,241.815,0.713811,1,0.10201,1,4,16,0.015625,0.003631,0.004157,-0.00226,C-accelerated,141287.78,138800.0,7099.5,7275.0,2.6207
2026-03-30T05:54:31Z,2039078462,913,Dia belajar memasak. Masak untuk diri sendiri. Masak untuk kucing. Kucing mati. Masak untuk tak ada siapa-siapa.,112,44,1,50.0122,0.042162,0.390625,0.617188,0.500122,0.043157,0.375,0.585938,0.006284,0.029678,0.004719,1,49.7894,7.990365,289.152,0.069597,1,0.252559,1,4,16,0.015625,-0.005101,0.010006,0.003501,C-accelerated,143335.56,139300.0,9597.06,11800.0,4.2355
2026-03-30T05:54:31Z,2039078462,914,Dia menulis kata di pasir. Ombak menghapus. Dia tulis lagi. Ombak hapus lagi. Dia menulis sepanjang hari.,105,44,1,50.3906,0.045888,0.398438,0.625,0.503906,0.043684,0.40625,0.625,0.006306,0.035,0.004793,1,50.1495,7.992002,245.329,0.656943,1,0.789493,1,4,16,0.015625,-0.007864,-7.8e-05,0.014682,C-accelerated,134188.44,134400.0,1899.66,2400.0,0.8929
2026-03-30T05:54:31Z,2039078462,915,রাতের ট্রেনে Ivan whispered a secret while the desert wind said سلام.,69,44,1,50.177,0.041847,0.398438,0.609375,0.50177,0.04349,0.359375,0.640625,0.006166,0.03209,0.004665,1,49.8962,7.991165,267.997,0.275779,1,0.034286,1,4,16,0.015625,-0.008977,-0.010645,-0.008569,C-accelerated,137818.0,137400.0,1466.72,2100.0,0.7642
2026-03-30T05:54:31Z,2039078462,916,Marie walked through the old bazaar and someone wrote любовь on the wall.,73,44,1,49.8413,0.041517,0.40625,0.59375,0.498413,0.041528,0.40625,0.601562,0.006121,0.029927,0.004632,1,49.8932,7.992837,217.356,0.957909,1,0.833854,1,4,16,0.015625,0.005495,-0.003081,-0.001838,C-accelerated,139314.44,136100.0,7045.36,7150.0,2.6267
2026-03-30T05:54:31Z,2039078462,917,নদীর ধারে Ahmed found a map and said هذا الطريق طويل.,53,44,1,49.7986,0.047973,0.382812,0.59375,0.497986,0.046663,0.382812,0.648438,0.006251,0.030995,0.004703,1,49.8688,7.99124,266.601,0.296147,1,0.513678,1,4,16,0.015625,0.003658,-0.006203,-0.010395,C-accelerated,143403.11,142900.0,3426.72,4075.0,1.4258
2026-03-30T05:54:31Z,2039078462,918,In the quiet village Luka heard the word дружба echo through the hills.,71,44,1,49.6094,0.047461,0.398438,0.632812,0.496094,0.045659,0.382812,0.632812,0.006264,0.031828,0.004696,1,49.9939,7.991984,245.446,0.654998,1,0.224113,1,4,16,0.015625,0.001924,0.011899,0.004875,C-accelerated,134714.67,134250.0,1500.98,2300.0,0.8566
2026-03-30T05:54:31Z,2039078462,919,Sofia opened the book and read μια ιστορία about a forgotten king.,66,44,1,49.5544,0.039928,0.40625,0.632812,0.495544,0.043286,0.390625,0.617188,0.006277,0.030044,0.00471,1,50.2716,7.992292,235.02,0.810366,1,0.235204,1,4,16,0.015625,0.014119,-0.00555,0.002227,C-accelerated,139774.44,138800.0,3082.35,5000.0,1.8012
2026-03-30T05:54:31Z,2039078462,920,রাতের বৃষ্টি fell softly while Farid murmured حلم صغير.,55,44,1,49.4873,0.046172,0.375,0.601562,0.494873,0.047726,0.328125,0.632812,0.006261,0.030968,0.004709,1,50.1007,7.993094,210.397,0.980943,1,0.72783,1,4,16,0.015625,-0.011184,-0.000181,-0.008753,C-accelerated,138894.44,139400.0,1846.5,2600.0,0.9326
2026-03-30T05:54:31Z,2039078462,921,On a broken bridge Mikhail wrote надежда beside the river.,58,44,1,49.5605,0.043528,0.414062,0.609375,0.495605,0.041024,0.40625,0.625,0.006255,0.037727,0.004662,1,50.3082,7.992098,241.559,0.717793,1,0.901355,1,4,16,0.015625,-0.006806,0.002248,-0.002081,C-accelerated,145874.89,143800.0,8402.83,12650.0,4.3985
2026-03-30T05:54:31Z,2039078462,922,The market smelled of spices and someone said سلام يا صديقي.,60,44,1,50.2075,0.04293,0.390625,0.585938,0.502075,0.042584,0.414062,0.601562,0.006191,0.029002,0.004663,1,50.0885,7.992372,231.482,0.8521,1,0.800525,1,4,16,0.015625,0.003564,0.000193,0.004331,C-accelerated,133858.0,133550.0,1583.27,1975.0,0.7394
2026-03-30T05:54:31Z,2039078462,923,Arif looked at the stars and whispered স্বপ্ন still lives.,58,44,1,51.001,0.04091,0.40625,0.625,0.51001,0.04548,0.414062,0.625,0.006193,0.031728,0.004704,1,50.1617,7.991401,260.41,0.394593,1,0.804212,1,4,16,0.015625,-0.006197,0.003817,-0.002006,C-accelerated,134482.67,134000.0,1875.98,1600.0,0.597
2026-03-30T05:54:31Z,2039078462,924,Elena carried a letter that said amour and never opened it.,59,44,1,49.8108,0.048826,0.382812,0.632812,0.498108,0.044428,0.398438,0.617188,0.00623,0.030996,0.004634,1,49.7986,7.989769,309.958,0.01053,0,0.355039,1,4,16,0.015625,-0.000848,-0.010292,0.008047,C-accelerated,133198.22,132700.0,1566.57,2200.0,0.8289
2026-03-30T05:54:31Z,2039078462,925,পুরোনো ঘরে Nikolai heard a clock ticking как время.,51,44,1,49.7742,0.044088,0.382812,0.640625,0.497742,0.042367,0.34375,0.617188,0.006185,0.032718,0.004726,1,50.2808,7.99308,210.932,0.979655,1,0.216929,1,4,16,0.015625,0.009567,0.004916,-0.003613,C-accelerated,134406.44,134200.0,1784.03,2500.0,0.9314
2026-03-30T05:54:31Z,2039078462,926,A traveler named Yusuf said الطريق طويل but smiled.,51,44,1,49.6948,0.044423,0.382812,0.609375,0.496948,0.037087,0.40625,0.59375,0.006151,0.033805,0.004697,1,50.351,7.990896,277.981,0.154369,1,0.52294,1,4,16,0.015625,0.01211,-0.010713,-0.010629,C-accelerated,140924.67,137450.0,7963.6,9925.0,3.6104
2026-03-30T05:54:31Z,2039078462,927,নদীর ওপারে someone sang canción antigua in the fog.,51,44,1,50.4395,0.046299,0.351562,0.625,0.504395,0.047368,0.382812,0.625,0.006203,0.029905,0.004659,1,50.1923,7.99187,246.191,0.642468,1,0.423185,1,4,16,0.015625,-0.004753,0.00139,0.006347,C-accelerated,143880.0,140300.0,10158.25,7400.0,2.6372
2026-03-30T05:54:31Z,2039078462,928,Camille wrote liberté on the sand beside the sea.,49,44,1,49.9451,0.044304,0.414062,0.609375,0.499451,0.044239,0.414062,0.648438,0.006269,0.032717,0.004753,1,49.8871,7.992157,238.743,0.759927,1,0.412229,1,4,16,0.015625,-0.006098,-0.000114,0.001457,C-accelerated,134366.67,134250.0,2123.58,3800.0,1.4153
2026-03-30T05:54:31Z,2039078462,929,রাতের বাতাস carried the word мир across the hills.,50,44,1,50.1038,0.044638,0.414062,0.609375,0.501038,0.042962,0.359375,0.617188,0.006291,0.027747,0.004803,1,49.9512,7.990822,278.028,0.153907,1,0.300899,1,4,16,0.015625,0.008422,0.016906,0.005589,C-accelerated,139797.78,138900.0,3103.09,4975.0,1.7909
2026-03-30T05:54:31Z,2039078462,930,Hassan opened a small café and wrote مرحبا above the door.,58,44,1,49.707,0.043366,0.390625,0.625,0.49707,0.044227,0.367188,0.601562,0.006196,0.026772,0.004597,1,50.2197,7.992062,242.42,0.704304,1,0.388201,1,4,16,0.015625,-0.007771,-0.006985,0.009637,C-accelerated,133956.67,133250.0,2189.48,2600.0,0.9756
2026-03-30T05:54:31Z,2039078462,931,In a silent alley Marta heard echoing шаги.,43,44,1,49.8535,0.045635,0.382812,0.625,0.498535,0.04476,0.40625,0.59375,0.006096,0.029901,0.004692,1,49.884,7.99101,273.559,0.202694,1,0.544881,1,4,16,0.015625,0.008304,-0.004799,-0.003847,C-accelerated,141128.22,138700.0,6962.98,8975.0,3.2354
2026-03-30T05:54:31Z,2039078462,932,Rahim found an old coin and whispered بركة.,43,44,1,49.8108,0.043823,0.398438,0.609375,0.498108,0.040131,0.375,0.59375,0.006234,0.027213,0.004728,1,50.0458,7.991777,250.333,0.570779,1,0.434309,1,4,16,0.015625,-0.003166,-0.000191,0.013058,C-accelerated,139942.22,137300.0,8000.9,4750.0,1.7298
2026-03-30T05:54:31Z,2039078462,934,A shepherd in Anatolia said rüzgar brings stories.,50,44,1,50.5798,0.046428,0.390625,0.664062,0.505798,0.044648,0.40625,0.625,0.006226,0.031917,0.00465,1,49.8688,7.991116,271.535,0.227749,1,0.852503,1,4,16,0.015625,-0.007977,0.008419,0.00479,C-accelerated,133657.33,132800.0,2793.95,1875.0,0.7059
2026-03-30T05:54:31Z,2039078462,933,লাল সূর্য rose as Anna spoke quietly about жизнь.,49,44,1,50.47,0.045401,0.382812,0.617188,0.5047,0.04423,0.382812,0.625,0.006275,0.026849,0.004714,1,50.0702,7.989088,332.486,0.00078,0,0.196377,1,4,16,0.015625,-0.003963,0.015371,-0.010095,C-accelerated,141055.33,138400.0,7033.77,7100.0,2.565
2026-03-30T05:54:31Z,2039078462,935,Sofia read a dusty diary that ended with שלום.,46,44,1,50.6226,0.04437,0.390625,0.632812,0.506226,0.046151,0.382812,0.632812,0.00623,0.031344,0.004721,1,49.7803,7.99272,222.615,0.929194,1,0.538566,1,4,16,0.015625,0.011147,-0.008954,-0.000341,C-accelerated,135432.89,135200.0,1458.65,1800.0,0.6657
2026-03-30T05:54:31Z,2039078462,936,নদীর জলে reflected the word свобода.,36,44,1,50.3113,0.049094,0.398438,0.648438,0.503113,0.049703,0.382812,0.632812,0.006235,0.036881,0.004707,1,50.1587,7.992498,225.827,0.905716,1,0.168279,1,4,16,0.015625,-0.004089,-0.00206,-0.010609,C-accelerated,137630.44,135600.0,5616.83,5750.0,2.1202
2026-03-30T05:54:31Z,2039078462,937,Karim walked through ruins saying يا زمن.,41,44,1,49.9634,0.041014,0.421875,0.609375,0.499634,0.045143,0.398438,0.609375,0.006237,0.028491,0.004703,1,49.8962,7.991123,268.3,0.271468,1,0.796843,1,4,16,0.015625,-0.013294,0.003205,0.001656,C-accelerated,134219.78,133700.0,1966.65,2600.0,0.9723
2026-03-30T05:54:31Z,2039078462,938,Mateo painted esperanza on a broken wall.,41,44,1,49.6338,0.04508,0.367188,0.65625,0.496338,0.045438,0.359375,0.59375,0.006285,0.02937,0.00475,1,50.3693,7.992343,235.136,0.808888,1,0.139443,1,4,16,0.015625,-0.004026,-0.00067,0.002396,C-accelerated,134415.78,134000.0,1680.96,1700.0,0.6343
2026-03-30T05:54:31Z,2039078462,939,রাতের আকাশ whispered тайна.,27,44,1,49.7498,0.043694,0.375,0.640625,0.497498,0.046229,0.359375,0.625,0.00622,0.031824,0.004687,1,49.7894,7.99215,237.999,0.770519,1,0.674834,1,4,16,0.015625,0.004206,0.002521,0.01081,C-accelerated,137234.22,137200.0,2101.26,1900.0,0.6924
2026-03-30T05:54:31Z,2039078462,940,Nadia brewed tea and said حياتنا قصيرة.,39,44,1,49.8535,0.039605,0.398438,0.625,0.498535,0.042091,0.398438,0.617188,0.006302,0.032571,0.00477,1,50.5096,7.991417,263.249,0.347946,1,0.837576,1,4,16,0.015625,-0.002126,-0.004038,0.004087,C-accelerated,136085.56,136050.0,2599.03,3700.0,1.3598
2026-03-30T05:54:31Z,2039078462,942,Selim looked at the moon and murmured gece uzun.,48,44,1,49.6399,0.039426,0.382812,0.59375,0.496399,0.045532,0.367188,0.601562,0.006248,0.033954,0.004672,1,50.0793,7.991353,264.623,0.326253,1,0.599997,1,4,16,0.015625,0.005474,-0.009599,0.000402,C-accelerated,140934.22,137400.0,7886.7,9100.0,3.3115
2026-03-30T05:54:31Z,2039078462,941,Old Pavel wrote память in his notebook.,39,44,1,49.823,0.041076,0.390625,0.585938,0.49823,0.045953,0.382812,0.601562,0.006287,0.034846,0.004673,1,50.5951,7.991373,263.203,0.348692,1,0.457057,1,4,16,0.015625,-0.004131,0.007973,-0.001542,C-accelerated,133279.11,133100.0,1207.41,1275.0,0.479
2026-03-30T05:54:31Z,2039078462,943,Elena and Farid argued about destino.,37,44,1,49.5178,0.042367,0.382812,0.632812,0.495178,0.041122,0.390625,0.585938,0.006177,0.029949,0.004697,1,50.0275,7.991182,267.485,0.283159,1,0.025674,1,4,16,0.015625,0.007085,-0.011398,-0.007148,C-accelerated,133858.0,133200.0,2277.6,1900.0,0.7132
2026-03-30T05:54:31Z,2039078462,944,The train stopped where someone wrote שלום עולם.,48,44,1,50.0,0.042072,0.382812,0.601562,0.5,0.040911,0.40625,0.601562,0.006291,0.031387,0.004727,1,49.6521,7.99033,295.668,0.040731,0,0.262578,1,4,16,0.015625,0.010838,0.004969,0.010653,C-accelerated,133416.44,132800.0,1975.77,2500.0,0.9413
2026-03-30T05:54:31Z,2039078462,946,Fatima smiled and whispered سلام عليكم.,39,44,1,49.6399,0.044085,0.351562,0.601562,0.496399,0.044053,0.359375,0.59375,0.006295,0.02963,0.004733,1,49.6033,7.992123,238.767,0.759592,1,0.04374,1,4,16,0.015625,-0.001711,0.003643,-0.005711,C-accelerated,134227.33,134100.0,1696.58,2500.0,0.9321
2026-03-30T05:54:31Z,2039078462,945,নদীর পাড়ে Ivan found a violin and played мелодия.,49,44,1,49.7986,0.042142,0.382812,0.59375,0.497986,0.043314,0.398438,0.65625,0.006154,0.034672,0.004656,1,50.2045,7.992397,232.785,0.837452,1,0.168279,1,4,16,0.015625,0.001526,-0.004298,0.005457,C-accelerated,144013.78,140550.0,8593.7,10025.0,3.5663
2026-03-30T05:54:31Z,2039078462,947,Pierre looked at the sky and thought about avenir.,50,44,1,50.4089,0.043967,0.390625,0.617188,0.504089,0.043596,0.390625,0.617188,0.006312,0.030654,0.004802,1,50.1099,7.990699,285.94,0.088908,1,0.367577,1,4,16,0.015625,-0.005845,-0.000651,0.000547,C-accelerated,133170.22,132750.0,1926.74,2600.0,0.9793
2026-03-30T05:54:31Z,2039078462,948,A lost traveler said الطريق المجهول.,36,44,1,49.9634,0.041706,0.382812,0.59375,0.499634,0.044984,0.390625,0.625,0.006201,0.031939,0.004678,1,50.238,7.990658,283.892,0.103245,1,0.166812,1,4,16,0.015625,-0.001943,-0.007392,-0.009691,C-accelerated,134052.44,134000.0,2037.42,2500.0,0.9328
2026-03-30T05:54:31Z,2039078462,949,রাতে Nadia heard distant песня.,31,44,1,50.4761,0.041676,0.390625,0.609375,0.504761,0.044541,0.40625,0.617188,0.00627,0.03088,0.004805,1,50.1282,7.992567,225.711,0.906652,1,0.398773,1,4,16,0.015625,0.008413,0.011858,-0.002672,C-accelerated,134484.22,133900.0,1878.32,2200.0,0.8215
2026-03-30T05:54:31Z,2039078462,950,Lukas found an old photo labelled familia.,42,44,1,49.5422,0.042886,0.398438,0.585938,0.495422,0.046018,0.390625,0.625,0.006258,0.027333,0.004742,1,50.2838,7.991544,257.571,0.44316,1,0.116777,1,4,16,0.015625,-0.001057,-0.000432,0.011603,C-accelerated,134355.56,134150.0,1315.19,1800.0,0.6709
2026-03-30T05:54:31Z,2039078462,951,Yusuf crossed the dunes saying sabır.,37,44,1,50.293,0.044773,0.390625,0.617188,0.50293,0.04569,0.390625,0.609375,0.006221,0.029282,0.004722,1,49.7253,7.992788,219.101,0.949615,1,0.222301,1,4,16,0.015625,-0.002283,0.006696,0.000981,C-accelerated,144720.44,137650.0,17060.33,8825.0,3.2056
2026-03-30T05:54:31Z,2039078462,952,Ahmed opened a chest marked سر.,31,44,1,49.5789,0.040781,0.390625,0.601562,0.495789,0.040898,0.375,0.609375,0.006263,0.03332,0.004664,1,49.9634,7.992831,218.543,0.952395,1,0.874992,1,4,16,0.015625,-0.000998,0.00999,-0.002987,C-accelerated,133311.56,132700.0,1653.13,2475.0,0.9326
2026-03-30T05:54:31Z,2039078462,953,The wind carried слова through the valley.,42,44,1,49.9756,0.043988,0.351562,0.640625,0.499756,0.039196,0.40625,0.585938,0.006159,0.030962,0.004671,1,50.1617,7.991061,271.837,0.22389,1,0.104023,1,4,16,0.015625,-0.003988,0.001587,0.000398,C-accelerated,134590.44,134050.0,2239.14,3100.0,1.1563
2026-03-30T05:54:31Z,2039078462,954,Sara wrote historia pequeña on a postcard.,42,44,1,50.0854,0.04361,0.40625,0.617188,0.500854,0.045126,0.414062,0.625,0.006319,0.030517,0.004785,1,49.942,7.991284,266.764,0.293732,1,0.874992,1,4,16,0.015625,0.001801,0.002362,0.003094,C-accelerated,141432.0,138250.0,8488.96,9550.0,3.4539
2026-03-30T05:54:31Z,2039078462,955,Rahman walked slowly under étoiles.,35,44,1,50.6531,0.045896,0.382812,0.625,0.506531,0.046392,0.398438,0.664062,0.006354,0.031618,0.004833,1,50.3357,7.991065,270.65,0.239259,1,0.699384,1,4,16,0.015625,-0.005694,0.013413,0.005461,C-accelerated,136591.56,135100.0,4929.17,2700.0,0.9993
2026-03-30T05:54:31Z,2039078462,956,Mikhail heard someone shout друг from afar.,43,44,1,50.3845,0.043804,0.414062,0.617188,0.503845,0.044527,0.40625,0.632812,0.006314,0.030692,0.004761,1,50.0916,7.991781,250.287,0.571598,1,0.370117,1,4,16,0.015625,0.005994,-0.00688,0.004294,C-accelerated,135955.78,136000.0,2511.05,3600.0,1.3235
2026-03-30T05:54:31Z,2039078462,957,Karim whispered سر صغير.,24,44,1,49.5972,0.041489,0.414062,0.617188,0.495972,0.039656,0.375,0.609375,0.006203,0.029354,0.004728,1,49.6979,7.990241,298.764,0.031015,0,0.856244,1,4,16,0.015625,-0.015262,0.001192,0.009923,C-accelerated,135682.22,135600.0,1118.45,700.0,0.2581
2026-03-30T05:54:31Z,2039078462,958,নদীর ধারে Sofia wrote memoria.,30,44,1,50.1526,0.041651,0.398438,0.609375,0.501526,0.040935,0.382812,0.625,0.00624,0.027257,0.004649,1,50.2991,7.990488,289.943,0.065394,1,0.471609,1,4,16,0.015625,-0.005898,0.004962,0.003174,C-accelerated,135507.78,135500.0,1203.85,1400.0,0.5166
2026-03-30T05:54:31Z,2039078462,959,Pavel read a line about судьба.,31,44,1,50.8484,0.046702,0.398438,0.632812,0.508484,0.046312,0.382812,0.617188,0.006208,0.03085,0.004681,1,49.9817,7.991196,266.228,0.301705,1,0.401443,1,4,16,0.015625,0.004373,0.0054,-0.019084,C-accelerated,149585.78,143300.0,15488.41,14250.0,4.9721
2026-03-30T05:54:31Z,2039078462,960,Nadia brewed coffee saying قهوة مرة.,36,44,1,50.2441,0.046103,0.40625,0.609375,0.502441,0.045635,0.375,0.625,0.006267,0.03328,0.004711,1,50.296,7.991045,274.397,0.192861,1,0.019492,1,4,16,0.015625,0.000543,0.00292,-0.008306,C-accelerated,137548.89,135500.0,5741.86,3100.0,1.1439
2026-03-30T05:54:31Z,2039078462,961,Luka followed a path called esperanza.,38,44,1,50.8118,0.043699,0.398438,0.679688,0.508118,0.043557,0.390625,0.632812,0.006186,0.03354,0.004767,1,50.2319,7.992122,239.93,0.742556,1,0.630162,1,4,16,0.015625,0.001714,0.003277,0.002138,C-accelerated,133506.0,133600.0,1696.93,2700.0,1.0105
2026-03-30T05:54:31Z,2039078462,962,The old diary ended with fin.,29,44,1,49.6948,0.042559,0.390625,0.617188,0.496948,0.044861,0.390625,0.609375,0.006248,0.031865,0.004718,1,50.0275,7.990797,279.959,0.135584,1,0.21871,1,4,16,0.015625,-0.004759,-0.000133,0.000343,C-accelerated,135348.22,134900.0,1590.18,1875.0,0.695
2026-03-30T05:54:31Z,2039078462,963,Ahmed heard whispers saying سلام.,33,44,1,50.177,0.045619,0.382812,0.609375,0.50177,0.044508,0.375,0.617188,0.006325,0.031842,0.004711,1,50.2747,7.992304,234.042,0.82252,1,0.372668,1,4,16,0.015625,0.009812,-0.01203,0.005025,C-accelerated,146361.56,142200.0,11165.48,13100.0,4.6062
2026-03-30T05:54:31Z,2039078462,964,Elena wrote amour perdu.,24,44,1,50.6226,0.042053,0.382812,0.632812,0.506226,0.046583,0.390625,0.640625,0.006252,0.02881,0.004707,1,50.1373,7.99115,268.881,0.263281,1,0.211652,1,4,16,0.015625,0.014858,-0.00168,-0.001806,C-accelerated,140736.44,138200.0,7303.1,7375.0,2.6682
2026-03-30T05:54:31Z,2039078462,965,রাতের নদী carried echoes of любовь.,35,44,1,49.9268,0.037511,0.40625,0.609375,0.499268,0.043863,0.390625,0.617188,0.006282,0.030398,0.004717,1,49.4049,7.9916,255.942,0.471631,1,0.05007,1,4,16,0.015625,-0.005466,0.006256,0.000733,C-accelerated,136559.33,136500.0,1062.41,900.0,0.3297
2026-03-30T05:54:31Z,2039078462,966,Hassan whispered قصة قصيرة.,27,44,1,49.4751,0.042141,0.390625,0.585938,0.494751,0.042344,0.390625,0.585938,0.006291,0.030018,0.004755,1,49.9634,7.990804,280.913,0.127136,1,0.054105,1,4,16,0.015625,-0.002837,-0.007363,-0.00451,C-accelerated,140706.0,139900.0,5480.79,7475.0,2.6716
2026-03-30T05:54:31Z,2039078462,967,Marie watched birds over rivière calme.,39,44,1,50.1282,0.044127,0.40625,0.664062,0.501282,0.042744,0.382812,0.617188,0.006277,0.03221,0.004772,1,50.0305,7.99169,253.987,0.506137,1,0.856244,1,4,16,0.015625,-0.008191,-0.00445,-0.001952,C-accelerated,138415.56,136000.0,8477.62,5100.0,1.875
2026-03-30T05:54:31Z,2039078462,968,Ivan drew карта forgotten long ago.,35,44,1,50.769,0.040642,0.367188,0.609375,0.50769,0.043618,0.40625,0.601562,0.006218,0.027691,0.004656,1,50.4242,7.991016,272.396,0.216871,1,0.501462,1,4,16,0.015625,-0.003616,-0.004351,0.01059,C-accelerated,134277.33,134800.0,1420.12,2400.0,0.8902
2026-03-30T05:54:31Z,2039078462,969,Karim followed نجم بعيد.,24,44,1,50.0122,0.04269,0.398438,0.617188,0.500122,0.045228,0.367188,0.609375,0.006213,0.030097,0.004616,1,49.6979,7.991669,250.589,0.566271,1,0.396114,1,4,16,0.015625,-0.007155,-0.01256,0.011159,C-accelerated,135171.56,135500.0,1611.11,2300.0,0.8487
2026-03-30T05:54:31Z,2039078462,970,Sofia heard música from the square.,35,44,1,50.0916,0.045853,0.382812,0.640625,0.500916,0.044502,0.390625,0.609375,0.00617,0.031236,0.004668,1,50.0824,7.992939,216.006,0.96356,1,1.0,1,4,16,0.015625,-0.009644,0.00501,0.003708,C-accelerated,164924.22,166900.0,12027.09,20050.0,6.0066
2026-03-30T05:54:31Z,2039078462,971,Pavel looked for правда.,24,44,1,50.0305,0.039529,0.398438,0.609375,0.500305,0.046327,0.351562,0.632812,0.006152,0.034784,0.004652,1,50.1495,7.992688,222.708,0.92858,1,0.630162,1,4,16,0.015625,-0.003322,0.012407,-0.001674,C-accelerated,165294.89,162900.0,13995.59,18775.0,5.7627
2026-03-30T05:54:31Z,2039078462,972,Nadia crossed puente viejo.,27,44,1,49.8779,0.04694,0.359375,0.617188,0.498779,0.043415,0.375,0.625,0.006163,0.02982,0.00477,1,50.1587,7.993154,207.697,0.986455,1,0.713557,1,4,16,0.015625,-0.003832,0.013556,0.010713,C-accelerated,133973.33,134200.0,1596.11,2500.0,0.9314
2026-03-30T05:54:31Z,2039078462,973,Rahim read a line saying أمل.,29,44,1,50.0732,0.047153,0.398438,0.617188,0.500732,0.04891,0.398438,0.65625,0.006223,0.030773,0.004714,1,50.3387,7.990648,284.521,0.098671,1,0.984786,1,4,16,0.015625,0.001497,-0.012256,-0.009023,C-accelerated,138516.44,138600.0,1665.16,900.0,0.3247
2026-03-30T05:54:31Z,2039078462,974,Elena remembered infancia.,26,44,1,49.8108,0.048483,0.367188,0.609375,0.498108,0.042743,0.375,0.601562,0.00625,0.028325,0.004645,1,50.2167,7.990633,287.151,0.081193,1,0.019742,1,4,16,0.015625,0.006677,0.007066,0.00731,C-accelerated,140774.44,136200.0,11007.88,5475.0,2.0099
2026-03-30T05:54:31Z,2039078462,975,Yusuf heard the desert say سراب.,32,44,1,49.7498,0.043977,0.359375,0.609375,0.497498,0.047601,0.414062,0.617188,0.006171,0.033198,0.00467,1,49.9542,7.990943,277.143,0.16285,1,0.616675,1,4,16,0.015625,0.008942,0.009771,-0.002063,C-accelerated,137247.78,135600.0,6790.65,2200.0,0.8112
2026-03-30T05:54:31Z,2039078462,976,Mikhail followed дорога.,24,44,1,50.4272,0.043683,0.40625,0.632812,0.504272,0.040617,0.414062,0.617188,0.006282,0.03161,0.00475,1,49.9573,7.990717,281.472,0.122373,1,0.227767,1,4,16,0.015625,-0.008124,-0.010457,0.013885,C-accelerated,141046.22,135500.0,22031.09,5800.0,2.1402
2026-03-30T05:54:31Z,2039078462,977,Camille painted rêve bleu.,26,44,1,50.2747,0.040378,0.414062,0.617188,0.502747,0.044641,0.382812,0.625,0.006206,0.028947,0.004716,1,49.7192,7.992096,238.999,0.75623,1,0.660957,1,4,16,0.015625,-0.000341,-0.012881,0.00509,C-accelerated,136543.56,135900.0,3285.68,5275.0,1.9408
2026-03-30T05:54:31Z,2039078462,978,Hassan waited near باب قديم.,28,44,1,50.0549,0.042759,0.390625,0.625,0.500549,0.037609,0.40625,0.601562,0.006311,0.030313,0.004794,1,50.0916,7.991858,248.029,0.611006,1,0.316761,1,4,16,0.015625,0.003775,-0.005043,0.006626,C-accelerated,149441.56,142400.0,17814.92,18675.0,6.5572
2026-03-30T05:54:31Z,2039078462,979,Lukas watched the nacht sky.,28,44,1,50.1526,0.045335,0.382812,0.59375,0.501526,0.046436,0.390625,0.617188,0.006283,0.028311,0.004689,1,50.0366,7.990769,281.263,0.124143,1,0.685315,1,4,16,0.015625,-0.000676,0.001995,0.001868,C-accelerated,142200.67,136000.0,20287.59,3475.0,1.2776
2026-03-30T05:54:31Z,2039078462,980,Sara told a cuento antiguo.,27,44,1,50.4944,0.044247,0.382812,0.617188,0.504944,0.043189,0.375,0.617188,0.006236,0.032745,0.004662,1,49.762,7.990771,278.865,0.145757,1,0.237089,1,4,16,0.015625,-8.8e-05,-0.001504,-0.001391,C-accelerated,136910.0,134450.0,7350.56,5100.0,1.8966
2026-03-30T05:54:31Z,2039078462,981,Nadia whispered حب صغير.,24,44,1,50.354,0.045396,0.367188,0.625,0.50354,0.042778,0.367188,0.617188,0.006307,0.03345,0.004828,1,49.6948,7.990595,286.615,0.084538,1,0.42595,1,4,16,0.015625,-0.003102,0.000516,0.00994,C-accelerated,134334.0,133900.0,1545.73,2600.0,0.9709
2026-03-30T05:54:31Z,2039078462,983,Sofia carried esperanza.,24,44,1,49.6582,0.044824,0.382812,0.601562,0.496582,0.044008,0.390625,0.601562,0.006295,0.029983,0.004767,1,49.5178,7.991552,256.384,0.463871,1,0.377802,1,4,16,0.015625,-0.005505,0.006106,0.001865,C-accelerated,136812.22,136500.0,1432.16,1100.0,0.4029
2026-03-30T05:54:31Z,2039078462,982,Ivan searched for смысл.,24,44,1,50.238,0.04381,0.382812,0.609375,0.50238,0.046143,0.328125,0.65625,0.006287,0.028688,0.004774,1,50.177,7.991472,259.479,0.410337,1,0.529162,1,4,16,0.015625,-0.000741,0.000782,0.002918,C-accelerated,151801.11,145450.0,16401.56,22950.0,7.8893
2026-03-30T05:54:31Z,2039078462,984,Karim dreamed of سفر طويل.,26,44,1,50.1831,0.045612,0.40625,0.632812,0.501831,0.043624,0.390625,0.609375,0.006157,0.032724,0.004598,1,49.704,7.991397,259.735,0.405988,1,0.580258,1,4,16,0.015625,0.006988,0.000826,-0.00419,C-accelerated,135365.56,135300.0,2372.97,3300.0,1.2195
2026-03-30T05:54:31Z,2039078462,985,Pierre walked through forêt sombre.,35,44,1,50.3174,0.040963,0.421875,0.625,0.503174,0.045496,0.40625,0.648438,0.006253,0.032109,0.004686,1,50.0458,7.992048,241.164,0.723901,1,0.657505,1,4,16,0.015625,0.005281,0.000561,0.007721,C-accelerated,135190.89,135000.0,1512.36,1175.0,0.4352
2026-03-30T05:54:31Z,2039078462,986,Rahim saw قمر بعيد.,19,44,1,50.3967,0.046559,0.390625,0.632812,0.503967,0.042634,0.398438,0.632812,0.006233,0.028812,0.00471,1,49.5758,7.99104,273.164,0.207446,1,0.745804,1,4,16,0.015625,-0.000359,0.007038,0.001146,C-accelerated,141718.44,134900.0,22282.83,3575.0,1.3251
2026-03-30T05:54:31Z,2039078462,987,Elena read destino extraño.,27,44,1,49.408,0.047015,0.359375,0.617188,0.49408,0.040604,0.390625,0.632812,0.006241,0.030023,0.004781,1,49.7803,7.992781,220.009,0.944835,1,0.398773,1,4,16,0.015625,-0.003028,-0.005751,0.0051,C-accelerated,141348.67,141250.0,3996.47,5100.0,1.8053
2026-03-30T05:54:31Z,2039078462,988,Pavel wrote жизнь коротка.,26,44,1,49.8291,0.041855,0.390625,0.59375,0.498291,0.045887,0.390625,0.585938,0.006299,0.03111,0.004713,1,49.2401,7.991728,250.426,0.56914,1,0.980983,1,4,16,0.015625,-0.00016,0.006767,-0.004254,C-accelerated,134431.11,133600.0,2386.74,3375.0,1.2631
2026-03-30T05:54:31Z,2039078462,989,Yusuf crossed صحراء صامتة.,26,44,1,50.3235,0.041975,0.382812,0.601562,0.503235,0.043515,0.398438,0.601562,0.006242,0.03516,0.004768,1,50.1282,7.991927,247.005,0.628614,1,0.87875,1,4,16,0.015625,0.001857,-0.002198,-0.003472,C-accelerated,135014.44,135300.0,1775.35,2700.0,0.9978
2026-03-30T05:54:31Z,2039078462,990,Marie heard vent froid.,23,44,1,49.8901,0.047045,0.367188,0.664062,0.498901,0.041509,0.382812,0.617188,0.00627,0.033421,0.004795,1,49.7314,7.991129,269.929,0.248898,1,0.992393,1,4,16,0.015625,-0.003071,0.006559,0.001791,C-accelerated,138864.44,137600.0,5541.41,3800.0,1.3808
2026-03-30T05:54:31Z,2039078462,991,Nadia whispered سلام.,21,44,1,50.47,0.043249,0.375,0.59375,0.5047,0.046161,0.382812,0.648438,0.0062,0.034514,0.004715,1,49.9023,7.991952,244.049,0.678098,1,0.27706,1,4,16,0.015625,0.003062,-0.007745,0.005841,C-accelerated,133910.89,133800.0,1651.5,2300.0,0.8595
2026-03-30T05:54:31Z,2039078462,992,Ivan followed дорога тумана.,28,44,1,49.9634,0.045647,0.390625,0.609375,0.499634,0.045928,0.34375,0.65625,0.006222,0.032418,0.004758,1,50.6012,7.991514,257.827,0.438719,1,0.462847,1,4,16,0.015625,0.005367,-0.00015,-0.003684,C-accelerated,134112.89,133950.0,1464.93,2700.0,1.0078
2026-03-30T05:54:31Z,2039078462,993,Karim said حلم بعيد.,20,44,1,49.5361,0.043558,0.375,0.601562,0.495361,0.043184,0.375,0.585938,0.006206,0.030057,0.004686,1,49.8749,7.992831,219.52,0.94745,1,0.756656,1,4,16,0.015625,0.002214,0.005397,0.004623,C-accelerated,135595.33,135050.0,2360.25,3475.0,1.2866
2026-03-30T05:54:31Z,2039078462,994,Sofia painted cielo rojo.,25,44,1,49.469,0.04376,0.382812,0.59375,0.49469,0.042611,0.390625,0.59375,0.006274,0.033188,0.004758,1,49.646,7.991988,242.42,0.704304,1,0.272868,1,4,16,0.015625,-0.00742,0.001787,0.013911,C-accelerated,149674.22,139200.0,22603.08,10300.0,3.6997
2026-03-30T05:54:31Z,2039078462,995,Rahman listened to viento suave.,32,44,1,49.5056,0.043111,0.367188,0.609375,0.495056,0.04113,0.382812,0.59375,0.006253,0.030488,0.004709,1,49.9908,7.992203,235.345,0.806212,1,0.100027,1,4,16,0.015625,-0.002156,-0.000301,0.001419,C-accelerated,134658.89,134500.0,1194.05,1500.0,0.5576
2026-03-30T05:54:31Z,2039078462,996,Pavel looked at ночь тихая.,27,44,1,50.1404,0.045212,0.367188,0.59375,0.501404,0.044112,0.359375,0.585938,0.006278,0.030932,0.00474,1,49.9939,7.991387,261.644,0.374056,1,0.428726,1,4,16,0.015625,-0.00466,-0.004441,0.001321,C-accelerated,135492.89,135000.0,2634.33,3375.0,1.25
2026-03-30T05:54:31Z,2039078462,997,Hassan opened باب المدينة.,26,44,1,50.1038,0.042739,0.375,0.609375,0.501038,0.043238,0.40625,0.617188,0.006281,0.031453,0.004726,1,50.061,7.991797,251.404,0.551892,1,0.760284,1,4,16,0.015625,0.012514,-0.018073,0.002514,C-accelerated,140928.44,138450.0,7562.22,11950.0,4.3156
2026-03-30T05:54:31Z,2039078462,998,Elena saw estrella perdida.,27,44,1,50.5066,0.039179,0.390625,0.609375,0.505066,0.045644,0.40625,0.617188,0.006213,0.031858,0.00469,1,49.9634,7.991815,248.751,0.598489,1,0.372668,1,4,16,0.015625,0.002027,0.004564,-0.000689,C-accelerated,168697.78,157600.0,28140.15,29250.0,9.2798
2026-03-30T05:54:31Z,2039078462,999,Yusuf followed طريق قديم.,25,44,1,50.1282,0.045803,0.351562,0.601562,0.501282,0.04354,0.390625,0.59375,0.006316,0.03295,0.004764,1,49.7833,7.991963,245.632,0.651878,1,0.457057,1,4,16,0.015625,0.000309,-0.005134,0.017649,C-accelerated,136687.78,136200.0,1334.88,1500.0,0.5507
2026-03-30T05:54:31Z,2039078462,1000,Ivan wrote судьба.,18,44,1,50.4272,0.044995,0.375,0.59375,0.504272,0.044311,0.398438,0.640625,0.006281,0.033729,0.004755,1,50.0214,7.991557,256.407,0.463463,1,0.767556,1,4,16,0.015625,0.001938,-0.004699,-0.001776,C-accelerated,133149.56,132600.0,1763.38,2700.0,1.0181
2026-03-30T05:54:31Z,2039078462,1001,Sofia remembered enfance.,25,44,1,49.0906,0.046577,0.382812,0.617188,0.490906,0.046464,0.367188,0.625,0.006242,0.029667,0.004686,1,50.766,7.991917,242.723,0.699503,1,0.486411,1,4,16,0.015625,0.00865,0.001365,0.015275,C-accelerated,136852.67,136700.0,2141.25,3100.0,1.1339
2026-03-30T05:54:31Z,2039078462,1003,Nadia heard мелодия ветра.,26,44,1,49.9329,0.047522,0.375,0.640625,0.499329,0.045586,0.367188,0.609375,0.006227,0.0293,0.004706,1,49.9817,7.991966,244.282,0.674286,1,0.203063,1,4,16,0.015625,-0.011152,0.005965,0.008494,C-accelerated,138081.56,136600.0,3968.98,5200.0,1.9034
2026-03-30T05:54:31Z,2039078462,1002,Karim watched قافلة تمر.,24,44,1,50.177,0.041354,0.414062,0.601562,0.50177,0.043248,0.390625,0.648438,0.006256,0.031396,0.004706,1,50.3418,7.990246,296.343,0.038419,0,0.417685,1,4,16,0.015625,-0.009541,0.004028,0.013725,C-accelerated,133354.67,133200.0,1237.43,1400.0,0.5255
2026-03-30T05:54:31Z,2039078462,1004,Pierre walked beside rivière.,29,44,1,50.1953,0.038891,0.40625,0.617188,0.501953,0.039111,0.367188,0.601562,0.006155,0.030118,0.004623,1,49.7742,7.992046,240.977,0.726754,1,0.526046,1,4,16,0.015625,0.003192,-0.002587,0.007177,C-accelerated,143706.67,139800.0,11337.4,7550.0,2.7003
2026-03-30T05:54:31Z,2039078462,1005,Rahim whispered سر الحياة.,26,44,1,50.4456,0.041244,0.382812,0.59375,0.504456,0.048265,0.398438,0.609375,0.006301,0.033345,0.004732,1,50.6226,7.991649,253.359,0.517269,1,0.804212,1,4,16,0.015625,0.009527,0.003857,-0.000229,C-accelerated,133806.22,133500.0,2502.21,3000.0,1.1236
2026-03-30T05:54:31Z,2039078462,1007,Pavel followed путь.,20,44,1,48.8525,0.041912,0.367188,0.609375,0.488525,0.042274,0.382812,0.601562,0.006287,0.027922,0.004706,1,49.4141,7.991918,245.376,0.656165,1,0.731413,1,4,16,0.015625,-0.006631,0.003731,0.008184,C-accelerated,136092.22,136000.0,1996.77,3400.0,1.25
2026-03-30T05:54:31Z,2039078462,1006,Elena wrote sueño eterno.,25,44,1,49.9939,0.046951,0.367188,0.6875,0.499939,0.045956,0.351562,0.625,0.006228,0.029874,0.004719,1,49.8352,7.990716,283.613,0.105329,1,0.706458,1,4,16,0.015625,-0.000943,0.005005,0.002076,C-accelerated,138065.78,136800.0,3608.98,6000.0,2.193
2026-03-30T05:54:31Z,2039078462,1008,Sofia watched mar azul.,23,44,1,49.6277,0.038035,0.375,0.601562,0.496277,0.046905,0.351562,0.617188,0.006256,0.03074,0.004686,1,50.3571,7.991338,263.063,0.350934,1,0.681814,1,4,16,0.015625,0.004199,-0.009259,-0.003832,C-accelerated,140966.67,139500.0,6534.04,8800.0,3.1541
2026-03-30T05:54:31Z,2039078462,1009,Karim crossed صحراء.,20,44,1,50.0854,0.044013,0.390625,0.625,0.500854,0.04707,0.382812,0.601562,0.006244,0.03112,0.004727,1,50.2563,7.991236,265.903,0.30661,1,0.576998,1,4,16,0.015625,0.008824,-0.001013,-0.004745,C-accelerated,137296.67,135800.0,5880.47,6500.0,2.3932
2026-03-30T05:54:31Z,2039078462,1010,Ivan heard голос ночи.,22,44,1,50.3845,0.037263,0.398438,0.59375,0.503845,0.043322,0.414062,0.601562,0.006265,0.036499,0.00473,1,49.8474,7.991394,260.061,0.400474,1,0.927827,1,4,16,0.015625,0.00571,-0.004632,0.008745,C-accelerated,135968.44,135200.0,2052.92,1800.0,0.6657
2026-03-30T05:54:31Z,2039078462,1011,Marie looked at ciel gris.,26,44,1,50.0854,0.038796,0.40625,0.609375,0.500854,0.045473,0.40625,0.625,0.006164,0.032632,0.004692,1,50.061,7.991732,251.334,0.553126,1,0.636952,1,4,16,0.015625,-0.005542,0.007038,0.009858,C-accelerated,140952.44,137400.0,8863.48,7900.0,2.8748
2026-03-30T05:54:31Z,2039078462,1012,Nadia wrote سلام مرة أخرى.,26,44,1,49.3286,0.04038,0.390625,0.570312,0.493286,0.044007,0.398438,0.640625,0.006183,0.033885,0.004697,1,49.4598,7.989855,308.352,0.012406,0,0.935407,1,4,16,0.015625,-0.001156,-0.001832,-0.00198,C-accelerated,142123.56,139400.0,7372.44,9175.0,3.2909
2026-03-30T05:54:31Z,2039078462,1013,Yusuf dreamed of بيت بعيد.,26,44,1,49.6948,0.04096,0.375,0.625,0.496948,0.042927,0.367188,0.59375,0.006237,0.030996,0.004746,1,50.0854,7.991075,271.791,0.224481,1,0.859987,1,4,16,0.015625,-0.005321,-0.00272,0.003904,C-accelerated,138566.44,135800.0,7261.71,4800.0,1.7673
2026-03-30T05:54:31Z,2039078462,1014,Lukas saw licht faint.,22,44,1,49.4995,0.045141,0.398438,0.609375,0.494995,0.044802,0.390625,0.601562,0.006248,0.028425,0.004669,1,50.1007,7.991732,253.196,0.520156,1,0.793166,1,4,16,0.015625,0.005617,-0.001666,0.005687,C-accelerated,133654.89,134000.0,1264.48,1900.0,0.709
2026-03-30T05:54:31Z,2039078462,1015,Ahmed found a stone marked قدر.,31,44,1,50.0,0.040771,0.390625,0.625,0.5,0.042264,0.390625,0.617188,0.006299,0.031551,0.004819,1,49.6796,7.992067,244.701,0.667386,1,0.980983,1,4,16,0.015625,0.002774,0.000135,-0.006163,C-accelerated,139851.78,137200.0,6644.71,6700.0,2.4417
2026-03-30T05:54:31Z,2039078462,1016,Elena watched luna llena.,25,44,1,50.2563,0.042027,0.367188,0.609375,0.502563,0.045681,0.351562,0.609375,0.006153,0.030887,0.004678,1,49.8199,7.991079,272.791,0.211983,1,0.606644,1,4,16,0.015625,-0.004672,0.003986,-0.008733,C-accelerated,134443.33,134400.0,2087.79,3100.0,1.1533
2026-03-30T05:54:31Z,2039078462,1017,Pavel heard тихий ветер.,24,44,1,50.238,0.045403,0.390625,0.648438,0.50238,0.042135,0.40625,0.617188,0.006214,0.032223,0.004758,1,50.4608,7.99112,267.369,0.28485,1,0.347648,1,4,16,0.015625,0.012232,0.004927,0.001612,C-accelerated,140422.22,138600.0,4828.77,3575.0,1.2897
2026-03-30T05:54:31Z,2039078462,1018,Nadia whispered قصة قديمة.,26,44,1,49.8169,0.044026,0.390625,0.625,0.498169,0.04169,0.40625,0.640625,0.006343,0.029444,0.00476,1,49.9847,7.991589,258.292,0.430673,1,0.510609,1,4,16,0.015625,-0.002608,0.000196,0.001528,C-accelerated,134685.11,134000.0,3563.77,2300.0,0.8582
2026-03-30T05:54:31Z,2039078462,1019,Karim walked camino largo.,26,44,1,49.9146,0.045136,0.382812,0.617188,0.499146,0.039719,0.421875,0.601562,0.006244,0.029396,0.004682,1,50.0641,7.992039,241.815,0.713811,1,0.586804,1,4,16,0.015625,0.007285,-0.014549,0.00486,C-accelerated,134229.33,134000.0,1344.38,1400.0,0.5224
2026-03-30T05:54:31Z,2039078462,1020,Sofia wrote memoria eterna.,27,44,1,49.7803,0.04341,0.375,0.601562,0.497803,0.041957,0.398438,0.601562,0.006335,0.028064,0.004735,1,49.9023,7.992263,235.904,0.798971,1,0.305376,1,4,16,0.015625,0.007289,-0.005151,0.000159,C-accelerated,135377.78,135000.0,2242.11,2800.0,1.037
2026-03-30T05:54:31Z,2039078462,1021,Ivan crossed река.,18,44,1,49.8657,0.042736,0.375,0.609375,0.498657,0.046744,0.367188,0.664062,0.006219,0.03133,0.004698,1,49.8413,7.992298,234.042,0.82252,1,0.965777,1,4,16,0.015625,0.004413,-0.008319,-0.001315,C-accelerated,136828.89,134100.0,7263.95,3575.0,1.333
2026-03-30T05:54:31Z,2039078462,1022,Rahim saw نجمة بعيدة.,21,44,1,49.6399,0.042834,0.390625,0.59375,0.496399,0.036773,0.429688,0.59375,0.006198,0.03285,0.004677,1,50.2014,7.991493,258.711,0.423465,1,0.024438,1,4,16,0.015625,-0.006172,0.000865,-0.009558,C-accelerated,135933.56,135800.0,1552.51,900.0,0.3314
2026-03-30T05:54:31Z,2039078462,1023,Marie followed chemin perdu.,28,44,1,49.7009,0.039694,0.390625,0.59375,0.497009,0.046313,0.382812,0.625,0.006219,0.029775,0.004669,1,50.1129,7.991873,246.516,0.636944,1,0.064354,1,4,16,0.015625,0.006699,-0.005073,4.9e-05,C-accelerated,135091.78,134900.0,1544.11,1800.0,0.6672
2026-03-30T05:54:31Z,2039078462,1024,Yusuf listened to صمت الليل.,28,44,1,50.1465,0.04431,0.390625,0.601562,0.501465,0.043899,0.375,0.625,0.00616,0.031251,0.004671,1,49.8749,7.991366,262.947,0.352806,1,0.000676,0,4,16,0.015625,-0.000904,0.000585,0.000652,C-accelerated,136959.33,135000.0,5445.78,4900.0,1.8148
2026-03-30T05:54:31Z,2039078462,1025,Lukas read ein alte Geschichte.,31,44,1,50.0549,0.050886,0.398438,0.625,0.500549,0.046989,0.40625,0.601562,0.00626,0.029047,0.004735,1,49.9664,7.991409,258.292,0.430673,1,0.901355,1,4,16,0.015625,0.000593,0.001221,-0.010138,C-accelerated,138945.78,136000.0,8182.91,7850.0,2.886
2026-03-30T05:54:31Z,2039078462,1026,Nadia watched ciel sombre.,26,44,1,49.231,0.046936,0.382812,0.59375,0.49231,0.049632,0.367188,0.609375,0.006229,0.030766,0.004713,1,49.884,7.992506,229.457,0.873148,1,0.942992,1,4,16,0.015625,-0.003201,0.011618,0.003372,C-accelerated,146492.67,140550.0,13685.5,10350.0,3.682
2026-03-30T05:54:31Z,2039078462,1027,Karim whispered أمل جديد.,25,44,1,49.7253,0.041691,0.398438,0.617188,0.497253,0.043395,0.367188,0.585938,0.006251,0.03049,0.004705,1,49.762,7.991393,260.992,0.384857,1,0.710004,1,4,16,0.015625,-0.004334,0.002282,0.001218,C-accelerated,141228.67,137550.0,8480.4,6700.0,2.4355
2026-03-30T05:54:31Z,2039078462,1028,Ivan drew карта странствий.,27,44,1,48.8403,0.046507,0.382812,0.59375,0.488403,0.043377,0.398438,0.625,0.006245,0.028587,0.0047,1,49.8535,7.991919,246.516,0.636944,1,0.307631,1,4,16,0.015625,-0.005647,0.013303,-0.000709,C-accelerated,138422.0,135100.0,8271.75,7300.0,2.7017
2026-03-30T05:54:31Z,2039078462,1029,Elena watched ola grande.,25,44,1,49.9817,0.047244,0.351562,0.632812,0.499817,0.046296,0.375,0.601562,0.006307,0.029753,0.004768,1,49.8932,7.991788,249.961,0.577325,1,0.613323,1,4,16,0.015625,-0.003857,-0.003875,-0.014597,C-accelerated,133768.67,133600.0,1544.65,2300.0,0.8608
2026-03-30T05:54:31Z,2039078462,1030,Pavel followed звезда.,22,44,1,50.3052,0.044935,0.390625,0.617188,0.503052,0.041204,0.40625,0.601562,0.006252,0.031648,0.004744,1,49.7437,7.990608,285.289,0.093292,1,0.939199,1,4,16,0.015625,0.006048,0.003712,0.001943,C-accelerated,134032.89,134500.0,1508.22,2375.0,0.8829
2026-03-30T05:54:31Z,2039078462,1031,Sofia saw mare quieto.,22,44,1,50.0366,0.043045,0.40625,0.609375,0.500366,0.045678,0.398438,0.632812,0.006275,0.033435,0.004722,1,49.884,7.993479,198.807,0.996193,1,0.603317,1,4,16,0.015625,0.005789,-0.010364,0.009398,C-accelerated,137418.0,136200.0,3322.56,4500.0,1.652
2026-03-30T05:54:31Z,2039078462,1032,Rahim crossed طريق الرمل.,25,44,1,50.5066,0.041794,0.375,0.59375,0.505066,0.045288,0.351562,0.601562,0.006212,0.030921,0.004707,1,50.1587,7.992324,233.53,0.828699,1,0.874992,1,4,16,0.015625,-0.015374,-0.009869,-0.017327,C-accelerated,140757.11,138900.0,6122.7,5250.0,1.8898
2026-03-30T05:54:31Z,2039078462,1033,Yusuf remembered familia.,25,44,1,49.7009,0.042614,0.390625,0.601562,0.497009,0.039295,0.367188,0.59375,0.006216,0.027935,0.004749,1,50.3815,7.991191,266.042,0.304503,1,0.573746,1,4,16,0.015625,-0.002984,0.007511,0.00908,C-accelerated,134134.0,133800.0,1566.32,2675.0,0.9996
2026-03-30T05:54:31Z,2039078462,1034,Marie heard chanson triste.,27,44,1,50.6287,0.043334,0.414062,0.609375,0.506287,0.041548,0.398438,0.617188,0.006241,0.031436,0.004681,1,50.0458,7.992265,236.602,0.789712,1,0.42595,1,4,16,0.015625,-0.004847,0.006127,-0.013458,C-accelerated,137939.78,137900.0,2197.59,2475.0,0.8974
2026-03-30T05:54:31Z,2039078462,1035,Karim looked at شمس حمراء.,26,44,1,50.8484,0.045649,0.398438,0.609375,0.508484,0.050072,0.359375,0.640625,0.006277,0.027106,0.004673,1,49.6643,7.992073,242.048,0.710169,1,0.495412,1,4,16,0.015625,-0.004098,-0.001152,-0.003588,C-accelerated,142469.56,139600.0,7625.04,7300.0,2.6146
2026-03-30T05:54:31Z,2039078462,1036,Ivan saw путь домой.,20,44,1,49.6826,0.047325,0.398438,0.632812,0.496826,0.046399,0.398438,0.601562,0.006202,0.030387,0.004706,1,49.6979,7.991803,250.333,0.570779,1,0.468678,1,4,16,0.015625,-0.006569,0.011019,5.1e-05,C-accelerated,132990.67,132700.0,1570.36,2200.0,0.8289
2026-03-30T05:54:31Z,2039078462,1037,Sofia wrote historia perdida.,29,44,1,50.1465,0.042587,0.40625,0.601562,0.501465,0.043943,0.40625,0.648438,0.006233,0.027348,0.00467,1,49.6277,7.991833,250.566,0.566681,1,0.21516,1,4,16,0.015625,-0.004654,2.5e-05,-0.006462,C-accelerated,134702.0,135000.0,1268.48,1300.0,0.4815
2026-03-30T05:54:31Z,2039078462,1038,Nadia heard سلام بعيد.,22,44,1,50.0305,0.044285,0.390625,0.625,0.500305,0.038427,0.40625,0.585938,0.006287,0.033197,0.004763,1,50.1953,7.991908,246.889,0.630602,1,0.685315,1,4,16,0.015625,0.002334,0.015508,0.012891,C-accelerated,138653.56,136400.0,12902.81,1200.0,0.4399
2026-03-30T05:54:31Z,2039078462,1039,Pavel watched ночь падает.,26,44,1,50.3235,0.041987,0.367188,0.617188,0.503235,0.042696,0.398438,0.632812,0.006237,0.031097,0.004697,1,49.9634,7.992053,242.234,0.707243,1,0.807902,1,4,16,0.015625,0.001441,0.003783,0.00359,C-accelerated,137174.67,135800.0,3401.83,4175.0,1.5372
2026-03-30T05:54:31Z,2039078462,1040,Elena crossed puente roto.,26,44,1,50.3784,0.046384,0.382812,0.617188,0.503784,0.043013,0.40625,0.609375,0.006183,0.032958,0.004702,1,49.939,7.991146,268.812,0.264256,1,0.519843,1,4,16,0.015625,-0.002235,-0.010404,0.000858,C-accelerated,132490.0,132200.0,1701.79,2700.0,1.0212
2026-03-30T05:54:31Z,2039078462,1041,Rahim whispered قصة.,20,44,1,50.1953,0.043651,0.40625,0.640625,0.501953,0.044452,0.375,0.617188,0.006241,0.029095,0.004706,1,49.8474,7.992196,237.091,0.783096,1,0.789493,1,4,16,0.015625,-0.002707,0.00667,-0.021574,C-accelerated,133705.56,133200.0,1481.32,2200.0,0.8258
2026-03-30T05:54:31Z,2039078462,1042,Yusuf saw قافلة الليل.,22,44,1,49.3958,0.046325,0.367188,0.585938,0.493958,0.044669,0.367188,0.625,0.00628,0.032847,0.004741,1,50.0702,7.991555,257.059,0.45207,1,0.95438,1,4,16,0.015625,-0.001513,-0.003667,-0.002254,C-accelerated,135504.44,135300.0,1224.74,800.0,0.2956
2026-03-30T05:54:31Z,2039078462,1043,Marie watched étoiles.,22,44,1,50.0854,0.037775,0.40625,0.601562,0.500854,0.046417,0.359375,0.601562,0.006255,0.030151,0.004735,1,50.1648,7.992044,241.583,0.717432,1,0.749416,1,4,16,0.015625,0.00039,-0.004724,-0.00466,C-accelerated,156623.11,144600.0,29044.9,22450.0,7.7628
2026-03-30T05:54:31Z,2039078462,1044,Lukas heard wind erzählen.,26,44,1,50.061,0.043876,0.398438,0.625,0.50061,0.044287,0.390625,0.625,0.006326,0.033554,0.004727,1,50.1526,7.992001,242.304,0.706142,1,0.804212,1,4,16,0.015625,0.002094,-0.002071,-0.000598,C-accelerated,134001.11,132900.0,2651.77,3200.0,1.2039
2026-03-30T05:54:31Z,2039078462,1045,Ivan whispered судьба странная.,31,44,1,50.238,0.047807,0.367188,0.617188,0.50238,0.041679,0.390625,0.585938,0.006311,0.031277,0.004788,1,49.8322,7.992649,224.198,0.918229,1,0.414952,1,4,16,0.015625,0.000659,0.004024,0.006175,C-accelerated,133968.0,133600.0,1184.15,1600.0,0.5988
2026-03-30T05:54:31Z,2039078462,1046,Nadia walked under قمر.,23,44,1,49.6033,0.044442,0.359375,0.59375,0.496033,0.043179,0.375,0.59375,0.006196,0.035483,0.004686,1,49.8138,7.991475,261.295,0.379828,1,0.186653,1,4,16,0.015625,-0.003145,0.003433,0.00087,C-accelerated,141240.22,139200.0,6055.88,5625.0,2.0205
2026-03-30T05:54:31Z,2039078462,1047,Karim crossed desierto.,23,44,1,50.4944,0.043639,0.390625,0.625,0.504944,0.045574,0.382812,0.59375,0.006277,0.030271,0.004702,1,49.7284,7.99178,249.356,0.58793,1,0.321392,1,4,16,0.015625,0.003444,-0.006288,0.012165,C-accelerated,148325.56,134800.0,34750.86,6800.0,2.5223
2026-03-30T05:54:31Z,2039078462,1048,Sofia read historia secreta.,28,44,1,50.238,0.044027,0.382812,0.601562,0.50238,0.046891,0.375,0.632812,0.00623,0.035345,0.004679,1,50.1648,7.991442,262.737,0.356188,1,0.984786,1,4,16,0.015625,-0.002773,0.006884,0.005155,C-accelerated,134040.89,133800.0,1738.83,1600.0,0.5979
2026-03-30T05:54:31Z,2039078462,1049,Pavel watched дорога тиха.,26,44,1,50.1587,0.044936,0.40625,0.617188,0.501587,0.048114,0.398438,0.625,0.006184,0.029022,0.004637,1,50.3571,7.991675,255.686,0.476133,1,0.107103,1,4,16,0.015625,0.001834,0.001255,-0.006782,C-accelerated,141506.22,138550.0,7748.36,10325.0,3.7261
2026-03-30T05:54:31Z,2039078462,1050,Elena saw mar oscuro.,21,44,1,50.0977,0.04278,0.398438,0.59375,0.500977,0.043934,0.375,0.609375,0.006234,0.03042,0.004674,1,49.9084,7.991416,262.458,0.360717,1,0.789493,1,4,16,0.015625,0.003362,-0.015993,-0.007823,C-accelerated,135746.0,135600.0,759.5,700.0,0.2581
2026-03-30T05:54:31Z,2039078462,1051,Yusuf followed سر.,18,44,1,49.53,0.042403,0.398438,0.625,0.4953,0.039286,0.34375,0.632812,0.006259,0.034921,0.004766,1,49.2798,7.990477,291.921,0.055777,1,0.72783,1,4,16,0.015625,0.005681,0.001541,-0.012445,C-accelerated,139871.33,137900.0,5644.01,7375.0,2.674
2026-03-30T05:54:31Z,2039078462,1052,Marie heard vent doux.,22,44,1,49.9817,0.045789,0.359375,0.632812,0.499817,0.04185,0.40625,0.617188,0.006194,0.034423,0.004695,1,49.942,7.992193,238.953,0.756904,1,0.203063,1,4,16,0.015625,0.013643,-0.006074,-0.003541,C-accelerated,135610.89,135400.0,1304.35,600.0,0.2216
2026-03-30T05:54:31Z,2039078462,1053,Rahim wrote أمل.,16,44,1,49.6033,0.04457,0.390625,0.65625,0.496033,0.043945,0.34375,0.632812,0.006284,0.028804,0.004614,1,50.174,7.991387,261.132,0.382533,1,0.882511,1,4,16,0.015625,-0.000531,0.004058,0.009493,C-accelerated,137471.78,138400.0,2540.3,4100.0,1.4812
2026-03-30T05:54:31Z,2039078462,1054,Lukas crossed alter weg.,24,44,1,50.1587,0.043006,0.382812,0.585938,0.501587,0.044478,0.382812,0.59375,0.00625,0.030501,0.004723,1,50.2747,7.991709,253.498,0.514794,1,0.252559,1,4,16,0.015625,0.006097,-0.00462,0.002276,C-accelerated,134021.78,133700.0,1227.81,2000.0,0.7479
2026-03-30T05:54:31Z,2039078462,1055,Nadia whispered قصة الليل.,26,44,1,49.8169,0.046348,0.351562,0.617188,0.498169,0.044554,0.382812,0.625,0.006214,0.032975,0.004675,1,49.8657,7.992613,227.479,0.891708,1,0.305376,1,4,16,0.015625,-0.00982,0.001893,-0.002145,C-accelerated,137449.11,136400.0,3229.33,4975.0,1.8237
2026-03-30T05:54:31Z,2039078462,1056,Ivan watched небо темное.,25,44,1,50.2258,0.040017,0.359375,0.601562,0.502258,0.046856,0.382812,0.617188,0.006326,0.034059,0.004752,1,50.4425,7.990616,285.731,0.0903,1,0.094263,1,4,16,0.015625,-0.015363,0.004533,0.008965,C-accelerated,139455.78,138200.0,5745.6,7550.0,2.7315
2026-03-30T05:54:31Z,2039078462,1057,Karim walked camino solo.,25,44,1,50.0061,0.044693,0.367188,0.601562,0.500061,0.045935,0.367188,0.609375,0.006254,0.031657,0.004803,1,49.8108,7.992532,228.177,0.885382,1,0.340356,1,4,16,0.015625,0.010693,0.008543,-0.005485,C-accelerated,136448.67,135000.0,6338.74,3000.0,1.1111
2026-03-30T05:54:31Z,2039078462,1058,Sofia wrote rêve ancien.,24,44,1,50.1953,0.040618,0.40625,0.585938,0.501953,0.048298,0.390625,0.640625,0.006348,0.033224,0.004748,1,49.7864,7.992694,221.731,0.934829,1,0.778502,1,4,16,0.015625,0.014632,-0.009524,0.008949,C-accelerated,135102.67,134900.0,1841.47,1800.0,0.6672
2026-03-30T05:54:31Z,2039078462,1059,Pavel heard шорох.,18,44,1,49.5789,0.039847,0.414062,0.585938,0.495789,0.040026,0.367188,0.617188,0.006294,0.028195,0.004777,1,50.293,7.992389,231.831,0.848261,1,0.946787,1,4,16,0.015625,-0.001644,-0.013326,-1.7e-05,C-accelerated,140338.89,137500.0,8689.14,6850.0,2.4909
2026-03-30T05:54:31Z,2039078462,1060,Elena watched mar calma.,24,44,1,50.2502,0.043847,0.359375,0.617188,0.502502,0.045038,0.382812,0.625,0.00625,0.029741,0.004677,1,49.6002,7.992067,241.466,0.719235,1,0.340356,1,4,16,0.015625,0.008756,0.003296,-0.020457,C-accelerated,134158.22,134500.0,1484.03,1300.0,0.4833
2026-03-30T05:54:31Z,2039078462,1061,Yusuf followed طريق النجوم.,27,44,1,50.0183,0.047677,0.375,0.632812,0.500183,0.046849,0.40625,0.632812,0.006265,0.02861,0.00469,1,50.3815,7.991626,255.337,0.482282,1,0.706458,1,4,16,0.015625,-0.003025,0.00422,0.006547,C-accelerated,140979.56,139600.0,5752.18,3275.0,1.173
2026-03-30T05:54:31Z,2039078462,1062,Rahim read قصة قصيرة.,21,44,1,49.8352,0.047558,0.390625,0.632812,0.498352,0.03874,0.40625,0.59375,0.00624,0.032015,0.004658,1,49.7345,7.99153,258.269,0.431075,1,0.431512,1,4,16,0.015625,-0.016611,0.001507,-0.001413,C-accelerated,134813.33,134800.0,1205.47,1900.0,0.7047
2026-03-30T05:54:31Z,2039078462,1063,Marie painted ciel bleu.,24,44,1,50.1221,0.048332,0.382812,0.59375,0.501221,0.041552,0.414062,0.59375,0.006143,0.033465,0.004638,1,50.0671,7.991767,250.333,0.570779,1,0.222301,1,4,16,0.015625,0.005346,-0.007484,-0.000794,C-accelerated,137923.56,136500.0,4691.32,7200.0,2.6374
2026-03-30T05:54:31Z,2039078462,1064,Lukas heard nacht wind.,23,44,1,49.9817,0.041241,0.390625,0.585938,0.499817,0.046931,0.367188,0.609375,0.006297,0.029189,0.004719,1,49.7986,7.9913,263.482,0.344226,1,0.437116,1,4,16,0.015625,-0.005199,-0.000667,0.016095,C-accelerated,133275.56,132600.0,1378.09,2600.0,0.9804
2026-03-30T05:54:31Z,2039078462,1065,Ivan found письмо.,18,44,1,50.2075,0.042952,0.398438,0.601562,0.502075,0.041415,0.414062,0.625,0.006275,0.031094,0.004689,1,49.9237,7.991432,262.877,0.353932,1,0.596686,1,4,16,0.015625,0.009433,0.003097,-0.004141,C-accelerated,134597.11,133800.0,2196.8,2800.0,1.0463
2026-03-30T05:54:31Z,2039078462,1066,Nadia saw قمر ساطع.,19,44,1,50.3784,0.043013,0.398438,0.617188,0.503784,0.043498,0.367188,0.59375,0.006166,0.032328,0.00476,1,50.3754,7.99299,214.772,0.968183,1,0.333162,1,4,16,0.015625,-0.010049,-0.00505,-0.006978,C-accelerated,135200.44,135100.0,1017.14,1200.0,0.4441
2026-03-30T05:54:31Z,2039078462,1067,Karim crossed puente.,21,44,1,50.1648,0.041806,0.382812,0.625,0.501648,0.046411,0.382812,0.648438,0.006203,0.031108,0.004664,1,50.116,7.990729,280.169,0.133696,1,0.260553,1,4,16,0.015625,0.004908,0.002811,-0.004637,C-accelerated,136509.11,137900.0,3206.94,6200.0,2.248
2026-03-30T05:54:31Z,2039078462,1068,Sofia wrote historia vieja.,27,44,1,49.762,0.044092,0.359375,0.601562,0.49762,0.042293,0.40625,0.59375,0.006279,0.029782,0.004748,1,50.293,7.992207,237.044,0.78373,1,0.815297,1,4,16,0.015625,0.003956,0.007362,-0.007438,C-accelerated,134521.56,134600.0,1685.22,1600.0,0.5944
2026-03-30T05:54:31Z,2039078462,1069,Pavel heard звук ветра.,23,44,1,50.6531,0.044994,0.398438,0.632812,0.506531,0.044579,0.398438,0.65625,0.006103,0.029102,0.004615,1,49.8444,7.991906,244.724,0.667001,1,0.920254,1,4,16,0.015625,0.000162,-0.003964,-0.006719,C-accelerated,138413.78,136400.0,6027.22,6100.0,2.2361
2026-03-30T05:54:31Z,2039078462,1070,Elena watched ola blanca.,25,44,1,49.5361,0.042785,0.382812,0.609375,0.495361,0.041426,0.40625,0.59375,0.006224,0.029757,0.004684,1,49.8627,7.991778,253.405,0.516444,1,0.713557,1,4,16,0.015625,0.010363,-0.008379,-0.00261,C-accelerated,134519.56,134500.0,2715.71,2800.0,1.0409
2026-03-30T05:54:31Z,2039078462,1071,Yusuf followed طريق طويل.,25,44,1,49.884,0.045198,0.390625,0.609375,0.49884,0.050254,0.382812,0.632812,0.006203,0.029532,0.00468,1,49.7192,7.993162,208.535,0.984909,1,0.130728,1,4,16,0.015625,-0.001324,-0.007468,-0.000168,C-accelerated,146164.44,134500.0,36195.36,1575.0,0.5855
2026-03-30T05:54:31Z,2039078462,1072,Rahim whispered سلام الليل.,27,44,1,50.0732,0.048489,0.390625,0.632812,0.500732,0.042404,0.398438,0.59375,0.00623,0.028929,0.00473,1,50.3693,7.992728,224.081,0.919074,1,0.451308,1,4,16,0.015625,0.003904,0.001859,0.00081,C-accelerated,134583.78,134800.0,1084.34,1100.0,0.408
2026-03-30T05:54:31Z,2039078462,1073,Marie saw étoile.,17,44,1,49.9939,0.044286,0.367188,0.648438,0.499939,0.045622,0.359375,0.609375,0.006192,0.026858,0.004678,1,50.0427,7.991014,271.837,0.22389,1,0.636952,1,4,16,0.015625,0.000614,-0.014861,0.00211,C-accelerated,138642.22,136700.0,5364.65,4575.0,1.6734
2026-03-30T05:54:31Z,2039078462,1074,Lukas crossed wald dunkel.,26,44,1,49.8047,0.043553,0.390625,0.601562,0.498047,0.044538,0.382812,0.59375,0.006286,0.031768,0.004743,1,49.8444,7.990857,276.515,0.169417,1,0.695857,1,4,16,0.015625,-0.002729,0.008221,-0.005107,C-accelerated,135565.33,135100.0,2411.33,2600.0,0.9623
2026-03-30T05:54:31Z,2039078462,1075,Ivan heard голос.,17,44,1,50.0793,0.045153,0.359375,0.625,0.500793,0.044707,0.398438,0.625,0.006247,0.034109,0.004737,1,49.7559,7.991291,264.064,0.335003,1,0.119017,1,4,16,0.015625,-0.001523,-0.002209,-0.007841,C-accelerated,139008.44,137150.0,6080.14,4975.0,1.8137
2026-03-30T05:54:31Z,2039078462,1076,Nadia read قصة غريبة.,21,44,1,50.0183,0.046981,0.367188,0.640625,0.500183,0.045307,0.40625,0.625,0.00629,0.0325,0.004768,1,48.9594,7.991489,259.852,0.404016,1,0.738597,1,4,16,0.015625,0.004711,-0.002692,-0.008402,C-accelerated,136642.0,134900.0,5808.4,4475.0,1.6586
2026-03-30T05:54:31Z,2039078462,1077,Karim walked camino gris.,25,44,1,50.2869,0.045793,0.382812,0.632812,0.502869,0.045824,0.382812,0.601562,0.00625,0.030887,0.004675,1,50.2167,7.992381,232.483,0.840929,1,0.551233,1,4,16,0.015625,-0.003741,-0.001332,0.002986,C-accelerated,136762.22,135300.0,4883.29,4475.0,1.6537
2026-03-30T05:54:31Z,2039078462,1078,Sofia wrote mémoire.,20,44,1,49.8413,0.042189,0.367188,0.609375,0.498413,0.042616,0.390625,0.625,0.00629,0.031703,0.004697,1,49.8566,7.991031,274.863,0.187535,1,0.078554,1,4,16,0.015625,-0.001339,-0.002456,0.005893,C-accelerated,133685.78,133250.0,1505.42,1975.0,0.7411
2026-03-30T05:54:31Z,2039078462,1079,Pavel saw ночь.,15,44,1,50.647,0.043401,0.421875,0.648438,0.50647,0.047039,0.351562,0.609375,0.00617,0.031366,0.004643,1,49.8698,7.991907,246.284,0.640892,1,0.745804,1,4,16,0.015625,0.002796,0.014568,-0.000297,C-accelerated,140761.33,136400.0,9980.72,8000.0,2.9326
2026-03-30T05:54:31Z,2039078462,1080,Elena watched cielo claro.,26,44,1,49.6094,0.044986,0.34375,0.59375,0.496094,0.043344,0.382812,0.609375,0.006202,0.030064,0.00466,1,49.8444,7.991773,250.333,0.570779,1,0.633553,1,4,16,0.015625,0.003341,0.000805,0.018196,C-accelerated,142397.33,139250.0,8902.71,7650.0,2.7469
2026-03-30T05:54:31Z,2039078462,1081,Yusuf followed طريق الرمال.,27,44,1,49.4507,0.046192,0.351562,0.601562,0.494507,0.037063,0.414062,0.585938,0.006301,0.03455,0.004684,1,50.3296,7.992442,229.69,0.870835,1,0.208185,1,4,16,0.015625,-0.009932,-0.011702,-0.00405,C-accelerated,139803.56,138600.0,4388.05,2600.0,0.938
2026-03-30T05:54:31Z,2039078462,1082,Rahim whispered سر الليل.,25,44,1,49.939,0.041139,0.40625,0.585938,0.49939,0.044641,0.382812,0.625,0.006301,0.029817,0.004762,1,50.3418,7.992837,217.705,0.956342,1,0.285576,1,4,16,0.015625,-0.012523,-0.004046,-0.002647,C-accelerated,134446.67,134200.0,1660.17,2700.0,1.006
2026-03-30T05:54:31Z,2039078462,1083,Marie painted rivière.,22,44,1,50.1099,0.044471,0.367188,0.59375,0.501099,0.043121,0.359375,0.601562,0.006107,0.030272,0.004632,1,49.8596,7.991268,264.529,0.327704,1,0.360022,1,4,16,0.015625,-0.004392,-0.004843,0.005088,C-accelerated,140696.0,137400.0,7158.58,9200.0,3.3479
2026-03-30T05:54:31Z,2039078462,1084,Lukas heard wind kalt.,22,44,1,50.0732,0.049309,0.390625,0.625,0.500732,0.043896,0.390625,0.609375,0.00629,0.029218,0.004691,1,49.9237,7.991526,257.897,0.43751,1,0.094263,1,4,16,0.015625,0.007566,-0.002504,0.008178,C-accelerated,137552.89,137200.0,2429.69,2775.0,1.0113
2026-03-30T05:54:31Z,2039078462,1085,Ivan wrote тайна.,17,44,1,50.5493,0.043677,0.382812,0.617188,0.505493,0.043633,0.398438,0.625,0.006281,0.033181,0.004726,1,49.8627,7.991597,250.659,0.56504,1,0.19147,1,4,16,0.015625,0.004475,0.001687,0.004186,C-accelerated,143334.44,140250.0,10308.17,6825.0,2.4332
2026-03-30T05:54:31Z,2039078462,1086,Nadia saw شمس.,14,44,1,49.3774,0.046889,0.367188,0.601562,0.493774,0.042939,0.367188,0.617188,0.006247,0.032004,0.00471,1,49.9198,7.991602,255.337,0.482282,1,0.289899,1,4,16,0.015625,-0.003454,0.006325,-0.000101,C-accelerated,134059.11,134100.0,1255.98,1500.0,0.5593
2026-03-30T05:54:31Z,2039078462,1087,Karim crossed valle.,20,44,1,49.8596,0.047254,0.382812,0.585938,0.498596,0.044457,0.382812,0.632812,0.006232,0.034065,0.004626,1,49.9756,7.991682,253.801,0.509434,1,0.778502,1,4,16,0.015625,0.0036,0.005459,-0.008429,C-accelerated,139103.56,136400.0,6754.08,3775.0,1.3838
2026-03-30T05:54:31Z,2039078462,1088,Sofia wrote histoire.,21,44,1,50.0061,0.05253,0.382812,0.609375,0.500061,0.041195,0.390625,0.601562,0.006216,0.031028,0.004772,1,50.1129,7.991256,266.065,0.304153,1,0.213401,1,4,16,0.015625,0.005459,0.006626,-0.00866,C-accelerated,135288.0,135200.0,2372.97,3475.0,1.2851
2026-03-30T05:54:31Z,2039078462,1089,Pavel heard тишина.,19,44,1,49.939,0.047064,0.390625,0.625,0.49939,0.040649,0.367188,0.601562,0.006252,0.028326,0.004718,1,49.6765,7.99082,281.007,0.126333,1,0.685315,1,4,16,0.015625,0.005327,0.007734,-0.000132,C-accelerated,134640.44,135100.0,1429.38,2500.0,0.9252
2026-03-30T05:54:31Z,2039078462,1090,Elena watched luna roja.,24,44,1,49.5789,0.045595,0.359375,0.65625,0.495789,0.0491,0.359375,0.617188,0.006257,0.027958,0.004735,1,49.8993,7.992287,234.694,0.81447,1,0.423185,1,4,16,0.015625,0.00825,0.004973,0.001186,C-accelerated,134520.67,134200.0,1296.56,1675.0,0.6241
2026-03-30T05:54:31Z,2039078462,1091,Yusuf followed طريق النور.,26,44,1,49.8535,0.040474,0.40625,0.578125,0.498535,0.041636,0.398438,0.59375,0.006242,0.035552,0.004745,1,49.6399,7.991917,248.797,0.597678,1,0.935407,1,4,16,0.015625,-0.009202,0.006935,-0.000153,C-accelerated,141098.22,137000.0,9860.08,8875.0,3.2391
2026-03-30T05:54:31Z,2039078462,1092,Rahim whispered أمل الليل.,26,44,1,49.7925,0.038142,0.40625,0.59375,0.497925,0.043525,0.382812,0.59375,0.006175,0.032237,0.004642,1,49.8352,7.991338,263.948,0.336838,1,0.483431,1,4,16,0.015625,0.000705,-0.00521,0.005565,C-accelerated,136735.11,136400.0,2731.07,4400.0,1.6129
2026-03-30T05:54:31Z,2039078462,1093,Marie saw ciel.,15,44,1,49.884,0.046323,0.375,0.601562,0.49884,0.044817,0.375,0.640625,0.006215,0.033995,0.004719,1,50.1823,7.99168,254.429,0.498312,1,0.570503,1,4,16,0.015625,0.010454,-0.014263,0.005619,C-accelerated,132934.0,132200.0,1661.56,2600.0,0.9834
2026-03-30T05:54:31Z,2039078462,1094,Lukas crossed berg still.,25,44,1,49.9817,0.04116,0.398438,0.609375,0.499817,0.048174,0.40625,0.671875,0.006255,0.031091,0.004684,1,49.9542,7.992174,237.58,0.77637,1,0.498432,1,4,16,0.015625,0.002305,0.002959,-0.005267,C-accelerated,133361.78,133200.0,1270.03,1600.0,0.6006
2026-03-30T05:54:31Z,2039078462,1095,Ivan heard слово.,17,44,1,49.3164,0.045007,0.390625,0.617188,0.493164,0.041397,0.375,0.578125,0.006289,0.033077,0.004783,1,50.3845,7.991856,248.308,0.606171,1,0.057151,1,4,16,0.015625,-0.000683,0.012066,0.004237,C-accelerated,148920.89,146250.0,10449.41,17700.0,6.0513
2026-03-30T05:54:31Z,2039078462,1096,Nadia saw بحر.,14,44,1,50.0061,0.044757,0.351562,0.59375,0.500061,0.038503,0.40625,0.59375,0.006292,0.032765,0.004846,1,49.7838,7.990544,287.756,0.077537,1,0.025674,1,4,16,0.015625,-0.004655,-0.007103,-0.009825,C-accelerated,134203.78,134600.0,1784.76,2875.0,1.068
2026-03-30T05:54:31Z,2039078462,1097,Karim walked campo.,19,44,1,49.8047,0.046466,0.390625,0.59375,0.498047,0.04363,0.359375,0.640625,0.006222,0.034433,0.004682,1,50.1984,7.990851,278.447,0.149793,1,0.833854,1,4,16,0.015625,-0.002256,-0.00466,-0.020222,C-accelerated,134287.11,133500.0,2025.47,2775.0,1.0393
2026-03-30T05:54:31Z,2039078462,1098,Sofia wrote mémoire douce.,26,44,1,49.9146,0.041972,0.382812,0.601562,0.499146,0.041504,0.40625,0.640625,0.006228,0.028922,0.004722,1,49.5117,7.990698,282.077,0.117362,1,0.495412,1,4,16,0.015625,-0.00372,0.006997,0.010398,C-accelerated,135406.89,135400.0,1701.42,1500.0,0.5539
2026-03-30T05:54:31Z,2039078462,1100,Elena saw estrella roja.,24,44,1,49.6277,0.041466,0.40625,0.570312,0.496277,0.045418,0.375,0.601562,0.006239,0.028597,0.004671,1,49.7925,7.992524,228.015,0.88688,1,0.841303,1,4,16,0.015625,0.007681,0.002063,0.00531,C-accelerated,134568.0,134400.0,1851.55,2375.0,0.8836
2026-03-30T05:54:31Z,2039078462,1099,Pavel watched ночь длинная.,27,44,1,50.2014,0.043915,0.390625,0.632812,0.502014,0.043632,0.375,0.625,0.006225,0.029434,0.004768,1,49.7681,7.991234,265.321,0.315467,1,0.033485,1,4,16,0.015625,0.010921,-0.000652,-0.004843,C-accelerated,139929.11,137200.0,6756.41,6975.0,2.5419
2026-03-30T05:54:31Z,2039078462,1101,Yusuf crossed صحراء الليل.,26,44,1,49.5483,0.042406,0.390625,0.585938,0.495483,0.041312,0.40625,0.601562,0.006194,0.028933,0.004657,1,50.0488,7.992036,241.28,0.72211,1,0.633553,1,4,16,0.015625,-0.004999,-0.003153,0.00456,C-accelerated,134366.89,134300.0,1830.15,2000.0,0.7446
2026-03-30T05:54:31Z,2039078462,1102,Rahim whispered قصة قديمة.,26,44,1,50.1953,0.044021,0.351562,0.625,0.501953,0.042421,0.414062,0.617188,0.006183,0.029773,0.004681,1,49.8749,7.992329,233.344,0.830913,1,0.541719,1,4,16,0.015625,-0.000736,-0.002646,-0.000737,C-accelerated,133901.56,133800.0,1847.29,2400.0,0.8969
2026-03-30T05:54:31Z,2039078462,1103,Marie heard chanson.,20,44,1,50.2014,0.038968,0.40625,0.601562,0.502014,0.043676,0.398438,0.59375,0.006224,0.034748,0.004675,1,49.9634,7.990752,281.821,0.119463,1,0.37523,1,4,16,0.015625,0.005187,-0.002799,0.006058,C-accelerated,134811.11,134850.0,1357.26,1700.0,0.6303
2026-03-30T05:54:31Z,2039078462,1104,Lukas saw licht fern.,21,44,1,50.0671,0.042869,0.40625,0.585938,0.500671,0.043695,0.367188,0.601562,0.006174,0.032982,0.004706,1,50.2228,7.991176,269.626,0.253006,1,0.131946,1,4,16,0.015625,-0.010491,-0.004063,-0.002488,C-accelerated,138265.11,137000.0,3727.13,5675.0,2.0712
2026-03-30T05:54:31Z,2039078462,1105,Ivan whispered судьба пути.,27,44,1,49.6582,0.041198,0.382812,0.578125,0.496582,0.045478,0.351562,0.640625,0.006157,0.029592,0.004716,1,50.1984,7.991271,263.319,0.346828,1,0.305376,1,4,16,0.015625,0.001904,0.003118,0.006267,C-accelerated,134381.78,135100.0,1706.13,3000.0,1.1103
2026-03-30T05:54:31Z,2039078462,1106,Nadia watched قمر بعيد.,23,44,1,50.3296,0.039167,0.398438,0.640625,0.503296,0.040661,0.398438,0.609375,0.006268,0.031013,0.004731,1,49.7131,7.991908,245.423,0.655387,1,0.87875,1,4,16,0.015625,-0.003422,0.008581,-0.001895,C-accelerated,147904.67,136850.0,30474.16,9900.0,3.6171
2026-03-30T05:54:31Z,2039078462,1107,Karim crossed puente viejo.,27,44,1,49.9329,0.049247,0.390625,0.625,0.499329,0.045607,0.398438,0.640625,0.006233,0.030472,0.004723,1,50.4761,7.991816,248.913,0.595651,1,0.070051,1,4,16,0.015625,0.00875,-0.005783,0.007236,C-accelerated,140716.89,135100.0,13395.13,7175.0,2.6554
2026-03-30T05:54:31Z,2039078462,1108,Sofia wrote histoire calme.,27,44,1,49.4202,0.040844,0.390625,0.578125,0.494202,0.040972,0.40625,0.609375,0.006253,0.033433,0.004634,1,49.2737,7.991749,251.101,0.557238,1,0.603317,1,4,16,0.015625,-0.002297,0.002111,-0.011721,C-accelerated,137628.22,135550.0,5022.09,6600.0,2.4345
2026-03-30T05:54:31Z,2039078462,1109,Pavel heard ветер.,18,44,1,50.354,0.043155,0.335938,0.640625,0.50354,0.046352,0.375,0.648438,0.006231,0.03466,0.004708,1,49.8657,7.991542,257.408,0.445991,1,0.501462,1,4,16,0.015625,-0.004033,-0.005547,0.003265,C-accelerated,137199.56,137700.0,1918.45,3500.0,1.2709
2026-03-30T05:54:31Z,2039078462,1110,Elena saw mar azul.,19,44,1,49.823,0.040409,0.382812,0.601562,0.49823,0.04486,0.375,0.585938,0.006159,0.027457,0.004604,1,49.7772,7.991984,240.512,0.733831,1,0.471609,1,4,16,0.015625,-0.004593,-0.00138,0.002855,C-accelerated,137528.44,135450.0,6655.19,4300.0,1.5873
2026-03-30T05:54:31Z,2039078462,1111,Yusuf followed طريق.,20,44,1,49.9939,0.038491,0.40625,0.59375,0.499939,0.044874,0.398438,0.625,0.006203,0.034915,0.004734,1,50.1648,7.991324,264.506,0.328067,1,0.640359,1,4,16,0.015625,0.004304,0.005793,0.022515,C-accelerated,134220.0,133700.0,1943.91,2800.0,1.0471
2026-03-30T05:54:31Z,2039078462,1112,Rahim whispered سلام.,21,44,1,50.7446,0.041603,0.414062,0.585938,0.507446,0.043879,0.390625,0.632812,0.006233,0.027962,0.004732,1,49.8352,7.99237,233.251,0.832014,1,0.984786,1,4,16,0.015625,-0.002429,0.001074,0.002336,C-accelerated,140139.78,136500.0,8596.98,8725.0,3.196
2026-03-30T05:54:31Z,2039078462,1113,Marie watched étoile.,21,44,1,50.0671,0.048269,0.390625,0.679688,0.500671,0.044677,0.382812,0.609375,0.006173,0.034078,0.004729,1,50.0397,7.992102,241.001,0.726398,1,0.931616,1,4,16,0.015625,0.009615,-0.006593,-0.000125,C-accelerated,135026.22,135200.0,1365.34,1200.0,0.4438
2026-03-30T05:54:31Z,2039078462,1114,Lukas heard nacht.,18,44,1,50.3113,0.043216,0.382812,0.601562,0.503113,0.042783,0.40625,0.625,0.006263,0.031677,0.004765,1,49.8322,7.99033,297.158,0.035777,0,0.296466,1,4,16,0.015625,0.003075,-0.002214,-0.004407,C-accelerated,133898.89,133600.0,1482.8,2400.0,0.8982
2026-03-30T05:54:31Z,2039078462,1115,Ivan followed дорога.,21,44,1,50.6042,0.039345,0.390625,0.585938,0.506042,0.040937,0.398438,0.625,0.006272,0.030661,0.004674,1,50.061,7.991618,255.383,0.481462,1,0.606644,1,4,16,0.015625,0.000795,0.000422,-0.0009,C-accelerated,134680.22,134500.0,2357.79,2600.0,0.9665
2026-03-30T05:54:31Z,2039078462,1116,Nadia saw بحر هادئ.,19,44,1,50.5432,0.04346,0.40625,0.601562,0.505432,0.042953,0.414062,0.609375,0.006165,0.034048,0.004733,1,50.0946,7.991291,262.272,0.363749,1,0.380386,1,4,16,0.015625,-0.000729,-0.002732,0.005594,C-accelerated,141626.89,138400.0,9322.24,6475.0,2.3392
2026-03-30T05:54:31Z,2039078462,1117,Karim walked camino rojo.,25,44,1,50.0854,0.043303,0.382812,0.632812,0.500854,0.042379,0.382812,0.617188,0.006277,0.028651,0.004681,1,49.9268,7.992359,232.948,0.835561,1,0.826419,1,4,16,0.015625,0.00623,-0.004768,-0.01103,C-accelerated,138778.67,138500.0,3290.64,5300.0,1.9134
2026-03-30T05:54:31Z,2039078462,1118,Sofia wrote mémoire longue.,27,44,1,49.6399,0.049448,0.375,0.617188,0.496399,0.047791,0.390625,0.617188,0.006179,0.030029,0.00465,1,49.5148,7.991338,264.111,0.334269,1,0.557621,1,4,16,0.015625,0.011928,0.003275,0.003309,C-accelerated,134894.44,135000.0,1424.82,1975.0,0.7315
2026-03-30T05:54:31Z,2039078462,1119,Pavel heard шепот.,18,44,1,50.1709,0.046394,0.34375,0.609375,0.501709,0.042499,0.398438,0.632812,0.006199,0.033188,0.004702,1,49.762,7.990796,278.074,0.153446,1,0.040837,1,4,16,0.015625,-0.007223,-0.014851,0.008968,C-accelerated,133782.67,133300.0,1463.96,1500.0,0.5626
2026-03-30T05:54:31Z,2039078462,1120,Elena watched luna clara.,25,44,1,49.707,0.04427,0.390625,0.617188,0.49707,0.041764,0.398438,0.578125,0.006218,0.030482,0.004722,1,50.0336,7.992494,228.108,0.886026,1,0.706458,1,4,16,0.015625,-0.000601,0.011392,-0.008052,C-accelerated,155740.67,137900.0,40891.0,15400.0,5.5838
2026-03-30T05:54:31Z,2039078462,1121,Yusuf crossed طريق الرمال.,26,44,1,49.4873,0.046348,0.375,0.640625,0.494873,0.041206,0.367188,0.585938,0.006224,0.031858,0.004732,1,49.8016,7.991175,268.253,0.272129,1,0.014847,1,4,16,0.015625,-0.00812,-0.004962,0.0009,C-accelerated,134773.56,134800.0,1297.45,1575.0,0.5842
2026-03-30T05:54:31Z,2039078462,1122,Rahim whispered سر.,19,44,1,50.0549,0.041698,0.390625,0.59375,0.500549,0.044572,0.390625,0.609375,0.006265,0.0343,0.004728,1,49.8199,7.990771,281.1,0.125533,1,0.640359,1,4,16,0.015625,0.008934,0.004006,-0.002508,C-accelerated,134870.44,134700.0,1354.59,2275.0,0.8445
2026-03-30T05:54:31Z,2039078462,1123,Marie heard chanson douce.,26,44,1,50.1282,0.042822,0.390625,0.617188,0.501282,0.045332,0.367188,0.648438,0.006146,0.03337,0.004712,1,50.2502,7.99248,229.201,0.875661,1,0.927827,1,4,16,0.015625,-0.000368,-0.007752,-0.009071,C-accelerated,134991.78,134900.0,2303.19,2900.0,1.0749
2026-03-30T05:54:31Z,2039078462,1124,Lukas crossed berg.,19,44,1,49.6643,0.042564,0.375,0.585938,0.496643,0.041589,0.390625,0.648438,0.006284,0.036118,0.004759,1,50.7935,7.990402,290.804,0.061055,1,0.159618,1,4,16,0.015625,-0.001842,-0.000778,-0.010764,C-accelerated,152168.67,137150.0,33407.82,13775.0,5.0219
2026-03-30T05:54:31Z,2039078462,1125,Ivan watched небо.,18,44,1,49.7925,0.04123,0.398438,0.609375,0.497925,0.047285,0.382812,0.65625,0.006255,0.031376,0.004679,1,49.826,7.991404,261.597,0.374823,1,0.246678,1,4,16,0.015625,0.003774,-0.016974,0.007245,C-accelerated,138000.67,138500.0,2305.03,1400.0,0.5054
2026-03-30T05:54:31Z,2039078462,1126,Nadia saw نجمة.,15,44,1,50.4089,0.041236,0.390625,0.617188,0.504089,0.039571,0.40625,0.609375,0.006156,0.028666,0.004671,1,49.9609,7.991863,247.587,0.618634,1,0.437116,1,4,16,0.015625,-0.003613,0.008855,0.005078,C-accelerated,134637.56,134500.0,1178.02,1300.0,0.4833
2026-03-30T05:54:31Z,2039078462,1127,Karim walked campo verde.,25,44,1,50.1648,0.047918,0.375,0.632812,0.501648,0.045067,0.398438,0.625,0.006182,0.032831,0.004696,1,49.7589,7.991901,246.284,0.640892,1,0.570503,1,4,16,0.015625,-0.004298,0.008349,0.00365,C-accelerated,134576.44,134500.0,2056.69,3075.0,1.1431
2026-03-30T05:54:31Z,2039078462,1128,Sofia wrote histoire douce.,27,44,1,49.7559,0.045625,0.382812,0.617188,0.497559,0.045352,0.398438,0.648438,0.006236,0.027417,0.004676,1,50.0397,7.991281,267.671,0.280463,1,0.370117,1,4,16,0.015625,-0.012092,0.005117,0.004958,C-accelerated,142214.67,137600.0,10218.81,7800.0,2.8343
2026-03-30T05:54:31Z,2039078462,1129,Pavel heard ветер тихий.,24,44,1,49.7375,0.042983,0.40625,0.59375,0.497375,0.046346,0.367188,0.609375,0.006168,0.03082,0.004678,1,50.1801,7.990729,283.59,0.105504,1,0.211652,1,4,16,0.015625,0.004071,0.008773,0.001921,C-accelerated,133905.56,133300.0,1640.4,2900.0,1.0878
2026-03-30T05:54:31Z,2039078462,1130,Elena watched mar tranquilo.,28,44,1,50.3174,0.046706,0.390625,0.632812,0.503174,0.045882,0.40625,0.617188,0.006224,0.030728,0.004633,1,49.7864,7.991509,257.827,0.438719,1,0.486411,1,4,16,0.015625,-0.004232,-0.00813,-0.004089,C-accelerated,133858.0,133500.0,1319.74,1700.0,0.6367
2026-03-30T05:54:31Z,2039078462,1131,Yusuf crossed طريق الليل.,25,44,1,50.4822,0.041214,0.390625,0.609375,0.504822,0.046076,0.382812,0.625,0.006314,0.031132,0.004741,1,50.061,7.991598,254.732,0.492963,1,0.237089,1,4,16,0.015625,0.000257,-0.003952,0.007681,C-accelerated,135530.0,135100.0,2225.52,2700.0,0.9993
2026-03-30T05:54:31Z,2039078462,1133,Marie saw ciel clair.,21,44,1,49.9207,0.046782,0.359375,0.601562,0.499207,0.043606,0.367188,0.601562,0.006239,0.029863,0.004781,1,50.1465,7.991009,273.908,0.198559,1,0.231464,1,4,16,0.015625,0.002287,-0.003612,-0.008784,C-accelerated,134639.11,134700.0,1358.95,2275.0,0.8445
2026-03-30T05:54:31Z,2039078462,1132,Rahim whispered قصة سرية.,25,44,1,49.823,0.047262,0.382812,0.632812,0.49823,0.038263,0.414062,0.578125,0.006283,0.032074,0.004748,1,50.1862,7.99165,254.476,0.497488,1,0.333162,1,4,16,0.015625,0.006449,0.001763,-0.004374,C-accelerated,138016.0,136900.0,3792.79,5400.0,1.9722
2026-03-30T05:54:31Z,2039078462,1134,Lukas heard wind ruhig.,23,44,1,49.585,0.05029,0.390625,0.609375,0.49585,0.041523,0.375,0.609375,0.006188,0.030524,0.0046,1,50.0671,7.991807,249.844,0.579368,1,0.845033,1,4,16,0.015625,0.004976,0.007037,0.00451,C-accelerated,141165.78,137600.0,7848.07,7925.0,2.8797
2026-03-30T05:54:31Z,2039078462,1135,Ivan wrote путь жизни.,22,44,1,50.0854,0.050093,0.398438,0.609375,0.500854,0.045104,0.398438,0.632812,0.006227,0.030878,0.004712,1,50.0793,7.991388,261.434,0.377515,1,0.28343,1,4,16,0.015625,0.002871,-0.000896,0.013254,C-accelerated,133682.0,133400.0,2009.27,2975.0,1.1151
2026-03-30T05:54:31Z,2039078462,1136,Nadia saw قمر الليل.,20,44,1,50.5493,0.046398,0.398438,0.625,0.505493,0.042245,0.390625,0.617188,0.006336,0.032989,0.004742,1,49.5117,7.991743,250.868,0.561346,1,0.67832,1,4,16,0.015625,-0.009145,-0.003191,-0.004285,C-accelerated,135346.44,134400.0,2339.02,3775.0,1.4044
2026-03-30T05:54:31Z,2039078462,1137,Karim crossed puente largo.,27,44,1,49.7742,0.042636,0.421875,0.617188,0.497742,0.044012,0.375,0.601562,0.006141,0.028588,0.004638,1,49.7772,7.990357,295.273,0.042139,0,0.695857,1,4,16,0.015625,-0.002797,0.004107,0.006008,C-accelerated,137161.11,136350.0,3553.36,5375.0,1.971
2026-03-30T05:54:31Z,2039078462,1138,Sofia wrote mémoire ancienne.,29,44,1,49.5361,0.04194,0.359375,0.59375,0.495361,0.040997,0.398438,0.601562,0.006153,0.036964,0.004663,1,50.1709,7.991953,243.584,0.685672,1,0.965777,1,4,16,0.015625,-0.007325,0.010298,-0.001254,C-accelerated,144718.89,140900.0,9909.29,7800.0,2.7679
2026-03-30T05:54:31Z,2039078462,1139,Pavel heard ночь тихая.,23,44,1,49.5789,0.041626,0.390625,0.59375,0.495789,0.041177,0.40625,0.617188,0.006222,0.032927,0.004751,1,49.5819,7.99055,286.196,0.08723,1,0.640359,1,4,16,0.015625,0.003634,2.8e-05,-0.013993,C-accelerated,134221.11,134400.0,1410.08,1300.0,0.4836
2026-03-30T05:54:31Z,2039078462,1140,Elena saw estrella blanca.,26,44,1,49.9634,0.046639,0.398438,0.609375,0.499634,0.042901,0.367188,0.640625,0.006258,0.036792,0.004759,1,50.177,7.990408,288.454,0.073482,1,0.235204,1,4,16,0.015625,0.008747,0.002379,-0.011727,C-accelerated,136050.22,136900.0,3156.79,6200.0,2.2644
2026-03-30T05:54:31Z,2039078462,1141,Yusuf followed طريق النجوم.,27,44,1,50.5005,0.045646,0.398438,0.617188,0.505005,0.043616,0.421875,0.617188,0.006273,0.030898,0.004738,1,50.3601,7.992605,225.175,0.910873,1,0.807902,1,4,16,0.015625,0.011321,-0.01495,-0.001106,C-accelerated,133398.67,133000.0,1212.25,1400.0,0.5263
2026-03-30T05:54:31Z,2039078462,1142,Rahim whispered سلام الليل.,27,44,1,49.7681,0.041848,0.390625,0.609375,0.497681,0.041425,0.367188,0.578125,0.006268,0.032037,0.004778,1,49.5148,7.992169,239.604,0.747383,1,0.541719,1,4,16,0.015625,-0.008502,0.002865,-0.004706,C-accelerated,142175.11,139450.0,8150.2,9175.0,3.2897
2026-03-30T05:54:31Z,2039078462,1143,Marie heard chanson lente.,26,44,1,49.8535,0.043921,0.375,0.65625,0.498535,0.046679,0.367188,0.648438,0.006248,0.031126,0.004729,1,50.2808,7.992046,242.746,0.699132,1,0.04424,1,4,16,0.015625,0.001696,-1e-05,-0.002264,C-accelerated,133518.67,132900.0,1568.17,2675.0,1.0064
2026-03-30T05:54:31Z,2039078462,1144,Lukas crossed tal still.,24,44,1,50.0916,0.042305,0.398438,0.617188,0.500916,0.041669,0.390625,0.617188,0.006313,0.031246,0.004743,1,50.235,7.990147,297.46,0.034835,0,0.038545,1,4,16,0.015625,-0.006234,-0.004381,0.002027,C-accelerated,134330.44,133700.0,1720.49,2100.0,0.7853
2026-03-30T05:54:31Z,2039078462,1145,Ivan watched дорога.,20,44,1,49.7253,0.044747,0.375,0.640625,0.497253,0.04931,0.375,0.625,0.006285,0.029904,0.004727,1,50.3021,7.992228,237.021,0.784047,1,0.492402,1,4,16,0.015625,0.018716,-0.001451,0.004859,C-accelerated,135936.89,135000.0,2785.13,3675.0,1.3611
2026-03-30T05:54:31Z,2039078462,1146,Nadia saw بحر أزرق.,19,44,1,49.884,0.049873,0.359375,0.617188,0.49884,0.044011,0.40625,0.59375,0.006237,0.031417,0.004661,1,49.9268,7.990616,286.871,0.082925,1,0.305376,1,4,16,0.015625,-0.003973,0.002709,-0.001958,C-accelerated,135512.0,135500.0,1669.1,1600.0,0.5904
2026-03-30T05:54:31Z,2039078462,1147,Karim walked campo gris.,24,44,1,50.5859,0.046219,0.398438,0.625,0.505859,0.042869,0.40625,0.609375,0.006287,0.029398,0.00478,1,49.9603,7.991069,274.467,0.192056,1,0.557621,1,4,16,0.015625,0.004041,-0.000285,-0.002864,C-accelerated,135574.44,135100.0,2654.86,1900.0,0.7032
2026-03-30T05:54:31Z,2039078462,1148,Sofia wrote histoire secrète.,29,44,1,50.0305,0.048783,0.398438,0.617188,0.500305,0.041666,0.382812,0.601562,0.006242,0.029097,0.004683,1,50.2197,7.991785,250.915,0.560525,1,0.532287,1,4,16,0.015625,0.006728,0.010918,0.017706,C-accelerated,134614.67,135000.0,1863.62,2975.0,1.1019
2026-03-30T05:54:31Z,2039078462,1149,Pavel heard шорох ветра.,24,44,1,49.9329,0.042635,0.390625,0.601562,0.499329,0.049546,0.335938,0.601562,0.00621,0.033892,0.004725,1,49.9817,7.99217,237.603,0.776047,1,0.111321,1,4,16,0.015625,-0.005351,0.011912,-0.004076,C-accelerated,133630.22,133500.0,1703.66,2300.0,0.8614
2026-03-30T05:54:31Z,2039078462,1150,Elena saw luna grande.,22,44,1,49.823,0.04709,0.390625,0.617188,0.49823,0.043049,0.398438,0.59375,0.006205,0.030816,0.004667,1,49.8016,7.992556,225.245,0.91033,1,0.106069,1,4,16,0.015625,0.008026,0.013099,0.007902,C-accelerated,135536.67,135300.0,1753.96,1675.0,0.619
2026-03-30T05:54:31Z,2039078462,1151,Yusuf crossed طريق الرمل.,25,44,1,50.4456,0.047206,0.375,0.632812,0.504456,0.042011,0.414062,0.609375,0.006269,0.029515,0.004715,1,50.1801,7.991577,256.012,0.470404,1,0.815297,1,4,16,0.015625,-0.006604,0.006256,-0.000408,C-accelerated,140760.22,137750.0,8007.98,8725.0,3.167
2026-03-30T05:54:31Z,2039078462,1152,Rahim whispered قصة طويلة.,26,44,1,49.884,0.038609,0.398438,0.585938,0.49884,0.042231,0.382812,0.601562,0.006312,0.034188,0.004703,1,50.0824,7.992394,230.132,0.866364,1,0.039448,1,4,16,0.015625,-0.005622,-0.001816,0.000409,C-accelerated,136077.78,135700.0,1968.09,2300.0,0.8475
2026-03-30T05:54:31Z,2039078462,1153,Marie saw étoile brillante.,27,44,1,49.8596,0.045254,0.375,0.601562,0.498596,0.044532,0.375,0.65625,0.006223,0.029116,0.00474,1,50.3143,7.991912,245.655,0.651488,1,0.323724,1,4,16,0.015625,-0.003689,0.001078,-0.006469,C-accelerated,135306.67,135100.0,1347.36,1375.0,0.5089
2026-03-30T05:54:31Z,2039078462,1154,Lukas heard nacht wind.,23,44,1,49.8535,0.043506,0.382812,0.59375,0.498535,0.046464,0.382812,0.632812,0.006257,0.028705,0.004736,1,49.7101,7.990999,273.094,0.208292,1,0.039448,1,4,16,0.015625,0.000781,-1.3e-05,-0.004311,C-accelerated,138305.56,135400.0,6798.21,4475.0,1.6525
2026-03-30T05:54:31Z,2039078462,1155,Ivan followed путь длинный.,27,44,1,50.769,0.045017,0.367188,0.609375,0.50769,0.04319,0.421875,0.617188,0.0062,0.035308,0.00472,1,49.649,7.992342,232.46,0.841195,1,0.305376,1,4,16,0.015625,0.021646,-0.007881,0.001278,C-accelerated,141459.56,139200.0,7168.1,7575.0,2.7209
2026-03-30T05:54:31Z,2039078462,1156,Nadia saw نجمة بعيدة.,21,44,1,50.6104,0.047621,0.40625,0.65625,0.506104,0.044021,0.414062,0.625,0.006205,0.031318,0.004726,1,49.8993,7.9928,218.892,0.950672,1,0.471609,1,4,16,0.015625,0.001063,0.004044,-0.000898,C-accelerated,134192.44,134350.0,1736.19,2600.0,0.9676
2026-03-30T05:54:31Z,2039078462,1157,Karim crossed puente rojo.,26,44,1,50.2686,0.045096,0.375,0.609375,0.502686,0.045391,0.382812,0.601562,0.006266,0.032469,0.004739,1,49.8108,7.991827,249.193,0.590778,1,0.05007,1,4,16,0.015625,0.008685,-0.005249,-0.001507,C-accelerated,136930.22,135500.0,4003.8,3575.0,1.3192
2026-03-30T05:54:31Z,2039078462,1158,Sofia wrote mémoire secrète.,28,44,1,50.061,0.049339,0.382812,0.617188,0.50061,0.043428,0.40625,0.617188,0.006268,0.035652,0.004704,1,50.061,7.991201,266.717,0.294421,1,0.510609,1,4,16,0.015625,0.006563,-0.003068,0.003477,C-accelerated,133305.56,133300.0,1267.87,1600.0,0.6002
2026-03-30T05:54:31Z,2039078462,1159,Pavel heard тишина ночи.,24,44,1,49.8657,0.043466,0.359375,0.585938,0.498657,0.046508,0.320312,0.609375,0.006213,0.029541,0.004674,1,50.4822,7.991278,266.996,0.290299,1,0.800525,1,4,16,0.015625,-0.009299,-0.005344,0.008082,C-accelerated,133873.56,133300.0,1728.76,2575.0,0.9659
2026-03-30T05:54:31Z,2039078462,1160,Elena saw mar oscuro.,21,44,1,50.4883,0.048701,0.390625,0.648438,0.504883,0.043531,0.40625,0.648438,0.006233,0.027099,0.004675,1,50.0671,7.989947,308.724,0.011946,0,0.616675,1,4,16,0.015625,-0.000643,0.00337,-0.013511,C-accelerated,159528.22,150850.0,28434.87,38200.0,12.6616
2026-03-30T05:54:31Z,2039078462,1161,Yusuf followed طريق طويل.,25,44,1,49.6887,0.038253,0.40625,0.585938,0.496887,0.039006,0.414062,0.578125,0.006223,0.031234,0.004689,1,49.7986,7.992312,232.553,0.840131,1,0.800525,1,4,16,0.015625,-0.012243,-0.009716,-0.007481,C-accelerated,134555.78,134600.0,1645.76,1800.0,0.6686
2026-03-30T05:54:31Z,2039078462,1162,Rahim whispered سلام بعيد.,26,44,1,50.2136,0.049321,0.398438,0.625,0.502136,0.039976,0.390625,0.59375,0.006225,0.04197,0.004673,1,50.1587,7.991069,271.255,0.231347,1,0.874992,1,4,16,0.015625,0.00898,0.006786,0.006523,C-accelerated,134960.0,134800.0,2092.51,2700.0,1.0015
2026-03-30T05:54:31Z,2039078462,1163,Marie heard chanson triste.,27,44,1,49.8901,0.042977,0.382812,0.601562,0.498901,0.039266,0.390625,0.59375,0.006208,0.039944,0.004678,1,49.8718,7.992222,239.558,0.748069,1,0.793166,1,4,16,0.015625,0.013394,-0.003285,0.004437,C-accelerated,134528.44,135000.0,1207.75,1875.0,0.6944
2026-03-30T05:54:31Z,2039078462,1164,Lukas crossed berg kalt.,24,44,1,50.1953,0.046281,0.398438,0.617188,0.501953,0.039221,0.414062,0.617188,0.006231,0.028674,0.004713,1,49.8627,7.991267,265.879,0.306962,1,0.874992,1,4,16,0.015625,0.008101,-0.000783,-0.004983,C-accelerated,136222.67,135450.0,3233.25,4375.0,1.615
2026-03-30T05:54:31Z,2039078462,1165,Ivan heard голос ветра.,23,44,1,49.9939,0.045465,0.390625,0.59375,0.499939,0.043983,0.367188,0.601562,0.006187,0.033192,0.004705,1,49.8138,7.991353,264.716,0.324805,1,0.103013,1,4,16,0.015625,-0.004329,0.005114,-0.007107,C-accelerated,134272.67,134200.0,819.96,1000.0,0.3726
2026-03-30T05:54:31Z,2039078462,1166,Nadia saw قمر بعيد.,19,44,1,50.1282,0.041383,0.375,0.601562,0.501282,0.040167,0.40625,0.625,0.00615,0.028684,0.004634,1,50.4181,7.992049,242.164,0.708342,1,0.462847,1,4,16,0.015625,0.006727,0.003797,0.005129,C-accelerated,133856.44,133500.0,1361.7,2200.0,0.824
2026-03-30T05:54:31Z,2039078462,1167,Karim walked campo largo.,25,44,1,49.8535,0.042091,0.382812,0.609375,0.498535,0.042844,0.40625,0.601562,0.006252,0.031344,0.00483,1,50.1007,7.990889,276.096,0.173894,1,0.42595,1,4,16,0.015625,0.008754,0.006399,0.003963,C-accelerated,133039.56,132800.0,1492.39,1700.0,0.6401
2026-03-30T05:54:31Z,2039078462,1168,Sofia wrote histoire perdue.,28,44,1,50.1099,0.047569,0.390625,0.609375,0.501099,0.041716,0.398438,0.609375,0.006199,0.035994,0.004721,1,50.412,7.991936,244.864,0.664689,1,0.355039,1,4,16,0.015625,-0.002704,0.004036,0.003329,C-accelerated,137516.89,136500.0,3853.93,5650.0,2.0696
2026-03-30T05:54:31Z,2039078462,1169,Pavel saw ночь.,15,44,1,50.0793,0.04746,0.398438,0.617188,0.500793,0.045678,0.367188,0.625,0.00621,0.031292,0.00467,1,49.6908,7.991839,250.193,0.573235,1,0.000922,0,4,16,0.015625,-0.004321,0.000636,0.000172,C-accelerated,141306.44,137200.0,9140.64,7875.0,2.8699
2026-03-30T05:54:31Z,2039078462,1170,Elena watched estrella azul.,28,44,1,50.2747,0.041874,0.382812,0.59375,0.502747,0.042775,0.375,0.648438,0.00623,0.031727,0.004684,1,49.9115,7.99201,242.304,0.706142,1,0.620035,1,4,16,0.015625,-0.00202,-0.000776,-0.005892,C-accelerated,133405.78,133000.0,1455.06,1700.0,0.6391
2026-03-30T05:54:31Z,2039078462,1171,Yusuf crossed صحراء.,20,44,1,49.2676,0.042977,0.375,0.609375,0.492676,0.048325,0.40625,0.601562,0.006207,0.029802,0.004638,1,50.1373,7.991506,255.546,0.478592,1,0.06859,1,4,16,0.015625,-0.001044,-0.00609,-0.014345,C-accelerated,133277.56,132900.0,1451.64,2600.0,0.9782
2026-03-30T05:54:31Z,2039078462,1172,Rahim whispered قصة الليل.,26,44,1,50.1648,0.041623,0.398438,0.664062,0.501648,0.046535,0.390625,0.609375,0.006317,0.031281,0.004709,1,49.5728,7.992716,221.149,0.93835,1,0.439934,1,4,16,0.015625,-0.003217,-0.002142,0.005809,C-accelerated,140062.89,135700.0,10815.36,8350.0,3.0766
2026-03-30T05:54:31Z,2039078462,1173,Marie heard vent.,17,44,1,49.823,0.044775,0.40625,0.625,0.49823,0.047604,0.375,0.609375,0.006208,0.032797,0.004807,1,50.1221,7.992589,224.593,0.915306,1,0.626779,1,4,16,0.015625,0.014101,-0.004667,0.002535,C-accelerated,136926.0,136000.0,2873.1,3400.0,1.25
2026-03-30T05:54:31Z,2039078462,1174,Lukas saw licht.,16,44,1,49.8047,0.045815,0.367188,0.609375,0.498047,0.046415,0.375,0.640625,0.006305,0.028073,0.004824,1,49.762,7.992483,229.364,0.874066,1,0.189854,1,4,16,0.015625,-0.008522,-0.001151,0.003676,C-accelerated,140478.44,137450.0,7988.12,7775.0,2.8283
2026-03-30T05:54:31Z,2039078462,1175,Ivan followed дорога домой.,27,44,1,49.53,0.038637,0.382812,0.578125,0.4953,0.048232,0.34375,0.625,0.006115,0.031672,0.004627,1,49.9817,7.992206,239.953,0.74221,1,0.396114,1,4,16,0.015625,-0.004698,0.00231,-0.003947,C-accelerated,142296.44,139400.0,9406.48,5475.0,1.9638
2026-03-30T05:54:31Z,2039078462,1176,Nadia saw نجمة الليل.,21,44,1,49.9146,0.043215,0.40625,0.59375,0.499146,0.041813,0.367188,0.648438,0.006212,0.032701,0.004648,1,50.0946,7.99146,259.363,0.412318,1,0.352565,1,4,16,0.015625,-0.003542,0.008624,-0.001389,C-accelerated,135379.78,134750.0,2743.41,1800.0,0.6679
2026-03-30T05:54:31Z,2039078462,1177,Karim crossed puente gris.,26,44,1,50.3174,0.043007,0.359375,0.632812,0.503174,0.04202,0.421875,0.625,0.006271,0.039164,0.0047,1,50.293,7.9926,226.967,0.896193,1,0.636952,1,4,16,0.015625,0.003024,0.000949,0.006278,C-accelerated,134796.0,134700.0,1042.55,1000.0,0.3712
2026-03-30T05:54:31Z,2039078462,1178,Sofia wrote mémoire claire.,27,44,1,49.8291,0.043079,0.40625,0.625,0.498291,0.045669,0.398438,0.617188,0.006276,0.028673,0.004679,1,50.0092,7.992778,220.474,0.942253,1,0.069317,1,4,16,0.015625,0.003146,0.000456,-0.010579,C-accelerated,136543.11,136000.0,2089.48,2700.0,0.9926
2026-03-30T05:54:31Z,2039078462,1179,Pavel heard ветер ночи.,23,44,1,50.0366,0.044761,0.382812,0.609375,0.500366,0.045343,0.375,0.601562,0.006266,0.029156,0.004695,1,49.6307,7.992418,232.948,0.835561,1,0.606644,1,4,16,0.015625,0.004226,-0.005735,-0.019666,C-accelerated,132915.11,132400.0,1499.73,2600.0,0.9819
2026-03-30T05:54:31Z,2039078462,1180,Elena saw mar azul profundo.,28,44,1,49.1516,0.043652,0.375,0.617188,0.491516,0.046085,0.351562,0.585938,0.006155,0.028564,0.004697,1,49.8566,7.991304,263.808,0.339047,1,0.307631,1,4,16,0.015625,0.002214,-0.00333,0.001669,C-accelerated,137514.0,137800.0,2052.47,1600.0,0.5806
2026-03-30T05:54:31Z,2039078462,1181,Yusuf crossed طريق.,19,44,1,50.1648,0.046698,0.367188,0.625,0.501648,0.045035,0.421875,0.648438,0.006267,0.032218,0.00473,1,49.8322,7.992372,231.645,0.850316,1,0.194731,1,4,16,0.015625,0.001448,0.00542,0.001192,C-accelerated,135412.0,135500.0,1098.82,1500.0,0.5535
2026-03-30T05:54:31Z,2039078462,1182,Rahim whispered سلام.,21,44,1,49.8169,0.043503,0.398438,0.59375,0.498169,0.045622,0.398438,0.609375,0.00616,0.03153,0.004667,1,49.7223,7.991785,249.635,0.583041,1,0.830134,1,4,16,0.015625,0.006093,0.004745,-0.005538,C-accelerated,135421.56,135050.0,2062.71,2600.0,0.9626
2026-03-30T05:54:31Z,2039078462,1183,Marie saw ciel sombre.,22,44,1,49.9634,0.048069,0.390625,0.609375,0.499634,0.041476,0.382812,0.59375,0.006196,0.030129,0.004661,1,50.1221,7.99172,253.475,0.515207,1,0.735002,1,4,16,0.015625,-0.010698,0.005677,0.005568,C-accelerated,133223.33,132800.0,1676.07,2775.0,1.0448
2026-03-30T05:54:31Z,2039078462,1184,Lukas heard wind kalt.,22,44,1,50.5188,0.046745,0.398438,0.617188,0.505188,0.041984,0.40625,0.632812,0.006224,0.032958,0.004741,1,50.116,7.992057,243.281,0.690559,1,0.145938,1,4,16,0.015625,0.005347,-0.000216,-0.011074,C-accelerated,156012.89,134400.0,38937.59,24150.0,8.9844
2026-03-30T05:54:31Z,2039078462,1185,Ivan watched путь.,18,44,1,49.7498,0.048149,0.359375,0.632812,0.497498,0.038123,0.382812,0.578125,0.006278,0.034534,0.004658,1,50.2869,7.99122,267.043,0.289615,1,0.867483,1,4,16,0.015625,-0.004902,-0.00934,0.001452,C-accelerated,134372.67,134500.0,1531.92,1600.0,0.5948
2026-03-30T05:54:31Z,2039078462,1186,Nadia saw بحر الليل.,20,44,1,49.7498,0.045877,0.375,0.617188,0.497498,0.043465,0.40625,0.609375,0.006184,0.029877,0.004689,1,50.1068,7.991416,261.341,0.379057,1,0.285576,1,4,16,0.015625,-0.002268,0.010008,0.006685,C-accelerated,135518.44,135600.0,1168.62,1500.0,0.5531
2026-03-30T05:54:31Z,2039078462,1187,Karim walked campo oscuro.,26,44,1,50.0305,0.047345,0.320312,0.609375,0.500305,0.041206,0.398438,0.601562,0.006211,0.030655,0.004685,1,49.8108,7.991295,264.413,0.329522,1,0.841303,1,4,16,0.015625,-0.001912,0.000417,-0.004741,C-accelerated,135945.56,135550.0,2098.81,2175.0,0.8023
2026-03-30T05:54:31Z,2039078462,1188,Sofia wrote histoire bleue.,27,44,1,49.5117,0.041616,0.40625,0.617188,0.495117,0.045429,0.390625,0.617188,0.006268,0.030145,0.004736,1,49.8993,7.991698,252.73,0.528405,1,0.800525,1,4,16,0.015625,0.003384,0.0033,0.00679,C-accelerated,134697.33,134800.0,1277.7,1700.0,0.6306
2026-03-30T05:54:31Z,2039078462,1189,Pavel heard шепот ветра.,24,44,1,50.2625,0.039863,0.40625,0.625,0.502625,0.042805,0.398438,0.625,0.006204,0.033185,0.0047,1,50.2625,7.991611,256.128,0.468361,1,0.833854,1,4,16,0.015625,0.003363,0.008244,-0.004489,C-accelerated,138492.22,136450.0,5290.6,4875.0,1.7864
2026-03-30T05:54:31Z,2039078462,1190,Elena saw luna dorada.,22,44,1,49.4751,0.046231,0.390625,0.617188,0.494751,0.040561,0.375,0.601562,0.006177,0.029471,0.004732,1,49.4232,7.990988,271.674,0.225963,1,0.122441,1,4,16,0.015625,0.002684,0.012064,0.008381,C-accelerated,132871.78,132350.0,1639.71,2700.0,1.02
2026-03-30T05:54:31Z,2039078462,1191,Yusuf crossed طريق النجوم.,26,44,1,49.9756,0.048149,0.382812,0.617188,0.499756,0.041729,0.398438,0.609375,0.006258,0.036667,0.004681,1,49.939,7.991133,270.929,0.235587,1,0.054105,1,4,16,0.015625,-0.005831,0.006418,-0.008869,C-accelerated,133973.33,133500.0,2207.7,3175.0,1.1891
2026-03-30T05:54:31Z,2039078462,1192,Rahim whispered قصة قصيرة.,26,44,1,50.2991,0.044044,0.351562,0.632812,0.502991,0.049363,0.359375,0.65625,0.006216,0.033567,0.004673,1,49.5728,7.991735,251.892,0.543246,1,0.710004,1,4,16,0.015625,0.013615,0.002057,0.005473,C-accelerated,140258.22,137700.0,7005.28,8875.0,3.2226
2026-03-30T05:54:31Z,2039078462,1193,Marie heard chanson.,20,44,1,49.4568,0.041208,0.390625,0.617188,0.494568,0.042975,0.390625,0.609375,0.006225,0.028253,0.004674,1,50.2289,7.993005,213.446,0.97262,1,0.442762,1,4,16,0.015625,-0.00278,-0.014187,-0.001712,C-accelerated,169765.56,169400.0,1504.88,1200.0,0.3542
2026-03-30T05:54:31Z,2039078462,1194,Lukas crossed tal.,18,44,1,50.1282,0.043254,0.359375,0.601562,0.501282,0.044332,0.382812,0.65625,0.006177,0.027141,0.004587,1,50.2991,7.990891,276.794,0.166476,1,0.882511,1,4,16,0.015625,-0.003717,0.007327,0.005314,C-accelerated,133542.44,133100.0,1577.86,2600.0,0.9767
2026-03-30T05:54:31Z,2039078462,1195,Ivan saw дорога света.,22,44,1,50.2563,0.042288,0.382812,0.585938,0.502563,0.042792,0.375,0.625,0.006244,0.027883,0.004741,1,49.8871,7.991282,265.297,0.315824,1,0.95438,1,4,16,0.015625,-0.004854,0.003493,-0.002676,C-accelerated,138721.33,136000.0,7356.56,4375.0,1.6085
2026-03-30T05:54:31Z,2039078462,1196,Nadia saw نجمة حمراء.,21,44,1,49.8413,0.045095,0.390625,0.609375,0.498413,0.04383,0.382812,0.609375,0.00624,0.031626,0.004676,1,49.7559,7.99236,233.414,0.830085,1,0.905131,1,4,16,0.015625,0.003574,0.005824,-0.006267,C-accelerated,133640.89,133300.0,1242.8,2075.0,0.7783
2026-03-30T05:54:31Z,2039078462,1197,Karim crossed puente largo.,27,44,1,50.2197,0.05122,0.375,0.609375,0.502197,0.041085,0.40625,0.601562,0.006238,0.030912,0.004717,1,49.9268,7.991397,262.342,0.362611,1,0.116777,1,4,16,0.015625,0.002781,0.007782,-0.004813,C-accelerated,136190.22,136200.0,1210.19,1300.0,0.4772
2026-03-30T05:54:31Z,2039078462,1198,Sofia wrote mémoire douce.,26,44,1,49.8291,0.044815,0.398438,0.601562,0.498291,0.042779,0.382812,0.65625,0.006169,0.029785,0.004732,1,49.9969,7.992881,217.402,0.957703,1,0.845033,1,4,16,0.015625,0.006366,0.014189,0.001006,C-accelerated,138771.56,136100.0,5737.99,6075.0,2.2318
2026-03-30T05:54:31Z,2039078462,1199,Pavel heard ночь холодная.,26,44,1,50.7324,0.040686,0.398438,0.601562,0.507324,0.047849,0.390625,0.625,0.006228,0.03042,0.004719,1,49.4598,7.992243,234.973,0.810956,1,0.763917,1,4,16,0.015625,-0.00877,-0.005234,0.001503,C-accelerated,134633.78,134500.0,1647.22,1000.0,0.3717
2026-03-30T05:54:31Z,2039078462,1200,Elena saw estrella.,19,44,1,49.5361,0.046203,0.390625,0.617188,0.495361,0.046624,0.390625,0.625,0.006249,0.028896,0.004641,1,49.9176,7.9912,270.999,0.234675,1,0.396114,1,4,16,0.015625,-0.006642,0.008811,-0.006111,C-accelerated,138075.33,138500.0,2898.12,4500.0,1.6245
2026-03-30T05:54:31Z,2039078462,1201,Yusuf crossed طريق الرمل.,25,44,1,49.8169,0.044927,0.375,0.625,0.498169,0.041804,0.398438,0.601562,0.00622,0.031689,0.004695,1,49.884,7.990572,286.383,0.086026,1,0.42043,1,4,16,0.015625,-0.004488,0.001362,0.011053,C-accelerated,143365.11,139150.0,9945.13,12175.0,4.3748
2026-03-30T05:54:31Z,2039078462,1202,Rahim whispered سلام الليل.,27,44,1,49.5483,0.045832,0.390625,0.59375,0.495483,0.045108,0.382812,0.609375,0.006261,0.027338,0.004775,1,50.351,7.991571,255.29,0.483103,1,0.586804,1,4,16,0.015625,0.007283,0.00295,0.005342,C-accelerated,134691.11,134300.0,2000.64,3375.0,1.2565
2026-03-30T05:54:31Z,2039078462,1203,Marie saw ciel gris.,20,44,1,50.5371,0.043021,0.414062,0.609375,0.505371,0.045415,0.40625,0.632812,0.006332,0.029659,0.00475,1,49.881,7.992065,241.001,0.726398,1,0.807902,1,4,16,0.015625,0.003157,-0.006311,-0.000123,C-accelerated,136064.22,134800.0,3595.2,1600.0,0.5935
2026-03-30T05:54:31Z,2039078462,1204,Lukas heard nacht kalt.,23,44,1,50.0732,0.041724,0.40625,0.601562,0.500732,0.045349,0.351562,0.617188,0.006184,0.030528,0.004676,1,49.5575,7.991398,259.828,0.40441,1,0.104023,1,4,16,0.015625,0.000723,0.008338,-0.00954,C-accelerated,137077.33,135800.0,4086.19,4775.0,1.7581
2026-03-30T05:54:31Z,2039078462,1205,Ivan wrote судьба пути.,23,44,1,50.1709,0.04414,0.375,0.601562,0.501709,0.047128,0.398438,0.617188,0.006121,0.030919,0.004693,1,50.2197,7.990773,278.819,0.146202,1,0.513678,1,4,16,0.015625,-0.004823,-0.000314,-0.007082,C-accelerated,137705.33,136300.0,3930.39,6575.0,2.412
2026-03-30T05:54:31Z,2039078462,1206,Nadia saw بحر بعيد.,19,44,1,50.1465,0.044213,0.382812,0.609375,0.501465,0.041727,0.398438,0.609375,0.006152,0.027733,0.004653,1,49.6368,7.99225,236.253,0.79437,1,0.763917,1,4,16,0.015625,-0.0104,-0.004039,-0.007448,C-accelerated,134557.56,134100.0,1245.4,1800.0,0.6711
2026-03-30T05:54:31Z,2039078462,1207,Karim crossed campo verde.,26,44,1,49.585,0.046394,0.40625,0.617188,0.49585,0.043476,0.382812,0.609375,0.006274,0.031013,0.004745,1,50.3967,7.991897,249.1,0.592403,1,0.939199,1,4,16,0.015625,-0.017322,0.005982,0.005582,C-accelerated,134396.67,134500.0,1221.01,700.0,0.2602
2026-03-30T05:54:31Z,2039078462,1208,Sofia wrote histoire finale.,28,44,1,49.7253,0.041908,0.367188,0.59375,0.497253,0.040754,0.398438,0.601562,0.006201,0.029662,0.004686,1,50.6348,7.991695,252.381,0.534591,1,0.87875,1,4,16,0.015625,-0.004201,-3.2e-05,-0.009413,C-accelerated,134789.78,135400.0,1382.28,2275.0,0.8401
2026-03-30T05:54:31Z,2039078462,1209,Pavel heard ветер.,18,44,1,50.238,0.04254,0.390625,0.609375,0.50238,0.041323,0.382812,0.617188,0.006266,0.02784,0.00473,1,50.1465,7.991213,268.137,0.273785,1,0.143313,1,4,16,0.015625,-0.005893,-0.003679,-0.007328,C-accelerated,137085.78,135900.0,3821.89,6200.0,2.2811
2026-03-30T05:54:31Z,2039078462,1210,Elena saw luna.,15,44,1,50.708,0.042863,0.382812,0.609375,0.50708,0.044091,0.40625,0.640625,0.006082,0.028303,0.004622,1,49.5117,7.99179,248.355,0.605363,1,0.186653,1,4,16,0.015625,-0.005181,0.013313,0.005483,C-accelerated,135491.11,135200.0,3986.73,5175.0,1.9138
2026-03-30T05:54:31Z,2039078462,1211,Yusuf crossed طريق طويل.,24,44,1,50.2075,0.045653,0.382812,0.609375,0.502075,0.046809,0.351562,0.625,0.006239,0.036014,0.004704,1,50.1862,7.991245,269.999,0.247955,1,0.122441,1,4,16,0.015625,-0.003137,-0.006524,-0.006222,C-accelerated,137173.56,135800.0,5068.56,3850.0,1.4175
2026-03-30T05:54:31Z,2039078462,1212,Rahim whispered قصة قديمة.,26,44,1,49.7314,0.045011,0.40625,0.617188,0.497314,0.046131,0.382812,0.625,0.006163,0.031582,0.004597,1,50.2502,7.991732,250.985,0.559293,1,0.296466,1,4,16,0.015625,-0.001399,-0.008943,-0.000703,C-accelerated,134330.22,134200.0,1323.81,2400.0,0.8942
2026-03-30T05:54:31Z,2039078462,1213,Marie saw étoile dernière.,26,44,1,50.0916,0.043843,0.40625,0.632812,0.500916,0.041174,0.414062,0.609375,0.006275,0.031124,0.004731,1,50.0854,7.990492,289.199,0.069344,1,0.300899,1,4,16,0.015625,0.003294,0.00797,0.018546,C-accelerated,149495.56,144500.0,12704.67,12875.0,4.455
2026-03-30T05:54:31Z,2039078462,1214,Lukas heard wind still.,23,44,1,49.4263,0.043052,0.382812,0.585938,0.494263,0.042111,0.398438,0.617188,0.006232,0.026939,0.004637,1,49.8871,7.991817,245.795,0.649141,1,0.17274,1,4,16,0.015625,-0.004763,0.003261,0.004495,C-accelerated,133337.78,133100.0,1991.13,2175.0,0.8171
2026-03-30T05:54:31Z,2039078462,1215,রাতের নদীর ধারে একজন জেলে নীরবে আকাশের তারা গুনছিল।,51,44,1,49.6338,0.040747,0.40625,0.601562,0.496338,0.042443,0.390625,0.585938,0.006291,0.028919,0.004754,1,49.762,7.991712,255.267,0.483513,1,0.927827,1,4,16,0.015625,0.004088,0.001167,0.004409,C-accelerated,160074.22,138800.0,45960.66,8075.0,2.9089
2026-03-30T05:54:31Z,2039078462,1216,পুরোনো গ্রামের মাটির পথে হঠাৎ এক অচেনা ভ্রমণকারী এসে দাঁড়াল।,60,44,1,50.5432,0.048254,0.367188,0.617188,0.505432,0.045392,0.382812,0.640625,0.006299,0.031555,0.004729,1,50.5035,7.992168,239.302,0.751826,1,0.753033,1,4,16,0.015625,0.003928,0.00394,-0.004553,C-accelerated,138745.78,139100.0,1344.95,1575.0,0.5661
2026-03-30T05:54:31Z,2039078462,1217,সকালবেলার কুয়াশার মধ্যে ছোট্ট ছেলেটি হারানো বাঁশি খুঁজছিল।,58,44,1,50.0244,0.050423,0.367188,0.632812,0.500244,0.043024,0.375,0.609375,0.006248,0.031086,0.004719,1,49.5972,7.991555,258.199,0.43228,1,0.330786,1,4,16,0.015625,0.012638,-0.001471,0.000106,C-accelerated,145498.67,142150.0,7697.53,8575.0,3.0162
2026-03-30T05:54:31Z,2039078462,1218,বৃষ্টির শব্দে ঘুম ভেঙে গেল এবং জানালার পাশে একটি চিঠি পাওয়া গেল।,64,44,1,49.8901,0.050317,0.375,0.65625,0.498901,0.043856,0.375,0.59375,0.006264,0.031711,0.004743,1,49.8993,7.992607,225.385,0.909238,1,0.92404,1,4,16,0.015625,0.005908,-0.009269,0.005705,C-accelerated,138610.22,138400.0,1875.65,2000.0,0.7225
2026-03-30T05:54:31Z,2039078462,1219,নদীর ওপারে আলো জ্বলছিল কিন্তু কেউ জানত না সেখানে কে থাকে।,57,44,1,50.6165,0.047398,0.359375,0.609375,0.506165,0.045225,0.398438,0.625,0.006269,0.031493,0.004719,1,50.2197,7.991852,250.147,0.574054,1,0.289899,1,4,16,0.015625,-0.000871,-0.00524,0.000767,C-accelerated,142859.33,141950.0,5048.98,3100.0,1.0919
2026-03-30T05:54:31Z,2039078462,1220,একজন বৃদ্ধ গাছের নিচে বসে তার পুরোনো দিনের গল্প মনে করছিল।,58,44,1,49.292,0.045223,0.390625,0.609375,0.49292,0.040234,0.390625,0.601562,0.00623,0.029593,0.004735,1,50.2319,7.991224,266.252,0.301356,1,0.225935,1,4,16,0.015625,-0.010351,-0.010804,0.007727,C-accelerated,139175.33,139100.0,1360.47,1300.0,0.4673
2026-03-30T05:54:31Z,2039078462,1221,রাতের আকাশে একটি উল্কা দেখে মেয়েটি চুপচাপ ইচ্ছে করল।,52,44,1,49.8291,0.044398,0.390625,0.601562,0.498291,0.046229,0.382812,0.617188,0.006209,0.030919,0.004705,1,50.2258,7.990745,280.145,0.133905,1,0.468678,1,4,16,0.015625,0.006632,-0.010758,-0.004737,C-accelerated,142474.22,141050.0,4127.91,6100.0,2.1624
2026-03-30T05:54:31Z,2039078462,1222,ছোট্ট গ্রন্থাগারের ধুলোভরা তাকের মাঝে এক অদ্ভুত বই লুকানো ছিল।,62,44,1,50.1099,0.046237,0.382812,0.59375,0.501099,0.045677,0.367188,0.617188,0.006193,0.029003,0.004663,1,50.2502,7.991267,262.784,0.355435,1,0.874992,1,4,16,0.015625,-0.001607,0.005639,0.011102,C-accelerated,138806.0,139100.0,1271.16,1600.0,0.5751
2026-03-30T05:54:31Z,2039078462,1223,বনের ভিতরে একটি সরু পথ ছিল যা কেউ কখনো শেষ পর্যন্ত হাঁটেনি।,59,44,1,49.7559,0.045635,0.367188,0.609375,0.497559,0.047799,0.351562,0.632812,0.006253,0.03189,0.004721,1,50.177,7.991313,265.158,0.317968,1,0.100027,1,4,16,0.015625,0.004719,-0.014856,-0.000953,C-accelerated,142184.67,141000.0,4577.21,3400.0,1.2057
2026-03-30T05:54:31Z,2039078462,1224,নদীর ধারে পুরোনো নৌকাটি এখনও জলের সাথে দুলছিল।,46,44,1,50.1526,0.042992,0.40625,0.609375,0.501526,0.045565,0.375,0.609375,0.00615,0.035017,0.004652,1,49.9756,7.992262,236.253,0.79437,1,0.163906,1,4,16,0.015625,0.002941,0.00826,0.014164,C-accelerated,138219.33,138300.0,1795.84,2075.0,0.7502
2026-03-30T05:54:31Z,2039078462,1225,Тихая деревня проснулась когда первый луч солнца коснулся реки.,63,44,1,49.8535,0.043441,0.398438,0.664062,0.498535,0.043495,0.398438,0.617188,0.006246,0.031489,0.004728,1,49.9878,7.991427,260.55,0.392249,1,0.256534,1,4,16,0.015625,0.003013,0.000892,0.004115,C-accelerated,135984.44,135500.0,2396.27,3200.0,1.1808
2026-03-30T05:54:31Z,2039078462,1226,Старый путник шел по дороге вспоминая забытые города.,53,44,1,50.1587,0.047465,0.382812,0.632812,0.501587,0.044585,0.382812,0.625,0.006251,0.026979,0.004702,1,49.5941,7.991836,246.493,0.637339,1,0.532287,1,4,16,0.015625,0.004953,0.001651,-0.006363,C-accelerated,133709.33,133700.0,1614.16,2300.0,0.8601
2026-03-30T05:54:31Z,2039078462,1227,Ночью в лесу кто-то играл на далекой скрипке.,45,44,1,49.7253,0.04302,0.398438,0.625,0.497253,0.04638,0.382812,0.625,0.006252,0.029533,0.0047,1,50.2106,7.991448,261.667,0.373672,1,0.826419,1,4,16,0.015625,0.00923,-0.010759,0.000979,C-accelerated,142631.11,139500.0,8562.04,5250.0,1.8817
2026-03-30T05:54:31Z,2039078462,1228,Маленькая девочка нашла письмо спрятанное в старой книге.,57,44,1,50.4517,0.039736,0.40625,0.648438,0.504517,0.041588,0.390625,0.609375,0.006211,0.030291,0.004738,1,50.1556,7.991175,270.953,0.235283,1,0.468678,1,4,16,0.015625,-0.007076,0.007761,-0.009593,C-accelerated,138671.33,136300.0,5280.85,5000.0,1.8342
2026-03-30T05:54:31Z,2039078462,1229,Ветер шептал истории между древними соснами.,44,44,1,50.3174,0.044511,0.351562,0.609375,0.503174,0.043426,0.398438,0.625,0.006266,0.030157,0.0047,1,50.531,7.99247,229.69,0.870835,1,0.7712,1,4,16,0.015625,-0.004168,0.001039,-0.004221,C-accelerated,138256.0,137000.0,3714.8,5300.0,1.9343
2026-03-30T05:54:31Z,2039078462,1230,Одинокий маяк смотрел на темное море.,37,44,1,50.1404,0.042851,0.367188,0.617188,0.501404,0.046193,0.382812,0.585938,0.006152,0.035879,0.004567,1,49.9695,7.990779,281.821,0.119463,1,0.804212,1,4,16,0.015625,-0.003606,0.003898,0.005855,C-accelerated,134430.22,132800.0,3260.31,2975.0,1.1201
2026-03-30T05:54:31Z,2039078462,1231,Старый художник рисовал небо перед дождем.,42,44,1,50.0427,0.044068,0.351562,0.609375,0.500427,0.041505,0.382812,0.601562,0.006189,0.031539,0.004647,1,50.2655,7.992701,220.614,0.941462,1,0.468678,1,4,16,0.015625,0.003316,-0.005613,-0.003387,C-accelerated,139220.44,137700.0,5085.9,3300.0,1.1983
2026-03-30T05:54:31Z,2039078462,1232,Путешественник записывал мысли в потрепанный дневник.,53,44,1,50.531,0.042139,0.390625,0.601562,0.50531,0.049236,0.398438,0.625,0.00622,0.036588,0.004655,1,49.9878,7.992793,219.334,0.948421,1,0.194731,1,4,16,0.015625,-0.010338,-0.018881,-0.006786,C-accelerated,133978.67,133600.0,1343.92,2300.0,0.8608
2026-03-30T05:54:31Z,2039078462,1233,В далекой долине раздался звук колокола.,40,44,1,49.8108,0.045989,0.335938,0.617188,0.498108,0.040024,0.398438,0.601562,0.006244,0.029201,0.004676,1,50.5707,7.990454,291.06,0.059811,1,0.326067,1,4,16,0.015625,-0.004304,0.012809,-0.003049,C-accelerated,137971.11,136750.0,3336.75,4675.0,1.7093
2026-03-30T05:54:31Z,2039078462,1234,Луна освещала дорогу ведущую к старому мосту.,45,44,1,50.1709,0.042048,0.40625,0.609375,0.501709,0.039847,0.390625,0.585938,0.006199,0.029761,0.00474,1,49.6887,7.990257,294.9,0.043502,0,0.350101,1,4,16,0.015625,0.000502,-0.003142,-0.009848,C-accelerated,134475.78,135100.0,1617.84,2775.0,1.027
2026-03-30T05:54:31Z,2039078462,1235,The quiet town slowly woke as the morning fog lifted from the river.,68,44,1,49.7253,0.039795,0.390625,0.601562,0.497253,0.045108,0.359375,0.601562,0.006275,0.028193,0.004735,1,49.6979,7.991173,268.09,0.274449,1,0.576998,1,4,16,0.015625,0.003294,0.007493,-0.002262,C-accelerated,157612.89,141500.0,42556.89,22600.0,7.9859
2026-03-30T05:54:31Z,2039078462,1236,A traveler sat beside the road writing in a small notebook.,59,44,1,50.2991,0.04249,0.382812,0.601562,0.502991,0.041156,0.40625,0.617188,0.006309,0.028531,0.004756,1,50.0824,7.991685,252.218,0.537477,1,0.445601,1,4,16,0.015625,-0.011759,0.006138,-0.008063,C-accelerated,134515.56,134700.0,1926.21,2900.0,1.0765
2026-03-30T05:54:31Z,2039078462,1237,The lighthouse stood alone against the restless sea.,52,44,1,49.5667,0.036927,0.367188,0.601562,0.495667,0.039774,0.375,0.59375,0.006257,0.031492,0.004737,1,49.8901,7.990475,288.756,0.071778,1,0.328421,1,4,16,0.015625,-0.009434,-0.003231,-0.002566,C-accelerated,137017.11,135900.0,2792.99,2875.0,1.0578
2026-03-30T05:54:31Z,2039078462,1238,A child discovered an old key hidden beneath a stone.,53,44,1,49.3164,0.047792,0.382812,0.671875,0.493164,0.041294,0.359375,0.59375,0.006168,0.030859,0.004673,1,49.6399,7.992206,236.346,0.793133,1,0.852503,1,4,16,0.015625,-0.00288,-0.009853,0.013043,C-accelerated,133385.78,133800.0,1405.79,2500.0,0.9342
2026-03-30T05:54:31Z,2039078462,1239,The forest path seemed to stretch endlessly into the hills.,59,44,1,49.4629,0.041921,0.414062,0.640625,0.494629,0.043254,0.359375,0.625,0.006266,0.03387,0.004783,1,49.9084,7.990874,277.423,0.159988,1,0.486411,1,4,16,0.015625,-0.019036,-0.010221,-0.003314,C-accelerated,144685.33,140200.0,12199.25,8100.0,2.8887
2026-03-30T05:54:31Z,2039078462,1240,A young musician played a soft melody in the empty square.,58,44,1,49.3774,0.049607,0.34375,0.625,0.493774,0.044424,0.382812,0.601562,0.00628,0.027818,0.004702,1,49.4507,7.990458,294.132,0.046429,0,0.365047,1,4,16,0.015625,-0.005019,-0.010622,0.000838,C-accelerated,139461.11,136300.0,7257.67,7175.0,2.6321
2026-03-30T05:54:31Z,2039078462,1242,A storm approached while the village lights flickered.,54,44,1,49.7498,0.045981,0.375,0.625,0.497498,0.045048,0.382812,0.640625,0.006185,0.03019,0.004703,1,49.9908,7.992194,236.23,0.794679,1,0.38298,1,4,16,0.015625,0.007582,0.001067,-0.005116,C-accelerated,166137.56,160000.0,21710.91,32550.0,10.1719
2026-03-30T05:54:31Z,2039078462,1241,The old library smelled of paper and forgotten stories.,55,44,1,49.8901,0.044632,0.359375,0.617188,0.498901,0.043659,0.359375,0.59375,0.006268,0.030038,0.004773,1,49.8047,7.992119,241.652,0.716348,1,0.171244,1,4,16,0.015625,0.009049,0.010686,-0.000907,C-accelerated,135364.0,135000.0,1908.61,2300.0,0.8519
2026-03-30T05:54:31Z,2039078462,1243,The boat drifted gently along the silent lake.,46,44,1,49.7009,0.045209,0.382812,0.601562,0.497009,0.044325,0.390625,0.585938,0.006278,0.029396,0.004724,1,50.4059,7.991272,263.366,0.346084,1,0.1997,1,4,16,0.015625,-0.003836,0.005844,-0.001857,C-accelerated,136405.33,136200.0,2337.34,2700.0,0.9912
2026-03-30T05:54:31Z,2039078462,1244,A letter arrived from a place nobody had heard of.,50,44,1,50.0,0.0395,0.390625,0.601562,0.5,0.04594,0.390625,0.609375,0.006295,0.030413,0.004725,1,49.7803,7.992441,232.204,0.844097,1,0.047345,1,4,16,0.015625,-0.000509,0.004038,0.003552,C-accelerated,134312.44,134600.0,1360.32,2300.0,0.8544
2026-03-30T05:54:31Z,2039078462,1246,Un voyageur marchait lentement le long de la rivière calme.,59,44,1,49.3225,0.044681,0.34375,0.625,0.493225,0.040352,0.375,0.59375,0.006236,0.03309,0.00473,1,49.646,7.991726,252.265,0.536652,1,0.409516,1,4,16,0.015625,-0.003643,0.010702,0.006633,C-accelerated,142396.22,135650.0,15855.41,7575.0,2.7921
2026-03-30T05:54:31Z,2039078462,1245,Le vieux village se réveillait doucement sous le soleil du matin.,65,44,1,50.0488,0.043834,0.390625,0.632812,0.500488,0.041521,0.40625,0.601562,0.006212,0.030873,0.004725,1,50.0519,7.991281,265.158,0.317968,1,0.882511,1,4,16,0.015625,0.002028,-0.002865,-0.002901,C-accelerated,135480.22,135200.0,1845.23,2100.0,0.7766
2026-03-30T05:54:31Z,2039078462,1247,Dans la bibliothèque ancienne un livre mystérieux attendait.,60,44,1,50.3479,0.04416,0.398438,0.632812,0.503479,0.046341,0.375,0.625,0.006181,0.032712,0.004651,1,49.8749,7.991815,248.285,0.606574,1,0.738597,1,4,16,0.015625,0.001492,-0.0054,0.004206,C-accelerated,132822.22,132500.0,1470.96,2500.0,0.9434
2026-03-30T05:54:31Z,2039078462,1248,La pluie tombait doucement sur les toits de la ville.,53,44,1,50.4578,0.045181,0.398438,0.609375,0.504578,0.046921,0.398438,0.609375,0.006217,0.032404,0.004721,1,50.1007,7.9919,245.306,0.657332,1,0.388201,1,4,16,0.015625,0.002393,-0.008623,0.003654,C-accelerated,139144.44,136500.0,7467.78,6600.0,2.4176
2026-03-30T05:54:31Z,2039078462,1249,Une fille regardait les étoiles depuis la fenêtre ouverte.,58,44,1,49.884,0.041697,0.40625,0.601562,0.49884,0.045712,0.398438,0.625,0.006303,0.030921,0.004759,1,50.0336,7.990578,285.894,0.089216,1,0.088768,1,4,16,0.015625,0.012058,-0.00412,0.008867,C-accelerated,135656.67,135500.0,1071.93,800.0,0.2952
2026-03-30T05:54:31Z,2039078462,1250,Le phare solitaire gardait la mer sombre.,41,44,1,49.8962,0.045085,0.382812,0.625,0.498962,0.042257,0.390625,0.617188,0.006253,0.027972,0.00471,1,49.6918,7.990983,275.258,0.183085,1,0.554422,1,4,16,0.015625,-0.004805,0.012454,0.002236,C-accelerated,142310.89,139050.0,9041.96,10350.0,3.7217
2026-03-30T05:54:31Z,2039078462,1251,Un musicien jouait une mélodie triste dans la rue vide.,55,44,1,49.6887,0.042223,0.390625,0.59375,0.496887,0.045042,0.359375,0.617188,0.006303,0.032488,0.004777,1,50.3052,7.991134,268.556,0.267849,1,0.695857,1,4,16,0.015625,-0.006923,0.002543,0.005843,C-accelerated,137075.56,135500.0,2863.82,5100.0,1.8819
2026-03-30T05:54:31Z,2039078462,1252,Le vent portait l’odeur des pins dans la vallée.,48,44,1,49.5056,0.047329,0.375,0.625,0.495056,0.042588,0.40625,0.609375,0.006259,0.029555,0.004704,1,50.238,7.991455,256.244,0.466319,1,0.731413,1,4,16,0.015625,-0.00309,0.001151,-0.012399,C-accelerated,136010.67,136100.0,1489.99,2000.0,0.7348
2026-03-30T05:54:31Z,2039078462,1253,Un chat noir traversa la place silencieuse.,43,44,1,50.2991,0.043554,0.414062,0.601562,0.502991,0.046713,0.375,0.65625,0.00619,0.02774,0.004708,1,49.7894,7.992641,223.919,0.920247,1,0.931616,1,4,16,0.015625,-0.00483,0.00648,-0.005675,C-accelerated,142254.0,136800.0,15037.99,8300.0,3.0336
2026-03-30T05:54:31Z,2039078462,1254,Le train de nuit disparut dans la brume.,40,44,1,49.3896,0.041832,0.390625,0.617188,0.493896,0.04798,0.375,0.617188,0.006265,0.029543,0.004675,1,49.6155,7.991338,264.32,0.330979,1,0.256534,1,4,16,0.015625,-0.010305,0.000426,-0.002747,C-accelerated,135757.78,135600.0,966.3,775.0,0.2858
2026-03-30T05:54:31Z,2039078462,1255,El pequeño pueblo despertó cuando salió el sol.,47,44,1,49.8108,0.044749,0.351562,0.648438,0.498108,0.043176,0.390625,0.578125,0.006231,0.031809,0.00476,1,50.0305,7.992048,242.467,0.703567,1,0.699384,1,4,16,0.015625,-0.004285,0.005419,-0.006596,C-accelerated,137764.67,136200.0,3965.66,2200.0,0.8076
2026-03-30T05:54:31Z,2039078462,1256,Un viajero caminaba por un camino polvoriento.,46,44,1,50.1282,0.04311,0.390625,0.59375,0.501282,0.046176,0.398438,0.609375,0.006295,0.033836,0.004714,1,49.8199,7.991386,262.807,0.355059,1,0.640359,1,4,16,0.015625,0.003452,0.0049,-0.007563,C-accelerated,140340.0,136050.0,9954.81,6025.0,2.2143
2026-03-30T05:54:31Z,2039078462,1257,La vieja biblioteca guardaba muchos secretos.,45,44,1,50.1648,0.042575,0.414062,0.617188,0.501648,0.043109,0.398438,0.625,0.006184,0.030119,0.00466,1,49.9146,7.993201,208.0,0.985913,1,0.905131,1,4,16,0.015625,-0.007454,0.001389,-0.016649,C-accelerated,134997.78,134600.0,1636.96,1700.0,0.6315
2026-03-30T05:54:31Z,2039078462,1258,Una carta misteriosa apareció bajo la puerta.,45,44,1,49.707,0.037973,0.375,0.601562,0.49707,0.04206,0.375,0.609375,0.006242,0.033923,0.004705,1,49.8871,7.991948,244.608,0.668923,1,0.95438,1,4,16,0.015625,0.005495,-0.016401,-0.012302,C-accelerated,137336.0,137100.0,2265.47,3200.0,1.167
2026-03-30T05:54:31Z,2039078462,1259,El faro iluminaba el mar oscuro.,32,44,1,50.3784,0.044409,0.367188,0.59375,0.503784,0.044183,0.398438,0.625,0.006294,0.029781,0.00469,1,49.6063,7.992108,241.21,0.723185,1,0.393466,1,4,16,0.015625,-0.000472,0.005993,-0.005188,C-accelerated,139127.56,136700.0,5719.29,3575.0,1.3076
2026-03-30T05:54:31Z,2039078462,1260,La lluvia cayó lentamente sobre la ciudad.,42,44,1,50.3784,0.043967,0.351562,0.59375,0.503784,0.042026,0.382812,0.585938,0.006252,0.03015,0.004676,1,49.8627,7.991559,258.618,0.425064,1,0.863734,1,4,16,0.015625,-0.005252,-0.004696,-0.015053,C-accelerated,139657.11,136200.0,8696.62,5975.0,2.1935
2026-03-30T05:54:31Z,2039078462,1261,Un niño encontró una llave antigua en el jardín.,48,44,1,50.1343,0.039477,0.414062,0.59375,0.501343,0.0381,0.40625,0.585938,0.006221,0.030452,0.004734,1,49.9298,7.990724,283.892,0.103245,1,0.166812,1,4,16,0.015625,-0.004474,-0.007057,-0.002699,C-accelerated,137213.11,136100.0,3975.65,5875.0,2.1583
2026-03-30T05:54:31Z,2039078462,1262,El viento movía los árboles del valle.,38,44,1,50.2319,0.048311,0.375,0.609375,0.502319,0.042973,0.390625,0.609375,0.006216,0.032568,0.00474,1,50.0366,7.991692,252.079,0.53995,1,0.300899,1,4,16,0.015625,0.013022,0.002723,0.003954,C-accelerated,135722.22,135000.0,2328.58,3500.0,1.2963
2026-03-30T05:54:31Z,2039078462,1263,Una canción suave se escuchaba desde la plaza.,46,44,1,49.939,0.048863,0.382812,0.609375,0.49939,0.044652,0.390625,0.609375,0.006258,0.02941,0.004673,1,49.7345,7.992631,224.175,0.918398,1,0.988589,1,4,16,0.015625,0.012654,-0.000595,-0.010851,C-accelerated,138453.78,136200.0,6888.32,7300.0,2.6799
2026-03-30T05:54:31Z,2039078462,1264,La luna brillaba sobre el río tranquilo.,40,44,1,50.2075,0.037423,0.390625,0.59375,0.502075,0.048322,0.375,0.625,0.006236,0.04415,0.004692,1,49.7345,7.991551,255.709,0.475724,1,0.474549,1,4,16,0.015625,0.005743,-0.010384,0.002881,C-accelerated,135398.22,135500.0,1625.12,1400.0,0.5166
2026-03-30T05:54:31Z,2039078462,1265,Der alte Wald war still unter dem grauen Himmel.,48,44,1,50.0671,0.040004,0.351562,0.609375,0.500671,0.043487,0.375,0.601562,0.006341,0.028281,0.004754,1,50.2441,7.990758,282.1,0.117172,1,0.128317,1,4,16,0.015625,-0.010223,-0.003981,0.002201,C-accelerated,135811.33,135700.0,1229.72,1350.0,0.4974
2026-03-30T05:54:31Z,2039078462,1266,Ein Reisender folgte dem schmalen Weg durch das Tal.,52,44,1,49.8413,0.046909,0.359375,0.609375,0.498413,0.042369,0.375,0.59375,0.006226,0.029088,0.004759,1,50.3693,7.992735,220.823,0.940258,1,0.988589,1,4,16,0.015625,-0.003945,-0.00272,-0.009854,C-accelerated,135519.56,135100.0,2184.53,2800.0,1.0363
2026-03-30T05:54:31Z,2039078462,1267,Im Dorf läutete eine einsame Glocke.,36,44,1,49.7498,0.049564,0.390625,0.609375,0.497498,0.043629,0.382812,0.59375,0.006315,0.033593,0.004761,1,49.3561,7.991904,247.424,0.621435,1,0.935407,1,4,16,0.015625,0.001734,-0.005156,-0.006189,C-accelerated,137114.89,136000.0,4203.78,3700.0,1.3603
2026-03-30T05:54:31Z,2039078462,1268,Der Regen fiel langsam auf das Dach des Hauses.,47,44,1,49.884,0.04111,0.414062,0.609375,0.49884,0.042903,0.375,0.632812,0.006245,0.036122,0.004715,1,50.2563,7.992883,214.703,0.96843,1,0.674834,1,4,16,0.015625,-0.004772,-0.009716,0.003279,C-accelerated,135032.22,134700.0,1853.51,2600.0,0.9651
2026-03-30T05:54:31Z,2039078462,1270,Der Wind bewegte die Bäume am Fluss.,36,44,1,50.3723,0.044215,0.398438,0.617188,0.503723,0.046332,0.390625,0.632812,0.006223,0.027131,0.004676,1,49.9878,7.992211,236.23,0.794679,1,0.151298,1,4,16,0.015625,0.003607,-0.00257,-0.005757,C-accelerated,135192.89,135000.0,1564.31,1600.0,0.5926
2026-03-30T05:54:31Z,2039078462,1269,Ein Junge fand ein altes Buch im Keller.,40,44,1,49.7986,0.039839,0.40625,0.617188,0.497986,0.049258,0.351562,0.625,0.006323,0.033804,0.004772,1,50.0702,7.992653,223.756,0.921408,1,0.841303,1,4,16,0.015625,0.00269,3.6e-05,-0.002732,C-accelerated,170397.33,163950.0,23343.6,33350.0,10.1708
2026-03-30T05:54:31Z,2039078462,1271,Eine kleine Lampe brannte im Fenster.,37,44,1,49.8596,0.044575,0.390625,0.625,0.498596,0.044253,0.367188,0.585938,0.006266,0.031315,0.004731,1,50.3937,7.990409,289.757,0.066364,1,0.409516,1,4,16,0.015625,-0.007069,0.012,-0.003554,C-accelerated,142666.89,140200.0,7460.16,5775.0,2.0596
2026-03-30T05:54:31Z,2039078462,1272,Der Zug fuhr durch die dunkle Nacht.,36,44,1,50.7935,0.04288,0.390625,0.601562,0.507935,0.042556,0.40625,0.632812,0.006212,0.030027,0.004656,1,50.7477,7.990111,300.788,0.025791,0,0.833854,1,4,16,0.015625,0.006472,0.004194,-0.000493,C-accelerated,138227.11,137700.0,2901.6,2675.0,0.9713
2026-03-30T05:54:31Z,2039078462,1273,Ein Künstler malte die ruhige Landschaft.,41,44,1,50.2014,0.043115,0.367188,0.625,0.502014,0.047212,0.382812,0.585938,0.006189,0.028442,0.004679,1,49.8199,7.991832,248.378,0.60496,1,0.822708,1,4,16,0.015625,0.000864,0.001335,-0.008373,C-accelerated,138274.22,137700.0,4872.78,4200.0,1.5251
2026-03-30T05:54:31Z,2039078462,1274,Der Mond spiegelte sich im See.,31,44,1,50.4639,0.042404,0.421875,0.609375,0.504639,0.04422,0.382812,0.601562,0.006212,0.035631,0.004704,1,49.7925,7.991632,253.056,0.52263,1,0.17274,1,4,16,0.015625,0.000202,-0.000269,-0.001637,C-accelerated,146260.67,140300.0,15545.62,14575.0,5.1942
2026-03-30T05:54:31Z,2039078462,1275,Gece sessizdi ve rüzgar eski sokaklarda dolaşıyordu.,52,44,1,50.3174,0.044446,0.40625,0.609375,0.503174,0.046069,0.390625,0.648438,0.00622,0.032866,0.004707,1,49.5605,7.991781,251.078,0.557649,1,0.42595,1,4,16,0.015625,-0.002078,-0.003854,0.00317,C-accelerated,134259.33,134050.0,1561.17,1900.0,0.7087
2026-03-30T05:54:31Z,2039078462,1276,Küçük kasaba sabah güneşiyle uyanıyordu.,40,44,1,49.176,0.045599,0.367188,0.609375,0.49176,0.037497,0.390625,0.601562,0.006272,0.029264,0.004747,1,49.4812,7.992295,234.996,0.810661,1,0.149944,1,4,16,0.015625,0.010537,0.002182,0.004378,C-accelerated,136009.78,135700.0,963.55,700.0,0.2579
2026-03-30T05:54:31Z,2039078462,1277,Bir yolcu uzun yolda yalnız yürüyordu.,38,44,1,50.4761,0.045284,0.359375,0.617188,0.504761,0.043215,0.390625,0.617188,0.006355,0.033547,0.004834,1,49.7711,7.991261,265.204,0.317253,1,0.513678,1,4,16,0.015625,-0.000498,-0.014658,-0.000348,C-accelerated,135138.67,134150.0,3140.38,3475.0,1.2952
2026-03-30T05:54:31Z,2039078462,1278,Yağmur yavaşça çatıların üzerine düşüyordu.,43,44,1,49.7314,0.041333,0.375,0.609375,0.497314,0.040424,0.398438,0.601562,0.00624,0.030879,0.004719,1,49.9603,7.994338,173.719,0.999974,1,0.735002,1,4,16,0.015625,-0.000722,-0.000149,-0.002815,C-accelerated,138007.56,137800.0,2736.66,4075.0,1.4786
2026-03-30T05:54:31Z,2039078462,1279,Deniz feneri karanlık denize bakıyordu.,39,44,1,49.6033,0.044151,0.398438,0.617188,0.496033,0.042399,0.390625,0.585938,0.006234,0.03019,0.00473,1,50.354,7.991365,262.319,0.36299,1,0.685315,1,4,16,0.015625,0.005089,0.01095,0.002177,C-accelerated,135958.89,134250.0,5274.71,4275.0,1.5922
2026-03-30T05:54:31Z,2039078462,1280,Bir çocuk bahçede eski bir anahtar buldu.,41,44,1,50.3845,0.048465,0.289062,0.625,0.503845,0.041143,0.398438,0.585938,0.006207,0.03197,0.004631,1,50.5798,7.993731,192.244,0.99872,1,0.21516,1,4,16,0.015625,-0.003703,0.005518,0.003408,C-accelerated,134460.22,134200.0,2209.9,2300.0,0.8569
2026-03-30T05:54:31Z,2039078462,1281,Rüzgar vadideki ağaçları sallıyordu.,36,44,1,48.9929,0.041789,0.359375,0.617188,0.489929,0.044583,0.382812,0.59375,0.006172,0.03085,0.0047,1,49.9512,7.991301,265.135,0.318326,1,0.541719,1,4,16,0.015625,-0.001469,-0.00099,-0.003764,C-accelerated,139116.44,138050.0,4427.37,5700.0,2.0645
2026-03-30T05:54:31Z,2039078462,1282,Eski kütüphanede gizli bir kitap vardı.,39,44,1,49.3042,0.042805,0.382812,0.59375,0.493042,0.042559,0.375,0.585938,0.006334,0.026896,0.004743,1,50.1953,7.993077,210.816,0.979941,1,0.264614,1,4,16,0.015625,-0.00112,-0.007528,0.008237,C-accelerated,135074.44,135300.0,1535.1,1600.0,0.5913
2026-03-30T05:54:31Z,2039078462,1283,Ay gölün üzerinde parlıyordu.,29,44,1,49.5789,0.044825,0.390625,0.617188,0.495789,0.046332,0.367188,0.601562,0.006146,0.030884,0.004727,1,49.7589,7.991381,261.969,0.368698,1,0.27706,1,4,16,0.015625,0.001858,-0.007612,-0.006403,C-accelerated,138018.44,138000.0,4460.97,5675.0,2.0562
2026-03-30T05:54:31Z,2039078462,1284,Tren gece sisinin içinde kayboldu.,34,44,1,49.9573,0.043513,0.367188,0.585938,0.499573,0.040949,0.390625,0.59375,0.006302,0.028257,0.004751,1,49.7559,7.991102,271.93,0.222711,1,0.377802,1,4,16,0.015625,-0.00126,-0.002001,-0.002137,C-accelerated,139472.44,138600.0,2525.24,2375.0,0.8568
2026-03-30T05:54:31Z,2039078462,1285,الصحراء كانت هادئة تحت ضوء القمر البعيد.,40,44,1,50.354,0.046772,0.351562,0.632812,0.50354,0.043955,0.390625,0.59375,0.006284,0.031014,0.004769,1,49.7467,7.992421,234.042,0.82252,1,0.02763,1,4,16,0.015625,-0.001477,0.0067,-0.003083,C-accelerated,138706.44,136600.0,5838.62,6400.0,2.3426
2026-03-30T05:54:31Z,2039078462,1286,مسافر وحيد سار في الطريق الطويل بين الرمال.,43,44,1,49.7009,0.046457,0.351562,0.609375,0.497009,0.042948,0.398438,0.609375,0.006145,0.030892,0.004659,1,50.1434,7.99261,224.547,0.915654,1,0.054105,1,4,16,0.015625,0.010384,-0.002058,0.007404,C-accelerated,135479.56,135200.0,2052.57,1600.0,0.5917
2026-03-30T05:54:31Z,2039078462,1287,الريح حملت حكايات قديمة عبر الوادي.,35,44,1,49.9329,0.042657,0.367188,0.625,0.499329,0.042287,0.367188,0.601562,0.00624,0.031553,0.004662,1,49.7711,7.992357,231.087,0.856377,1,0.573746,1,4,16,0.015625,-0.002072,-0.000387,-0.011202,C-accelerated,136544.89,135600.0,3394.58,3000.0,1.1062
2026-03-30T05:54:31Z,2039078462,1288,مدينة صغيرة استيقظت مع شروق الشمس.,34,44,1,50.1099,0.043594,0.398438,0.625,0.501099,0.043703,0.34375,0.601562,0.006303,0.028556,0.004689,1,50.0305,7.990993,273.14,0.207728,1,0.756656,1,4,16,0.015625,-0.002807,-0.004942,0.003569,C-accelerated,134741.56,135200.0,1303.94,2375.0,0.8783
2026-03-30T05:54:31Z,2039078462,1289,رجل عجوز جلس قرب النهر يتذكر الماضي.,36,44,1,49.1882,0.03908,0.414062,0.640625,0.491882,0.043971,0.390625,0.625,0.00627,0.033803,0.004801,1,49.6155,7.991309,267.462,0.283497,1,0.606644,1,4,16,0.015625,0.00214,0.003448,0.011971,C-accelerated,133851.33,133700.0,1832.43,2200.0,0.8227
2026-03-30T05:54:31Z,2039078462,1290,طفل وجد مفتاحا قديما في الحديقة.,32,44,1,49.5422,0.048549,0.335938,0.617188,0.495422,0.044415,0.382812,0.59375,0.006271,0.030385,0.004741,1,50.177,7.990915,274.141,0.195832,1,0.345206,1,4,16,0.015625,0.00144,-0.002283,0.004198,C-accelerated,135015.78,135000.0,1258.89,1400.0,0.5185
2026-03-30T05:54:31Z,2039078462,1291,مكتبة قديمة كانت مليئة بالكتب الغامضة.,38,44,1,49.0295,0.046412,0.375,0.601562,0.490295,0.044503,0.382812,0.585938,0.006199,0.030303,0.00469,1,50.0549,7.990741,280.611,0.129772,1,0.965777,1,4,16,0.015625,0.009235,-0.003154,0.006264,C-accelerated,138614.67,138000.0,6559.8,5375.0,1.9475
2026-03-30T05:54:31Z,2039078462,1292,الأمطار سقطت بهدوء فوق البيوت.,30,44,1,49.7253,0.042574,0.390625,0.617188,0.497253,0.048175,0.351562,0.609375,0.006341,0.029144,0.004828,1,50.1953,7.990948,273.862,0.199107,1,0.717116,1,4,16,0.015625,0.017805,0.00194,0.001477,C-accelerated,137748.0,137600.0,870.87,900.0,0.327
2026-03-30T05:54:31Z,2039078462,1293,مصباح صغير كان يضيء النافذة.,28,44,1,50.5005,0.044887,0.398438,0.609375,0.505005,0.050694,0.375,0.640625,0.00626,0.029813,0.004689,1,50.2441,7.991732,252.544,0.531704,1,0.89381,1,4,16,0.015625,-0.003801,0.005715,-0.00308,C-accelerated,133331.78,132900.0,1775.48,2200.0,0.8277
2026-03-30T05:54:31Z,2039078462,1294,قارب خشبي تحرك ببطء فوق الماء.,30,44,1,49.7131,0.042711,0.375,0.625,0.497131,0.041979,0.390625,0.609375,0.00621,0.032511,0.004697,1,50.1984,7.992459,228.969,0.877917,1,0.008381,0,4,16,0.015625,-0.003579,0.00725,-0.005323,C-accelerated,138112.22,136900.0,3832.92,5375.0,1.9631
2026-03-30T05:54:31Z,2039078462,1295,রাতের নৌকাটি ধীরে ধীরে নদীর স্রোতে ভাসছিল।,42,44,1,50.3113,0.043851,0.398438,0.625,0.503113,0.042873,0.34375,0.601562,0.00636,0.028898,0.004754,1,49.9847,7.99075,280.448,0.131208,1,0.19147,1,4,16,0.015625,0.001506,-0.002287,-0.003604,C-accelerated,142154.0,139000.0,8541.49,5150.0,1.8525
2026-03-30T05:54:31Z,2039078462,1296,একটি পুরোনো বাড়ির দরজা হঠাৎ বাতাসে খুলে গেল।,44,44,1,50.2136,0.04217,0.382812,0.585938,0.502136,0.045499,0.375,0.695312,0.006217,0.035985,0.004779,1,49.7833,7.990201,297.274,0.035412,0,0.731413,1,4,16,0.015625,-0.002804,0.003203,-0.002383,C-accelerated,135605.11,135200.0,1548.6,1100.0,0.4068
2026-03-30T05:54:31Z,2039078462,1297,ছেলেটি আকাশের দিকে তাকিয়ে দীর্ঘক্ষণ ভাবছিল।,43,44,1,50.1953,0.043157,0.390625,0.609375,0.501953,0.04017,0.390625,0.617188,0.006209,0.027693,0.004678,1,50.3693,7.992047,242.537,0.702461,1,0.965777,1,4,16,0.015625,-0.007636,0.001675,-0.001083,C-accelerated,138197.33,137700.0,1614.49,2475.0,0.8987
2026-03-30T05:54:31Z,2039078462,1298,শহরের শেষে একটি ছোট্ট চায়ের দোকান ছিল।,38,44,1,50.0061,0.045622,0.382812,0.601562,0.500061,0.045486,0.375,0.640625,0.006229,0.031719,0.004716,1,49.7864,7.992315,236.742,0.787833,1,0.720681,1,4,16,0.015625,-0.000828,0.000556,-0.007141,C-accelerated,137374.22,137300.0,1563.54,1700.0,0.6191
2026-03-30T05:54:31Z,2039078462,1299,বৃষ্টির পর মাটির গন্ধ চারদিকে ছড়িয়ে পড়ল।,40,44,1,50.3479,0.045015,0.398438,0.617188,0.503479,0.0446,0.367188,0.609375,0.006289,0.033688,0.004701,1,50.0763,7.990929,274.327,0.193669,1,0.800525,1,4,16,0.015625,-0.00785,0.007189,0.007773,C-accelerated,136651.11,136800.0,1651.02,1600.0,0.5848
2026-03-30T05:54:31Z,2039078462,1300,একজন কবি নদীর ধারে বসে লিখছিল।,30,44,1,50.2014,0.04397,0.375,0.617188,0.502014,0.045714,0.367188,0.617188,0.006284,0.030525,0.004766,1,49.6246,7.991494,257.711,0.440736,1,0.380386,1,4,16,0.015625,0.011884,0.004634,-0.006913,C-accelerated,137347.11,137000.0,2044.63,1600.0,0.5839
2026-03-30T05:54:31Z,2039078462,1301,সন্ধ্যার আলো ধীরে ধীরে মিলিয়ে গেল।,34,44,1,49.8718,0.038667,0.382812,0.609375,0.498718,0.040569,0.414062,0.617188,0.006276,0.033334,0.004714,1,49.9023,7.991958,246.423,0.638525,1,0.647195,1,4,16,0.015625,-0.002053,0.006794,0.004851,C-accelerated,141564.67,139100.0,5575.94,6850.0,2.4623
2026-03-30T05:54:31Z,2039078462,1302,একটি পাখি জানালার পাশে বসেছিল।,30,44,1,50.2991,0.041789,0.382812,0.617188,0.502991,0.043026,0.398438,0.617188,0.006211,0.042625,0.00477,1,49.8566,7.990137,300.323,0.02692,0,0.151298,1,4,16,0.015625,0.003169,-0.009151,-0.004207,C-accelerated,135652.67,135300.0,1364.83,1000.0,0.3695
2026-03-30T05:54:31Z,2039078462,1303,পুরোনো সেতুর নিচে জল ধীরে বইছিল।,32,44,1,49.6094,0.040899,0.382812,0.625,0.496094,0.045898,0.351562,0.59375,0.006182,0.034206,0.004712,1,50.0763,7.991737,252.451,0.533354,1,0.603317,1,4,16,0.015625,-0.012057,0.00183,0.002977,C-accelerated,170419.56,169600.0,2521.75,3350.0,0.9876
2026-03-30T05:54:31Z,2039078462,1304,গ্রামের পথ ধরে একটি সাইকেল চলছিল।,33,44,1,50.2808,0.045865,0.390625,0.671875,0.502808,0.042463,0.414062,0.617188,0.006258,0.03312,0.004703,1,50.0092,7.991436,259.921,0.402834,1,0.256534,1,4,16,0.015625,0.001946,-0.001589,-0.001599,C-accelerated,138115.11,137600.0,1970.95,1100.0,0.3997
2026-03-30T05:54:31Z,2039078462,1305,Туман покрывал реку ранним утром.,33,44,1,49.6094,0.04269,0.398438,0.59375,0.496094,0.044677,0.382812,0.632812,0.006202,0.028806,0.004666,1,49.939,7.991714,252.87,0.52593,1,0.489402,1,4,16,0.015625,-0.003809,0.002361,0.002342,C-accelerated,133864.0,134400.0,1364.53,2500.0,0.9301
2026-03-30T05:54:31Z,2039078462,1306,Старик рассказывал историю у костра.,36,44,1,49.9817,0.048901,0.375,0.648438,0.499817,0.048362,0.359375,0.609375,0.006209,0.030038,0.004697,1,49.8291,7.990374,292.294,0.054103,1,0.580258,1,4,16,0.015625,0.002256,0.004415,0.000287,C-accelerated,135425.78,135600.0,1515.27,2175.0,0.802
2026-03-30T05:54:31Z,2039078462,1307,Путник остановился возле старого моста.,39,44,1,50.415,0.041889,0.390625,0.617188,0.50415,0.045783,0.398438,0.617188,0.006161,0.031154,0.004669,1,49.7375,7.990722,282.193,0.116416,1,0.599997,1,4,16,0.015625,-0.004115,0.006902,0.012778,C-accelerated,135008.44,135000.0,2155.29,3550.0,1.3148
2026-03-30T05:54:31Z,2039078462,1308,Луна медленно поднималась над лесом.,36,44,1,50.4395,0.04445,0.40625,0.632812,0.504395,0.043419,0.382812,0.632812,0.006246,0.029995,0.00468,1,49.5361,7.991648,253.824,0.509022,1,0.270788,1,4,16,0.015625,9.7e-05,-0.008714,0.003147,C-accelerated,134382.44,134800.0,1440.75,1800.0,0.6677
2026-03-30T05:54:31Z,2039078462,1309,Ветер гулял по пустым улицам.,29,44,1,50.2563,0.047301,0.390625,0.632812,0.502563,0.044742,0.382812,0.625,0.006251,0.034108,0.004772,1,49.9542,7.991522,258.572,0.425864,1,0.193095,1,4,16,0.015625,-0.002429,-0.001971,-0.00371,C-accelerated,136352.89,136100.0,1601.03,2700.0,0.9919
2026-03-30T05:54:31Z,2039078462,1310,Девочка читала книгу у окна.,28,44,1,51.2085,0.046001,0.40625,0.632812,0.512085,0.043453,0.398438,0.609375,0.00627,0.02834,0.004704,1,50.2869,7.99219,237.044,0.78373,1,0.178825,1,4,16,0.015625,-0.001138,0.003052,-0.002621,C-accelerated,136202.89,136100.0,1315.08,1600.0,0.5878
2026-03-30T05:54:31Z,2039078462,1311,Ночная дорога была тихой и длинной.,35,44,1,50.061,0.047488,0.390625,0.617188,0.50061,0.042585,0.414062,0.609375,0.006377,0.026882,0.004722,1,50.4608,7.992373,231.366,0.853366,1,0.333162,1,4,16,0.015625,0.000513,0.009116,-0.000756,C-accelerated,133945.33,133600.0,2141.61,2800.0,1.0479
2026-03-30T05:54:31Z,2039078462,1312,Поезд исчез в темном туннеле.,29,44,1,50.0366,0.045595,0.398438,0.625,0.500366,0.04474,0.375,0.601562,0.006217,0.029337,0.004733,1,50.3998,7.991325,264.948,0.321198,1,0.076948,1,4,16,0.015625,0.000765,-0.013559,0.002018,C-accelerated,140700.0,138800.0,6277.44,7775.0,2.8008
2026-03-30T05:54:31Z,2039078462,1313,Колокол звучал над маленькой деревней.,38,44,1,49.9023,0.043432,0.398438,0.609375,0.499023,0.047381,0.335938,0.648438,0.006161,0.029125,0.004692,1,50.0,7.99167,250.775,0.562988,1,0.742198,1,4,16,0.015625,0.001096,0.000821,0.005636,C-accelerated,134988.44,134450.0,2018.46,2500.0,0.9297
2026-03-30T05:54:31Z,2039078462,1314,Звезды отражались в спокойном озере.,36,44,1,49.5117,0.043793,0.367188,0.609375,0.495117,0.046936,0.382812,0.617188,0.006181,0.028136,0.00467,1,50.0732,7.99148,258.967,0.419076,1,0.216929,1,4,16,0.015625,-0.010459,0.009936,-0.004808,C-accelerated,140638.44,137500.0,7728.88,7800.0,2.8364
2026-03-30T05:54:31Z,2039078462,1315,The night train moved quietly through the fog.,46,44,1,49.7986,0.04125,0.382812,0.617188,0.497986,0.045083,0.390625,0.617188,0.006276,0.032456,0.004651,1,50.0549,7.99221,235.555,0.803514,1,0.692336,1,4,16,0.015625,-0.011913,-0.001521,0.000159,C-accelerated,143866.89,137600.0,14311.75,11500.0,4.1788
2026-03-30T05:54:31Z,2039078462,1316,A lonely cabin stood beside the frozen lake.,44,44,1,49.8413,0.042683,0.367188,0.601562,0.498413,0.041883,0.351562,0.625,0.006266,0.030406,0.004727,1,49.7009,7.991801,248.588,0.601322,1,0.756656,1,4,16,0.015625,-0.005188,-0.01231,-0.000323,C-accelerated,136516.89,136400.0,1803.02,1200.0,0.4399
2026-03-30T05:54:31Z,2039078462,1317,The wind carried leaves across the empty road.,46,44,1,49.0417,0.047524,0.375,0.585938,0.490417,0.040762,0.375,0.625,0.006273,0.029914,0.004725,1,50.3723,7.991559,257.85,0.438316,1,0.233329,1,4,16,0.015625,-0.001226,0.004183,0.003434,C-accelerated,134240.67,134300.0,1051.78,700.0,0.2606
2026-03-30T05:54:31Z,2039078462,1318,An old clock ticked inside the silent house.,44,44,1,49.9512,0.045384,0.398438,0.625,0.499512,0.046062,0.34375,0.601562,0.006241,0.029783,0.004665,1,50.1587,7.991436,259.828,0.40441,1,0.011206,1,4,16,0.015625,0.004237,-0.003615,0.010409,C-accelerated,134892.44,135100.0,1149.6,1700.0,0.6292
2026-03-30T05:54:31Z,2039078462,1319,A fisherman waited patiently by the river.,42,44,1,50.3601,0.042645,0.40625,0.609375,0.503601,0.039775,0.421875,0.609375,0.006233,0.029124,0.004684,1,50.2502,7.99057,288.314,0.074279,1,0.886275,1,4,16,0.015625,-0.002112,0.006265,-0.001167,C-accelerated,170070.89,143800.0,43719.21,64375.0,22.3835
2026-03-30T05:54:31Z,2039078462,1320,The sky slowly turned orange at dawn.,37,44,1,50.3357,0.044855,0.367188,0.617188,0.503357,0.046463,0.328125,0.632812,0.006353,0.03013,0.004768,1,49.9512,7.990705,281.961,0.118314,1,0.996196,1,4,16,0.015625,0.011928,-0.001543,-0.003104,C-accelerated,133970.22,133800.0,1466.35,2000.0,0.7474
2026-03-30T05:54:31Z,2039078462,1321,A small dog followed the traveler down the hill.,48,44,1,50.0549,0.046999,0.398438,0.617188,0.500549,0.043991,0.390625,0.617188,0.006219,0.035889,0.004702,1,49.6338,7.992565,226.502,0.900157,1,0.42595,1,4,16,0.015625,0.001541,0.006391,-0.00052,C-accelerated,134267.56,134200.0,1142.83,1700.0,0.6334
2026-03-30T05:54:31Z,2039078462,1322,A lantern flickered in the distant valley.,42,44,1,49.8413,0.045985,0.398438,0.601562,0.498413,0.043227,0.40625,0.59375,0.006209,0.030271,0.00471,1,50.2289,7.991244,266.438,0.298572,1,0.717116,1,4,16,0.015625,-0.000607,-0.008876,0.007935,C-accelerated,144173.78,139600.0,11835.11,11450.0,4.101
2026-03-30T05:54:31Z,2039078462,1323,The rain began to fall over the quiet town.,43,44,1,49.8535,0.046206,0.359375,0.609375,0.498535,0.047769,0.398438,0.625,0.006211,0.028471,0.004716,1,49.9939,7.992269,236.439,0.791893,1,0.465758,1,4,16,0.015625,0.006608,0.00023,0.00117,C-accelerated,138695.56,137800.0,3950.72,2775.0,1.0069
2026-03-30T05:54:31Z,2039078462,1324,A forgotten path disappeared into the forest.,45,44,1,49.646,0.040322,0.398438,0.601562,0.49646,0.045814,0.367188,0.632812,0.006258,0.031598,0.004802,1,50.3174,7.99155,255.43,0.480641,1,0.984786,1,4,16,0.015625,0.007593,-0.001787,-0.007891,C-accelerated,135671.11,134600.0,2890.93,3800.0,1.4116
2026-03-30T05:54:31Z,2039078462,1325,Le vent froid passait entre les maisons anciennes.,50,44,1,49.5056,0.043639,0.390625,0.609375,0.495056,0.044814,0.398438,0.625,0.006183,0.030919,0.004745,1,50.2228,7.991754,249.356,0.58793,1,0.04788,1,4,16,0.015625,0.004035,-0.007404,-0.005588,C-accelerated,135927.56,135800.0,700.12,500.0,0.1841
2026-03-30T05:54:31Z,2039078462,1326,Une lumière faible brillait au sommet de la colline.,52,44,1,50.2563,0.043968,0.40625,0.609375,0.502563,0.044657,0.40625,0.632812,0.006306,0.03014,0.004796,1,50.2991,7.991259,264.041,0.335369,1,0.912688,1,4,16,0.015625,0.002089,-0.007741,0.011151,C-accelerated,144067.33,139450.0,10344.31,14050.0,5.0376
2026-03-30T05:54:31Z,2039078462,1327,Un homme lisait tranquillement près du feu.,43,44,1,50.8118,0.04692,0.414062,0.648438,0.508118,0.041391,0.382812,0.632812,0.006264,0.031456,0.004643,1,50.351,7.993075,209.35,0.983268,1,0.352565,1,4,16,0.015625,-0.000424,0.003083,0.001717,C-accelerated,134906.22,134700.0,2361.97,3100.0,1.1507
2026-03-30T05:54:31Z,2039078462,1328,Le chemin étroit descendait vers la rivière.,44,44,1,49.823,0.042971,0.390625,0.585938,0.49823,0.047504,0.375,0.640625,0.006213,0.032057,0.004718,1,50.0275,7.991475,258.758,0.422666,1,0.905131,1,4,16,0.015625,-0.011167,0.002401,0.004005,C-accelerated,135710.0,135700.0,1372.24,1300.0,0.479
2026-03-30T05:54:31Z,2039078462,1329,La nuit était claire et pleine d’étoiles.,41,44,1,50.0671,0.040265,0.40625,0.59375,0.500671,0.041455,0.40625,0.585938,0.006368,0.030519,0.004827,1,50.0519,7.992502,229.178,0.875888,1,0.462847,1,4,16,0.015625,0.00227,-0.00452,-0.01195,C-accelerated,134518.22,134300.0,1318.63,2400.0,0.8935
2026-03-30T05:54:31Z,2039078462,1330,Un bateau dérivait lentement sur l’eau sombre.,46,44,1,49.9695,0.045307,0.367188,0.601562,0.499695,0.041894,0.398438,0.585938,0.00633,0.030022,0.004761,1,49.8688,7.992016,243.095,0.693551,1,0.123599,1,4,16,0.015625,-0.000283,-0.001035,0.000516,C-accelerated,141180.22,137350.0,10057.2,6850.0,2.4936
2026-03-30T05:54:31Z,2039078462,1331,La vieille tour observait la vallée silencieuse.,48,44,1,50.2991,0.045848,0.375,0.632812,0.502991,0.043291,0.351562,0.59375,0.006253,0.0315,0.004749,1,50.1312,7.990752,283.543,0.105855,1,0.988589,1,4,16,0.015625,-0.005742,0.003565,-0.006087,C-accelerated,140095.56,138800.0,6068.1,8875.0,3.197
2026-03-30T05:54:31Z,2039078462,1332,Un écrivain remplissait les pages de son carnet.,48,44,1,50.3174,0.042054,0.40625,0.609375,0.503174,0.041114,0.390625,0.585938,0.006228,0.028977,0.004737,1,50.1801,7.991548,254.964,0.488852,1,0.60998,1,4,16,0.015625,-0.002151,0.003095,-0.009205,C-accelerated,135536.44,135800.0,1405.56,2175.0,0.8008
2026-03-30T05:54:31Z,2039078462,1333,La pluie arrivait depuis les montagnes.,39,44,1,50.354,0.047339,0.375,0.65625,0.50354,0.046135,0.390625,0.632812,0.006159,0.030986,0.004673,1,49.6246,7.991167,272.186,0.219487,1,0.060992,1,4,16,0.015625,-0.003938,-0.000661,-0.003077,C-accelerated,133595.33,133100.0,1511.91,2400.0,0.9016
2026-03-30T05:54:31Z,2039078462,1334,Une cloche sonnait au loin.,27,44,1,50.7385,0.042627,0.398438,0.632812,0.507385,0.042839,0.398438,0.609375,0.006262,0.030879,0.004696,1,49.9451,7.992273,234.228,0.820241,1,0.573746,1,4,16,0.015625,0.004302,0.010154,0.008554,C-accelerated,144603.11,140400.0,10712.99,13350.0,4.7543
2026-03-30T05:54:31Z,2039078462,1335,El viento movía lentamente las hojas del bosque.,48,44,1,49.5483,0.045382,0.382812,0.601562,0.495483,0.047206,0.382812,0.601562,0.006268,0.031854,0.004651,1,49.8199,7.991332,262.481,0.360339,1,0.02025,1,4,16,0.015625,0.001033,-0.002164,0.001268,C-accelerated,135740.0,135700.0,2801.91,4275.0,1.5752
2026-03-30T05:54:31Z,2039078462,1336,Un pescador esperaba en silencio junto al río.,46,44,1,50.4089,0.04319,0.367188,0.601562,0.504089,0.041038,0.398438,0.59375,0.006315,0.034558,0.004729,1,50.4089,7.99168,254.639,0.494608,1,0.377802,1,4,16,0.015625,-0.002914,0.011707,-0.006522,C-accelerated,134845.56,135000.0,1688.99,2675.0,0.9907
2026-03-30T05:54:31Z,2039078462,1337,La luna iluminaba el camino antiguo.,36,44,1,49.7986,0.045859,0.375,0.609375,0.497986,0.045672,0.367188,0.617188,0.006297,0.027912,0.004714,1,49.7162,7.992554,224.663,0.914782,1,0.061652,1,4,16,0.015625,0.006709,0.004508,-0.002692,C-accelerated,133256.0,132800.0,1165.05,2100.0,0.7907
2026-03-30T05:54:31Z,2039078462,1338,Un viajero descansaba cerca de un árbol.,40,44,1,50.1526,0.045816,0.375,0.601562,0.501526,0.038695,0.382812,0.59375,0.00629,0.029939,0.004783,1,49.8779,7.991065,270.72,0.238338,1,0.083535,1,4,16,0.015625,-0.002957,0.006535,0.005074,C-accelerated,135771.33,135400.0,1367.79,1600.0,0.5908
2026-03-30T05:54:31Z,2039078462,1339,La ciudad dormía bajo la lluvia.,32,44,1,50.1709,0.04547,0.398438,0.617188,0.501709,0.04389,0.367188,0.640625,0.00616,0.029233,0.004662,1,50.5585,7.991187,267.834,0.278116,1,0.811598,1,4,16,0.015625,0.003321,0.002541,0.001623,C-accelerated,142655.11,134900.0,27274.89,3925.0,1.4548
2026-03-30T05:54:31Z,2039078462,1340,Un perro pequeño corría por la calle vacía.,43,44,1,49.585,0.043651,0.40625,0.65625,0.49585,0.04732,0.375,0.65625,0.006232,0.032059,0.004686,1,49.8352,7.991232,263.808,0.339047,1,0.37523,1,4,16,0.015625,0.006166,0.001751,-0.006511,C-accelerated,142991.33,139650.0,8626.51,11075.0,3.9653
2026-03-30T05:54:31Z,2039078462,1341,El tren pasó rápidamente por la estación.,41,44,1,50.0366,0.040711,0.390625,0.59375,0.500366,0.042002,0.390625,0.59375,0.00629,0.03358,0.004768,1,49.9512,7.991764,251.613,0.548188,1,0.312174,1,4,16,0.015625,-0.005594,0.00355,-0.007515,C-accelerated,134434.22,134100.0,1548.67,2200.0,0.8203
2026-03-30T05:54:31Z,2039078462,1342,Una luz apareció en la colina lejana.,37,44,1,50.2808,0.041921,0.390625,0.617188,0.502808,0.044696,0.398438,0.585938,0.00613,0.032958,0.00464,1,50.1709,7.992111,240.535,0.733479,1,0.474549,1,4,16,0.015625,-0.000637,0.005523,-0.000786,C-accelerated,139131.56,138450.0,3886.69,6025.0,2.1759
2026-03-30T05:54:31Z,2039078462,1343,El lago estaba tranquilo como un espejo.,40,44,1,49.6521,0.041682,0.390625,0.601562,0.496521,0.037719,0.398438,0.609375,0.00615,0.031698,0.004658,1,49.6796,7.99062,286.615,0.084538,1,0.753033,1,4,16,0.015625,0.001557,-0.00578,0.009608,C-accelerated,133175.33,132700.0,1712.33,2800.0,1.055
2026-03-30T05:54:31Z,2039078462,1344,Las estrellas brillaban sobre la montaña.,41,44,1,50.4761,0.043599,0.421875,0.632812,0.504761,0.0423,0.398438,0.601562,0.006238,0.040939,0.004691,1,50.1923,7.990267,295.412,0.041638,0,0.807902,1,4,16,0.015625,-0.006882,-0.003997,-0.00789,C-accelerated,133321.11,132800.0,1668.83,2400.0,0.9036
2026-03-30T05:54:31Z,2039078462,1345,Der Morgen begann ruhig im kleinen Dorf.,40,44,1,50.5005,0.048463,0.367188,0.625,0.505005,0.042351,0.398438,0.632812,0.006238,0.031323,0.004735,1,50.4578,7.990721,283.473,0.106383,1,0.21871,1,4,16,0.015625,-0.003018,0.004557,0.003382,C-accelerated,134764.67,134400.0,1437.6,1900.0,0.7068
2026-03-30T05:54:31Z,2039078462,1346,Ein Vogel sang auf dem alten Baum.,34,44,1,50.0549,0.044056,0.382812,0.625,0.500549,0.042401,0.414062,0.648438,0.006297,0.030659,0.004759,1,49.9359,7.99216,237.417,0.778624,1,0.939199,1,4,16,0.015625,0.002979,0.01078,0.012534,C-accelerated,135626.89,135700.0,1320.39,1400.0,0.5158
2026-03-30T05:54:31Z,2039078462,1347,Der Fluss floss langsam durch das Tal.,38,44,1,49.9817,0.044059,0.414062,0.632812,0.499817,0.043776,0.390625,0.601562,0.006224,0.028175,0.004652,1,50.1068,7.992232,235.462,0.804716,1,0.742198,1,4,16,0.015625,-0.002453,0.003379,-0.006994,C-accelerated,137844.22,136850.0,5454.96,4900.0,1.7903
2026-03-30T05:54:31Z,2039078462,1348,Ein Mann schrieb Notizen in sein Tagebuch.,42,44,1,50.0488,0.052931,0.351562,0.625,0.500488,0.037844,0.390625,0.578125,0.006312,0.028845,0.004729,1,49.942,7.991339,261.783,0.371756,1,0.070792,1,4,16,0.015625,0.003846,-0.003995,-0.007484,C-accelerated,133845.56,134100.0,1391.29,2200.0,0.8203
2026-03-30T05:54:31Z,2039078462,1349,Die Nacht war dunkel und still.,31,44,1,49.5117,0.042735,0.398438,0.578125,0.495117,0.040383,0.414062,0.609375,0.006219,0.031929,0.004731,1,49.884,7.990878,278.493,0.149341,1,0.988589,1,4,16,0.015625,0.002597,-0.007056,0.001967,C-accelerated,133918.22,133700.0,1133.03,1300.0,0.4862
2026-03-30T05:54:31Z,2039078462,1350,Der Wind kam von den Bergen.,28,44,1,49.0784,0.044058,0.390625,0.59375,0.490784,0.042336,0.375,0.648438,0.006187,0.030264,0.004741,1,49.7955,7.99176,249.449,0.586302,1,0.060992,1,4,16,0.015625,0.011047,-0.006416,-8.7e-05,C-accelerated,135188.67,135100.0,1201.44,1600.0,0.5922
2026-03-30T05:54:31Z,2039078462,1351,Ein Licht erschien am Ende des Weges.,37,44,1,50.177,0.040527,0.375,0.585938,0.50177,0.043686,0.390625,0.601562,0.006241,0.031593,0.00474,1,50.0946,7.990443,291.107,0.059587,1,0.256534,1,4,16,0.015625,0.008336,-0.000137,0.001718,C-accelerated,136413.11,135700.0,2952.77,4375.0,1.612
2026-03-30T05:54:31Z,2039078462,1352,Die Tür des Hauses knarrte leise.,33,44,1,50.3357,0.042384,0.398438,0.609375,0.503357,0.044104,0.398438,0.625,0.00633,0.028845,0.004689,1,50.824,7.99284,217.937,0.955272,1,0.501462,1,4,16,0.015625,-0.001983,-0.003049,-0.002657,C-accelerated,134274.0,134500.0,1505.11,2600.0,0.9665
2026-03-30T05:54:31Z,2039078462,1353,Der Mond stand hoch über dem Wald.,34,44,1,49.469,0.042139,0.390625,0.601562,0.49469,0.045449,0.359375,0.617188,0.006261,0.031739,0.004775,1,49.8047,7.991293,264.995,0.320479,1,0.681814,1,4,16,0.015625,-0.000957,-0.006028,0.017808,C-accelerated,140117.11,137900.0,6614.59,5575.0,2.0214
2026-03-30T05:54:31Z,2039078462,1354,Der Regen begann plötzlich zu fallen.,37,44,1,49.7925,0.044037,0.382812,0.585938,0.497925,0.04609,0.390625,0.601562,0.006168,0.030692,0.004659,1,50.3113,7.992026,243.677,0.684162,1,0.073818,1,4,16,0.015625,0.000919,-0.003198,0.000815,C-accelerated,136103.33,136000.0,1335.35,1100.0,0.4044
2026-03-30T05:54:31Z,2039078462,1355,Gece boyunca yağmur durmadan yağdı.,35,44,1,50.592,0.039047,0.390625,0.617188,0.50592,0.042508,0.398438,0.632812,0.006211,0.030156,0.004742,1,49.7284,7.99253,227.2,0.89417,1,0.667881,1,4,16,0.015625,0.010278,0.004228,0.003796,C-accelerated,139774.89,136400.0,8187.47,7000.0,2.566
2026-03-30T05:54:31Z,2039078462,1356,Bir yolcu dağın tepesine doğru yürüdü.,38,44,1,49.2126,0.044821,0.375,0.59375,0.492126,0.041288,0.367188,0.578125,0.006328,0.031133,0.004771,1,50.4303,7.991664,254.964,0.488852,1,0.431512,1,4,16,0.015625,0.003154,0.011466,-0.003498,C-accelerated,134934.0,134600.0,1615.13,2600.0,0.9658
2026-03-30T05:54:31Z,2039078462,1357,Kasaba sabah sessizliğinde uyuyordu.,36,44,1,49.8108,0.042866,0.390625,0.617188,0.498108,0.04159,0.390625,0.632812,0.006225,0.030984,0.004737,1,50.4333,7.990762,281.007,0.126333,1,0.580258,1,4,16,0.015625,-0.002228,-0.003235,0.006641,C-accelerated,134912.67,135000.0,840.66,1200.0,0.4444
2026-03-30T05:54:31Z,2039078462,1358,Bir kuş eski ağacın dalında şarkı söyledi.,42,44,1,49.5728,0.047016,0.375,0.625,0.495728,0.041153,0.390625,0.585938,0.006294,0.027877,0.004756,1,50.647,7.992662,223.965,0.919914,1,0.206468,1,4,16,0.015625,-0.000674,-0.006332,0.003857,C-accelerated,136071.33,135900.0,1223.06,1575.0,0.5795
2026-03-30T05:54:31Z,2039078462,1359,Deniz sakin ve gri görünüyordu.,31,44,1,49.6521,0.040013,0.414062,0.601562,0.496521,0.042273,0.40625,0.59375,0.006227,0.029055,0.004669,1,50.2197,7.991626,254.033,0.505313,1,0.303132,1,4,16,0.015625,0.002096,0.002509,-0.004265,C-accelerated,137645.11,135400.0,5956.07,5425.0,2.0033
2026-03-30T05:54:31Z,2039078462,1360,Bir çocuk eski haritayı dikkatle inceledi.,42,44,1,49.762,0.044991,0.367188,0.625,0.49762,0.042259,0.382812,0.59375,0.006268,0.030358,0.004687,1,50.058,7.991938,246.377,0.639314,1,0.671354,1,4,16,0.015625,0.000151,0.000373,-0.005942,C-accelerated,133425.78,132400.0,2159.83,4075.0,1.5389
2026-03-30T05:54:31Z,2039078462,1361,Uzaktaki ışık yavaşça kayboldu.,31,44,1,50.1892,0.042374,0.390625,0.59375,0.501892,0.043165,0.382812,0.601562,0.006226,0.032356,0.004738,1,49.9969,7.991823,248.751,0.598489,1,1.0,1,4,16,0.015625,0.007673,-0.006579,-0.009987,C-accelerated,134383.78,134100.0,1801.65,2675.0,0.9974
2026-03-30T05:54:31Z,2039078462,1362,Rüzgar boş sokaklardan geçti.,29,44,1,49.646,0.04766,0.351562,0.625,0.49646,0.042711,0.390625,0.601562,0.006253,0.027396,0.00469,1,50.2563,7.991401,260.154,0.398903,1,0.819,1,4,16,0.015625,0.001046,-0.00859,0.005015,C-accelerated,134790.22,135100.0,1371.94,2300.0,0.8512
2026-03-30T05:54:31Z,2039078462,1363,Ay bulutların arasından çıktı.,30,44,1,49.7986,0.045463,0.398438,0.632812,0.497986,0.040574,0.40625,0.609375,0.00622,0.033222,0.004741,1,49.6368,7.991056,270.301,0.243895,1,0.096154,1,4,16,0.015625,0.001364,-0.000878,0.003594,C-accelerated,139087.33,135700.0,8461.07,7600.0,2.8003
2026-03-30T05:54:31Z,2039078462,1364,Küçük tekne gölde ilerledi.,27,44,1,49.7681,0.038489,0.398438,0.632812,0.497681,0.043139,0.375,0.640625,0.0062,0.029297,0.004731,1,49.9908,7.992789,220.288,0.943297,1,0.742198,1,4,16,0.015625,0.001051,-0.011295,-0.002039,C-accelerated,137357.33,137850.0,2356.12,2575.0,0.934
2026-03-30T05:54:31Z,2039078462,1365,المدينة القديمة كانت صامتة في الليل.,36,44,1,49.6338,0.042779,0.34375,0.601562,0.496338,0.043432,0.367188,0.601562,0.006357,0.029679,0.004739,1,50.235,7.991396,263.156,0.349438,1,0.454178,1,4,16,0.015625,-0.00682,-0.001646,-0.005559,C-accelerated,134694.89,134600.0,1549.06,2000.0,0.7429
2026-03-30T05:54:31Z,2039078462,1366,القمر أضاء الطريق الضيق بين البيوت.,35,44,1,50.1709,0.040038,0.414062,0.625,0.501709,0.043508,0.414062,0.625,0.006167,0.030239,0.00469,1,49.649,7.99246,229.551,0.872226,1,0.2205,1,4,16,0.015625,0.003751,0.004209,-0.009987,C-accelerated,144726.0,141150.0,11046.09,10900.0,3.8611
2026-03-30T05:54:31Z,2039078462,1367,مسافر جلس قرب النار ليستريح.,28,44,1,50.6042,0.045051,0.367188,0.617188,0.506042,0.044924,0.398438,0.617188,0.006234,0.033674,0.004762,1,49.9329,7.99112,272.163,0.219779,1,0.296466,1,4,16,0.015625,-0.00485,-0.003844,0.003748,C-accelerated,143463.78,140600.0,6698.34,7375.0,2.6227
2026-03-30T05:54:31Z,2039078462,1368,الريح مرت عبر الأشجار العالية.,30,44,1,50.1099,0.041509,0.414062,0.609375,0.501099,0.045687,0.375,0.617188,0.006156,0.028563,0.004618,1,49.9603,7.991165,271.441,0.228945,1,0.151298,1,4,16,0.015625,-0.00273,-0.001056,0.00255,C-accelerated,134234.89,133800.0,1664.17,2400.0,0.8969
2026-03-30T05:54:31Z,2039078462,1369,كتاب قديم سقط من الرف فجأة.,27,44,1,50.1587,0.045348,0.382812,0.6875,0.501587,0.043326,0.382812,0.59375,0.006245,0.033301,0.004676,1,49.9573,7.991313,264.855,0.322639,1,0.256534,1,4,16,0.015625,0.003769,-0.001273,0.000987,C-accelerated,135361.11,135300.0,1341.22,1300.0,0.4804
2026-03-30T05:54:31Z,2039078462,1370,النجوم كانت واضحة في السماء.,28,44,1,50.0244,0.039232,0.390625,0.617188,0.500244,0.047551,0.367188,0.617188,0.006185,0.031306,0.004688,1,49.942,7.990417,292.41,0.053588,1,0.385585,1,4,16,0.015625,0.010176,-0.006777,0.005011,C-accelerated,140296.89,140100.0,4204.19,5975.0,2.1324
2026-03-30T05:54:31Z,2039078462,1371,صوت القطار جاء من بعيد.,23,44,1,50.5249,0.04565,0.398438,0.617188,0.505249,0.04523,0.382812,0.609375,0.006343,0.027953,0.004811,1,50.296,7.991619,256.989,0.453288,1,0.586804,1,4,16,0.015625,-0.004402,0.002576,-0.005289,C-accelerated,134715.56,134250.0,2107.48,2700.0,1.0056
2026-03-30T05:54:31Z,2039078462,1372,المطر بدأ يهطل فوق القرية.,26,44,1,50.0793,0.043835,0.390625,0.609375,0.500793,0.043409,0.398438,0.640625,0.006273,0.029455,0.004702,1,49.6033,7.991843,247.796,0.615025,1,0.973379,1,4,16,0.015625,0.002824,0.005378,-0.002932,C-accelerated,140202.22,136100.0,8966.7,9400.0,3.4533
2026-03-30T05:54:31Z,2039078462,1373,الطريق الطويل اختفى بين الجبال.,31,44,1,50.2991,0.042039,0.359375,0.59375,0.502991,0.043258,0.414062,0.617188,0.006242,0.034394,0.004703,1,49.6674,7.991406,262.831,0.354683,1,0.052925,1,4,16,0.015625,0.004245,0.001136,-0.003189,C-accelerated,136402.44,135750.0,2155.95,3300.0,1.2155
2026-03-30T05:54:31Z,2039078462,1374,مصباح صغير أضاء الزقاق المظلم.,30,44,1,50.1953,0.040736,0.398438,0.59375,0.501953,0.042015,0.398438,0.617188,0.006103,0.030284,0.004673,1,50.2014,7.991549,256.71,0.458167,1,0.724253,1,4,16,0.015625,-0.003752,-0.003325,0.006999,C-accelerated,142798.89,139100.0,7719.3,8950.0,3.2171
2026-03-30T05:54:31Z,2039078462,1375,Binuksan niya ang pinto. Nakaupo ang pusa. Tiningnan siya. Tapos umalis. Naghintay siya. Hindi na bumalik.,106,44,1,50.5371,0.043877,0.414062,0.640625,0.505371,0.048581,0.367188,0.625,0.006289,0.033109,0.004769,1,49.9146,7.991528,257.943,0.436704,1,0.815297,1,4,16,0.015625,0.003139,0.004926,-0.001098,C-accelerated,133402.22,133000.0,1987.62,2500.0,0.9398
2026-03-30T05:54:31Z,2039078462,1376,Tumila ang ulan. Isinara niya ang payong. Tumingin sa langit. Bahaghari. Ngumiti siya. Yun lang maganda ngayong araw.,117,44,1,49.6216,0.044377,0.390625,0.585938,0.496216,0.04547,0.375,0.601562,0.006247,0.029557,0.004713,1,49.8444,7.991306,265.181,0.31761,1,0.603317,1,4,16,0.015625,0.004642,-0.001388,0.001562,C-accelerated,134236.22,134400.0,1599.96,2300.0,0.8557
2026-03-30T05:54:31Z,2039078462,1377,Nagpa-good morning siya araw-araw. Tatlong taon. Di nag-reply. Ginagawa pa rin. Ritual na niya.,95,44,1,49.5667,0.041614,0.359375,0.609375,0.495667,0.042329,0.398438,0.59375,0.006251,0.03376,0.004706,1,50.3479,7.992353,232.623,0.83933,1,0.596686,1,4,16,0.015625,-0.015219,-0.003203,0.007382,C-accelerated,136928.67,137400.0,2338.95,3200.0,1.1645
2026-03-30T05:54:31Z,2039078462,1378,Nag-expire na ang gift card. Hindi pa rin niya alam kung ano bibilhin. Itatapon na lang.,88,44,1,50.4089,0.040817,0.367188,0.625,0.504089,0.041062,0.398438,0.601562,0.006153,0.030976,0.004681,1,49.7772,7.991043,270.185,0.245452,1,0.279173,1,4,16,0.015625,0.002018,0.001342,-0.003613,C-accelerated,143656.89,142100.0,6869.74,7600.0,2.6742
2026-03-30T05:54:31Z,2039078462,1379,"Nakahanap siya ng lumang litrato. Kamukha ko. Hindi ako. Si Tita raw, sabi ni Nanay. Matagal nang patay si Tita. Di ko siya nakita.",131,44,1,50.0488,0.042137,0.359375,0.59375,0.500488,0.042464,0.375,0.585938,0.006263,0.028664,0.004741,1,49.9939,7.991382,260.503,0.39303,1,0.935407,1,4,16,0.015625,0.010814,0.002892,-0.001677,C-accelerated,132510.22,132800.0,1536.14,2300.0,0.866
2026-03-30T05:54:31Z,2039078462,1380,Puno ng buwan. Mag-isa akong nanood. Naalala ko yung pangako nating manood nang sabay. Sino kasama mo ngayon?,109,44,1,49.7864,0.039605,0.421875,0.601562,0.497864,0.038082,0.375,0.578125,0.006318,0.029088,0.004693,1,50.2258,7.992333,234.042,0.82252,1,0.303132,1,4,16,0.015625,-0.013924,-0.00497,-0.005323,C-accelerated,134440.89,134300.0,1706.39,2500.0,0.9308
2026-03-30T05:54:31Z,2039078462,1381,"Di kasya ang susi. Pinilit ko pa rin. Sabi ng kapitbahay, walang nakatira dun. Pero may ilaw sa bintana.",104,44,1,50.2075,0.04169,0.40625,0.59375,0.502075,0.040753,0.390625,0.609375,0.006329,0.032349,0.004739,1,49.7528,7.990349,294.412,0.045346,0,0.054105,1,4,16,0.015625,0.006736,0.00316,-0.007502,C-accelerated,134096.22,134350.0,1733.98,2700.0,1.0048
2026-03-30T05:54:31Z,2039078462,1382,Nagtanim siya ng halaman. Dinidiligan araw-araw. Di namumulaklak. Sabi nila peke lang daw yun. Diniligan pa rin.,112,44,1,49.4934,0.041953,0.390625,0.578125,0.494934,0.047507,0.359375,0.640625,0.006269,0.033126,0.004691,1,49.7223,7.990599,284.335,0.10001,1,0.886275,1,4,16,0.015625,0.01173,0.006218,0.000705,C-accelerated,136156.89,136100.0,1568.65,1200.0,0.4409
2026-03-30T05:54:31Z,2039078462,1383,Huling tren ng MRT. Sumakay ako. Isa lang pasahero. Ngumiti siya sa akin. Bumaba ako.,85,44,1,50.1709,0.042139,0.398438,0.59375,0.501709,0.042353,0.382812,0.609375,0.006251,0.031372,0.004671,1,50.2319,7.991595,255.988,0.470813,1,0.833854,1,4,16,0.015625,-0.001764,-0.013176,-0.002875,C-accelerated,135231.33,135100.0,2256.36,3200.0,1.1843
2026-03-30T05:54:31Z,2039078462,1384,Itinuro ni Tatay mag-bisikleta. Hinawakan ako sa likod. Lumingon ako. Bitaw na pala. Malayo na ako.,99,44,1,50.1038,0.042906,0.398438,0.585938,0.501038,0.045359,0.398438,0.617188,0.006172,0.031061,0.004639,1,48.9441,7.99133,264.343,0.330615,1,0.931616,1,4,16,0.015625,0.000299,0.00288,0.01084,C-accelerated,134107.11,134250.0,1772.05,2475.0,0.9218
2026-03-30T05:54:31Z,2039078462,1385,"Namatay ang pusa. Inilibing sa ilalim ng puno. Sumunod na taon, namulaklak ang puno. Puti. Puti rin yung pusa dati.",115,44,1,50.6165,0.042124,0.398438,0.617188,0.506165,0.046606,0.398438,0.640625,0.00622,0.031848,0.004752,1,50.3448,7.992298,231.482,0.8521,1,0.905131,1,4,16,0.015625,0.002312,0.010524,0.002719,C-accelerated,135692.67,135600.0,1991.7,2475.0,0.9126
2026-03-30T05:54:31Z,2039078462,1386,Nag-selfie siya sa salamin araw-araw. Parang bumata ang mukha sa salamin. Natakot siya. Tumigil mag-selfie.,107,44,1,49.8474,0.043543,0.382812,0.59375,0.498474,0.042635,0.351562,0.59375,0.006234,0.033991,0.004695,1,49.6674,7.991338,262.737,0.356188,1,0.029713,1,4,16,0.015625,0.001505,0.008467,-0.005623,C-accelerated,134688.44,134600.0,1629.79,2075.0,0.7708
2026-03-30T05:54:31Z,2039078462,1387,Naghihintay siya ng sulat na di darating. Dumadaan ang kartero araw-araw. Ngingiti-ngiti. Naghihintay pa rin.,109,44,1,50.769,0.042924,0.414062,0.632812,0.50769,0.046033,0.390625,0.671875,0.00631,0.032717,0.004727,1,49.4476,7.991248,267.345,0.285189,1,0.593384,1,4,16,0.015625,-0.010111,0.001688,0.005271,C-accelerated,149042.67,145700.0,11370.48,17475.0,5.9969
2026-03-30T05:54:31Z,2039078462,1388,Lutong na ang pagkain. Kumpleto ang kubyertos. Bukas ang TV. Walang kumain. Umalis lahat.,89,44,1,49.5361,0.043371,0.390625,0.601562,0.495361,0.040518,0.390625,0.601562,0.006169,0.028288,0.00465,1,49.8596,7.991507,259.247,0.414302,1,0.692336,1,4,16,0.015625,0.009916,0.007793,0.000789,C-accelerated,135602.22,135150.0,2708.18,4100.0,1.5168
2026-03-30T05:54:31Z,2039078462,1389,Bumili siya ng dalawang ice cream. Isa para sa akin. Isa para sa kanya. Natunaw yung akin. Natunaw din yung kanya.,114,44,1,50.6958,0.040809,0.40625,0.609375,0.506958,0.043325,0.398438,0.601562,0.006197,0.029532,0.004669,1,50.4547,7.991492,259.363,0.412318,1,0.942992,1,4,16,0.015625,-0.004217,-0.002898,-0.005206,C-accelerated,133402.44,133400.0,2071.96,2900.0,1.087
2026-03-30T05:54:31Z,2039078462,1390,Pinutol ang puno sa labas. Malungkot ako ng isang linggo. Tapos nakita ko yung malayong bundok.,95,44,1,49.4324,0.04512,0.390625,0.617188,0.494324,0.04634,0.382812,0.617188,0.006208,0.033188,0.004695,1,49.7162,7.991506,257.129,0.450853,1,0.107103,1,4,16,0.015625,-0.003305,0.008032,-0.013043,C-accelerated,139180.0,138050.0,3771.47,6150.0,2.2275
2026-03-30T05:54:31Z,2039078462,1391,"Tumigil siya sa yosi isang daang beses. Bumabalik pa rin. Sabi ng doktor di na raw mabubuhay pag tuloy. Sabi niya, edi mamatay.",127,44,1,49.9268,0.040997,0.40625,0.609375,0.499268,0.043634,0.398438,0.617188,0.006219,0.031741,0.004744,1,50.3693,7.990527,287.756,0.077537,1,0.60998,1,4,16,0.015625,0.010518,-0.005157,0.009286,C-accelerated,132455.33,131750.0,1491.32,2700.0,1.0247
2026-03-30T05:54:31Z,2039078462,1392,Di makatulog buong gabi. Naghintay ng madaling araw. Dumating ang madaling araw. Naghintay ng dilim. Yun na yung buhay niya.,124,44,1,50.3357,0.042887,0.390625,0.617188,0.503357,0.046984,0.382812,0.617188,0.006267,0.030284,0.004713,1,50.2106,7.990446,291.316,0.058588,1,0.636952,1,4,16,0.015625,0.004281,0.005817,0.010326,C-accelerated,136371.56,135550.0,2772.84,3300.0,1.2173
2026-03-30T05:54:31Z,2039078462,1393,Umiyak ang bata. Pinatahan ng nanay. Nasa trabaho ang tatay. Nanonood ang buwan.,80,44,1,49.707,0.04308,0.390625,0.59375,0.49707,0.04507,0.390625,0.601562,0.006191,0.035577,0.004685,1,50.5402,7.991568,254.476,0.497488,1,0.912688,1,4,16,0.015625,0.012607,0.007179,-0.000173,C-accelerated,133911.78,134000.0,1237.69,1700.0,0.6343
2026-03-30T05:54:31Z,2039078462,1394,Madami siyang sinulat na tula. Walang nagbabasa. Siya lang nagbabasa. Umiiyak habang nagbabasa. Tungkol sa kanya yung tula.,123,44,1,50.3296,0.04356,0.40625,0.601562,0.503296,0.041358,0.40625,0.601562,0.006212,0.031971,0.004688,1,49.6613,7.991825,249.449,0.586302,1,0.567269,1,4,16,0.015625,-0.004254,0.000265,0.002282,C-accelerated,134704.67,134700.0,1378.52,1900.0,0.7053
2026-03-30T05:54:31Z,2039078462,1395,Nawalan siya ng susi. Di makapasok ng bahay. Naupo sa hagdan naghintay. Naghintay hanggang dilim. Walang dumating magbukas.,123,44,1,49.7986,0.042368,0.390625,0.585938,0.497986,0.04171,0.359375,0.601562,0.006154,0.029419,0.004628,1,49.9207,7.991698,254.22,0.502017,1,0.495412,1,4,16,0.015625,0.004238,-0.001114,0.006576,C-accelerated,132916.89,132600.0,1464.46,2500.0,0.9427
2026-03-30T05:54:31Z,2039078462,1396,Ulan ng tatlong araw. Ikaapat tumila. Ikalima nagdala siya ng payong. Di nagamit. Ngumiti siya.,95,44,1,49.7681,0.04519,0.390625,0.601562,0.497681,0.043971,0.375,0.59375,0.006209,0.029917,0.004752,1,49.8871,7.99141,262.644,0.357695,1,0.931616,1,4,16,0.015625,-0.005545,-0.006163,-0.000593,C-accelerated,136833.11,136100.0,3019.84,4100.0,1.5062
2026-03-30T05:54:31Z,2039078462,1397,"Tinawagan niya si Nanay. Si Nanay nagtanong kung sino siya. Ako po anak ninyo, sabi niya. Di kita kilala, sabi ni Nanay.",120,44,1,50.0244,0.044516,0.382812,0.585938,0.500244,0.042116,0.375,0.617188,0.006235,0.032873,0.004675,1,50.0031,7.991052,272.745,0.212555,1,0.194731,1,4,16,0.015625,0.007272,0.006129,-0.000279,C-accelerated,142230.0,139600.0,7786.76,11775.0,4.2174
2026-03-30T05:54:31Z,2039078462,1398,Naglinis siya ng lumang gamit. Nakakita ng sulat. Di naipadala. Sarili pala nya ang tatanggap. Sampung taon na ang nakaraan.,124,44,1,50.1404,0.039043,0.421875,0.609375,0.501404,0.045768,0.390625,0.617188,0.006308,0.035688,0.00474,1,49.9481,7.991416,262.9,0.353557,1,0.42043,1,4,16,0.015625,0.010276,0.004482,-0.001901,C-accelerated,139050.89,138100.0,3754.1,6075.0,2.1995
2026-03-30T05:54:31Z,2039078462,1399,"Namatay ang isda. Ibinuhos sa inidoro. Tuwing magtae siya, naaalala nya yung isda.",82,44,1,50.0793,0.040546,0.40625,0.625,0.500793,0.044322,0.390625,0.632812,0.006175,0.030456,0.004635,1,50.4089,7.990162,299.229,0.029741,0,0.287732,1,4,16,0.015625,0.003205,0.000711,0.007489,C-accelerated,140634.89,137900.0,6750.89,9075.0,3.2904
2026-03-30T05:54:31Z,2039078462,1400,Natuto siyang mag-isa. Kumain mag-isa. Magpatingin sa doktor mag-isa. Mag-Pasko mag-isa. Tumanda mag-isa.,105,44,1,49.0784,0.040127,0.40625,0.585938,0.490784,0.04336,0.351562,0.59375,0.006164,0.029082,0.004646,1,49.5575,7.992062,241.047,0.725686,1,0.468678,1,4,16,0.015625,-0.005474,0.006839,0.003096,C-accelerated,167308.67,167100.0,1040.12,700.0,0.2095
2026-03-30T05:54:31Z,2039078462,1401,Nakita niya sa crowd. Nakita rin siya. Di tumigil. Tuloy sa kanya-kanyang lakad.,80,44,1,50.293,0.045313,0.398438,0.632812,0.50293,0.046936,0.40625,0.609375,0.006234,0.029546,0.004658,1,49.9329,7.992005,243.235,0.691308,1,0.942992,1,4,16,0.015625,0.000353,0.00298,0.003924,C-accelerated,134582.67,134350.0,1388.34,1800.0,0.6699
2026-03-30T05:54:31Z,2039078462,1402,"Sinundan ako ng buwan. Umupo ako, tumigil siya. Tumakbo ako, tumakbo siya. Pagdating ko ng bahay. Naiwan sya sa labas.",118,44,1,49.9695,0.045611,0.390625,0.609375,0.499695,0.047676,0.382812,0.617188,0.006215,0.033455,0.00466,1,49.9847,7.991028,272.303,0.218032,1,0.211652,1,4,16,0.015625,0.00273,-0.009231,0.0001,C-accelerated,139244.44,138300.0,3755.16,6275.0,2.2686
2026-03-30T05:54:31Z,2039078462,1403,Nag-alaga siya ng pusa. Nawala yung pusa. Nag-alaga ng aso. Nawala yung aso. Di na nag-alaga.,93,44,1,49.3042,0.038845,0.382812,0.578125,0.493042,0.041983,0.390625,0.65625,0.006192,0.029943,0.004711,1,50.1678,7.992124,240.163,0.739082,1,0.404123,1,4,16,0.015625,0.009198,0.000962,0.000967,C-accelerated,133205.33,132600.0,1816.17,2750.0,1.037
2026-03-30T05:54:31Z,2039078462,1404,Araw-araw sa parehong cafe. Parehong upuan. Parehong kape. Parehong dyaryo. Hanggang magsara yung cafe.,103,44,1,49.469,0.046813,0.351562,0.617188,0.49469,0.047751,0.367188,0.609375,0.006304,0.031976,0.004717,1,50.2655,7.991861,247.284,0.623832,1,0.695857,1,4,16,0.015625,-0.004489,0.011383,-0.001376,C-accelerated,133226.44,132700.0,1580.22,2800.0,1.055
2026-03-30T05:54:31Z,2039078462,1405,Sumulat siya ng liham. Walang address. Walang tatanggap. Di ipinadala. Sinunog. Ang abo lumipad na parang paru-paro.,116,44,1,49.6094,0.04189,0.382812,0.585938,0.496094,0.037898,0.390625,0.585938,0.006367,0.030512,0.004755,1,50.2106,7.990441,292.945,0.051272,1,0.417685,1,4,16,0.015625,0.004304,0.002075,5.4e-05,C-accelerated,141292.22,141400.0,2619.93,3800.0,1.3437
2026-03-30T05:54:31Z,2039078462,1406,"Tumutulo ang ulan sa bintana. Binilang niya ang patak. Pag-abot ng isang daan, nakatulog siya. Paggising, umuulan pa.",117,44,1,49.6704,0.044427,0.390625,0.648438,0.496704,0.044865,0.390625,0.609375,0.006212,0.029427,0.004634,1,50.1038,7.990965,276.212,0.172642,1,0.92404,1,4,16,0.015625,0.007948,0.01113,-0.004096,C-accelerated,142676.44,137800.0,11019.0,9300.0,3.3745
2026-03-30T05:54:31Z,2039078462,1407,Naghintay siya ng matagal. Tagal na nakalimutan na niya kung sino hinihintay. Nakalimutan na naghihintay pala siya. Naghihintay pa rin.,135,44,1,49.8962,0.039286,0.414062,0.59375,0.498962,0.043194,0.398438,0.585938,0.006135,0.02891,0.00464,1,49.9634,7.991821,248.983,0.594434,1,0.043245,1,4,16,0.015625,-0.001736,-0.000857,0.006368,C-accelerated,134180.67,133750.0,2086.08,2800.0,1.0467
2026-03-30T05:54:31Z,2039078462,1408,Bumili siya ng bulaklak. Pag-uwi walang plorera. Nilagay sa baso. Namulaklak ang bulaklak. Masaya ang baso.,107,44,1,48.8525,0.040288,0.375,0.585938,0.488525,0.046783,0.34375,0.601562,0.006205,0.02929,0.004696,1,50.293,7.992551,226.851,0.897194,1,0.745804,1,4,16,0.015625,-0.007727,-0.000717,-0.009642,C-accelerated,133569.56,133000.0,1492.51,2500.0,0.9398
2026-03-30T05:54:31Z,2039078462,1409,"Nag-practice siya ng smile sa salamin. Maghapon nag-practice. Nung namatay sya, walang expression yung mukha.",109,44,1,50.1099,0.044234,0.359375,0.609375,0.501099,0.04633,0.367188,0.609375,0.006291,0.030508,0.00472,1,49.7589,7.990526,290.223,0.06396,1,0.442762,1,4,16,0.015625,0.009854,-0.006971,0.007508,C-accelerated,136168.44,136000.0,1011.57,1100.0,0.4044
2026-03-30T05:54:31Z,2039078462,1410,Pumunta siya ng malayo para makita yung puno. Pinutol yung puno. Matagal syang nakatayo dun.,92,44,1,50.4517,0.043417,0.398438,0.625,0.504517,0.042998,0.398438,0.617188,0.00628,0.030153,0.00473,1,49.8047,7.990915,277.12,0.16309,1,0.474549,1,4,16,0.015625,0.005213,-0.008173,-0.00481,C-accelerated,138964.0,138500.0,2722.85,4200.0,1.5162
2026-03-30T05:54:31Z,2039078462,1411,Nagpainit ang pusa sa bintana. Nandun sya. Nandun ang araw. Nandito ako. Sapat na.,82,44,1,50.5432,0.043712,0.414062,0.617188,0.505432,0.045182,0.390625,0.617188,0.006287,0.029538,0.00467,1,49.7284,7.992241,234.95,0.81125,1,0.905131,1,4,16,0.015625,0.005842,-0.004229,-0.011106,C-accelerated,137900.22,135100.0,6904.86,7075.0,2.6184
2026-03-30T05:54:31Z,2039078462,1412,Araw-araw nagdi-diary siya. Ano kinain. Ano ininom. Ano panahon. Di nagsusulat ng nararamdaman.,95,44,1,49.8596,0.043503,0.390625,0.625,0.498596,0.042985,0.390625,0.640625,0.006223,0.030758,0.004677,1,49.6429,7.990487,290.129,0.064435,1,0.008864,0,4,16,0.015625,0.003809,0.004697,0.009398,C-accelerated,137955.56,137800.0,856.65,1100.0,0.3991
2026-03-30T05:54:31Z,2039078462,1413,Nag-knit siya ng scarf. Binakbak. Niniting uli. Binakbak. Niniting uli. Natapos ang taglamig.,93,44,1,50.7141,0.046292,0.367188,0.632812,0.507141,0.047971,0.390625,0.617188,0.00622,0.031116,0.004632,1,50.1648,7.990662,285.964,0.088755,1,0.147264,1,4,16,0.015625,-0.0036,-0.003135,-0.001861,C-accelerated,133890.44,133850.0,1311.39,2100.0,0.7845
2026-03-30T05:54:31Z,2039078462,1414,Natuto siyang mag-ayos ng orasan. Di niya maayos oras nya. Minsan mabilis. Minsan mabagal.,90,44,1,50.4944,0.046537,0.382812,0.632812,0.504944,0.0431,0.375,0.601562,0.006224,0.029222,0.004786,1,50.4028,7.991454,263.296,0.3472,1,0.596686,1,4,16,0.015625,-0.00532,-0.009586,0.001194,C-accelerated,135966.89,135200.0,2590.13,3275.0,1.2112
2026-03-30T05:54:31Z,2039078462,1415,Nagluto siya ng lugaw. Lumamig. Ininit. Lumamig uli. Di pa sya umuuwi. Siya na lang kumain.,91,44,1,50.1343,0.044098,0.390625,0.609375,0.501343,0.04524,0.390625,0.617188,0.006274,0.030613,0.004755,1,50.5005,7.991135,271.744,0.225073,1,0.544881,1,4,16,0.015625,-0.00177,-0.013155,0.003041,C-accelerated,137885.33,135600.0,5289.07,3975.0,1.4657
2026-03-30T05:54:31Z,2039078462,1416,Tumila ang ulan. Tinupi nya ang payong. Nakakita ng bahaghari. Naalala nyang gusto nya ng bahaghari. Pinicture-an at sinend. Di na sya niya contact.,148,44,1,49.5056,0.045143,0.40625,0.609375,0.495056,0.045501,0.351562,0.632812,0.006321,0.032946,0.004773,1,50.2472,7.991047,271.116,0.233159,1,0.630162,1,4,16,0.015625,-0.001732,0.006786,-0.00089,C-accelerated,135544.67,135800.0,1405.13,1475.0,0.5431
2026-03-30T05:54:31Z,2039078462,1417,Araw-araw nagpapakain ng ibon. Dumarating ang mga ibon. Kumakain. Lumilipad. Siya umaalis din.,94,44,1,49.3774,0.048351,0.382812,0.601562,0.493774,0.040458,0.375,0.59375,0.006241,0.031369,0.004731,1,50.0702,7.991336,266.438,0.298572,1,0.193095,1,4,16,0.015625,-0.009322,-0.006399,0.003648,C-accelerated,134360.44,134400.0,1341.04,1300.0,0.4836
2026-03-30T05:54:31Z,2039078462,1418,Nag-alaga siya ng cactus. Nakalimutang diligan. Nabuhay naman. Diniligan nya lagi. Namatay.,91,44,1,49.9023,0.039991,0.390625,0.671875,0.499023,0.042612,0.398438,0.601562,0.006207,0.03125,0.004673,1,49.5483,7.991492,259.852,0.404016,1,0.459947,1,4,16,0.015625,-0.002963,-0.004258,0.003769,C-accelerated,137149.56,135700.0,4495.21,4500.0,1.6581
2026-03-30T05:54:31Z,2039078462,1419,Naghintay siya ng huling dyip. Dumating ang dyip. Di sumakay. Umalis ang dyip. Naghintay pa rin.,96,44,1,49.5728,0.044095,0.390625,0.617188,0.495728,0.049851,0.375,0.617188,0.00622,0.027747,0.00466,1,49.7528,7.991689,254.615,0.495019,1,0.738597,1,4,16,0.015625,0.000771,-0.007718,0.006881,C-accelerated,134374.44,134400.0,1879.74,2800.0,1.0417
2026-03-30T05:54:31Z,2039078462,1420,Natuto siyang magluto. Luto para sa sarili. Luto para sa pusa. Namatay ang pusa. Luto para sa hangin.,101,44,1,49.9756,0.04739,0.398438,0.625,0.499756,0.038434,0.398438,0.617188,0.00626,0.03148,0.004717,1,50.0885,7.990563,287.639,0.07823,1,0.289899,1,4,16,0.015625,0.017862,-0.003576,-0.010059,C-accelerated,134284.44,134400.0,1440.38,2100.0,0.7812
2026-03-30T05:54:31Z,2039078462,1421,Sumulat siya ng salita sa buhangin. Tinabunan ng alon. Sumulat uli. Tinabunan uli ng alon. Buong araw syang sumulat.,116,44,1,49.1455,0.042606,0.375,0.609375,0.491455,0.043798,0.390625,0.59375,0.00626,0.028906,0.004703,1,50.3357,7.991895,244.957,0.663144,1,0.365047,1,4,16,0.015625,0.003359,0.002413,0.001884,C-accelerated,139974.44,136900.0,6957.29,6800.0,2.4836
2026-03-30T05:54:31Z,2039078462,1422,"Binuksan nya ang bintana. Pumasok ang hangin. Gumalaw ang kurtina. Gusto rin nya gumalaw, pero di makagalaw.",108,44,1,50.2502,0.043311,0.398438,0.609375,0.502502,0.045048,0.398438,0.625,0.006182,0.031237,0.004711,1,50.0397,7.9919,245.306,0.657332,1,0.328421,1,4,16,0.015625,-0.008785,0.017511,0.004661,C-accelerated,139240.44,136400.0,6240.27,6575.0,2.4102
2026-03-30T05:54:31Z,2039078462,1424,Nagtanim siya ng puno. Dinidiligan araw-araw. Lumaki ang puno. Tumanda sya. Tuloy sa paglaki ang puno.,102,44,1,50.6287,0.04916,0.375,0.640625,0.506287,0.045961,0.390625,0.609375,0.006295,0.034015,0.004753,1,49.6185,7.992424,229.341,0.874295,1,0.920254,1,4,16,0.015625,0.010355,-0.001138,-0.002177,C-accelerated,134181.11,134500.0,1238.41,2075.0,0.7714
2026-03-30T05:54:31Z,2039078462,1423,Sumulat sya ng liham sa malayo. Ipinadala. Di nasagot. Tuloy sa pagsulat. Tuloy sa pagpapadala. Hanggang magsara ang post office.,129,44,1,51.2024,0.04135,0.40625,0.601562,0.512024,0.042901,0.398438,0.609375,0.006133,0.030231,0.004718,1,49.7314,7.990491,288.058,0.075758,1,0.664415,1,4,16,0.015625,-0.004403,0.002736,0.002545,C-accelerated,134584.0,133950.0,2167.68,3100.0,1.1571
2026-03-30T05:54:31Z,2039078462,1425,Tumingin sya sa salamin. Di nya kilala sarili nya. Tinanong nya kung sino ka. Di sumagot ang salamin.,101,44,1,48.9014,0.045096,0.359375,0.585938,0.489014,0.041172,0.382812,0.578125,0.006148,0.030451,0.004689,1,50.0824,7.991798,249.914,0.578142,1,0.785824,1,4,16,0.015625,-0.008412,0.004578,0.009244,C-accelerated,134784.22,134450.0,1411.03,1400.0,0.5206
2026-03-30T05:54:31Z,2039078462,1426,"Natuto syang tumahimik. Sa katahimikan, nakarinig sya ng maraming ingay. Sa dami ng ingay, nakita nya ang katahimikan.",118,44,1,49.7437,0.044668,0.34375,0.640625,0.497437,0.044955,0.328125,0.585938,0.006232,0.034059,0.004698,1,49.704,7.991254,264.367,0.33025,1,0.897581,1,4,16,0.015625,-0.00426,-0.002203,-0.001598,C-accelerated,138471.11,138450.0,3384.47,5300.0,1.914
2026-03-30T05:54:31Z,2039078462,1427,"Araw-araw nadaan sya sa pintong yun. Laging sarado yung pinto. Isang araw, bumukas. Walang tao sa loob. Pumasok sya. Di na lumabas.",131,44,1,49.6643,0.039736,0.390625,0.601562,0.496643,0.040296,0.390625,0.585938,0.006251,0.031038,0.004746,1,49.3866,7.991186,269.51,0.254596,1,0.115669,1,4,16,0.015625,-0.004172,-0.009993,0.001671,C-accelerated,133868.67,133350.0,2344.45,1600.0,0.5999
2026-03-30T05:54:31Z,2039078462,1428,Nagbilang sya ng tupa. Isang libo. Di makatulog. Bumangon magbilang ng bituin. Gising din ang mga bituin.,105,44,1,50.0732,0.043007,0.40625,0.625,0.500732,0.044231,0.390625,0.617188,0.006302,0.035257,0.004799,1,50.3815,7.990995,273.14,0.207728,1,0.580258,1,4,16,0.015625,0.001599,-0.003205,-0.008763,C-accelerated,132498.67,132300.0,957.29,900.0,0.3401
2026-03-30T05:54:31Z,2039078462,1429,Nangolekta sya ng maraming bote. Walang laman. Malinaw. Tinitigan nya sa liwanag. Walang makita. Gusto nya.,107,44,1,50.1221,0.047556,0.382812,0.609375,0.501221,0.044285,0.390625,0.609375,0.006315,0.030682,0.004744,1,50.0519,7.992356,233.367,0.830637,1,0.586804,1,4,16,0.015625,0.001935,0.000528,-0.000939,C-accelerated,135543.11,135500.0,1942.91,2150.0,0.7934
2026-03-30T05:54:31Z,2039078462,1430,Natuto syang magpaalam. Sa kahapon. Sa sarili. Sa paalam mismo.,63,44,1,50.1587,0.040304,0.382812,0.617188,0.501587,0.047605,0.351562,0.609375,0.006297,0.030635,0.004713,1,50.0366,7.99206,241.839,0.713447,1,0.920254,1,4,16,0.015625,0.011823,-0.003329,-0.006373,C-accelerated,134315.78,134200.0,1602.7,2400.0,0.8942
2026-03-30T05:54:31Z,2039078462,1431,Tumama ang ulan sa dahon. Nalaglag ang dahon. Tumama sa lupa. Nadumihan ang lupa. Tumama sa kanya. Nabasa sya.,110,44,1,49.4507,0.042369,0.398438,0.609375,0.494507,0.043623,0.390625,0.679688,0.006241,0.028198,0.004691,1,49.7131,7.992166,236.486,0.791271,1,0.016487,1,4,16,0.015625,-0.008892,0.008671,0.000382,C-accelerated,133142.67,133100.0,1720.23,2200.0,0.8264
2026-03-30T05:54:31Z,2039078462,1432,"Nanaginip sya na nagising sya. Nagising sya, nasa panaginip pa. Nagising uli, nasa panaginip pa. Di sya magising sa totoo.",122,44,1,49.6704,0.039831,0.414062,0.601562,0.496704,0.041416,0.351562,0.601562,0.006187,0.034059,0.004733,1,49.707,7.991464,257.361,0.4468,1,0.398773,1,4,16,0.015625,-0.004103,-0.001875,-0.000621,C-accelerated,135909.56,135250.0,2774.76,4100.0,1.5157
2026-03-30T05:54:31Z,2039078462,1433,"Araw-araw tumitingin sa salamin. Isang araw, nabasag ang salamin. Binuo nya uli ang sarili. Mas maganda pa sa dati.",115,44,1,50.3174,0.047355,0.34375,0.65625,0.503174,0.045569,0.382812,0.617188,0.006247,0.027956,0.00469,1,49.8169,7.99288,218.543,0.952395,1,0.489402,1,4,16,0.015625,0.000352,0.005748,0.000784,C-accelerated,134780.0,134450.0,2160.38,2300.0,0.8553
2026-03-30T05:54:31Z,2039078462,1434,"Nagtanim sya ng maraming bulaklak. Nung namulaklak, umalis sya. Nung nalanta, umalis sya.",89,44,1,49.8657,0.042892,0.398438,0.617188,0.498657,0.044603,0.398438,0.609375,0.006266,0.035024,0.004801,1,49.3408,7.991349,265.67,0.310138,1,0.498432,1,4,16,0.015625,-0.007433,-0.005876,7.4e-05,C-accelerated,136810.89,135600.0,3597.9,4700.0,1.733
2026-03-30T05:54:31Z,2039078462,1435,Sumulat sya ng tula na isang linya lang. Di nya naintindihan. Pinakita sa iba. Di din naintindihan. Masaya ang tula.,116,44,1,50.6592,0.047244,0.398438,0.632812,0.506592,0.042651,0.414062,0.625,0.006295,0.033707,0.004687,1,49.2798,7.990205,296.343,0.038419,0,0.254541,1,4,16,0.015625,0.006864,-0.000493,-0.003828,C-accelerated,133701.56,133250.0,1648.21,2600.0,0.9756
2026-03-30T05:54:31Z,2039078462,1436,Nag-alaga sya ng ibon. Marunong magsalita ang ibon. Marunong mag-hello. Marunong mag-goodbye. Marunong mag-gutom. Tapos goodbye na lang sinasabi.,145,44,1,50.4089,0.046568,0.390625,0.632812,0.504089,0.045165,0.40625,0.617188,0.006179,0.029894,0.004645,1,50.238,7.99184,247.866,0.61382,1,0.089666,1,4,16,0.015625,0.008104,0.005631,-0.004795,C-accelerated,139083.56,136200.0,6314.47,5400.0,1.9824
2026-03-30T05:54:31Z,2039078462,1437,"Natuto syang magtimpla ng kape. Mapait. Mag-asukal. Mapait pa rin. Di na nag-asukal. Mapait, edi mapait.",104,44,1,49.2432,0.045217,0.367188,0.601562,0.492432,0.04364,0.390625,0.609375,0.006172,0.026486,0.004619,1,50.5615,7.99111,268.719,0.265559,1,0.706458,1,4,16,0.015625,0.000245,-0.011252,-0.008365,C-accelerated,134112.89,133900.0,1185.38,1800.0,0.6721
2026-03-30T05:54:31Z,2039078462,1438,Nanood sya ng sine. Yung story tungkol sa taong naghintay ng mahal nya habambuhay. Umiyak sya. Umiyak para sa sarili.,117,44,1,50.8911,0.043703,0.398438,0.609375,0.508911,0.041406,0.421875,0.648438,0.006246,0.031865,0.004733,1,49.9603,7.992019,243.421,0.688307,1,0.833854,1,4,16,0.015625,0.013002,-0.004139,-0.010279,C-accelerated,138941.56,138100.0,4198.91,6700.0,2.4258
2026-03-30T05:54:31Z,2039078462,1439,Naghugas sya ng kamay sa ilog. Malamig yung tubig. Naalala nya noong bata sya. Malamig din yung tubig noon.,107,44,1,50.2869,0.047056,0.375,0.632812,0.502869,0.042059,0.382812,0.609375,0.006201,0.030731,0.004675,1,50.6195,7.991936,245.865,0.647966,1,0.086995,1,4,16,0.015625,0.007437,0.011199,0.014137,C-accelerated,133659.11,133050.0,2094.75,2875.0,1.0804
2026-03-30T05:54:31Z,2039078462,1440,"Araw-araw iisang daan. Iisang puno. Iisang tao. Iisang salita. Yung nag-iiba, sya lang.",87,44,1,50.3662,0.040276,0.375,0.617188,0.503662,0.0415,0.390625,0.609375,0.00625,0.030604,0.004785,1,50.2045,7.992075,240.372,0.735937,1,0.367577,1,4,16,0.015625,-0.002989,-0.002469,0.010181,C-accelerated,140978.22,138550.0,8255.07,9350.0,3.3742
2026-03-30T05:54:31Z,2039078462,1441,Bumili sya ng notebook. Gusto magsulat. Binuksan yung unang pahina. Walang laman. Sinara. Walang laman parin.,109,44,1,49.8474,0.043652,0.375,0.617188,0.498474,0.045314,0.40625,0.609375,0.006221,0.028559,0.004728,1,49.7009,7.990243,298.764,0.031015,0,0.950583,1,4,16,0.015625,-0.008133,0.00657,0.004358,C-accelerated,141757.11,141000.0,4608.29,6600.0,2.3404
2026-03-30T05:54:31Z,2039078462,1442,"Natuto syang mag-ayos ng gamit. Inaayos. Nasisira uli. Inaayos uli. Nasisira uli. Tumigil sya. Sira na, sira na lang.",117,44,1,50.1953,0.04427,0.40625,0.617188,0.501953,0.040911,0.40625,0.609375,0.006246,0.034332,0.004753,1,49.5514,7.991396,261.434,0.377515,1,0.357525,1,4,16,0.015625,-0.0024,-0.006076,-0.002109,C-accelerated,140681.56,137250.0,8128.45,7750.0,2.8233
2026-03-30T05:54:31Z,2039078462,1443,Nagluto sya ng sabaw. Maalat. Nagdagdag tubig. Malabnaw. Nagdagdag asin. Ang laki na ng sabaw. Di maubos mag-isa.,113,44,1,50.0488,0.046206,0.398438,0.625,0.500488,0.042238,0.40625,0.625,0.006292,0.035144,0.004773,1,49.8993,7.991111,268.509,0.268505,1,0.620035,1,4,16,0.015625,0.010097,-0.00881,-0.004989,C-accelerated,134956.67,132400.0,7034.08,2900.0,1.0952
2026-03-30T05:54:31Z,2039078462,1444,Tumitig sya sa bintana. Umulan. Tumila ang ulan. Dilim. Liwanag. Tuloy sya sa pagtitig.,87,44,1,50.2686,0.044004,0.390625,0.609375,0.502686,0.046594,0.375,0.625,0.006218,0.031252,0.00465,1,50.1099,7.991307,263.808,0.339047,1,0.874992,1,4,16,0.015625,-0.023277,0.001531,0.00039,C-accelerated,134498.0,134600.0,1417.2,1800.0,0.6686
2026-03-30T05:54:31Z,2039078462,1445,Natuto syang magsinungaling. Magsinungaling sa iba. Magsinungaling sa sarili. Di na alam ang totoo.,99,44,1,50.2502,0.042477,0.390625,0.601562,0.502502,0.042868,0.375,0.632812,0.006174,0.030343,0.00463,1,50.3693,7.990031,305.839,0.015939,0,0.110255,1,4,16,0.015625,0.003286,-0.004095,0.00451,C-accelerated,136904.89,136300.0,2859.94,3875.0,1.4215
2026-03-30T05:54:31Z,2039078462,1447,"Araw-araw sumusulat sya ng isang salita. Napuno yung notebook. Pag pinagsama, may pangungusap. Di nya napansin. Nawala yung notebook.",133,44,1,50.3479,0.044675,0.382812,0.617188,0.503479,0.048009,0.351562,0.609375,0.006279,0.030173,0.004683,1,49.8383,7.991437,259.898,0.403228,1,0.198033,1,4,16,0.015625,0.0013,0.004318,0.009559,C-accelerated,133441.78,133450.0,1573.0,2300.0,0.8617
2026-03-30T05:54:31Z,2039078462,1446,"Nag-alaga sya ng aso. Matanda na yung aso, di na makalakad. Kinalong nya painit sa araw. Namatay yung aso. Kinalong parin nya.",126,44,1,50.4272,0.039365,0.40625,0.601562,0.504272,0.043464,0.375,0.617188,0.006278,0.030886,0.004766,1,49.9664,7.992865,217.798,0.955916,1,0.606644,1,4,16,0.015625,0.001181,-0.003978,0.005173,C-accelerated,138451.56,138000.0,2746.6,4100.0,1.4855
2026-03-30T05:54:31Z,2039078462,1448,Natuto syang maghintay. Maghintay ng bus. Maghintay ng tao. Maghintay ng panahon. Maghintay ng kamatayan. Naghihintay din kamatayan sa kanya.,141,44,1,49.2188,0.037544,0.375,0.59375,0.492188,0.04969,0.367188,0.65625,0.006221,0.028691,0.004668,1,50.3296,7.992246,234.88,0.812131,1,0.296466,1,4,16,0.015625,0.001042,-0.004001,0.000126,C-accelerated,135217.11,135300.0,1443.2,1800.0,0.6652
2026-03-30T05:54:31Z,2039078462,1449,"Nagtanim sya ng ubas. Maasim yung ubas. Sumunod na taon, matamis na. Mag-isa sya kumain. Di maubos.",99,44,1,49.707,0.044645,0.398438,0.632812,0.49707,0.044634,0.390625,0.617188,0.006218,0.031261,0.004743,1,50.1892,7.992164,239.86,0.743594,1,0.095205,1,4,16,0.015625,-0.00192,0.000873,-0.006767,C-accelerated,138010.67,137400.0,2466.99,4500.0,1.6376
2026-03-30T05:54:31Z,2039078462,1450,Kinausap nya ang pader. Nakikinig ang pader. Di sumasagot. Tuloy sya sa pagsasalita. Madaming taon. Gumuho ang pader.,117,44,1,49.9756,0.042757,0.382812,0.601562,0.499756,0.043934,0.40625,0.609375,0.006195,0.030852,0.00469,1,50.2899,7.990987,276.073,0.174145,1,0.890041,1,4,16,0.015625,-0.007932,0.008258,0.00075,C-accelerated,134683.78,134400.0,2919.27,4000.0,1.4881
2026-03-30T05:54:31Z,2039078462,1452,Tumitig sya sa paglubog ng araw. Maganda. Bumalik sya kinabukasan. Di na ganun kaganda. Di na sya bumalik sa ikatlo.,116,44,1,49.9878,0.046405,0.382812,0.664062,0.499878,0.041924,0.367188,0.609375,0.006277,0.031128,0.004827,1,49.6613,7.992286,234.577,0.815922,1,0.330786,1,4,16,0.015625,0.005717,0.011511,0.006957,C-accelerated,136693.56,134600.0,6740.27,1800.0,0.6686
2026-03-30T05:54:31Z,2039078462,1451,Natuto syang magluto ng noodles. Noodles lang. Lagyan ng itlog. Lagyan ng gulay. Lagyan ng karne. Lagyan ng marami. Naging noodles ng tira-tira.,144,44,1,50.1892,0.04025,0.390625,0.609375,0.501892,0.043452,0.40625,0.625,0.00619,0.036914,0.004744,1,50.0275,7.992298,233.088,0.83393,1,0.942992,1,4,16,0.015625,-0.004195,0.002022,0.002272,C-accelerated,135758.0,135400.0,1406.79,1575.0,0.5816
2026-03-30T05:54:31Z,2039078462,1453,Bumili sya ng sapatos. Di kasya. Namaga yung paa. Sinoot parin. Nasanay yung paa. Nasanay yung sapatos.,103,44,1,49.9817,0.042561,0.367188,0.609375,0.499817,0.045496,0.390625,0.65625,0.00628,0.029069,0.004695,1,50.3815,7.991703,251.776,0.545306,1,0.258538,1,4,16,0.015625,-0.009187,-0.001268,0.000333,C-accelerated,134596.89,134400.0,1118.03,1700.0,0.6324
2026-03-30T05:54:31Z,2039078462,1454,Natuto syang tumahimik. Tumahimik sa madaming tao. Tumahimik sa kalungkutan. Tumahimik sa katahimikan.,102,44,1,50.293,0.043091,0.382812,0.578125,0.50293,0.045867,0.367188,0.601562,0.006243,0.030034,0.004692,1,49.5575,7.99194,244.073,0.677717,1,0.088768,1,4,16,0.015625,-0.003015,0.007146,-0.008979,C-accelerated,147166.0,135050.0,23807.39,15525.0,5.7479
2026-03-30T05:54:31Z,2039078462,1455,Nag-alaga sya ng pagong. Mahaba buhay ng pagong. Namatay sya. Naiwan yung pagong. Di alam ng pagong na patay na sya.,116,44,1,49.8535,0.045015,0.40625,0.617188,0.498535,0.04311,0.390625,0.609375,0.006178,0.033321,0.00469,1,50.0153,7.992858,218.496,0.952622,1,0.058408,1,4,16,0.015625,0.007811,-0.003679,-0.000962,C-accelerated,144198.44,135400.0,17808.26,12325.0,4.5513
2026-03-30T05:54:31Z,2039078462,1456,"Sumulat sya ng madaming liham. Di ipinadala. Tinago sa drawer. Isang araw, sinunog. Mainit ang apoy.",100,44,1,49.7864,0.041509,0.34375,0.585938,0.497864,0.044876,0.367188,0.617188,0.006329,0.030869,0.004755,1,49.762,7.993193,208.977,0.984036,1,0.385585,1,4,16,0.015625,0.007137,-6.1e-05,0.001596,C-accelerated,136535.78,136300.0,1099.69,900.0,0.3302
2026-03-30T05:54:31Z,2039078462,1457,"Natuto syang makalimot. Makalimot ng kahapon. Makalimot ng sarili. Makalimot ng paglimot. Sa huli, naalala nya lahat.",117,44,1,49.823,0.041995,0.375,0.601562,0.49823,0.043115,0.390625,0.59375,0.006106,0.029189,0.004643,1,49.7101,7.991767,251.287,0.553949,1,0.738597,1,4,16,0.015625,0.005978,-0.005388,-0.01519,C-accelerated,138668.89,137700.0,2891.12,4400.0,1.5977
2026-03-30T05:54:31Z,2039078462,1458,Araw-araw sa dagat. Tingin sa alon. Bilang ng alon. Di naghihintay ang alon. Di din sya naghihintay.,100,44,1,49.884,0.043783,0.398438,0.625,0.49884,0.045103,0.375,0.617188,0.006361,0.031323,0.004743,1,49.8962,7.993104,210.746,0.980111,1,0.051196,1,4,16,0.015625,-0.002615,0.003117,-0.004036,C-accelerated,163115.78,151250.0,27953.57,27725.0,9.1653
2026-03-30T05:54:31Z,2039078462,1459,Nagtanim sya ng mansanas. Matamis ang mansanas. Gusto nya ibigay sa kanya. Di na sya mahanap.,93,44,1,49.6033,0.042354,0.375,0.617188,0.496033,0.042365,0.390625,0.601562,0.006234,0.033324,0.004752,1,50.1862,7.991206,269.3,0.257473,1,0.128317,1,4,16,0.015625,0.006803,0.001161,-0.006843,C-accelerated,146277.78,145600.0,5392.99,6200.0,2.1291
2026-03-30T05:54:31Z,2039078462,1460,Natuto syang magluto. Luto para sa sarili. Luto para sa pusa. Namatay ang pusa. Luto para sa hangin.,100,44,1,50.1099,0.044321,0.414062,0.664062,0.501099,0.043856,0.359375,0.664062,0.00627,0.029082,0.004672,1,49.6674,7.990999,276.817,0.166233,1,0.532287,1,4,16,0.015625,-0.007353,0.000209,0.003074,C-accelerated,140594.44,137000.0,8946.77,7375.0,2.6916
2026-03-30T05:54:31Z,2039078462,1461,Nakita nya sa salamin ang nanay nya. Tumanda ang nanay. Tumanda sya. Di tumanda ang salamin.,92,44,1,49.6704,0.043581,0.398438,0.617188,0.496704,0.045003,0.40625,0.59375,0.006211,0.028948,0.00472,1,50.0,7.991587,254.196,0.502429,1,0.551233,1,4,16,0.015625,2.7e-05,-0.000407,0.010464,C-accelerated,136683.78,136200.0,2910.04,4100.0,1.5051
2026-03-30T05:54:31Z,2039078462,1462,"Nag-alaga sya ng kawayan. Nanilaw ang dahon. Diniligan, lalong nanilaw. Tinanong nya ang mga tao. Sobra raw sa tubig. Tumigil sya magdilig. Natuyo ang kawayan.",159,44,1,49.5178,0.042322,0.367188,0.585938,0.495178,0.042881,0.359375,0.609375,0.006292,0.029531,0.004712,1,49.9603,7.991694,252.195,0.537889,1,0.961977,1,4,16,0.015625,-0.003758,-0.006673,0.000772,C-accelerated,134385.11,134600.0,1599.16,2600.0,0.9658
2026-03-30T05:54:31Z,2039078462,1463,Natuto syang maglakad. Hakbang-hakbang. Makarating dito. Makarating doon. Makarating sa puntong di na makalakad. Lumingon sya sa likod. Hindi pala sya lumayo.,158,44,1,49.9207,0.044332,0.375,0.601562,0.499207,0.046934,0.382812,0.625,0.006137,0.030276,0.004645,1,49.9603,7.991847,248.657,0.600108,1,0.178825,1,4,16,0.015625,0.006491,0.00969,-0.006805,C-accelerated,140896.22,136500.0,10476.26,5500.0,2.0147
2026-03-30T05:54:31Z,2039078462,1464,"Nagbasa sya ng maraming libro. Naaalala. Nakakalimot. Nagbabasa uli. Nakakalimot uli. Sa huli, walang natatandaan. Pero busog sya.",130,44,1,50.5981,0.044447,0.382812,0.640625,0.505981,0.041438,0.40625,0.625,0.006235,0.03726,0.004714,1,50.0397,7.992348,233.274,0.831739,1,0.519843,1,4,16,0.015625,0.004724,-0.005447,-0.000934,C-accelerated,142637.33,139050.0,8896.71,10175.0,3.6588
2026-03-30T05:54:31Z,2039078462,1465,Natuto syang magluto ng goto. Goto lang. Lagyan ng karne. Lagyan ng sibuyas. Lagyan ng marami. Nakalimot maglagay ng kanin.,123,44,1,49.1394,0.041568,0.359375,0.59375,0.491394,0.039762,0.375,0.609375,0.006307,0.031983,0.004821,1,50.119,7.992021,243.398,0.688682,1,0.763917,1,4,16,0.015625,-0.006744,0.00125,0.010671,C-accelerated,134656.0,134400.0,1074.36,1575.0,0.5859
2026-03-30T05:54:31Z,2039078462,1466,Nagtanim sya ng plum. Taglamig namulaklak. Mabango. Nalaglag ang snow sa bulak. Di nalaglag ang bulak. Siya nalaglag.,117,44,1,49.6704,0.045372,0.398438,0.625,0.496704,0.044801,0.375,0.609375,0.006288,0.026609,0.004707,1,50.4425,7.991212,268.742,0.265233,1,0.4775,1,4,16,0.015625,-0.010966,-0.000174,0.006916,C-accelerated,134255.56,134400.0,1840.38,2675.0,0.9952
2026-03-30T05:54:31Z,2039078462,1467,Araw-araw nagbabasa ng balita. Madami ang masamang balita. Patay. Bukas. Patay. Bukas. Di sya makahinto.,104,44,1,49.3408,0.040305,0.390625,0.59375,0.493408,0.039745,0.382812,0.59375,0.006167,0.030765,0.004661,1,49.6613,7.99207,241.024,0.726042,1,0.804212,1,4,16,0.015625,0.011681,-0.003068,-0.005706,C-accelerated,136107.33,135500.0,2238.38,2575.0,0.9502
2026-03-30T05:54:31Z,2039078462,1468,Natuto syang mag-ayos ng bisikleta. Inayos. Sinakyan. Sumabog ang gulong. Tinulak pauwi. Inayos uli.,100,44,1,50.1648,0.042731,0.40625,0.625,0.501648,0.046657,0.390625,0.601562,0.006317,0.029052,0.004763,1,50.2319,7.992071,241.489,0.718875,1,0.129518,1,4,16,0.015625,-0.000537,0.002725,-0.008059,C-accelerated,135433.78,135600.0,1718.63,2300.0,0.8481
2026-03-30T05:54:31Z,2039078462,1469,"Bumili sya ng hanging plant. Nilagay sa bintana. Sakto ang liwanag. Mabilis lumaki. Pinutol yung sanga, nilagay sa tubig. Tumubo ang ugat. Tuloy na sya sa pagputol at pagtanim.",176,44,1,50.1648,0.044147,0.359375,0.601562,0.501648,0.042854,0.335938,0.609375,0.006089,0.029973,0.004561,1,50.1648,7.990731,280.657,0.129364,1,0.414952,1,4,16,0.015625,-0.009806,0.005728,-0.008007,C-accelerated,134578.67,134500.0,1165.4,1600.0,0.5948
2026-03-30T05:54:31Z,2039078462,1470,"Natuto syang uminom ng tsaa. Mapait. Medyo matamis sa huli. Mapait uli. Medyo matamis uli. Parang buhay. Parang hindi, tsaa parin.",130,44,1,49.8962,0.045871,0.398438,0.609375,0.498962,0.043786,0.390625,0.625,0.006224,0.028317,0.004707,1,50.1404,7.991842,247.75,0.615828,1,0.590089,1,4,16,0.015625,0.000341,0.00988,0.008015,C-accelerated,133998.89,134100.0,1487.32,2275.0,0.8482
2026-03-30T05:54:31Z,2039078462,1471,"Nagtanim sya ng sunflower. Sumusunod sa araw. Nawawala ang araw, yumuyuko sya. Bukas, tutuwid uli.",98,44,1,49.5056,0.045595,0.398438,0.632812,0.495056,0.04331,0.359375,0.59375,0.006314,0.030985,0.00475,1,50.3418,7.992169,237.882,0.772152,1,0.710004,1,4,16,0.015625,0.00733,-0.00766,0.004254,C-accelerated,139723.56,136500.0,7311.92,7475.0,2.7381
2026-03-30T05:54:31Z,2039078462,1472,Natuto syang maghintay. Maghintay ng tagsibol. Darating ang tagsibol. Maghintay ng tag-init. Darating ang tag-init. Maghintay ng taglagas. Darating ang taglagas. Maghintay ng taglamig. Darating ang taglamig. Maghintay uli ng tagsibol.,234,44,1,50.1465,0.045205,0.34375,0.617188,0.501465,0.043703,0.375,0.640625,0.006223,0.030181,0.004665,1,49.7803,7.991299,265.716,0.309431,1,0.401443,1,4,16,0.015625,-0.004488,-0.007191,0.00199,C-accelerated,142027.33,138050.0,10024.33,6775.0,2.4538
2026-03-30T05:54:31Z,2039078462,1473,Nag-alaga sya ng pusa. Kinakamot ng pusa ang sofa. Sinisigawan. Kinakamot uli. Tumigil sya manigaw. Nasira ang sofa. Bumili ng bago. Kinakamot parin ng pusa.,157,44,1,50.1404,0.045011,0.40625,0.609375,0.501404,0.043051,0.398438,0.617188,0.006192,0.029494,0.0047,1,50.0183,7.9924,230.086,0.866839,1,0.95438,1,4,16,0.015625,-0.005646,0.005454,0.011247,C-accelerated,133596.67,133500.0,1571.87,2400.0,0.8989
2026-03-30T05:54:31Z,2039078462,1474,"Natuto syang magtimpla ng kape. Sa cezve. Sa filter. Sa espresso machine. Sinubukan lahat. Sa huli, balik sa instant. Tipid sa oras. Yung oras na natipid, ginamit nya sa pagtitig sa hangin.",189,44,1,49.8901,0.045916,0.359375,0.617188,0.498901,0.039254,0.390625,0.617188,0.006213,0.032025,0.004733,1,49.7406,7.991622,257.617,0.442352,1,0.830134,1,4,16,0.015625,-0.006923,-0.005701,0.006142,C-accelerated,134735.33,135100.0,1543.54,2200.0,0.8142
2026-03-30T05:54:31Z,2039078462,1475,"Araw-araw tumitingin sa salamin. Isang araw, nag-good morning yung salamin. Nagulat sya. Nasnasanay din. Tumigil yung salamin. Namiss nya.",138,44,1,50.1831,0.038577,0.398438,0.59375,0.501831,0.0461,0.390625,0.609375,0.006143,0.033078,0.004653,1,50.5219,7.990556,287.593,0.078508,1,0.10201,1,4,16,0.015625,0.005906,0.001158,0.018484,C-accelerated,136010.89,134200.0,5677.91,4350.0,1.6207
2026-03-30T05:54:31Z,2039078462,1476,Nagtanim sya ng saging. Nanilaw ang dahon. Nalaglag. Inipon nya. Tinambak. Tinapakan. Kumaluskos. Parang nagsasalita yung taglagas.,131,44,1,50.2686,0.042918,0.382812,0.640625,0.502686,0.043448,0.375,0.609375,0.006206,0.029897,0.004693,1,50.1434,7.991532,255.709,0.475724,1,0.753033,1,4,16,0.015625,0.005064,-0.002638,-0.00256,C-accelerated,142116.89,134900.0,18597.79,6000.0,2.2239
2026-03-30T05:54:31Z,2039078462,1477,Natuto syang magluto. Luto para sa pamilya. Umalis ang pamilya. Luto para sa sarili. Nawala ang sarili. Luto para sa alaala.,124,44,1,50.0793,0.044138,0.398438,0.625,0.500793,0.04509,0.382812,0.601562,0.00621,0.031248,0.004796,1,50.1709,7.992269,237.417,0.778624,1,0.996196,1,4,16,0.015625,0.012496,0.007704,-0.003232,C-accelerated,135545.11,135400.0,1430.54,1700.0,0.6278
2026-03-30T05:54:31Z,2039078462,1478,Nag-alaga sya ng loro. Tinuruan magsalita. Mag-hello. Mag-goodbye. Mag-mahal kita. Nag-hello lang natutunan. Sapat na.,118,44,1,49.6887,0.046377,0.375,0.601562,0.496887,0.045148,0.390625,0.648438,0.006184,0.029012,0.004698,1,49.9481,7.99112,268.067,0.274781,1,0.583526,1,4,16,0.015625,0.005665,0.005423,-0.004386,C-accelerated,141329.33,136800.0,10956.35,7075.0,2.5859
2026-03-30T05:54:31Z,2039078462,1479,"Natuto syang tumahimik. Tumahimik sa ingay. Tumahimik sa katahimikan. Sa katahimikan, narinig nya sarili nya. Narinig. Sapat na.",128,44,1,50.3296,0.043571,0.398438,0.625,0.503296,0.044104,0.398438,0.609375,0.006249,0.029884,0.004693,1,49.8749,7.992173,237.905,0.771826,1,0.692336,1,4,16,0.015625,-0.001426,0.007237,0.001592,C-accelerated,147308.89,141100.0,13914.94,14000.0,4.961
2026-03-30T05:54:31Z,2039078462,1481,Nagtanim sya ng gulay. Kangkong. Talong. Kamatis. Kinakain din ng uod. Hiniwalayan nya ng kalahati ang uod. Hiniwalayan din sya ng uod. Sapat sa lahat.,151,44,1,50.3967,0.045502,0.40625,0.625,0.503967,0.045049,0.375,0.632812,0.006212,0.032227,0.004703,1,50.0275,7.991314,263.156,0.349438,1,0.298677,1,4,16,0.015625,-0.004729,-0.004454,-0.007463,C-accelerated,135561.56,135250.0,2356.54,3100.0,1.146
2026-03-30T05:54:31Z,2039078462,1480,Nanood sya ng pelikula tungkol sa matanda. Namatay yung matanda. Umiyak sya. Umiyak dahil mamamatay din sya. Umiyak. Tumuloy mabuhay.,133,44,1,49.2371,0.043306,0.367188,0.625,0.492371,0.047586,0.367188,0.59375,0.006263,0.027896,0.00479,1,50.6683,7.991982,245.073,0.66121,1,0.874992,1,4,16,0.015625,0.003172,0.002721,0.001227,C-accelerated,136129.78,136200.0,1278.52,1600.0,0.5874
2026-03-30T05:54:31Z,2039078462,1482,"Natuto syang mag-ayos ng orasan. Inayos ang oras. Di maayos ang sarili. Sa loob nya, ang oras tumatakbo mabilis tapos mabagal.",126,44,1,49.7986,0.046878,0.382812,0.640625,0.497986,0.044626,0.40625,0.585938,0.006269,0.035415,0.004741,1,50.5341,7.991433,262.086,0.366791,1,0.89381,1,4,16,0.015625,-0.007675,-0.004426,-0.000547,C-accelerated,136457.11,136000.0,2230.7,2900.0,1.0662
2026-03-30T05:54:31Z,2039078462,1483,Bumili sya ng pulang sapatos. Sobrang pula. Di masuot. Tinago. Kumupas. Di na pula. Pwede ng isuot. Ayaw na.,108,44,1,49.8108,0.048394,0.351562,0.617188,0.498108,0.042419,0.359375,0.601562,0.006228,0.028411,0.004653,1,50.3662,7.991258,267.834,0.278116,1,0.462847,1,4,16,0.015625,0.006671,0.002302,-0.01235,C-accelerated,143657.33,134600.0,20069.51,9850.0,3.659
2026-03-30T05:54:31Z,2039078462,1484,"Araw-araw sumusulat ng tula. Tatlong daan animnapu't lima. Sinunog. Sumunod na taon sumulat uli. Sinunog uli. Abo, naging pataba sa bulaklak. Lumago ang mga bulaklak.",166,44,1,50.592,0.045142,0.398438,0.609375,0.50592,0.045142,0.390625,0.617188,0.006206,0.032249,0.004676,1,49.53,7.991188,267.299,0.285868,1,0.516756,1,4,16,0.015625,-0.000408,0.004304,0.010807,C-accelerated,134531.33,134400.0,1944.44,2700.0,1.0045
2026-03-30T05:54:31Z,2039078462,1485,Natuto syang magluto ng sabaw ng isda. Buhay pa yung isda. Pinatay. Niluto. Ininom. Patay ang isda. Buhay sya. Ang isda nabubuhay sa loob nya.,142,44,1,50.1099,0.038469,0.390625,0.617188,0.501099,0.044567,0.382812,0.617188,0.00622,0.02905,0.004701,1,49.7192,7.992206,236.835,0.786575,1,0.342776,1,4,16,0.015625,0.002876,0.003733,0.006566,C-accelerated,143209.78,139500.0,9227.37,12550.0,4.4982
2026-03-30T05:54:31Z,2039078462,1486,Nagtanim sya ng akasya sa tabi ng ilog. Nakayuko ang mga sanga. Nakaupo sa ilalim ang mga mangingisda. May nakakahuli. May hindi. Nakaupo lang lahat.,149,44,1,50.2075,0.041334,0.382812,0.609375,0.502075,0.048686,0.390625,0.640625,0.006062,0.029285,0.004623,1,49.9664,7.991265,264.32,0.330979,1,0.235204,1,4,16,0.015625,-0.001825,-0.005106,-0.000354,C-accelerated,137049.11,134900.0,5625.06,4500.0,1.6679
2026-03-30T05:54:31Z,2039078462,1488,Natuto syang makalimot. Makalimot ng numero ng telepono. Makalimot ng birthday. Makalimot ng daan pauwi. Naaalala pangalan nya. Sapat na.,137,44,1,49.8962,0.043436,0.382812,0.617188,0.498962,0.050888,0.359375,0.625,0.006205,0.029385,0.004688,1,50.1282,7.990694,284.241,0.100684,1,0.211652,1,4,16,0.015625,0.004653,0.002549,0.002225,C-accelerated,133882.67,133600.0,1088.94,1700.0,0.6362
2026-03-30T05:54:31Z,2039078462,1487,Nag-alaga sya ng kuneho. Kumakain ng carrots. Binigyan nya ng carrots. Kumakain ang kuneho. Masaya sya. Namatay ang kuneho. Umiyak sya. Di alam ng kuneho.,154,44,1,50.1587,0.045642,0.375,0.617188,0.501587,0.041677,0.367188,0.59375,0.006304,0.028803,0.00467,1,50.1831,7.991178,268.812,0.264256,1,0.279173,1,4,16,0.015625,0.005008,-0.00897,-0.009139,C-accelerated,132791.78,132200.0,1782.06,2000.0,0.7564
2026-03-30T05:54:31Z,2039078462,1489,Bumili sya ng transparent na plorera. Nilagyan ng rosas. Nalanta ang rosas. Nilagyan ng lily. Nalanta ang lily. Nilagyan ng everlasting. Nakatayo pa hanggang ngayon.,165,44,1,49.53,0.043072,0.382812,0.601562,0.4953,0.043666,0.390625,0.601562,0.006261,0.032582,0.004825,1,49.9756,7.992051,241.722,0.715262,1,0.965777,1,4,16,0.015625,-0.013384,-0.006549,-0.00959,C-accelerated,139606.22,136750.0,6719.3,6275.0,2.2943
2026-03-30T05:54:31Z,2039078462,1490,Natuto syang maglaro ng chess. Nakipaglaro sa kapitbahay. Umalis ang kapitbahay. Nakipaglaro sa sarili. Panalo sya. Talo sya. Tumigil.,134,44,1,50.1404,0.039661,0.398438,0.601562,0.501404,0.05055,0.390625,0.609375,0.006285,0.031054,0.004803,1,50.1862,7.991064,275.514,0.180243,1,0.681814,1,4,16,0.015625,-0.002814,-0.002362,-0.002612,C-accelerated,135086.44,134800.0,2096.69,2775.0,1.0293
2026-03-30T05:54:31Z,2039078462,1492,"Nag-alaga sya ng isda sa aquarium. Pula. Itim. Batik-batik. Pinakain. Nagpalit ng tubig. Namatay isa-isa. Yung huli, tumagal. Namatay din.",138,44,1,49.6521,0.042711,0.398438,0.59375,0.496521,0.044343,0.414062,0.59375,0.00617,0.029005,0.004663,1,49.9573,7.991502,261.853,0.370608,1,0.046815,1,4,16,0.015625,-0.002134,0.001788,0.002153,C-accelerated,139340.0,136600.0,6714.93,6650.0,2.4341
2026-03-30T05:54:31Z,2039078462,1491,"Nagtanim sya ng kampanilya. Umakyat sa pader. Umaga namumulaklak. Hapon nagsasara. Araw-araw may bagong bulaklak. Yung dati, wala na.",133,44,1,50.0793,0.041141,0.40625,0.59375,0.500793,0.040511,0.390625,0.601562,0.006133,0.033082,0.004645,1,49.9939,7.992474,228.806,0.87948,1,0.099047,1,4,16,0.015625,0.001185,-0.004273,0.006014,C-accelerated,141830.89,135500.0,18479.29,7925.0,2.9244
2026-03-30T05:54:31Z,2039078462,1493,Natuto syang kumanta. Kinanta para sa ibon. Lumipad ang ibon. Kinanta para sa sarili. Nakatulog sya. Kinanta para sa hangin. Walang tenga ang hangin.,149,44,1,49.1028,0.045587,0.398438,0.632812,0.491028,0.052281,0.359375,0.695312,0.006212,0.029774,0.004676,1,49.9817,7.992395,231.971,0.846708,1,0.89381,1,4,16,0.015625,-0.004749,-0.001703,0.000485,C-accelerated,134624.0,134400.0,1493.94,2000.0,0.744
2026-03-30T05:54:31Z,2039078462,1494,Tumingin sya sa snow. Malakas na snow. Puti ang buong mundo. Kinabukasan tumila ang snow. Madumi ang mundo. Namiss nya ang snow. Di sya namiss ng snow.,151,44,1,49.9756,0.049003,0.359375,0.617188,0.499756,0.041374,0.390625,0.59375,0.006287,0.030054,0.004811,1,49.7894,7.992562,223.337,0.924337,1,0.442762,1,4,16,0.015625,0.003785,-0.002417,0.003391,C-accelerated,133275.78,133100.0,1170.95,1300.0,0.4884
2026-03-30T05:54:31Z,2039078462,1496,Nagtanim sya ng datiles mula sa buto. Sampung taon. Lumaki ang puno. Walang bunga. Masaya parin sya.,100,44,1,49.408,0.04085,0.40625,0.585938,0.49408,0.039617,0.359375,0.578125,0.006246,0.030191,0.004724,1,50.0732,7.992255,236.928,0.785313,1,0.710004,1,4,16,0.015625,-0.004426,0.01036,0.01521,C-accelerated,134592.0,134400.0,924.47,1400.0,0.5208
2026-03-30T05:54:31Z,2039078462,1495,Natuto syang magluto ng ginataang monggo. Nag-asukal. Sobrang tamis. Nagdagdag tubig. Malabnaw. Nagdagdag monggo. Sobra. Di maubos mag-isa. Nilagay sa ref. Kainin bukas.,169,44,1,50.5981,0.044178,0.375,0.617188,0.505981,0.046584,0.375,0.65625,0.006245,0.030521,0.004705,1,49.9115,7.991174,269.743,0.251421,1,0.006033,0,4,16,0.015625,-0.000312,-0.008609,-0.00398,C-accelerated,145029.33,135650.0,20654.71,11875.0,4.3771
2026-03-30T05:54:31Z,2039078462,1497,Araw-araw naglalakad ng sampung libong hakbang. Tatlong taon. Pumayat. Gumanda pakiramdam. Naging masaya. Nakalimot kung bakit nagsimula. Tuloy parin sa paglalakad.,164,44,1,50.0732,0.045841,0.40625,0.625,0.500732,0.040376,0.390625,0.609375,0.006211,0.035289,0.004635,1,49.7894,7.991955,245.353,0.656554,1,0.946787,1,4,16,0.015625,-0.007719,0.009312,0.005466,C-accelerated,139959.56,137100.0,6846.03,7000.0,2.5529
2026-03-30T05:54:31Z,2039078462,1498,"Natuto syang mag-ayos ng computer. I-on. I-off. Blue screen. I-restart. Sira. Bumili ng bago. Masisira din yung bago. Yung luma, nasa sulok.",140,44,1,49.6887,0.04095,0.367188,0.585938,0.496887,0.043557,0.40625,0.640625,0.006332,0.030151,0.004772,1,50.5157,7.990855,278.097,0.153216,1,0.504501,1,4,16,0.015625,-0.008342,0.001992,0.002887,C-accelerated,133946.67,133500.0,1418.43,2075.0,0.7772
2026-03-30T05:54:31Z,2039078462,1499,Bumili sya ng diary. Unang araw tatlong pahina. Pangalawang araw dalawang pahina. Pangatlong araw isang pahina. Sunod walang laman. Nawala. Nakita uli. Sumulat uli.,164,44,1,50.0244,0.041615,0.40625,0.609375,0.500244,0.04364,0.390625,0.609375,0.006283,0.02916,0.004721,1,49.7986,7.990796,279.796,0.137066,1,0.483431,1,4,16,0.015625,0.008138,-0.001055,0.00013,C-accelerated,134590.67,134600.0,2040.8,2400.0,0.8915
2026-03-30T05:54:31Z,2039078462,1500,"Nagtanim sya ng mint sa paso. Ginagawang tsaa. Nakakapresko. Kinagat ng lamok, ipinahid. Nakakapresko din. Dumami ang mint. Binigay sa kapitbahay. Binigyan din sya ng ibang halaman.",181,44,1,49.9084,0.043362,0.398438,0.585938,0.499084,0.042942,0.382812,0.609375,0.006192,0.030155,0.004651,1,49.9603,7.991768,250.054,0.57569,1,0.800525,1,4,16,0.015625,0.009293,-0.000298,0.00147,C-accelerated,134852.44,134600.0,1202.52,1000.0,0.3715
2026-03-30T05:54:31Z,2039078462,1501,"Nag-alaga sya ng aso. Inilalakad araw-araw. Siya ang nilalakad ng aso. Matanda na ang aso, di na makalakad. Kinalong nya sa araw. Namatay ang aso. Siya na naglakad mag-isa.",172,44,1,50.2747,0.046962,0.375,0.625,0.502747,0.042675,0.398438,0.617188,0.006267,0.02831,0.004717,1,49.826,7.990888,276.631,0.168187,1,0.837576,1,4,16,0.015625,-0.006648,0.012233,-0.006338,C-accelerated,139295.33,137600.0,6525.01,7175.0,2.6072
2026-03-30T05:54:31Z,2039078462,1502,"Natuto syang tumahimik. Tumahimik sa away. Tumahimik sa di pagkakaintindihan. Sa katahimikan, naintindihan din sya. Sa pagkakaintindihan, tumahimik parin sya.",158,44,1,50.3906,0.043815,0.375,0.609375,0.503906,0.042331,0.375,0.625,0.006242,0.031687,0.004759,1,50.6439,7.991,275.444,0.181015,1,0.4775,1,4,16,0.015625,0.007325,-0.003778,-0.007372,C-accelerated,133882.0,134100.0,1277.29,2100.0,0.783
2026-03-30T05:54:31Z,2039078462,1504,Nagtanim sya ng mais. Luto na ang mais. Nilaga. Masarap. Nagtabi ng ilang puso para sa binhi. Sumunod na taon nagtanim uli. Bawat taon. Bawat taon masarap.,155,44,1,49.5667,0.048237,0.375,0.65625,0.495667,0.042543,0.367188,0.609375,0.006255,0.032111,0.004742,1,49.8383,7.990005,304.838,0.017576,0,0.321392,1,4,16,0.015625,-0.012078,0.003337,0.0027,C-accelerated,134080.22,134200.0,1209.03,500.0,0.1863
2026-03-30T05:54:31Z,2039078462,1503,Nagbasa sya ng libro. Lalaki naghintay ng babae habambuhay. Nakuha rin nya. Namatay yung babae. Sumara ang libro. Umiyak sya.,125,44,1,50.5066,0.044351,0.40625,0.601562,0.505066,0.051161,0.367188,0.640625,0.006215,0.035289,0.004694,1,50.3937,7.990582,283.543,0.105855,1,0.912688,1,4,16,0.015625,-0.003825,-0.001334,-0.005736,C-accelerated,139551.78,136100.0,7917.05,6800.0,2.4982
2026-03-30T05:54:31Z,2039078462,1505,Natuto syang magluto ng pansit. Pansit na may sabaw. Pansit na may gisa. Pansit na may sabaw. Masarap. Kumain mag-isa. Di maubos. Itapon. Sayang. Sa susunod kunti na lang.,171,44,1,50.9521,0.041143,0.421875,0.617188,0.509521,0.041627,0.414062,0.617188,0.006307,0.034053,0.004748,1,50.061,7.992235,236.532,0.790648,1,0.489402,1,4,16,0.015625,-0.001527,0.001212,0.008785,C-accelerated,137650.22,136300.0,3780.19,5400.0,1.9809
2026-03-30T05:54:31Z,2039078462,1506,Araw-araw nagdidilig ng halaman. Namumulaklak. Nalalanta. Namumulaklak uli. Tumanda sya. Di na makapag-dilig. Naghihintay ang halaman. Di na sya dumating.,154,44,1,49.7314,0.040199,0.40625,0.625,0.497314,0.044069,0.367188,0.625,0.006152,0.03277,0.004594,1,50.882,7.992892,216.564,0.961299,1,0.643773,1,4,16,0.015625,-0.003728,0.000931,-0.010997,C-accelerated,134104.89,133800.0,1223.1,1200.0,0.4484
2026-03-30T05:54:31Z,2039078462,1507,"Bumili sya ng malambot na tsinelas. Kumportable. Ginamit ng matagal. Nasira. Sayang itapon. Tinahi. Ginamit uli. Nasira uli. Tinahi uli. Sa huli, sinulid na lang natira.",169,44,1,49.8901,0.042553,0.390625,0.609375,0.498901,0.04461,0.375,0.609375,0.006232,0.028643,0.004727,1,49.5636,7.991773,251.916,0.542834,1,0.763917,1,4,16,0.015625,0.000117,-0.001361,-0.00485,C-accelerated,133288.89,133200.0,1559.8,2375.0,0.8915
2026-03-30T05:54:31Z,2039078462,1508,Nagtanim sya ng ubas. Kumalat sa may balkonahe. Tag-init doon naupo sa lilim. Taglagas kumain ng ubas. Taglamig natuyo. Tagsibol sumibol uli. Taon-taon.,152,44,1,49.6948,0.044283,0.359375,0.609375,0.496948,0.04316,0.367188,0.632812,0.006221,0.032458,0.004697,1,50.4883,7.990519,289.78,0.066242,1,0.335549,1,4,16,0.015625,0.000281,-0.000398,0.009941,C-accelerated,135145.11,135000.0,2021.16,2400.0,0.8889
2026-03-30T05:54:31Z,2039078462,1509,"Nag-alaga sya ng hamster. Tumakbo sa gulong. Takbo nang takbo. Hihinto ang gulong, hihinto sya. Iikot ang gulong, takbo uli. Namatay sya. Naiwan ang gulong.",156,44,1,50.7202,0.041312,0.429688,0.625,0.507202,0.043439,0.359375,0.59375,0.006174,0.03282,0.004601,1,50.2838,7.992421,230.295,0.864691,1,0.20476,1,4,16,0.015625,-0.001068,0.008292,0.002895,C-accelerated,140414.44,137100.0,8258.72,8375.0,3.0543
2026-03-30T05:54:31Z,2039078462,1510,"Natuto syang magtimpla ng kape araw-araw. Suminghot ng aroma. Uminom ng pait. Nasnasan sa pait. Kung di mapait, di kape. Alam yun ng kape.",138,44,1,50.6409,0.050804,0.375,0.609375,0.506409,0.04274,0.414062,0.609375,0.006192,0.02866,0.004699,1,49.5758,7.991294,265.158,0.317968,1,0.256534,1,4,16,0.015625,0.008548,0.000267,0.001384,C-accelerated,132742.0,132500.0,1361.92,1600.0,0.6038
2026-03-30T05:54:31Z,2039078462,1511,"Nagtanim sya ng rosas na may tinik. Pumitas, nasugatan. Dumugo. Maganda naman ang rosas. Sulit. Sumunod na pagkakataon, nasugatan uli. Sulit parin. Nalanta ang rosas. Naiwan ang tinik.",184,44,1,50.3296,0.04137,0.398438,0.632812,0.503296,0.044886,0.398438,0.632812,0.006234,0.035737,0.004739,1,49.826,7.991685,253.335,0.517681,1,0.890041,1,4,16,0.015625,0.000735,-0.003923,-0.004072,C-accelerated,133122.22,132450.0,2097.8,2900.0,1.0948
2026-03-30T05:54:31Z,2039078462,1512,Nanood sya ng lumang sine na black and white. Patay na lahat ng artista. Pinapanood nya silang bata pa. Naging bata din sila. Naging bata din sya.,146,44,1,49.6399,0.043354,0.382812,0.601562,0.496399,0.043541,0.40625,0.625,0.006231,0.032944,0.004722,1,50.1129,7.992203,238.394,0.764922,1,0.333162,1,4,16,0.015625,0.012298,0.00083,0.000322,C-accelerated,140723.33,137700.0,6856.61,9750.0,3.5403
2026-03-30T05:54:31Z,2039078462,1513,Natuto syang magluto para sa anak. Sabi ng anak masarap. Nagluto para manugang. Sabi ng manugang masarap. Nagluto para apo. Sabi ng apo masarap. Umalis sila. Nagluto para sa sarili. Hindi masarap.,196,44,1,49.9878,0.04547,0.398438,0.609375,0.499878,0.046425,0.390625,0.601562,0.006319,0.03826,0.004707,1,50.0092,7.992556,227.386,0.892533,1,0.451308,1,4,16,0.015625,-0.015321,-0.006059,0.005421,C-accelerated,140994.89,139300.0,5877.1,8175.0,2.9343
2026-03-30T05:54:31Z,2039078462,1514,Nag-alaga sya ng mynah. Marunong gumaya. Gumaya ng tunog ng telepono. Gumaya ng doorbell. Gumaya ng nag-aaway na kapitbahay. Gumaya ng iyak ng bata. Tapos tumahimik. Namatay. Tahimik na.,186,44,1,50.0366,0.040393,0.382812,0.578125,0.500366,0.042093,0.40625,0.640625,0.006209,0.030889,0.004737,1,49.4568,7.992068,242.886,0.696905,1,0.782161,1,4,16,0.015625,-0.002566,0.021766,-0.003129,C-accelerated,133314.0,132900.0,1124.65,1000.0,0.3762
2026-03-30T05:54:31Z,2039078462,1515,Bumili sya ng isda. Nilagay sa paso. Nagpalit ng tubig araw-araw. Pinakain. Lumaki ang isda. Maliit na ang paso. Nilipat sa aquarium. Lumaki pa ang isda. Nilipat sa maliit na pond. Lumaki ang isda. Tumanda sya. Tumanda din ang isda. Sabay tumanda.,247,44,1,50.2563,0.041525,0.40625,0.59375,0.502563,0.04412,0.382812,0.632812,0.006177,0.028079,0.004689,1,50.2686,7.991819,250.868,0.561346,1,0.262578,1,4,16,0.015625,0.003759,-0.002761,0.000607,C-accelerated,133565.11,133900.0,1970.4,2600.0,0.9709
2026-03-30T05:54:31Z,2039078462,1516,Nagtanim sya ng upo. Kumalat sa buong bubong. Madami ang bunga. Di maubos kainin. Binigay sa kapitbahay. Yung kapitbahay di din maubos. Binigay pabalik. Ginawang panghugas ng pinggan. Ilang taon ginamit. Upo di pa ubos.,219,44,1,49.8352,0.045801,0.390625,0.648438,0.498352,0.045024,0.351562,0.609375,0.00621,0.029438,0.004645,1,50.0549,7.992118,240.698,0.73101,1,0.42043,1,4,16,0.015625,0.015518,-0.002361,0.005184,C-accelerated,134492.44,134400.0,1264.36,1800.0,0.6696
2026-03-30T05:54:31Z,2039078462,1517,Araw-araw sya nanonood ng sunset. Iisang lugar. Iisang oras. Iba-iba ang ulap. Iba-iba ang kulay. Iba-iba ang pakiramdam. Parehas ang sunset. Siya nag-iiba. Hinihintay ng sunset na tumanda sya.,193,44,1,49.6155,0.045239,0.375,0.625,0.496155,0.046753,0.398438,0.601562,0.006204,0.033543,0.004673,1,49.9634,7.992426,231.692,0.849804,1,0.92404,1,4,16,0.015625,-0.002796,0.00305,0.00078,C-accelerated,140398.89,138800.0,4524.62,7475.0,2.6927
2026-03-30T05:54:31Z,2039078462,1518,"Natuto syang mag-ayos ng bisikleta. Inayos sa kapitbahay. Inayos sa kaibigan. Inayos sa di kilala. Di nagpabayad. Tumanggap ng salamat. Yung salamat, di na sapat. Tumanggap ng ngiti. Yung ngiti, sapat na.",204,44,1,49.6643,0.042283,0.398438,0.585938,0.496643,0.042832,0.359375,0.601562,0.00623,0.031604,0.004702,1,50.1678,7.992367,233.274,0.831739,1,0.671354,1,4,16,0.015625,-0.00225,-0.004507,-0.013147,C-accelerated,134491.11,133700.0,2280.73,3300.0,1.2341
2026-03-30T05:54:31Z,2039078462,1519,A csendes faluban egy öreg órás minden este felhúzta a toronyórát.,66,44,1,49.9268,0.040788,0.367188,0.609375,0.499268,0.043283,0.40625,0.617188,0.00614,0.02964,0.004649,1,49.6613,7.992013,244.492,0.670842,1,0.674834,1,4,16,0.015625,0.002811,-0.014097,-0.010123,C-accelerated,137642.0,135800.0,7087.89,5775.0,2.1263
2026-03-30T05:54:31Z,2039078462,1520,Az erdő szélén egy régi kunyhó állt a ködben.,45,44,1,50.2747,0.042259,0.375,0.585938,0.502747,0.052956,0.335938,0.648438,0.006218,0.035516,0.00474,1,50.3906,7.990476,288.081,0.075623,1,0.745804,1,4,16,0.015625,0.000681,-0.012485,-0.002411,C-accelerated,134702.89,134300.0,1641.78,1975.0,0.7353
2026-03-30T05:54:31Z,2039078462,1521,Egy fiatal utazó térképet rajzolt a poros asztalon.,51,44,1,49.4934,0.038886,0.40625,0.59375,0.494934,0.045024,0.367188,0.625,0.006111,0.028042,0.004612,1,50.1923,7.991294,263.761,0.339785,1,0.541719,1,4,16,0.015625,-0.004196,0.009952,-0.003025,C-accelerated,137014.22,138100.0,2689.79,4975.0,1.8012
2026-03-30T05:54:31Z,2039078462,1522,A folyó lassan kanyargott a hegyek között.,42,44,1,49.8108,0.045068,0.390625,0.625,0.498108,0.043353,0.398438,0.625,0.006202,0.029785,0.004698,1,50.0977,7.992081,241.443,0.719596,1,0.593384,1,4,16,0.015625,0.00158,-0.000973,0.005855,C-accelerated,139902.67,137550.0,6620.59,9375.0,3.4079
2026-03-30T05:54:31Z,2039078462,1523,Az éjszakai szél régi történeteket hozott a faluba.,51,44,1,49.7559,0.041395,0.40625,0.59375,0.497559,0.046525,0.375,0.609375,0.00623,0.032235,0.004706,1,50.0061,7.991723,251.078,0.557649,1,0.576998,1,4,16,0.015625,-0.011529,0.001235,0.01212,C-accelerated,134300.22,134200.0,952.44,1000.0,0.3726
2026-03-30T05:54:31Z,2039078462,1524,Egy fekete macska ült a könyvtár ablakában.,43,44,1,50.885,0.043743,0.390625,0.617188,0.50885,0.040588,0.414062,0.625,0.006222,0.032592,0.004767,1,49.5422,7.991835,247.494,0.620235,1,0.071538,1,4,16,0.015625,0.005186,0.000262,0.002255,C-accelerated,135818.22,135700.0,1130.14,1100.0,0.4053
2026-03-30T05:54:31Z,2039078462,1525,A hajnal első fénye megvilágította a kis utcát.,47,44,1,50.116,0.043761,0.382812,0.609375,0.50116,0.044848,0.382812,0.617188,0.006197,0.029806,0.004702,1,50.2991,7.989834,310.004,0.010479,0,0.92404,1,4,16,0.015625,0.014733,-0.001318,-0.002649,C-accelerated,135580.0,135400.0,1519.08,2000.0,0.7386
2026-03-30T05:54:31Z,2039078462,1526,A régi híd alatt csendesen folyt a víz.,39,44,1,49.4873,0.042314,0.382812,0.570312,0.494873,0.04336,0.382812,0.632812,0.006274,0.031433,0.004724,1,50.0854,7.992158,238.767,0.759592,1,0.28343,1,4,16,0.015625,-0.002486,-0.005414,-0.003354,C-accelerated,139321.11,135850.0,8671.52,6975.0,2.5672
2026-03-30T05:54:31Z,2039078462,1527,Egy vándor pihent meg a tölgyfa árnyékában.,43,44,1,49.8779,0.044735,0.382812,0.59375,0.498779,0.051826,0.367188,0.617188,0.006209,0.029104,0.004692,1,49.8138,7.991375,258.502,0.427065,1,0.235204,1,4,16,0.015625,-0.007551,0.007527,-0.004936,C-accelerated,133840.44,133500.0,1321.28,1200.0,0.4494
2026-03-30T05:54:31Z,2039078462,1528,A kisváros templomharangja halkan szólt.,40,44,1,50.0,0.043179,0.367188,0.59375,0.5,0.042824,0.375,0.632812,0.006222,0.031355,0.004714,1,49.9725,7.99166,253.103,0.521806,1,0.826419,1,4,16,0.015625,0.006233,-0.002411,0.005096,C-accelerated,137987.78,137700.0,2673.23,3600.0,1.3072
2026-03-30T05:54:31Z,2039078462,1529,A sűrű erdőben egy keskeny ösvény vezetett a hegyek felé.,57,44,1,50.7019,0.044558,0.382812,0.601562,0.507019,0.04207,0.414062,0.617188,0.006272,0.031445,0.00477,1,49.7528,7.991537,260.34,0.395767,1,0.616675,1,4,16,0.015625,0.010725,0.016251,0.000718,C-accelerated,136587.56,136100.0,2164.71,1675.0,0.6154
2026-03-30T05:54:31Z,2039078462,1530,Az öreg könyvtáros titkos naplót talált a polcon.,49,44,1,49.7314,0.04978,0.390625,0.625,0.497314,0.044382,0.390625,0.59375,0.006181,0.030659,0.004669,1,50.3571,7.992817,219.334,0.948421,1,0.7712,1,4,16,0.015625,0.002492,-0.000686,-0.012797,C-accelerated,136098.0,135800.0,2621.01,3600.0,1.3255
2026-03-30T05:54:31Z,2039078462,1531,A vihar előtt különös csend ült a falura.,41,44,1,50.061,0.045361,0.382812,0.640625,0.50061,0.039807,0.398438,0.609375,0.006251,0.031123,0.004746,1,49.9786,7.992404,232.623,0.83933,1,0.590089,1,4,16,0.015625,-0.002117,-0.014363,-0.001452,C-accelerated,133646.22,132900.0,1781.91,2600.0,0.9782
2026-03-30T05:54:31Z,2039078462,1532,Egy fiú elveszett kulcsot talált a kertben.,43,44,1,49.1333,0.044067,0.375,0.609375,0.491333,0.045984,0.375,0.648438,0.006232,0.032522,0.004682,1,50.0061,7.992556,227.852,0.888365,1,0.920254,1,4,16,0.015625,0.005799,-0.001475,0.006514,C-accelerated,134130.44,133900.0,2207.79,3200.0,1.1949
2026-03-30T05:54:31Z,2039078462,1533,A folyóparton egy csónak ringott a vízen.,41,44,1,49.4385,0.039835,0.40625,0.617188,0.494385,0.044334,0.382812,0.601562,0.006166,0.031107,0.004626,1,49.9207,7.991605,255.034,0.487619,1,0.186653,1,4,16,0.015625,-0.007268,0.006662,0.008837,C-accelerated,147578.67,142700.0,13276.2,14150.0,4.958
2026-03-30T05:54:31Z,2039078462,1534,A hegy tetején egy magányos torony állt.,40,44,1,49.4751,0.04543,0.398438,0.617188,0.494751,0.046426,0.375,0.632812,0.006347,0.02819,0.004742,1,49.9756,7.991784,249.402,0.587116,1,0.149944,1,4,16,0.015625,0.001891,-0.006305,0.01063,C-accelerated,134670.22,134900.0,1831.48,2900.0,1.0749
2026-03-30T05:54:31Z,2039078462,1535,A hold fénye megvilágította a régi utat.,40,44,1,49.9329,0.041039,0.382812,0.609375,0.499329,0.04375,0.390625,0.585938,0.006299,0.030446,0.00478,1,49.9969,7.991387,263.831,0.338679,1,0.115669,1,4,16,0.015625,-0.000241,-0.002792,-0.005633,C-accelerated,133541.11,134300.0,1846.94,3300.0,1.2286
2026-03-30T05:54:31Z,2039078462,1536,Az utazó lassan haladt a poros ösvényen.,40,44,1,49.9329,0.044496,0.382812,0.617188,0.499329,0.048672,0.375,0.625,0.006146,0.032368,0.004668,1,49.9054,7.99058,288.384,0.073879,1,0.671354,1,4,16,0.015625,0.002498,0.002188,-0.001747,C-accelerated,135229.56,135000.0,2111.41,2575.0,0.9537
2026-03-30T05:54:31Z,2039078462,1537,A régi ház ajtaja halkan nyikorgott.,36,44,1,49.6582,0.042046,0.375,0.601562,0.496582,0.046628,0.398438,0.617188,0.006171,0.026615,0.004665,1,49.9603,7.991307,262.388,0.361853,1,0.035939,1,4,16,0.015625,0.006706,0.00256,0.004462,C-accelerated,138847.56,137800.0,3688.44,5775.0,2.0954
2026-03-30T05:54:31Z,2039078462,1538,Az éjszaka csillagai tükröződtek a tóban.,41,44,1,49.5667,0.046659,0.367188,0.601562,0.495667,0.044062,0.382812,0.601562,0.006241,0.035374,0.004766,1,50.4578,7.991533,256.826,0.456133,1,0.760284,1,4,16,0.015625,0.002965,0.003196,-0.007066,C-accelerated,141533.33,135800.0,16540.89,6275.0,2.3104
2026-03-30T05:54:31Z,2039078462,1539,Тиха річка текла повз маленьке село.,36,44,1,49.884,0.044539,0.390625,0.617188,0.49884,0.043466,0.414062,0.609375,0.006224,0.030651,0.00469,1,49.5453,7.990159,299.951,0.027853,0,0.360022,1,4,16,0.015625,0.000652,-0.000167,-0.006045,C-accelerated,133576.44,133100.0,1462.81,1975.0,0.7419
2026-03-30T05:54:31Z,2039078462,1540,Старий мандрівник сидів біля вогню.,35,44,1,50.1953,0.046343,0.40625,0.625,0.501953,0.040712,0.382812,0.609375,0.006165,0.027345,0.004684,1,50.5249,7.990815,278.726,0.147094,1,0.256534,1,4,16,0.015625,0.004237,0.002174,0.008476,C-accelerated,146332.44,145650.0,7100.45,8825.0,3.0295
2026-03-30T05:54:31Z,2039078462,1541,Над лісом піднімався холодний туман.,36,44,1,50.5737,0.040092,0.398438,0.632812,0.505737,0.041403,0.382812,0.617188,0.006234,0.029742,0.004637,1,49.823,7.990888,277.143,0.16285,1,0.37523,1,4,16,0.015625,-0.009452,-0.0045,-0.004164,C-accelerated,136173.33,136200.0,1701.71,2300.0,0.8443
2026-03-30T05:54:31Z,2039078462,1542,Маленька дівчина читала книгу біля вікна.,41,44,1,49.3835,0.049677,0.34375,0.648438,0.493835,0.047868,0.375,0.632812,0.006173,0.03033,0.004681,1,49.9023,7.990558,285.382,0.092656,1,0.630162,1,4,16,0.015625,0.007466,-2e-06,0.005889,C-accelerated,135543.56,135000.0,2715.42,4075.0,1.5093
2026-03-30T05:54:31Z,2039078462,1543,Нічний вітер гуляв вузькими вулицями.,37,44,1,49.8901,0.04191,0.398438,0.609375,0.498901,0.045885,0.390625,0.632812,0.006218,0.030012,0.004632,1,50.0061,7.991857,249.705,0.581817,1,0.939199,1,4,16,0.015625,0.000296,-0.003628,-0.00607,C-accelerated,132716.44,131900.0,2252.3,1600.0,0.6065
2026-03-30T05:54:31Z,2039078462,1544,Старий міст стояв над темною водою.,35,44,1,50.4578,0.04687,0.351562,0.640625,0.504578,0.043185,0.40625,0.601562,0.006236,0.030017,0.004748,1,49.9786,7.990563,286.103,0.087838,1,0.077748,1,4,16,0.015625,0.002324,-0.004441,-0.011247,C-accelerated,135361.56,135400.0,618.72,600.0,0.2216
2026-03-30T05:54:31Z,2039078462,1545,У долині лунав далекий дзвін.,29,44,1,50.3113,0.049712,0.359375,0.664062,0.503113,0.045411,0.335938,0.632812,0.006197,0.030683,0.004624,1,49.7986,7.991026,274.025,0.197192,1,0.965777,1,4,16,0.015625,-0.003839,0.004943,0.007799,C-accelerated,134660.22,134200.0,1680.98,2300.0,0.8569
2026-03-30T05:54:31Z,2039078462,1546,Під місяцем дорога здавалася безкінечною.,41,44,1,50.2197,0.042946,0.414062,0.609375,0.502197,0.044237,0.398438,0.59375,0.006206,0.029715,0.004731,1,49.9084,7.992038,243.793,0.682272,1,0.969577,1,4,16,0.015625,0.001703,-0.002857,-0.00488,C-accelerated,133000.22,132600.0,1558.74,2200.0,0.8296
2026-03-30T05:54:31Z,2039078462,1547,Мандрівник записував думки у старий зошит.,42,44,1,49.9939,0.043185,0.390625,0.640625,0.499939,0.044275,0.375,0.601562,0.006305,0.032373,0.004824,1,49.9176,7.9921,241.117,0.724615,1,0.603317,1,4,16,0.015625,-0.000544,-0.005603,-0.001178,C-accelerated,141925.56,139000.0,6938.69,6000.0,2.1583
2026-03-30T05:54:31Z,2039078462,1548,Зірки повільно з’являлися на небі.,34,44,1,50.9277,0.045531,0.390625,0.640625,0.509277,0.048226,0.375,0.617188,0.006305,0.03247,0.004761,1,50.0336,7.992072,239.791,0.74463,1,0.309897,1,4,16,0.015625,0.001811,-0.004987,0.004392,C-accelerated,133307.11,133000.0,1317.62,1500.0,0.5639
2026-03-30T05:54:31Z,2039078462,1549,Стара бібліотека зберігала багато таємниць.,43,44,1,49.6643,0.04552,0.382812,0.59375,0.496643,0.049127,0.3125,0.601562,0.006231,0.032024,0.004781,1,50.2411,7.990741,279.843,0.136641,1,0.91647,1,4,16,0.015625,0.004798,0.001564,-0.005421,C-accelerated,137998.22,137400.0,3449.38,4875.0,1.774
2026-03-30T05:54:31Z,2039078462,1550,Човен тихо дрейфував по озеру.,30,44,1,49.8169,0.042371,0.367188,0.609375,0.498169,0.041816,0.414062,0.59375,0.006348,0.031613,0.004778,1,49.7162,7.991891,247.191,0.625428,1,0.874992,1,4,16,0.015625,-0.005214,0.00392,0.002317,C-accelerated,135913.56,134200.0,8041.26,2300.0,0.8569
2026-03-30T05:54:31Z,2039078462,1551,Дорога зникала серед темних дерев.,34,44,1,50.2258,0.045796,0.375,0.609375,0.502258,0.043445,0.375,0.632812,0.006214,0.030708,0.004656,1,49.6796,7.992747,222.289,0.93131,1,0.111321,1,4,16,0.015625,0.003469,-0.003465,-0.002405,C-accelerated,134288.44,133700.0,1934.51,2375.0,0.8882
2026-03-30T05:54:31Z,2039078462,1552,Село прокинулося з першим сонячним світлом.,43,44,1,50.2991,0.045029,0.40625,0.625,0.502991,0.041364,0.390625,0.59375,0.00619,0.028102,0.004731,1,50.4761,7.992099,241.14,0.724258,1,0.211652,1,4,16,0.015625,0.002004,-0.006347,0.000197,C-accelerated,141369.33,138250.0,7459.54,9175.0,3.3183
2026-03-30T05:54:31Z,2039078462,1553,Дитина знайшла стару карту на горищі.,37,44,1,50.1099,0.046505,0.382812,0.617188,0.501099,0.042497,0.398438,0.601562,0.006222,0.029983,0.004668,1,50.2106,7.991823,248.913,0.595651,1,0.713557,1,4,16,0.015625,-0.010071,0.006104,0.001157,C-accelerated,147547.11,143800.0,11596.02,15400.0,5.3547
2026-03-30T05:54:31Z,2039078462,1554,Вітер шелестів у високій траві.,31,44,1,49.8169,0.040636,0.421875,0.617188,0.498169,0.043493,0.375,0.59375,0.006154,0.03006,0.004645,1,50.1312,7.991954,244.399,0.672374,1,0.161038,1,4,16,0.015625,-0.01084,0.001319,0.003587,C-accelerated,147354.44,136400.0,26287.53,9575.0,3.5099
2026-03-30T05:54:31Z,2039078462,1555,Над горами сходив червоний світанок.,36,44,1,49.7314,0.040694,0.40625,0.625,0.497314,0.042314,0.382812,0.609375,0.006192,0.028933,0.004713,1,50.6439,7.992047,241.839,0.713447,1,0.319071,1,4,16,0.015625,-0.006628,0.004292,-0.002757,C-accelerated,135220.89,135300.0,1513.97,975.0,0.3603
2026-03-30T05:54:31Z,2039078462,1556,У старій хаті горіла маленька лампа.,36,44,1,50.238,0.048999,0.382812,0.625,0.50238,0.046482,0.390625,0.617188,0.006158,0.030449,0.004675,1,50.0214,7.992657,222.22,0.931757,1,0.593384,1,4,16,0.015625,0.001023,-0.004115,0.014081,C-accelerated,133802.44,133600.0,1566.06,2200.0,0.8234
2026-03-30T05:54:31Z,2039078462,1557,Ліс здавався безмежним у тиші ночі.,35,44,1,50.4883,0.048318,0.367188,0.640625,0.504883,0.036722,0.421875,0.59375,0.006212,0.03117,0.004711,1,49.7589,7.991722,249.891,0.578551,1,0.258538,1,4,16,0.015625,-0.005619,-0.008646,-0.01445,C-accelerated,139715.33,139100.0,3670.84,5225.0,1.8781
2026-03-30T05:54:31Z,2039078462,1558,Далекий потяг зник у тумані.,28,44,1,49.9146,0.046387,0.375,0.601562,0.499146,0.044615,0.390625,0.59375,0.006234,0.035038,0.004631,1,50.2563,7.992854,217.379,0.957806,1,0.811598,1,4,16,0.015625,0.008504,-0.01102,0.004313,C-accelerated,135044.0,132100.0,9115.35,2850.0,1.0787
2026-03-30T05:54:31Z,2039078462,1559,Tichá dedina spala pod hviezdnou oblohou.,41,44,1,50.0,0.038781,0.390625,0.585938,0.5,0.045197,0.375,0.59375,0.00628,0.031791,0.004688,1,49.6002,7.991985,244.864,0.664689,1,0.596686,1,4,16,0.015625,0.012065,0.005134,-0.00512,C-accelerated,139972.22,137600.0,7215.23,4775.0,1.7351
2026-03-30T05:54:31Z,2039078462,1560,Starý cestovateľ kráčal po úzkej ceste.,39,44,1,49.8352,0.043219,0.40625,0.617188,0.498352,0.044287,0.375,0.609375,0.00636,0.028914,0.004767,1,49.8291,7.992367,230.854,0.858855,1,0.066444,1,4,16,0.015625,0.002344,-0.006575,-0.008608,C-accelerated,134934.44,134800.0,1147.19,1600.0,0.5935
2026-03-30T05:54:31Z,2039078462,1561,V lese bolo počuť šum vetra.,28,44,1,50.0854,0.04296,0.390625,0.609375,0.500854,0.045682,0.367188,0.617188,0.006168,0.030182,0.004627,1,49.2432,7.993089,208.954,0.984083,1,0.448449,1,4,16,0.015625,0.003897,0.007201,-0.002412,C-accelerated,140383.56,136400.0,9351.08,9400.0,3.4457
2026-03-30T05:54:31Z,2039078462,1562,Dievča našlo starú knihu v knižnici.,36,44,1,49.8047,0.043967,0.390625,0.601562,0.498047,0.039788,0.390625,0.617188,0.006316,0.027909,0.004727,1,49.8749,7.992289,234.298,0.819382,1,0.285576,1,4,16,0.015625,0.000692,-0.006889,0.007199,C-accelerated,137870.89,136900.0,3701.01,3900.0,1.4244
2026-03-30T05:54:31Z,2039078462,1563,Most cez rieku bol pokrytý hmlou.,33,44,1,50.2319,0.045704,0.390625,0.617188,0.502319,0.040985,0.414062,0.601562,0.006208,0.030809,0.004693,1,50.177,7.991079,270.65,0.239259,1,0.194731,1,4,16,0.015625,0.000309,0.006402,0.004846,C-accelerated,134763.78,134100.0,2087.07,2700.0,1.0067
2026-03-30T05:54:31Z,2039078462,1564,Na kopci stála opustená veža.,29,44,1,49.8596,0.045296,0.390625,0.625,0.498596,0.046583,0.390625,0.609375,0.006247,0.027908,0.004782,1,49.9725,7.991772,250.403,0.56955,1,0.085251,1,4,16,0.015625,0.007646,0.004533,-0.004856,C-accelerated,134548.67,134550.0,1485.79,1900.0,0.7061
2026-03-30T05:54:31Z,2039078462,1565,Ranné slnko osvetlilo malé námestie.,36,44,1,49.9573,0.045537,0.398438,0.65625,0.499573,0.043447,0.40625,0.617188,0.006212,0.031474,0.004681,1,49.7955,7.990151,299.881,0.028031,0,0.038545,1,4,16,0.015625,0.011133,-0.006506,-0.0109,C-accelerated,136067.78,135900.0,1082.35,1000.0,0.3679
2026-03-30T05:54:31Z,2039078462,1566,Loď sa pomaly pohybovala po jazere.,35,44,1,50.3418,0.043154,0.382812,0.640625,0.503418,0.045583,0.382812,0.640625,0.006251,0.030445,0.004634,1,50.119,7.990659,284.986,0.095384,1,0.17274,1,4,16,0.015625,-0.001158,-0.001665,0.006631,C-accelerated,134489.33,134000.0,2852.55,3975.0,1.4832
2026-03-30T05:54:31Z,2039078462,1567,Starý muž písal poznámky do denníka.,36,44,1,49.7009,0.046293,0.375,0.609375,0.497009,0.044721,0.367188,0.609375,0.006223,0.029286,0.004623,1,49.881,7.991146,266.927,0.291327,1,0.920254,1,4,16,0.015625,0.008291,-0.007342,0.009655,C-accelerated,139168.0,135700.0,9280.36,7175.0,2.6437
2026-03-30T05:54:31Z,2039078462,1568,Cesta zmizla medzi stromami.,28,44,1,49.9329,0.046916,0.390625,0.617188,0.499329,0.040489,0.40625,0.609375,0.00619,0.031615,0.004698,1,49.9084,7.992419,232.204,0.844097,1,0.193095,1,4,16,0.015625,0.006844,0.002208,-0.004637,C-accelerated,135787.78,135600.0,1415.69,1100.0,0.4056
2026-03-30T05:54:31Z,2039078462,1569,Nad dolinou sa objavili tmavé oblaky.,37,44,1,49.8901,0.044653,0.398438,0.601562,0.498901,0.045968,0.390625,0.640625,0.006222,0.030462,0.004725,1,50.0824,7.992653,223.616,0.922394,1,0.841303,1,4,16,0.015625,-0.004031,-0.011644,-0.006307,C-accelerated,145795.33,141750.0,9950.29,13175.0,4.6473
2026-03-30T05:54:31Z,2039078462,1570,Tichý vietor prešiel cez pole.,30,44,1,49.9634,0.04509,0.375,0.640625,0.499634,0.039413,0.40625,0.640625,0.006216,0.029342,0.004706,1,49.9115,7.992191,238.348,0.765584,1,0.848767,1,4,16,0.015625,-0.008595,0.002256,0.007962,C-accelerated,135915.56,136000.0,1054.0,975.0,0.3585
2026-03-30T05:54:31Z,2039078462,1571,Chlapec objavil tajné dvere v dome.,35,44,1,49.5789,0.046115,0.375,0.617188,0.495789,0.045143,0.375,0.601562,0.006272,0.030603,0.004715,1,49.9634,7.991973,243.025,0.694671,1,0.274959,1,4,16,0.015625,0.000227,0.003491,0.002199,C-accelerated,137231.56,134100.0,7279.39,5475.0,2.0414
2026-03-30T05:54:31Z,2039078462,1572,Sova sedela na starom dube.,27,44,1,49.9329,0.046824,0.390625,0.617188,0.499329,0.043367,0.382812,0.609375,0.006221,0.032961,0.004733,1,49.7375,7.992263,234.857,0.812424,1,0.731413,1,4,16,0.015625,0.006595,-0.012011,0.001675,C-accelerated,134005.33,134000.0,1543.85,2600.0,0.9701
2026-03-30T05:54:31Z,2039078462,1573,Rieka sa leskla v mesačnom svetle.,34,44,1,50.1038,0.04067,0.40625,0.617188,0.501038,0.046848,0.351562,0.609375,0.006281,0.033437,0.00476,1,49.1943,7.991288,266.927,0.291327,1,0.459947,1,4,16,0.015625,0.007487,0.003366,-0.004111,C-accelerated,142597.78,140250.0,7976.69,8750.0,3.1194
2026-03-30T05:54:31Z,2039078462,1574,Mesto bolo pokojné po daždi.,28,44,1,49.6765,0.043875,0.367188,0.632812,0.496765,0.039093,0.382812,0.601562,0.006363,0.031253,0.004745,1,49.7925,7.990859,277.981,0.154369,1,0.573746,1,4,16,0.015625,-0.002868,-0.003579,-0.013196,C-accelerated,134385.11,134500.0,1623.43,1600.0,0.5948
2026-03-30T05:54:31Z,2039078462,1575,Cestovateľ sledoval hviezdy na oblohe.,38,44,1,50.0183,0.043569,0.382812,0.609375,0.500183,0.043885,0.382812,0.609375,0.006195,0.028876,0.004655,1,50.2319,7.991494,257.827,0.438719,1,0.162467,1,4,16,0.015625,-0.00337,0.015157,0.000939,C-accelerated,134188.22,133900.0,2251.04,2600.0,0.9709
2026-03-30T05:54:31Z,2039078462,1576,Zvon kostola zaznel v diaľke.,29,44,1,49.4141,0.041992,0.382812,0.585938,0.494141,0.041271,0.414062,0.625,0.006288,0.029057,0.004796,1,50.0488,7.990907,276.887,0.165504,1,0.260553,1,4,16,0.015625,-0.003059,0.002303,-0.001299,C-accelerated,143054.67,140150.0,7130.56,6375.0,2.2743
2026-03-30T05:54:31Z,2039078462,1577,Lesná cesta bola úzka a tmavá.,30,44,1,50.1099,0.041163,0.414062,0.609375,0.501099,0.043407,0.398438,0.601562,0.006177,0.03259,0.004635,1,50.2258,7.99117,268.742,0.265233,1,0.013713,1,4,16,0.015625,0.002401,-0.00779,-0.00655,C-accelerated,139180.0,137250.0,5335.48,6175.0,2.2495
2026-03-30T05:54:31Z,2039078462,1578,Starý vlak prešiel cez most.,28,44,1,50.0854,0.045546,0.367188,0.601562,0.500854,0.039139,0.421875,0.609375,0.00618,0.030406,0.004694,1,50.9003,7.990774,278.889,0.145535,1,0.208185,1,4,16,0.015625,0.001805,-0.01116,-0.000656,C-accelerated,138343.78,137400.0,5069.16,5175.0,1.8832
2026-03-30T05:54:31Z,2039078462,1579,Satul liniștit dormea sub cerul nopții.,39,44,1,50.0,0.043509,0.375,0.59375,0.5,0.044848,0.375,0.617188,0.006217,0.028318,0.004674,1,49.7742,7.992108,238.953,0.756904,1,0.897581,1,4,16,0.015625,-0.000521,-0.004283,0.003596,C-accelerated,136187.56,136100.0,1043.72,600.0,0.2204
2026-03-30T05:54:31Z,2039078462,1580,Un călător mergea pe drumul lung.,33,44,1,49.9817,0.042807,0.367188,0.601562,0.499817,0.04421,0.382812,0.617188,0.006243,0.029886,0.004727,1,49.8413,7.990227,298.927,0.030564,0,0.647195,1,4,16,0.015625,-0.001195,0.005548,0.002423,C-accelerated,134678.44,134600.0,1154.53,1475.0,0.5479
2026-03-30T05:54:31Z,2039078462,1581,Vântul aducea miros de pădure.,30,44,1,50.1465,0.045833,0.375,0.609375,0.501465,0.038925,0.390625,0.617188,0.006171,0.031573,0.004743,1,50.0122,7.991847,246.284,0.640892,1,0.111321,1,4,16,0.015625,-0.008758,-0.004203,0.004808,C-accelerated,140038.44,137200.0,8035.11,4800.0,1.7493
2026-03-30T05:54:31Z,2039078462,1582,O fată citea lângă fereastră.,29,44,1,49.5361,0.043547,0.382812,0.59375,0.495361,0.043961,0.382812,0.617188,0.006266,0.033663,0.004734,1,49.9237,7.991307,265.949,0.305907,1,0.246678,1,4,16,0.015625,0.006246,-0.005173,0.004166,C-accelerated,133560.22,133600.0,1664.28,2600.0,0.9731
2026-03-30T05:54:31Z,2039078462,1583,Un far veghea marea întunecată.,31,44,1,49.8535,0.042362,0.390625,0.617188,0.498535,0.038925,0.40625,0.601562,0.006261,0.031617,0.004671,1,49.9908,7.991845,248.541,0.602131,1,0.462847,1,4,16,0.015625,-0.000897,-0.003312,-0.001412,C-accelerated,139490.22,135200.0,10689.06,4075.0,1.507
2026-03-30T05:54:31Z,2039078462,1584,Barca veche plutea pe lac.,26,44,1,50.0122,0.045449,0.351562,0.59375,0.500122,0.046095,0.367188,0.609375,0.006194,0.030637,0.004704,1,49.9054,7.99172,252.172,0.538301,1,0.37523,1,4,16,0.015625,-0.001775,0.005286,-0.00466,C-accelerated,134830.0,134750.0,1796.3,1500.0,0.5566
2026-03-30T05:54:31Z,2039078462,1585,O lumină apărea pe deal.,24,44,1,50.1831,0.044243,0.398438,0.65625,0.501831,0.041311,0.328125,0.609375,0.006251,0.029239,0.004729,1,49.8688,7.991412,262.9,0.353557,1,0.593384,1,4,16,0.015625,-0.009569,0.001291,-0.011873,C-accelerated,135780.44,135600.0,1135.83,1100.0,0.4056
2026-03-30T05:54:31Z,2039078462,1586,Ploaia cădea încet peste oraș.,30,44,1,49.3896,0.048159,0.382812,0.609375,0.493896,0.044762,0.398438,0.65625,0.006204,0.032358,0.004707,1,50.1129,7.992173,236.439,0.791893,1,0.620035,1,4,16,0.015625,-0.000875,0.005345,-0.002108,C-accelerated,150942.0,136300.0,29648.97,19650.0,7.2084
2026-03-30T05:54:31Z,2039078462,1587,Un băiat găsi o cheie veche.,28,44,1,50.2991,0.041468,0.40625,0.601562,0.502991,0.041341,0.398438,0.609375,0.006167,0.030373,0.004626,1,49.7772,7.991515,258.944,0.419474,1,0.052925,1,4,16,0.015625,-0.001472,0.010164,-0.011236,C-accelerated,155686.89,167450.0,15864.38,31700.0,9.4655
2026-03-30T05:54:31Z,2039078462,1588,Stelele străluceau peste munți.,31,44,1,49.3347,0.046825,0.359375,0.609375,0.493347,0.044496,0.382812,0.601562,0.006186,0.028582,0.004692,1,49.8138,7.991734,251.031,0.558471,1,0.123599,1,4,16,0.015625,0.000975,-0.015757,-0.014496,C-accelerated,138707.78,138400.0,1374.11,1200.0,0.4335
2026-03-30T05:54:31Z,2039078462,1589,Drumul dispărea printre copaci.,31,44,1,49.8779,0.043415,0.359375,0.625,0.498779,0.046635,0.382812,0.617188,0.006243,0.029041,0.004675,1,49.7284,7.992309,233.228,0.832288,1,0.630162,1,4,16,0.015625,-0.000156,-0.00519,0.004147,C-accelerated,140943.33,137700.0,8392.58,9250.0,3.3588
2026-03-30T05:54:31Z,2039078462,1590,Clopotul bisericii suna încet.,30,44,1,50.0244,0.041752,0.375,0.640625,0.500244,0.040758,0.398438,0.632812,0.006316,0.029813,0.004723,1,49.6582,7.991508,257.571,0.44316,1,0.116777,1,4,16,0.015625,0.000815,-0.008972,0.005394,C-accelerated,134875.33,134400.0,2631.48,2400.0,0.8929
2026-03-30T05:54:31Z,2039078462,1591,Ceața acoperea râul dimineața.,30,44,1,49.7009,0.043871,0.398438,0.585938,0.497009,0.037836,0.398438,0.609375,0.006283,0.032414,0.004777,1,50.4181,7.991892,247.377,0.622235,1,0.431512,1,4,16,0.015625,0.010099,0.000677,0.005364,C-accelerated,134274.89,133550.0,1712.31,2300.0,0.8611
2026-03-30T05:54:31Z,2039078462,1592,Un scriitor nota gânduri într-un caiet.,39,44,1,49.7498,0.047761,0.34375,0.617188,0.497498,0.04401,0.398438,0.59375,0.00621,0.035608,0.004666,1,50.235,7.99229,233.856,0.824782,1,0.710004,1,4,16,0.015625,-0.006505,0.004254,0.00573,C-accelerated,133149.33,132700.0,1290.6,2400.0,0.9043
2026-03-30T05:54:31Z,2039078462,1593,Casa veche scârțâia în vânt.,28,44,1,49.6277,0.044762,0.398438,0.609375,0.496277,0.049227,0.351562,0.609375,0.006181,0.03076,0.004711,1,49.8077,7.992942,215.517,0.965452,1,0.42595,1,4,16,0.015625,-0.001856,0.000708,-0.009679,C-accelerated,137732.0,137950.0,3126.88,5600.0,2.0297
2026-03-30T05:54:31Z,2039078462,1595,Un câine mic alerga pe stradă.,30,44,1,50.0671,0.038386,0.40625,0.601562,0.500671,0.043444,0.382812,0.601562,0.006241,0.029785,0.004738,1,49.7009,7.991793,249.868,0.578959,1,0.406814,1,4,16,0.015625,-0.004011,0.009608,-0.004028,C-accelerated,140025.78,138800.0,6266.42,8500.0,3.062
2026-03-30T05:54:31Z,2039078462,1594,Luna se reflecta în apă.,24,44,1,49.3347,0.046692,0.375,0.625,0.493347,0.044109,0.351562,0.625,0.006265,0.030269,0.004752,1,49.7742,7.992095,239.325,0.751485,1,0.035939,1,4,16,0.015625,-0.005553,-0.001441,-0.013941,C-accelerated,134724.89,135100.0,1253.67,2075.0,0.7679
2026-03-30T05:54:31Z,2039078462,1596,Călătorul privea cerul roșu.,28,44,1,50.0061,0.043328,0.398438,0.59375,0.500061,0.045956,0.390625,0.632812,0.006255,0.028487,0.004735,1,50.0,7.992269,237.836,0.772804,1,0.939199,1,4,16,0.015625,0.003206,-0.006921,0.004974,C-accelerated,135146.89,135200.0,1009.78,1100.0,0.4068
2026-03-30T05:54:31Z,2039078462,1597,Satul era liniștit după ploaie.,31,44,1,49.8535,0.044094,0.367188,0.609375,0.498535,0.050108,0.328125,0.625,0.00628,0.032226,0.004789,1,49.8688,7.990399,291.759,0.056523,1,0.350101,1,4,16,0.015625,0.001136,0.005786,-0.005508,C-accelerated,137617.11,136550.0,3596.5,5575.0,2.0414
2026-03-30T05:54:31Z,2039078462,1599,Hiljainen kylä heräsi aamun valoon.,35,44,1,50.2441,0.045363,0.382812,0.617188,0.502441,0.045478,0.328125,0.609375,0.006245,0.031861,0.004707,1,49.9969,7.992121,239.93,0.742556,1,0.815297,1,4,16,0.015625,-0.006368,-0.002386,-0.002411,C-accelerated,148933.33,139950.0,22095.52,12525.0,4.4748
2026-03-30T05:54:31Z,2039078462,1598,Un tren trecu prin noapte.,26,44,1,50.7996,0.045486,0.390625,0.609375,0.507996,0.041126,0.40625,0.632812,0.00629,0.032354,0.004716,1,49.8627,7.992148,237.929,0.7715,1,0.42043,1,4,16,0.015625,-0.00461,-0.000157,-0.000514,C-accelerated,139090.0,136650.0,6143.41,7575.0,2.7717
2026-03-30T05:54:31Z,2039078462,1600,Matkailija kulki pitkin metsäpolkua.,36,44,1,49.7559,0.047318,0.367188,0.617188,0.497559,0.049946,0.3125,0.59375,0.0062,0.031182,0.004724,1,49.2432,7.991255,266.345,0.299962,1,0.674834,1,4,16,0.015625,0.002507,-0.008224,-0.007024,C-accelerated,135003.33,135000.0,1079.92,1100.0,0.4074
2026-03-30T05:54:31Z,2039078462,1601,Vanha silta ylitti rauhallisen joen.,36,44,1,49.8962,0.046099,0.382812,0.617188,0.498962,0.045327,0.390625,0.632812,0.006305,0.027708,0.004761,1,49.8199,7.989123,329.367,0.001155,0,0.117893,1,4,16,0.015625,0.00165,0.006643,-0.000226,C-accelerated,133808.67,133200.0,1587.17,2400.0,0.9009
2026-03-30T05:54:31Z,2039078462,1602,Tuuli liikkui korkeiden puiden läpi.,36,44,1,49.6582,0.041452,0.40625,0.617188,0.496582,0.040427,0.414062,0.664062,0.006216,0.032137,0.004663,1,49.9603,7.99175,251.171,0.556005,1,0.060337,1,4,16,0.015625,0.001027,-0.002554,0.002278,C-accelerated,149876.67,139250.0,23191.26,17000.0,6.1041
2026-03-30T05:54:31Z,2039078462,1603,Pieni vene kellui järvellä.,27,44,1,49.9939,0.044189,0.382812,0.632812,0.499939,0.044092,0.390625,0.632812,0.006235,0.027616,0.00468,1,50.2838,7.989794,312.983,0.00767,0,0.471609,1,4,16,0.015625,-0.004454,-0.002773,-0.008795,C-accelerated,150615.56,139250.0,30205.4,10000.0,3.5907
2026-03-30T05:54:31Z,2039078462,1604,Poika löysi vanhan kartan ullakolta.,36,44,1,50.4333,0.041671,0.382812,0.601562,0.504333,0.039834,0.429688,0.609375,0.006278,0.030631,0.004703,1,49.7009,7.991238,267.322,0.285529,1,0.660957,1,4,16,0.015625,0.004977,0.007083,-0.002732,C-accelerated,134741.78,134600.0,1253.82,1500.0,0.5572
2026-03-30T05:54:31Z,2039078462,1605,Majakka seisoi yksin meren rannalla.,36,44,1,50.0366,0.042397,0.367188,0.625,0.500366,0.04475,0.351562,0.609375,0.006292,0.028318,0.004733,1,49.884,7.991419,259.037,0.417881,1,0.897581,1,4,16,0.015625,0.003314,0.005267,-0.000892,C-accelerated,135430.89,135300.0,1391.48,1800.0,0.6652
2026-03-30T05:54:31Z,2039078462,1606,Yö oli kirkas ja täynnä tähtiä.,31,44,1,49.823,0.045305,0.375,0.632812,0.49823,0.046632,0.367188,0.671875,0.0062,0.03345,0.004724,1,49.8413,7.991375,263.226,0.348319,1,0.931616,1,4,16,0.015625,0.007463,-0.005357,0.000779,C-accelerated,133842.44,133400.0,1670.18,2700.0,1.012
2026-03-30T05:54:31Z,2039078462,1607,Sumu peitti laakson aamulla.,28,44,1,49.8413,0.040915,0.382812,0.609375,0.498413,0.037114,0.390625,0.632812,0.006199,0.030227,0.00465,1,50.4211,7.991791,250.1,0.574872,1,0.532287,1,4,16,0.015625,-0.006693,-0.001442,0.004748,C-accelerated,136138.22,135500.0,3129.54,4650.0,1.7159
2026-03-30T05:54:31Z,2039078462,1608,Kello soi hiljaa kirkossa.,26,44,1,49.6765,0.051365,0.375,0.648438,0.496765,0.043766,0.367188,0.601562,0.006163,0.031888,0.004713,1,49.9207,7.992085,242.141,0.708708,1,0.465758,1,4,16,0.015625,0.005233,-0.009338,0.002161,C-accelerated,135274.67,134800.0,1506.56,2800.0,1.0386
2026-03-30T05:54:31Z,2039078462,1609,Vanha talo seisoi mäen päällä.,30,44,1,49.7253,0.045665,0.382812,0.640625,0.497253,0.040731,0.398438,0.601562,0.006236,0.031936,0.004685,1,50.0885,7.992181,236.742,0.787833,1,0.756656,1,4,16,0.015625,0.00955,0.005282,0.003728,C-accelerated,139314.89,136800.0,7377.02,9600.0,3.5088
2026-03-30T05:54:31Z,2039078462,1610,Polku katosi tiheään metsään.,29,44,1,50.531,0.044772,0.40625,0.625,0.50531,0.047661,0.398438,0.632812,0.006245,0.035273,0.004687,1,49.9176,7.990882,280.052,0.134742,1,0.586804,1,4,16,0.015625,-0.013277,0.009178,0.014494,C-accelerated,149023.33,138200.0,31101.69,6500.0,2.3517
2026-03-30T05:54:31Z,2039078462,1611,Lintujen laulu täytti ilman.,28,44,1,50.1404,0.044166,0.375,0.632812,0.501404,0.037953,0.398438,0.59375,0.006251,0.03175,0.004652,1,49.2828,7.991128,271.116,0.233159,1,0.613323,1,4,16,0.015625,-0.001086,-0.002737,0.006706,C-accelerated,133759.11,133000.0,2220.21,2600.0,0.9774
2026-03-30T05:54:31Z,2039078462,1612,Matkailija kirjoitti päiväkirjaan.,34,44,1,49.9878,0.040665,0.375,0.59375,0.499878,0.040501,0.421875,0.617188,0.00618,0.028987,0.004657,1,49.649,7.992674,223.197,0.925296,1,0.445601,1,4,16,0.015625,-0.006734,-0.007892,-0.003664,C-accelerated,135910.44,136100.0,1878.37,3000.0,1.1021
2026-03-30T05:54:31Z,2039078462,1613,Sade alkoi hiljaa kylässä.,26,44,1,49.7375,0.041378,0.398438,0.601562,0.497375,0.049162,0.359375,0.632812,0.006135,0.033848,0.004609,1,49.9023,7.991406,261.155,0.382146,1,1.0,1,4,16,0.015625,-0.00731,0.003388,0.00983,C-accelerated,136988.89,136900.0,996.87,1100.0,0.4018
2026-03-30T05:54:31Z,2039078462,1614,Kissa istui ikkunalaudalla.,27,44,1,50.9949,0.041475,0.40625,0.664062,0.509949,0.042988,0.40625,0.648438,0.006165,0.032818,0.004668,1,49.9084,7.991997,245.423,0.655387,1,0.02025,1,4,16,0.015625,-0.000398,0.015807,-0.00603,C-accelerated,133677.56,133700.0,1454.12,2500.0,0.9349
2026-03-30T05:54:31Z,2039078462,1615,Järvi oli tyyni kuin peili.,27,44,1,50.0671,0.04298,0.390625,0.601562,0.500671,0.047301,0.390625,0.585938,0.006276,0.033658,0.0047,1,50.0641,7.991593,254.545,0.496254,1,0.570503,1,4,16,0.015625,0.008661,0.001095,0.004521,C-accelerated,133818.22,133400.0,1959.39,2700.0,1.012
2026-03-30T05:54:31Z,2039078462,1616,Aurinko nousi vuorten takaa.,28,44,1,50.3662,0.044815,0.40625,0.609375,0.503662,0.044042,0.367188,0.625,0.006216,0.030374,0.004698,1,50.1007,7.991852,246.447,0.63813,1,0.483431,1,4,16,0.015625,-0.013283,0.004858,0.002432,C-accelerated,135087.33,134600.0,2485.86,1900.0,0.7058
2026-03-30T05:54:31Z,2039078462,1617,Kaukainen juna kulki tunnelin läpi.,35,44,1,49.9268,0.040869,0.398438,0.59375,0.499268,0.043261,0.390625,0.625,0.006224,0.028444,0.004682,1,49.765,7.990901,276.189,0.172892,1,0.252559,1,4,16,0.015625,0.004532,-0.004151,0.012041,C-accelerated,138583.33,136250.0,6615.07,4750.0,1.7431
2026-03-30T05:54:31Z,2039078462,1618,Hiljainen tuuli puhalsi pellolla.,33,44,1,49.4507,0.045,0.398438,0.625,0.494507,0.04326,0.390625,0.59375,0.006268,0.035038,0.004718,1,50.0122,7.991802,248.029,0.611006,1,0.745804,1,4,16,0.015625,-0.00643,0.002767,0.001482,C-accelerated,134750.22,134450.0,2316.94,3175.0,1.1807
2026-03-30T05:54:31Z,2039078462,1619,Tichá vesnice ležela pod mlhou.,31,44,1,49.9878,0.042151,0.367188,0.601562,0.499878,0.044064,0.40625,0.609375,0.006254,0.030395,0.004712,1,49.9329,7.993021,211.677,0.977746,1,0.969577,1,4,16,0.015625,0.009984,-0.008908,0.017914,C-accelerated,133765.33,133300.0,1309.03,2300.0,0.8627
2026-03-30T05:54:31Z,2039078462,1620,Starý poutník kráčel po cestě.,30,44,1,49.7681,0.046202,0.367188,0.625,0.497681,0.043304,0.390625,0.601562,0.006289,0.034341,0.004744,1,49.3591,7.991669,253.382,0.516856,1,0.147264,1,4,16,0.015625,-0.007353,0.003739,0.003371,C-accelerated,150200.0,143300.0,16891.54,20475.0,7.1441
2026-03-30T05:54:31Z,2039078462,1621,V lese šuměl studený vítr.,26,44,1,50.3906,0.043826,0.390625,0.59375,0.503906,0.047542,0.375,0.65625,0.006252,0.035179,0.004773,1,49.9512,7.991708,251.683,0.546953,1,0.996196,1,4,16,0.015625,0.002872,-0.004782,0.003262,C-accelerated,146406.22,136500.0,23643.9,9375.0,3.4341
2026-03-30T05:54:31Z,2039078462,1622,Dívka našla starou knihu.,25,44,1,50.708,0.042505,0.359375,0.609375,0.50708,0.048852,0.367188,0.609375,0.006198,0.033473,0.004635,1,50.2411,7.991061,270.417,0.242344,1,0.454178,1,4,16,0.015625,0.001937,-0.009012,0.001412,C-accelerated,134358.22,134000.0,2348.52,3275.0,1.222
2026-03-30T05:54:31Z,2039078462,1623,Řeka pomalu tekla údolím.,25,44,1,50.3479,0.04492,0.367188,0.640625,0.503479,0.043496,0.398438,0.59375,0.006157,0.031633,0.004653,1,50.296,7.991138,268.276,0.271798,1,0.782161,1,4,16,0.015625,-0.011305,0.006696,0.007158,C-accelerated,133694.67,133200.0,1557.84,2300.0,0.8634
2026-03-30T05:54:31Z,2039078462,1624,Na kopci stála opuštěná věž.,28,44,1,49.0845,0.04351,0.375,0.625,0.490845,0.040396,0.40625,0.578125,0.00622,0.03184,0.004675,1,50.3021,7.990928,276.911,0.165261,1,0.935407,1,4,16,0.015625,-0.000534,-0.00045,0.00245,C-accelerated,137408.44,137950.0,3771.5,6300.0,2.2834
2026-03-30T05:54:31Z,2039078462,1625,Ranní slunce osvětlilo střechy domů.,36,44,1,49.8596,0.040092,0.382812,0.601562,0.498596,0.046378,0.40625,0.601562,0.006182,0.028471,0.004687,1,50.0671,7.991277,266.252,0.301356,1,0.643773,1,4,16,0.015625,-0.010207,0.001379,-0.004401,C-accelerated,142180.0,138200.0,12807.75,5900.0,2.1346
2026-03-30T05:54:31Z,2039078462,1627,Zvon kostela zazněl v dálce.,28,44,1,49.9084,0.043031,0.351562,0.601562,0.499084,0.043571,0.328125,0.585938,0.006232,0.02713,0.004625,1,49.7131,7.991517,256.314,0.465095,1,0.186653,1,4,16,0.015625,-0.01388,-0.001224,-0.003428,C-accelerated,134611.11,134300.0,2292.07,3200.0,1.1914
2026-03-30T05:54:31Z,2039078462,1626,Loď se houpala na jezeře.,25,44,1,50.3174,0.042381,0.40625,0.625,0.503174,0.04689,0.382812,0.601562,0.006225,0.029574,0.004742,1,49.8444,7.99157,256.78,0.456946,1,0.442762,1,4,16,0.015625,0.012871,-0.013306,0.011801,C-accelerated,133655.78,133600.0,1510.49,2400.0,0.8982
2026-03-30T05:54:31Z,2039078462,1628,Cesta mizela mezi stromy.,25,44,1,50.6714,0.045572,0.398438,0.617188,0.506714,0.048806,0.367188,0.609375,0.006197,0.030397,0.004654,1,49.5544,7.991675,254.639,0.494608,1,0.468678,1,4,16,0.015625,-0.002093,-0.001929,-0.004642,C-accelerated,134489.78,133700.0,2412.03,3300.0,1.2341
2026-03-30T05:54:31Z,2039078462,1629,Město spalo během tiché noci.,29,44,1,50.0977,0.045638,0.398438,0.632812,0.500977,0.042489,0.382812,0.601562,0.00621,0.034736,0.004738,1,49.8688,7.991587,256.617,0.459795,1,0.532287,1,4,16,0.015625,0.004345,0.011541,0.000227,C-accelerated,150640.0,140750.0,26018.58,12825.0,4.556
2026-03-30T05:54:31Z,2039078462,1631,Dveře starého domu vrzaly.,26,44,1,50.4272,0.045668,0.414062,0.625,0.504272,0.041957,0.398438,0.640625,0.006201,0.030656,0.004646,1,50.2289,7.991413,258.572,0.425864,1,0.206468,1,4,16,0.015625,0.003374,-0.001697,-0.001529,C-accelerated,133682.0,134000.0,1216.94,975.0,0.3638
2026-03-30T05:54:31Z,2039078462,1630,Chlapec objevil starou mapu.,28,44,1,50.1953,0.04308,0.390625,0.617188,0.501953,0.04876,0.40625,0.640625,0.006203,0.032007,0.004693,1,50.6287,7.990855,278.703,0.147318,1,0.347648,1,4,16,0.015625,-0.010812,-0.001197,7.5e-05,C-accelerated,137940.89,137800.0,4576.39,5825.0,2.1136
2026-03-30T05:54:31Z,2039078462,1632,Mlha zahalila most nad řekou.,29,44,1,49.939,0.043296,0.382812,0.625,0.49939,0.041508,0.40625,0.609375,0.006149,0.033199,0.004598,1,49.7986,7.991209,265.251,0.316538,1,0.819,1,4,16,0.015625,-0.002077,0.001827,0.004778,C-accelerated,135356.22,135400.0,1363.68,1875.0,0.6924
2026-03-30T05:54:31Z,2039078462,1633,Hvězdy zářily nad horami.,25,44,1,49.5972,0.040501,0.40625,0.625,0.495972,0.049555,0.367188,0.617188,0.006209,0.029176,0.004703,1,50.1587,7.9917,252.288,0.53624,1,0.763917,1,4,16,0.015625,-0.003236,0.00069,-0.001416,C-accelerated,149897.56,140750.0,23658.87,12200.0,4.3339
2026-03-30T05:54:31Z,2039078462,1634,Starý vlak projel stanicí.,26,44,1,50.6287,0.044464,0.390625,0.625,0.506287,0.040242,0.429688,0.609375,0.006239,0.032198,0.004639,1,50.1221,7.990446,291.247,0.058919,1,0.92404,1,4,16,0.015625,0.003764,-0.008359,-0.000448,C-accelerated,133200.0,132600.0,1478.75,2600.0,0.9804
2026-03-30T05:54:31Z,2039078462,1635,Vítr nesl listí po ulici.,25,44,1,49.5728,0.04342,0.382812,0.601562,0.495728,0.043332,0.390625,0.609375,0.006234,0.031051,0.004692,1,50.1953,7.991311,264.39,0.329886,1,0.1997,1,4,16,0.015625,-0.003515,0.004286,-0.013962,C-accelerated,135233.78,135200.0,2667.72,3200.0,1.1834
2026-03-30T05:54:31Z,2039078462,1636,Světlo lampy svítilo v okně.,28,44,1,50.0183,0.045496,0.40625,0.65625,0.500183,0.040893,0.40625,0.609375,0.006247,0.034018,0.004672,1,49.9756,7.991141,267.392,0.284512,1,0.454178,1,4,16,0.015625,0.000377,0.00498,-0.006933,C-accelerated,134022.0,133450.0,1614.65,1700.0,0.6369
2026-03-30T05:54:31Z,2039078462,1637,Cestovatel sledoval oblohu.,27,44,1,49.7864,0.043418,0.335938,0.601562,0.497864,0.039773,0.398438,0.59375,0.006185,0.032908,0.004679,1,50.119,7.992103,241.536,0.718154,1,0.822708,1,4,16,0.015625,0.013355,-0.000181,-0.001078,C-accelerated,140465.56,137250.0,7242.1,6650.0,2.4226
2026-03-30T05:54:31Z,2039078462,1638,Déšť začal padat na střechy.,28,44,1,49.7864,0.041221,0.375,0.601562,0.497864,0.046371,0.390625,0.59375,0.006193,0.029044,0.004643,1,50.473,7.992642,224.78,0.913905,1,0.396114,1,4,16,0.015625,-0.00196,-0.002294,1.7e-05,C-accelerated,135234.0,135500.0,1253.43,1600.0,0.5904
2026-03-30T05:54:31Z,2039078462,1639,A csendes erdőben egy rejtett ösvény kanyargott.,48,44,1,49.8047,0.04545,0.398438,0.617188,0.498047,0.043366,0.390625,0.625,0.00626,0.033808,0.004712,1,49.9115,7.993358,201.647,0.994146,1,0.194731,1,4,16,0.015625,-0.003626,-0.004353,-0.001233,C-accelerated,133923.78,133500.0,1216.66,1700.0,0.6367
2026-03-30T05:54:31Z,2039078462,1640,A kis tó fölött köd lebegett.,29,44,1,50.3357,0.048502,0.398438,0.632812,0.503357,0.043888,0.40625,0.625,0.006358,0.030999,0.004712,1,50.1892,7.990531,285.452,0.092181,1,0.328421,1,4,16,0.015625,-0.001553,-0.00762,-0.001662,C-accelerated,136489.11,136150.0,2712.17,3400.0,1.2486
2026-03-30T05:54:31Z,2039078462,1641,Egy utazó jegyzeteket írt a naplójába.,38,44,1,50.0549,0.049663,0.34375,0.664062,0.500549,0.046128,0.375,0.578125,0.006373,0.030887,0.004818,1,50.0519,7.991373,260.527,0.392639,1,0.720681,1,4,16,0.015625,-0.001477,-0.004578,-0.00847,C-accelerated,139323.78,136700.0,6912.6,3600.0,1.3168
2026-03-30T05:54:31Z,2039078462,1642,A falusi harang halkan szólt este.,34,44,1,49.9146,0.045494,0.398438,0.632812,0.499146,0.043292,0.382812,0.601562,0.006194,0.030746,0.004691,1,50.0549,7.992266,233.158,0.83311,1,0.138172,1,4,16,0.015625,0.004827,0.010608,0.002317,C-accelerated,136300.22,136000.0,1395.41,1100.0,0.4044
2026-03-30T05:54:31Z,2039078462,1643,A hold ezüst fénye megvilágította az utat.,42,44,1,49.8657,0.045743,0.367188,0.617188,0.498657,0.038535,0.367188,0.59375,0.00614,0.029387,0.00467,1,50.2563,7.991375,264.204,0.332805,1,0.984786,1,4,16,0.015625,0.005979,0.005734,-0.002884,C-accelerated,135019.33,134600.0,2286.98,3100.0,1.1516
2026-03-30T05:54:31Z,2039078462,1644,Egy régi hajó ringott a kikötőben.,34,44,1,49.9817,0.041587,0.382812,0.625,0.499817,0.045549,0.382812,0.59375,0.006354,0.030633,0.004813,1,50.0031,7.991497,259.153,0.415892,1,0.072292,1,4,16,0.015625,0.002188,0.01019,-0.008254,C-accelerated,135290.44,135000.0,1346.62,1400.0,0.5185
2026-03-30T05:54:31Z,2039078462,1645,A hegyek fölött vörös hajnal jelent meg.,40,44,1,49.8657,0.04567,0.398438,0.625,0.498657,0.042096,0.398438,0.609375,0.006172,0.029281,0.004696,1,49.7925,7.992751,220.055,0.944581,1,0.586804,1,4,16,0.015625,-0.004129,-0.005459,0.005741,C-accelerated,141704.67,138000.0,9325.23,7100.0,2.5725
2026-03-30T05:54:31Z,2039078462,1646,Az öreg könyvtár tele volt történetekkel.,41,44,1,50.4272,0.049002,0.375,0.609375,0.504272,0.045574,0.359375,0.617188,0.006193,0.030477,0.004674,1,49.3744,7.991558,257.548,0.443564,1,0.513678,1,4,16,0.015625,-0.009367,-0.005151,0.004939,C-accelerated,136032.44,135800.0,1648.41,2000.0,0.7364
2026-03-30T05:54:31Z,2039078462,1647,Egy kutya követte a vándort az úton.,36,44,1,49.8413,0.047243,0.382812,0.601562,0.498413,0.044713,0.414062,0.625,0.006198,0.032737,0.004731,1,49.9298,7.991199,269.091,0.260368,1,0.442762,1,4,16,0.015625,0.004782,0.00177,-0.006519,C-accelerated,137748.22,135400.0,7082.38,4300.0,1.5879
2026-03-30T05:54:31Z,2039078462,1648,A szél végigsöpört az üres utcán.,33,44,1,49.6399,0.044419,0.359375,0.59375,0.496399,0.048582,0.390625,0.640625,0.006301,0.044147,0.004782,1,49.9695,7.992471,229.015,0.877468,1,0.00658,0,4,16,0.015625,0.001259,-0.004249,0.003203,C-accelerated,139185.56,136500.0,6911.65,6975.0,2.5549
2026-03-30T05:54:31Z,2039078462,1649,Туман повільно сходив над річкою.,33,44,1,51.3306,0.046573,0.398438,0.617188,0.513306,0.046016,0.359375,0.617188,0.00619,0.030761,0.00473,1,49.7284,7.990747,281.169,0.124936,1,0.91647,1,4,16,0.015625,-0.00316,0.001414,-0.016535,C-accelerated,138177.78,138300.0,2854.74,3575.0,1.2925
2026-03-30T05:54:31Z,2039078462,1651,Мандрівник дивився на зоряне небо.,34,44,1,50.3845,0.045334,0.40625,0.625,0.503845,0.042869,0.390625,0.601562,0.006234,0.032462,0.004738,1,49.9939,7.99203,243.817,0.681893,1,0.782161,1,4,16,0.015625,-0.001529,0.009831,-0.005401,C-accelerated,143884.89,135100.0,20042.45,10300.0,3.812
2026-03-30T05:54:31Z,2039078462,1650,Село було тихим після дощу.,27,44,1,49.4507,0.039079,0.367188,0.59375,0.494507,0.042806,0.375,0.609375,0.006242,0.029576,0.004736,1,50.1068,7.991808,249.728,0.581409,1,0.390828,1,4,16,0.015625,0.005895,0.003743,-0.00961,C-accelerated,133917.11,133500.0,1459.1,2300.0,0.8614
2026-03-30T05:54:31Z,2039078462,1652,Старий будинок стояв на пагорбі.,32,44,1,50.1953,0.042702,0.375,0.601562,0.501953,0.045208,0.382812,0.632812,0.006181,0.032094,0.004667,1,49.4781,7.992506,228.433,0.883002,1,0.570503,1,4,16,0.015625,-0.000771,-0.01123,0.002521,C-accelerated,136908.44,136200.0,1942.71,2500.0,0.9178
2026-03-30T05:54:31Z,2039078462,1653,Ліс був темний і глибокий.,26,44,1,49.6277,0.044495,0.367188,0.617188,0.496277,0.042735,0.375,0.617188,0.006209,0.03437,0.004688,1,50.0549,7.992536,225.757,0.906278,1,0.950583,1,4,16,0.015625,0.001478,0.012749,-0.00645,C-accelerated,142778.44,140700.0,9692.72,9200.0,3.2694
2026-03-30T05:54:31Z,2039078462,1655,Далекий дзвін лунав над долиною.,32,44,1,50.5493,0.041055,0.414062,0.617188,0.505493,0.045159,0.34375,0.609375,0.006288,0.029183,0.004729,1,50.0244,7.991564,255.546,0.478592,1,0.350101,1,4,16,0.015625,-0.002629,0.01033,-0.002227,C-accelerated,143901.11,140100.0,8592.1,12175.0,4.3451
2026-03-30T05:54:31Z,2039078462,1654,Маленький човен рухався по воді.,32,44,1,50.0977,0.041305,0.414062,0.609375,0.500977,0.044495,0.382812,0.609375,0.00622,0.028079,0.004679,1,49.5483,7.991564,257.105,0.451259,1,0.830134,1,4,16,0.015625,0.001303,0.0,-0.002411,C-accelerated,133170.67,132600.0,1601.73,2100.0,0.7919
2026-03-30T05:54:31Z,2039078462,1656,Вітер гойдав гілки дерев.,25,44,1,50.0854,0.041699,0.390625,0.601562,0.500854,0.043534,0.390625,0.625,0.006254,0.030277,0.004752,1,50.2167,7.991219,268.812,0.264256,1,0.778502,1,4,16,0.015625,0.013341,-0.000461,0.004827,C-accelerated,135470.0,135500.0,1239.72,1300.0,0.4797
2026-03-30T05:54:31Z,2039078462,1657,Дорога губилася серед полів.,28,44,1,50.0,0.043399,0.351562,0.59375,0.5,0.044334,0.398438,0.59375,0.0063,0.028778,0.004765,1,50.1068,7.993361,203.159,0.992709,1,0.557621,1,4,16,0.015625,0.000497,0.005081,-0.007458,C-accelerated,148375.78,145650.0,9833.61,16175.0,5.5527
2026-03-30T05:54:31Z,2039078462,1658,Ліхтар світив у нічному тумані.,31,44,1,50.8118,0.043349,0.375,0.617188,0.508118,0.043393,0.382812,0.601562,0.006225,0.028317,0.004655,1,50.1312,7.991834,248.308,0.606171,1,0.560828,1,4,16,0.015625,0.005401,-0.001369,0.002442,C-accelerated,134687.33,134900.0,1261.28,1200.0,0.4448
2026-03-30T05:54:31Z,2039078462,1659,Tichá noc zahalila staré mesto.,31,44,1,49.4568,0.046952,0.375,0.617188,0.494568,0.045987,0.375,0.609375,0.006196,0.033984,0.004688,1,50.2014,7.992055,241.327,0.721393,1,0.800525,1,4,16,0.015625,0.006024,-0.009596,0.000763,C-accelerated,140556.22,137600.0,7146.0,8275.0,3.0069
2026-03-30T05:54:31Z,2039078462,1660,Cestovateľ našiel starý most.,29,44,1,50.3601,0.04084,0.390625,0.609375,0.503601,0.041626,0.390625,0.632812,0.006261,0.033517,0.004791,1,49.8108,7.992623,223.965,0.919914,1,0.457057,1,4,16,0.015625,0.005416,-0.00079,-0.001432,C-accelerated,134644.89,134600.0,1334.51,2175.0,0.8079
2026-03-30T05:54:31Z,2039078462,1661,Rieka tiekla pomaly medzi stromami.,35,44,1,50.2319,0.042076,0.367188,0.609375,0.502319,0.045964,0.382812,0.617188,0.006208,0.031027,0.004731,1,49.7131,7.99251,226.502,0.900157,1,0.87875,1,4,16,0.015625,-0.005967,0.000846,0.000224,C-accelerated,140816.22,137600.0,8686.29,8375.0,3.0432
2026-03-30T05:54:31Z,2039078462,1662,Chlapec počúval vietor v lese.,30,44,1,50.5371,0.044632,0.414062,0.609375,0.505371,0.044696,0.398438,0.648438,0.006238,0.033686,0.004754,1,49.826,7.990818,279.121,0.143329,1,0.149944,1,4,16,0.015625,-0.000219,-0.003851,-0.013733,C-accelerated,144423.33,135100.0,20845.22,10750.0,3.9785
2026-03-30T05:54:31Z,2039078462,1664,Hmla pokryla celé údolie.,25,44,1,49.9695,0.042951,0.390625,0.601562,0.499695,0.044414,0.359375,0.632812,0.006228,0.027703,0.004674,1,50.1282,7.991375,262.528,0.359583,1,0.309897,1,4,16,0.015625,-0.005096,0.001399,-0.006466,C-accelerated,134618.0,134600.0,1029.72,900.0,0.3343
2026-03-30T05:54:31Z,2039078462,1663,Starý dom stál pri ceste.,25,44,1,50.061,0.043789,0.359375,0.59375,0.50061,0.044125,0.398438,0.617188,0.006204,0.030654,0.00469,1,50.1617,7.991549,258.409,0.428668,1,0.208185,1,4,16,0.015625,-0.010223,0.006557,-0.003533,C-accelerated,138084.89,135750.0,5884.46,5100.0,1.8785
2026-03-30T05:54:31Z,2039078462,1665,Zvon zaznel nad dedinou.,24,44,1,50.0183,0.048204,0.398438,0.625,0.500183,0.046245,0.375,0.601562,0.006236,0.038201,0.004741,1,49.8657,7.992997,213.05,0.973843,1,0.216929,1,4,16,0.015625,-0.007042,-0.004041,0.00803,C-accelerated,141232.67,138550.0,7828.21,8300.0,2.9953
2026-03-30T05:54:31Z,2039078462,1666,Cesta bola prázdna a tichá.,27,44,1,50.8667,0.035483,0.390625,0.601562,0.508667,0.041296,0.382812,0.625,0.006225,0.031524,0.00473,1,49.588,7.991306,267.415,0.284173,1,0.224113,1,4,16,0.015625,0.003065,-0.009028,0.004368,C-accelerated,143391.78,134500.0,20995.12,7725.0,2.8717
2026-03-30T05:54:31Z,2039078462,1667,Loď sa kolísala na jazere.,26,44,1,49.9634,0.046177,0.359375,0.609375,0.499634,0.045689,0.382812,0.601562,0.006242,0.031892,0.004715,1,50.3052,7.992342,233.484,0.829254,1,0.544881,1,4,16,0.015625,-0.005175,0.001861,0.009246,C-accelerated,133936.89,133700.0,1408.0,1700.0,0.6358
2026-03-30T05:54:31Z,2039078462,1668,Hviezdy svietili nad horami.,28,44,1,50.4211,0.040723,0.359375,0.59375,0.504211,0.04224,0.414062,0.601562,0.006222,0.031908,0.004702,1,49.8596,7.991929,246.26,0.641286,1,0.03309,1,4,16,0.015625,-0.002954,0.009779,0.001292,C-accelerated,135084.44,135050.0,2356.58,3675.0,1.3606
2026-03-30T05:54:31Z,2039078462,1669,Satul mic era liniștit sub lună.,32,44,1,49.6765,0.044243,0.40625,0.585938,0.496765,0.039542,0.382812,0.625,0.00619,0.030267,0.004658,1,49.5026,7.991493,260.294,0.39655,1,0.203063,1,4,16,0.015625,0.00191,0.001002,0.002403,C-accelerated,138720.67,137650.0,3629.8,5700.0,2.0705
2026-03-30T05:54:31Z,2039078462,1670,Drumul lung mergea printre câmpuri.,35,44,1,49.9939,0.049183,0.390625,0.625,0.499939,0.04407,0.390625,0.609375,0.006246,0.028163,0.004714,1,49.8444,7.991352,266.065,0.304153,1,0.462847,1,4,16,0.015625,0.002918,-0.009656,0.007971,C-accelerated,143473.11,135000.0,20066.46,9075.0,3.3611
2026-03-30T05:54:31Z,2039078462,1671,Un bătrân privea focul în tăcere.,33,44,1,49.4202,0.043325,0.367188,0.625,0.494202,0.047544,0.382812,0.625,0.006288,0.032115,0.004751,1,50.0214,7.992655,224.663,0.914782,1,0.927827,1,4,16,0.015625,0.001072,-0.000639,-0.0088,C-accelerated,134093.11,133800.0,1573.3,2200.0,0.8221
2026-03-30T05:54:31Z,2039078462,1672,Vântul adia printre copaci.,27,44,1,49.9023,0.035974,0.40625,0.578125,0.499023,0.039644,0.382812,0.648438,0.006207,0.030151,0.004705,1,50.3937,7.991643,252.707,0.528817,1,0.314462,1,4,16,0.015625,-0.001176,0.008985,-0.004327,C-accelerated,135339.33,135100.0,2279.51,3300.0,1.2213
2026-03-30T05:54:31Z,2039078462,1673,O lumină apărea la fereastră.,29,44,1,49.9512,0.044073,0.390625,0.632812,0.499512,0.048522,0.367188,0.625,0.0062,0.028811,0.004625,1,49.6643,7.990447,288.803,0.071518,1,0.119017,1,4,16,0.015625,0.002452,0.001233,-0.001147,C-accelerated,142200.89,138400.0,9249.66,7900.0,2.854
2026-03-30T05:54:31Z,2039078462,1674,Râul curgea încet prin vale.,28,44,1,50.5005,0.0486,0.367188,0.632812,0.505005,0.044961,0.398438,0.601562,0.006112,0.028841,0.004626,1,49.9359,7.991569,257.571,0.44316,1,0.643773,1,4,16,0.015625,-0.008517,-0.006329,-0.012924,C-accelerated,168709.56,141050.0,44862.82,73800.0,26.1609
2026-03-30T05:54:31Z,2039078462,1675,Un copil asculta ploaia.,24,44,1,50.6836,0.045638,0.40625,0.601562,0.506836,0.040888,0.375,0.609375,0.006227,0.030889,0.004702,1,49.7559,7.991983,243.398,0.688682,1,0.599997,1,4,16,0.015625,7.1e-05,0.000769,0.010607,C-accelerated,149754.0,139550.0,23365.75,17025.0,6.1
2026-03-30T05:54:31Z,2039078462,1676,Stelele erau clare pe cer.,26,44,1,49.6826,0.044479,0.390625,0.632812,0.496826,0.037422,0.390625,0.585938,0.006279,0.029092,0.004701,1,49.9847,7.992606,223.313,0.924498,1,0.13441,1,4,16,0.015625,-0.004008,0.003185,-0.003808,C-accelerated,136393.11,135900.0,2759.46,3550.0,1.3061
2026-03-30T05:54:31Z,2039078462,1677,Casa veche părea pustie.,24,44,1,50.0244,0.044462,0.40625,0.617188,0.500244,0.047481,0.40625,0.640625,0.006137,0.030171,0.004644,1,49.9176,7.990466,290.897,0.0606,1,0.837576,1,4,16,0.015625,0.003755,0.010846,-0.012308,C-accelerated,136948.0,136000.0,3471.46,4375.0,1.6085
2026-03-30T05:54:31Z,2039078462,1678,Trenul trecu prin noapte.,25,44,1,50.5066,0.041714,0.382812,0.601562,0.505066,0.048363,0.375,0.625,0.006322,0.036374,0.00474,1,50.4181,7.990882,277.446,0.159751,1,0.811598,1,4,16,0.015625,-0.003736,-0.013872,0.010855,C-accelerated,144207.56,135450.0,21418.04,7700.0,2.8424
2026-03-30T05:54:31Z,2039078462,1679,Hiljainen polku johti syvälle metsään.,38,44,1,49.4202,0.046418,0.382812,0.601562,0.494202,0.038512,0.398438,0.59375,0.00626,0.031862,0.004667,1,50.3296,7.991969,244.259,0.674668,1,0.782161,1,4,16,0.015625,0.007225,-0.006413,-0.000588,C-accelerated,146647.78,135900.0,23514.36,10400.0,3.8263
2026-03-30T05:54:31Z,2039078462,1680,Vanha vene liikkui hitaasti vedessä.,36,44,1,49.6582,0.043419,0.398438,0.609375,0.496582,0.047559,0.382812,0.671875,0.006257,0.027341,0.0047,1,49.5087,7.99069,283.753,0.104283,1,0.599997,1,4,16,0.015625,-0.005141,0.009908,-0.003027,C-accelerated,134720.44,135200.0,2130.48,3000.0,1.1095
2026-03-30T05:54:31Z,2039078462,1681,Kylä oli rauhallinen sateen jälkeen.,36,44,1,50.3845,0.047592,0.367188,0.617188,0.503845,0.040442,0.40625,0.59375,0.006218,0.02942,0.004693,1,49.5819,7.992126,240.279,0.737337,1,0.573746,1,4,16,0.015625,0.0009,0.005792,0.002744,C-accelerated,138415.33,137300.0,3906.51,6075.0,2.2123
2026-03-30T05:54:31Z,2039078462,1682,Pieni valo näkyi mäellä.,24,44,1,49.9634,0.044268,0.40625,0.625,0.499634,0.047056,0.34375,0.640625,0.006136,0.028733,0.004639,1,49.942,7.992517,226.781,0.897791,1,0.061652,1,4,16,0.015625,0.005173,0.006895,-0.009561,C-accelerated,144100.44,135000.0,21032.27,9600.0,3.5556
2026-03-30T05:54:31Z,2039078462,1683,Tuuli liikkui järven yli.,25,44,1,49.3958,0.043071,0.351562,0.601562,0.493958,0.038869,0.390625,0.585938,0.006347,0.03111,0.004798,1,49.9847,7.991644,255.081,0.486798,1,0.314462,1,4,16,0.015625,0.0009,-0.005205,0.008225,C-accelerated,133547.78,133200.0,1697.33,2100.0,0.7883
2026-03-30T05:54:31Z,2039078462,1684,Matkailija pysähtyi katsomaan tähtiä.,37,44,1,50.5859,0.043487,0.414062,0.625,0.505859,0.044291,0.398438,0.625,0.006193,0.032133,0.004692,1,49.8566,7.990789,278.982,0.14465,1,0.294266,1,4,16,0.015625,-0.018056,0.012249,0.001669,C-accelerated,138724.67,136050.0,6760.33,5900.0,2.1683
2026-03-30T05:54:31Z,2039078462,1685,Vanha torni näkyi kaukaa.,25,44,1,50.4517,0.041783,0.398438,0.609375,0.504517,0.040778,0.390625,0.59375,0.006238,0.03027,0.004665,1,50.3204,7.991073,269.836,0.250157,1,0.21871,1,4,16,0.015625,0.004251,-0.005364,0.001379,C-accelerated,135656.89,135400.0,1547.37,1475.0,0.5447
2026-03-30T05:54:31Z,2039078462,1686,Sumu nousi pellolta.,20,44,1,50.0488,0.042497,0.390625,0.640625,0.500488,0.03807,0.40625,0.609375,0.006175,0.032323,0.004661,1,50.1282,7.991488,259.177,0.415494,1,0.654061,1,4,16,0.015625,0.016816,0.001018,0.010501,C-accelerated,133846.89,133500.0,1609.73,2375.0,0.8895
2026-03-30T05:54:31Z,2039078462,1687,Yö oli pitkä ja hiljainen.,26,44,1,49.5911,0.04913,0.359375,0.617188,0.495911,0.051174,0.359375,0.609375,0.006284,0.028707,0.004732,1,49.9908,7.991966,245.329,0.656943,1,0.237089,1,4,16,0.015625,0.004539,-0.00199,-0.005161,C-accelerated,143179.78,139800.0,8560.7,11675.0,4.1756
2026-03-30T05:54:31Z,2039078462,1688,Aurinko nousi hitaasti.,23,44,1,50.0244,0.040817,0.398438,0.617188,0.500244,0.043377,0.375,0.625,0.006207,0.029537,0.004671,1,49.6826,7.991756,249.472,0.585894,1,0.529162,1,4,16,0.015625,0.006657,0.006203,0.001195,C-accelerated,133028.67,132300.0,2053.99,2900.0,1.096
2026-03-30T05:54:31Z,2039078462,1689,Tichý vítr se pohyboval po louce.,33,44,1,49.8962,0.041769,0.382812,0.585938,0.498962,0.04275,0.398438,0.601562,0.006296,0.033003,0.004797,1,50.0183,7.991864,248.192,0.608187,1,0.811598,1,4,16,0.015625,0.0052,-0.004455,-0.006866,C-accelerated,150337.56,142300.0,19264.2,15700.0,5.5165
2026-03-30T05:54:31Z,2039078462,1690,Stará věž stála nad městem.,27,44,1,50.1526,0.044249,0.390625,0.632812,0.501526,0.046272,0.390625,0.609375,0.006232,0.029654,0.004752,1,49.5087,7.990555,290.246,0.063842,1,0.583526,1,4,16,0.015625,0.005183,-0.002915,0.004298,C-accelerated,138471.56,137500.0,3562.85,4900.0,1.7818
2026-03-30T05:54:31Z,2039078462,1691,Řeka byla klidná a tmavá.,25,44,1,49.8596,0.046645,0.367188,0.617188,0.498596,0.044253,0.367188,0.632812,0.006336,0.030349,0.004795,1,50.2197,7.991738,251.38,0.552304,1,0.699384,1,4,16,0.015625,-0.01063,-0.003277,0.002987,C-accelerated,138021.56,134400.0,9115.82,5375.0,1.9996
2026-03-30T05:54:31Z,2039078462,1692,Chlapec našel starý klíč.,25,44,1,49.5911,0.044687,0.375,0.601562,0.495911,0.05268,0.359375,0.617188,0.00615,0.030043,0.004687,1,50.3235,7.991558,258.176,0.432681,1,0.483431,1,4,16,0.015625,-0.001425,0.009561,-0.00023,C-accelerated,139935.56,137200.0,6857.88,6500.0,2.3688
2026-03-30T05:54:31Z,2039078462,1693,Mlha zahalila celé údolí.,25,44,1,50.2136,0.041601,0.390625,0.59375,0.502136,0.046842,0.40625,0.625,0.006263,0.030621,0.004639,1,49.8566,7.990981,275.025,0.185694,1,0.590089,1,4,16,0.015625,-0.004488,0.004923,-0.001455,C-accelerated,142942.0,141450.0,7013.38,10675.0,3.7734
2026-03-30T05:54:31Z,2039078462,1694,Dívka psala do deníku.,22,44,1,49.6399,0.041889,0.375,0.59375,0.496399,0.042398,0.390625,0.59375,0.006221,0.029535,0.004717,1,50.0214,7.99214,240.209,0.738385,1,0.603317,1,4,16,0.015625,-0.014193,-0.007945,0.005495,C-accelerated,139320.67,135700.0,11427.61,3775.0,1.3909
2026-03-30T05:54:31Z,2039078462,1695,Noční vlak projel mostem.,25,44,1,50.1587,0.045569,0.398438,0.609375,0.501587,0.047635,0.382812,0.617188,0.006278,0.036704,0.004733,1,49.8901,7.990471,292.433,0.053485,1,0.268719,1,4,16,0.015625,-0.000281,0.003803,-0.003527,C-accelerated,134278.67,133800.0,1764.69,1775.0,0.6633
2026-03-30T05:54:31Z,2039078462,1696,Světlo lampy blikalo ve tmě.,28,44,1,50.1526,0.041651,0.40625,0.609375,0.501526,0.043794,0.351562,0.625,0.00622,0.028067,0.004707,1,50.1709,7.990346,292.689,0.052369,1,0.927827,1,4,16,0.015625,-0.000995,-0.008584,0.012475,C-accelerated,136497.56,136050.0,2827.89,3900.0,1.4333
2026-03-30T05:54:31Z,2039078462,1697,Les byl plný ticha.,19,44,1,50.2502,0.045165,0.382812,0.617188,0.502502,0.047541,0.398438,0.632812,0.006168,0.029046,0.004667,1,49.884,7.992098,242.467,0.703567,1,0.560828,1,4,16,0.015625,0.007393,0.000302,-0.00799,C-accelerated,142658.67,140000.0,8100.72,10250.0,3.6607
2026-03-30T05:54:31Z,2039078462,1698,Cestovatel sledoval měsíc.,26,44,1,50.5127,0.044969,0.390625,0.632812,0.505127,0.040951,0.398438,0.601562,0.006199,0.030562,0.004728,1,49.6216,7.993059,210.164,0.981481,1,0.180371,1,4,16,0.015625,0.007048,-0.003365,0.00523,C-accelerated,146001.78,136650.0,20940.51,9625.0,3.5218
2026-03-30T05:54:31Z,2039078462,1699,"Egy csendes őszi estén a kis falu főterén egy idős órás ült a padon, és figyelte, ahogy az emberek lassan hazatérnek. A toronyóra minden ütése emlékeztette arra, hogy a történetek, amelyeket egész életében hallott, még mindig ott élnek a régi utcák és a sárga fényű lámpák között.",280,44,1,49.231,0.045102,0.367188,0.625,0.49231,0.047951,0.375,0.625,0.006183,0.032764,0.004676,1,50.3632,7.991023,276.957,0.164777,1,0.314462,1,4,16,0.015625,0.000734,-0.006731,-0.008424,C-accelerated,146297.33,135700.0,24100.31,9275.0,3.4175
2026-03-30T05:54:31Z,2039078462,1700,"A hegyek mögül érkező hideg szél végigsöpört az erdőn, miközben egy magányos utazó a keskeny ösvényen haladt. A térképe már régi volt és kopott, de még mindig mutatta az utat egy elfeledett tóhoz, ahol a legenda szerint egyszer egy kis város állt.",247,44,1,50.0549,0.043302,0.367188,0.609375,0.500549,0.045723,0.398438,0.617188,0.006303,0.033688,0.004801,1,49.9603,7.991875,245.469,0.654608,1,0.613323,1,4,16,0.015625,-0.00434,-0.000595,0.001006,C-accelerated,135943.78,135700.0,2517.88,2875.0,1.0593
2026-03-30T05:54:31Z,2039078462,1701,"Egy fiatal fiú a könyvtár poros polcai között keresgélt, amikor egy vastag, bőrkötéses könyvet talált. Amikor kinyitotta, régi térképek és furcsa jegyzetek hullottak ki belőle, mintha valaki évtizedekkel korábban titkokat próbált volna elrejteni a lapok között.",261,44,1,49.7375,0.041297,0.390625,0.625,0.497375,0.040739,0.398438,0.585938,0.00624,0.030148,0.004786,1,49.881,7.991278,263.994,0.336104,1,0.516756,1,4,16,0.015625,-0.010387,-0.004417,-0.000265,C-accelerated,148150.22,138600.0,22067.79,12775.0,4.6086
2026-03-30T05:54:31Z,2039078462,1702,"Az öreg híd alatt a folyó lassan hömpölygött, és a víz felszínén visszatükröződtek a város fényei. Egy festő ott ült a parton, és próbálta megörökíteni azt a pillanatot, amikor a hold felkúszott a hegyek fölé és ezüstszínűvé tette az egész tájat.",246,44,1,50.3845,0.037835,0.375,0.601562,0.503845,0.042746,0.398438,0.59375,0.006223,0.028901,0.004747,1,50.3601,7.992108,239.441,0.74978,1,0.807902,1,4,16,0.015625,0.001321,-0.007224,0.011687,C-accelerated,145198.0,134800.0,22034.92,11075.0,4.1079
2026-03-30T05:54:31Z,2039078462,1703,"A kis falusi kávézó minden este megtelt történetekkel. A vendégek teát ittak, az ablakokon túl pedig lassan hullani kezdett a hó. Valaki mindig mesélt egy új történetet a régi időkről, amikor még több hajó érkezett a közeli folyó kikötőjébe.",241,44,1,49.5422,0.040917,0.40625,0.601562,0.495422,0.043108,0.390625,0.632812,0.006274,0.033239,0.00479,1,49.9664,7.992009,240.256,0.737687,1,0.692336,1,4,16,0.015625,0.002887,-0.001899,-0.006911,C-accelerated,137170.0,135900.0,3572.02,4050.0,1.4901
2026-03-30T05:54:31Z,2039078462,1704,"Egy hosszú utazás után a vándor végre elérte a hegyek közötti kis völgyet. A házak fából épültek, és a kéményekből vékony füst csíkok emelkedtek az ég felé. Az emberek barátságosan fogadták, mintha már régóta várták volna az érkezését.",235,44,1,49.823,0.040362,0.421875,0.617188,0.49823,0.047504,0.382812,0.609375,0.006226,0.028677,0.004675,1,49.8474,7.99048,287.779,0.077399,1,0.414952,1,4,16,0.015625,-0.006555,-0.00016,0.004817,C-accelerated,137601.11,136800.0,1903.7,2600.0,0.9503
2026-03-30T05:54:31Z,2039078462,1705,"A régi vasútállomás már évek óta üres volt, de néha még mindig lehetett hallani a sínek halk zörgését a szélben. Egy fotós ott sétált esténként, és képeket készített a rozsdás peronról, ahol egykor utazók százai indultak el ismeretlen városok felé.",248,44,1,49.7192,0.043812,0.40625,0.59375,0.497192,0.046031,0.359375,0.632812,0.006223,0.031545,0.004728,1,50.2991,7.990925,275.491,0.1805,1,0.367577,1,4,16,0.015625,0.001434,-0.001043,0.004783,C-accelerated,140859.33,136300.0,11403.87,7525.0,2.7605
2026-03-30T05:54:31Z,2039078462,1706,"Egy tanár minden reggel ugyanazon az úton sétált az iskola felé. Az út mentén hatalmas gesztenyefák álltak, és ő gyakran megállt egy pillanatra, hogy hallgassa a levelek zizegését. A diákjainak mindig azt mondta, hogy a világ tele van történetekkel, csak figyelni kell rájuk.",275,44,1,50.5432,0.044458,0.398438,0.601562,0.505432,0.041185,0.40625,0.625,0.006203,0.030967,0.004689,1,50.4822,7.99229,235.415,0.805315,1,0.401443,1,4,16,0.015625,0.008201,0.000986,0.006614,C-accelerated,138462.44,135100.0,9810.49,2200.0,0.8142
2026-03-30T05:54:31Z,2039078462,1707,"Az erdő mélyén egy kis tó rejtőzött, amelyet csak kevesen ismertek. Egy halász minden hajnalban csónakba szállt, és csendben evezett a ködben. A víz tükre olyan nyugodt volt, hogy néha úgy tűnt, mintha az ég és a föld összeérne.",228,44,1,49.6338,0.049583,0.375,0.601562,0.496338,0.046311,0.390625,0.632812,0.006311,0.030285,0.004755,1,49.4568,7.990663,283.031,0.109772,1,0.357525,1,4,16,0.015625,0.00513,-0.008911,0.005679,C-accelerated,150348.22,141300.0,16326.99,35275.0,12.4823
2026-03-30T05:54:31Z,2039078462,1708,"Egy fiatal építész a város régi negyedében dolgozott, ahol minden ház más történetet mesélt. Amikor rajzolta az új terveket, mindig figyelt arra, hogy a múlt emlékei ne vesszenek el a modern falak között.",204,44,1,50.1892,0.041106,0.414062,0.640625,0.501892,0.043703,0.367188,0.59375,0.006286,0.032107,0.004736,1,50.1923,7.992113,238.883,0.757914,1,0.513678,1,4,16,0.015625,0.007888,0.011769,-0.00285,C-accelerated,141074.67,137300.0,8116.13,8600.0,3.1318
2026-03-30T05:54:31Z,2039078462,1709,"У тихому селі біля річки старий чоловік щовечора сидів на дерев’яній лавці і дивився на повільну течію води. Він згадував роки, коли рибалки поверталися з човнами повними риби, а на березі лунали пісні та сміх молодих людей.",224,44,1,49.8169,0.045903,0.390625,0.59375,0.498169,0.044167,0.398438,0.65625,0.006207,0.031967,0.004698,1,49.6887,7.991552,257.967,0.436302,1,0.260553,1,4,16,0.015625,0.000749,0.011367,0.011724,C-accelerated,138878.89,137900.0,3877.91,5700.0,2.0667
2026-03-30T05:54:31Z,2039078462,1710,"Одного холодного ранку мандрівник прийшов до невеликого містечка, де вузькі вулиці були вкриті туманом. Він зайшов до маленької кав’ярні, де незнайомці почали розповідати йому дивні історії про стару вежу на пагорбі.",216,44,1,50.2625,0.040469,0.390625,0.609375,0.502625,0.04561,0.328125,0.59375,0.006183,0.031841,0.004692,1,49.292,7.991475,258.874,0.42067,1,0.439934,1,4,16,0.015625,0.005674,-0.004765,-0.000848,C-accelerated,134955.78,133700.0,3162.6,2200.0,0.8227
2026-03-30T05:54:31Z,2039078462,1711,"Tichá dedina ležala medzi horami a ráno bolo zahalené jemnou hmlou. Starý učiteľ kráčal pomaly po ceste ku škole a premýšľal o tom, ako sa svet mení. Napriek tomu verne veril, že jednoduché príbehy a dobré slová môžu ľuďom vždy priniesť nádej.",243,44,1,49.6887,0.042616,0.382812,0.601562,0.496887,0.045031,0.40625,0.640625,0.006208,0.030166,0.00474,1,50.1007,7.99147,259.456,0.410733,1,0.623403,1,4,16,0.015625,-0.00717,-0.01064,0.006574,C-accelerated,139434.22,135300.0,13513.69,4475.0,1.6537
2026-03-30T05:54:31Z,2039078462,1712,"Satul de lângă pădure era liniștit după ploaie, iar aerul mirosea a pământ umed. Un bătrân stătea pe verandă și privea cum norii se mișcă lent peste dealuri, amintindu-și poveștile pe care le auzise în copilărie.",212,44,1,50.177,0.050605,0.34375,0.617188,0.50177,0.036893,0.40625,0.601562,0.006271,0.030764,0.004702,1,50.3479,7.991762,251.473,0.550658,1,0.630162,1,4,16,0.015625,-0.005197,0.003817,0.000904,C-accelerated,134608.22,134800.0,1240.23,1000.0,0.3709
2026-03-30T05:54:31Z,2039078462,1713,"Hiljainen järvi oli kuin peili varhaisen aamun valossa. Kalastaja souti hitaasti sumun läpi ja kuunteli lintujen ääniä metsän reunasta. Hän ajatteli, kuinka rauhallinen maailma voisi olla, jos ihmiset pysähtyisivät joskus katsomaan samaa maisemaa.",247,44,1,49.7742,0.043489,0.390625,0.609375,0.497742,0.038979,0.398438,0.625,0.006255,0.033533,0.0047,1,49.9054,7.991233,264.599,0.326616,1,0.939199,1,4,16,0.015625,0.001867,0.001735,-0.007416,C-accelerated,156602.22,142700.0,29839.97,29675.0,10.3977
2026-03-30T05:54:31Z,2039078462,1715,"Egy fiatal történész egy poros levéltárban kutatott, amikor egy régi naplót talált, amely tele volt furcsa megjegyzésekkel egy elveszett faluról. Ahogy egyre többet olvasott, úgy érezte, mintha a múlt lassan életre kelne körülötte.",231,44,1,49.9634,0.04747,0.375,0.640625,0.499634,0.039739,0.398438,0.59375,0.006345,0.033489,0.004769,1,49.9176,7.9914,260.573,0.391859,1,0.316761,1,4,16,0.015625,-0.003618,0.009683,0.000398,C-accelerated,158568.44,143350.0,32532.43,23375.0,8.1531
2026-03-30T05:54:31Z,2039078462,1714,"Tichá vesnice ležela pod kopcem a večer se pomalu snášel na střechy domů. Mladý spisovatel seděl u okna starého domu a zapisoval do sešitu drobné příběhy o lidech, které potkal během svých cest po krajině.",205,44,1,49.7864,0.04418,0.367188,0.617188,0.497864,0.042317,0.390625,0.625,0.006265,0.032303,0.004698,1,50.7355,7.990335,292.55,0.052975,1,0.006121,0,4,16,0.015625,0.003538,-2.4e-05,0.008657,C-accelerated,145264.0,140900.0,11566.81,11875.0,4.214
2026-03-30T05:54:31Z,2039078462,1716,"Az esti eső halkan kopogott a város macskaköves utcáin. Egy zenész az erkélyen ült, és lassú dallamot játszott a hegedűjén. A hangok messzire szálltak az üres utcák fölött, mintha egy régi történetet próbálnának elmesélni mindenkinek, aki hallgatja.",249,44,1,49.3164,0.043542,0.382812,0.601562,0.493164,0.047592,0.34375,0.609375,0.006272,0.02958,0.004726,1,49.9329,7.991825,249.007,0.594028,1,0.465758,1,4,16,0.015625,-0.007084,0.008727,0.005065,C-accelerated,135322.44,135500.0,1426.62,1300.0,0.4797
2026-03-30T05:54:31Z,2039078462,1717,"A hegyek között futó keskeny út mentén kis falvak sorakoztak. Egy kerékpáros hosszú utat tett meg ezen az úton, és minden faluban megállt egy rövid időre, hogy meghallgassa az emberek történeteit a régi időkről és a változó világról.",233,44,1,50.4578,0.045987,0.398438,0.609375,0.504578,0.049695,0.328125,0.609375,0.006293,0.027902,0.004745,1,50.3967,7.991139,269.44,0.255553,1,0.667881,1,4,16,0.015625,-0.008534,0.008413,-0.000353,C-accelerated,146610.22,143000.0,11249.91,13250.0,4.6329
2026-03-30T05:54:31Z,2039078462,1718,"Egy öreg könyvkereskedő egész életét azzal töltötte, hogy ritka köteteket gyűjtött. A boltja kicsi volt, de tele volt különös illattal és történetekkel. Aki belépett, mindig talált egy könyvet, amely valamilyen módon megváltoztatta a gondolatait.",246,44,1,50.1221,0.04027,0.398438,0.648438,0.501221,0.045064,0.359375,0.617188,0.006236,0.030363,0.004672,1,50.0336,7.992739,221.638,0.935402,1,0.807902,1,4,16,0.015625,-0.000773,0.00237,-0.002494,C-accelerated,143780.67,139300.0,10847.12,10875.0,3.9034
2026-03-30T05:54:31Z,2039078462,1719,Tôi mở cửa. Con mèo ngồi đó. Nó nhìn tôi. Rồi đi mất. Tôi đợi. Nó không quay lại.,81,44,1,51.1108,0.043483,0.375,0.617188,0.511108,0.037501,0.429688,0.617188,0.006122,0.029271,0.004608,1,49.9512,7.991986,242.048,0.710169,1,0.92404,1,4,16,0.015625,0.002562,-0.002997,-0.013577,C-accelerated,135158.22,135300.0,1966.08,2700.0,0.9978
2026-03-30T05:54:31Z,2039078462,1720,Mưa tạnh. Cô ấy gập ô lại. Nhìn lên bầu trời. Cầu vồng. Cô mỉm cười. Đó là điều tốt đẹp duy nhất hôm nay.,105,44,1,50.1343,0.045712,0.398438,0.625,0.501343,0.048476,0.382812,0.625,0.006289,0.032548,0.004777,1,49.4598,7.991131,270.278,0.244206,1,0.950583,1,4,16,0.015625,-0.011346,0.00173,0.002226,C-accelerated,134888.22,134800.0,1997.74,2200.0,0.816
2026-03-30T05:54:31Z,2039078462,1722,Trà nguội. Cô ấy đun ấm mới. Anh ấy vẫn chưa về. Điện thoại không trả lời. Cô đổ trà đi. Lần thứ bảy.,101,44,1,50.2686,0.045307,0.390625,0.632812,0.502686,0.041632,0.40625,0.617188,0.006178,0.029307,0.004614,1,50.0641,7.990924,275.631,0.178961,1,0.845033,1,4,16,0.015625,-0.003827,0.005012,-0.003239,C-accelerated,139104.67,137400.0,5073.54,4775.0,1.7376
2026-03-30T05:54:31Z,2039078462,1721,Anh ấy nhắn chúc buổi sáng mỗi ngày. Ba năm. Cô ấy không bao giờ trả lời. Anh vẫn nhắn. Đó là nghi thức của anh.,112,44,1,49.6582,0.045352,0.390625,0.632812,0.496582,0.049186,0.375,0.617188,0.006268,0.029446,0.0047,1,50.0427,7.992176,235.811,0.800188,1,0.11457,1,4,16,0.015625,-0.009813,0.00062,-0.004359,C-accelerated,146821.78,143600.0,10937.25,16000.0,5.571
2026-03-30T05:54:31Z,2039078462,1724,Trăng tròn. Tôi ngồi ngắm một mình. Nhớ lời hứa cùng ngắm trăng với nhau. Bây giờ em ngắm với ai?,97,44,1,49.9695,0.041929,0.390625,0.632812,0.499695,0.045074,0.398438,0.601562,0.006249,0.030453,0.004716,1,49.8047,7.991947,244.771,0.666231,1,0.377802,1,4,16,0.015625,-0.000543,0.005791,0.001902,C-accelerated,143128.22,139350.0,8597.96,9850.0,3.5343
2026-03-30T05:54:31Z,2039078462,1723,Trong ảnh cũ có người giống tôi. Nhưng không phải tôi. Mẹ bảo đó là dì. Dì mất lâu rồi. Tôi chưa từng gặp dì.,109,44,1,50.1465,0.03837,0.414062,0.617188,0.501465,0.043594,0.40625,0.601562,0.006148,0.033205,0.004643,1,49.9298,7.992662,224.175,0.918398,1,0.434309,1,4,16,0.015625,0.002261,-0.006823,-0.000431,C-accelerated,134146.44,133400.0,1856.33,2900.0,1.087
2026-03-30T05:54:31Z,2039078462,1725,Chìa khóa không tra vừa ổ khóa. Tôi cố mãi. Hàng xóm bảo nhà đó không có ai ở. Nhưng tôi thấy đèn sáng trong phòng.,115,44,1,49.7925,0.044629,0.398438,0.640625,0.497925,0.042494,0.40625,0.59375,0.006221,0.032826,0.004679,1,50.0092,7.991307,264.529,0.327704,1,0.996196,1,4,16,0.015625,0.004482,0.007448,0.000492,C-accelerated,152539.78,149500.0,11091.87,14675.0,4.908
2026-03-30T05:54:31Z,2039078462,1728,Bố dạy tôi đi xe đạp. Bố giữ phía sau. Tôi ngoái lại. Bố đã buông tay. Tôi đi xa rồi.,85,44,1,50.2808,0.043462,0.40625,0.640625,0.502808,0.040627,0.40625,0.632812,0.006217,0.028179,0.004679,1,50.4517,7.99271,220.451,0.942385,1,0.544881,1,4,16,0.015625,-0.004581,-0.006255,-0.010489,C-accelerated,174778.89,161000.0,38107.88,67725.0,21.0326
2026-03-30T05:54:31Z,2039078462,1727,Chuyến tàu điện cuối cùng. Tôi kịp lên. Trong toa chỉ có một người. Anh ấy mỉm cười với tôi. Tôi xuống tàu.,107,44,1,50.3418,0.047278,0.375,0.617188,0.503418,0.051004,0.359375,0.625,0.006079,0.027565,0.00459,1,49.5544,7.992008,242.001,0.710899,1,0.980983,1,4,16,0.015625,-0.005615,0.006354,-0.00609,C-accelerated,152635.78,150300.0,7925.31,9300.0,3.0938
2026-03-30T05:54:31Z,2039078462,1726,Cô ấy trồng một chậu hoa. Tưới nước mỗi ngày. Hoa không nở. Người ta bảo đó là hoa giả. Cô vẫn tưới.,100,44,1,50.2747,0.044168,0.351562,0.609375,0.502747,0.042237,0.414062,0.601562,0.006177,0.031971,0.004694,1,49.7742,7.991255,266.857,0.292356,1,0.216929,1,4,16,0.015625,-0.000817,0.003795,0.009603,C-accelerated,144049.56,140150.0,9750.6,11875.0,4.2365
2026-03-30T05:54:31Z,2039078462,1729,Con mèo chết. Tôi chôn nó dưới gốc cây. Năm sau cây ra hoa. Hoa màu trắng. Con mèo cũng màu trắng.,98,44,1,50.1038,0.044231,0.382812,0.632812,0.501038,0.045684,0.398438,0.625,0.006202,0.033216,0.004685,1,49.9695,7.990723,281.542,0.121787,1,0.52294,1,4,16,0.015625,0.000737,-0.002167,0.00806,C-accelerated,140554.44,134400.0,15222.08,5300.0,1.9717
2026-03-30T05:54:31Z,2039078462,1731,Anh ấy đợi một lá thư sẽ không bao giờ đến. Người đưa thư đi qua mỗi ngày. Lắc đầu. Anh vẫn đợi.,96,44,1,49.6765,0.047737,0.390625,0.640625,0.496765,0.045076,0.398438,0.617188,0.006243,0.028709,0.004719,1,49.884,7.991864,249.239,0.589965,1,0.580258,1,4,16,0.015625,0.0033,-0.005089,0.003417,C-accelerated,134443.78,133800.0,2006.22,2100.0,0.7848
2026-03-30T05:54:31Z,2039078462,1730,Cô ấy soi gương mỗi ngày. Mặt trong gương trẻ hơn. Cô ấy sợ. Không soi nữa.,75,44,1,49.3835,0.042271,0.359375,0.585938,0.493835,0.047034,0.367188,0.59375,0.006185,0.03377,0.004697,1,49.8444,7.992682,223.197,0.925296,1,0.882511,1,4,16,0.015625,-0.002294,0.015448,-0.005997,C-accelerated,139000.44,137600.0,3699.62,5800.0,2.1076
2026-03-30T05:54:31Z,2039078462,1732,Cơm đã nấu xong. Bát đũa bày sẵn. Ti vi đang bật. Không ai ăn. Mọi người đã đi cả rồi.,86,44,1,50.0916,0.046514,0.398438,0.59375,0.500916,0.047848,0.382812,0.640625,0.006137,0.028657,0.004587,1,49.9786,7.991699,252.567,0.531292,1,0.856244,1,4,16,0.015625,-0.012274,0.003082,0.001104,C-accelerated,143100.0,138900.0,9378.79,11075.0,3.9867
2026-03-30T05:54:31Z,2039078462,1733,Cô ấy mua hai que kem. Một cho tôi. Một cho cô ấy. Kem của tôi tan chảy. Của cô ấy cũng vậy.,92,44,1,49.5972,0.045334,0.398438,0.617188,0.495972,0.043212,0.375,0.617188,0.00618,0.032148,0.00464,1,49.9542,7.992984,214.749,0.968266,1,0.365047,1,4,16,0.015625,0.002803,0.002412,0.00701,C-accelerated,132273.78,131800.0,1419.46,2500.0,0.9484
2026-03-30T05:54:31Z,2039078462,1734,Cây trước cửa sổ bị chặt. Tôi buồn cả tuần. Rồi nhận ra có thể nhìn thấy núi xa hơn.,84,44,1,49.7192,0.042587,0.375,0.59375,0.497192,0.044321,0.398438,0.617188,0.006234,0.03308,0.004753,1,49.8383,7.992525,228.969,0.877917,1,0.357525,1,4,16,0.015625,0.003372,0.011729,-0.005163,C-accelerated,140604.67,137400.0,7272.83,8475.0,3.0841
2026-03-30T05:54:31Z,2039078462,1735,Anh ấy bỏ thuốc lá cả trăm lần. Lần nào cũng thất bại. Bác sĩ bảo hút nữa thì không sống nổi một năm. Anh bảo chết thì chết.,124,44,1,49.9634,0.042307,0.398438,0.625,0.499634,0.045332,0.40625,0.617188,0.006186,0.034282,0.004746,1,49.9908,7.992746,221.684,0.935116,1,0.445601,1,4,16,0.015625,-0.007737,0.005113,-0.006863,C-accelerated,141607.56,138800.0,6903.23,9700.0,3.4942
2026-03-30T05:54:31Z,2039078462,1736,Cô ấy thức trắng đêm. Đợi bình minh. Bình minh đến. Đợi hoàng hôn. Cả cuộc đời cứ thế trôi qua.,95,44,1,50.5615,0.039703,0.421875,0.59375,0.505615,0.041535,0.40625,0.609375,0.006215,0.033502,0.004765,1,50.2869,7.991894,247.564,0.619034,1,0.27706,1,4,16,0.015625,0.001207,-0.004226,0.002047,C-accelerated,137041.78,136800.0,1085.09,1000.0,0.3655
2026-03-30T05:54:31Z,2039078462,1737,Em bé khóc. Mẹ dỗ dành. Bố đi làm thêm. Trăng lặng lẽ nhìn.,59,44,1,49.5789,0.042477,0.375,0.59375,0.495789,0.050195,0.390625,0.65625,0.006205,0.029913,0.004686,1,50.0427,7.991141,270.348,0.243274,1,0.244738,1,4,16,0.015625,-0.008096,0.001757,-0.007858,C-accelerated,133796.22,133600.0,1019.2,1000.0,0.3743
2026-03-30T05:54:31Z,2039078462,1739,Cô ấy đánh mất chìa khóa. Không vào được nhà. Ngồi ở cầu thang chờ. Chờ đến tối. Không ai đến mở cửa.,101,44,1,49.8718,0.045015,0.390625,0.65625,0.498718,0.043408,0.382812,0.609375,0.00628,0.029403,0.004738,1,49.9542,7.990803,280.657,0.129364,1,0.070792,1,4,16,0.015625,-0.014157,-0.002017,0.001685,C-accelerated,141151.56,138000.0,8975.85,7500.0,2.7174
2026-03-30T05:54:31Z,2039078462,1738,Anh ấy viết nhiều thơ. Không ai đọc. Anh tự đọc. Đọc rồi khóc. Thơ viết về cô ấy.,81,44,1,50.0244,0.042037,0.390625,0.59375,0.500244,0.043629,0.375,0.640625,0.006295,0.036009,0.00474,1,50.1556,7.992007,243.514,0.686802,1,0.309897,1,4,16,0.015625,0.005503,-0.006146,-0.003359,C-accelerated,141514.67,139200.0,7848.5,10675.0,3.8344
2026-03-30T05:54:31Z,2039078462,1740,Mưa ba ngày. Ngày thứ tư tạnh. Ngày thứ năm cô ấy mang ô. Ô không dùng đến. Cô ấy cười.,87,44,1,49.6643,0.04418,0.359375,0.625,0.496643,0.044234,0.40625,0.617188,0.006371,0.028686,0.004751,1,49.6704,7.992664,222.895,0.927342,1,0.21516,1,4,16,0.015625,0.006661,0.002606,-0.003014,C-accelerated,139556.67,137000.0,5826.74,5150.0,1.8796
2026-03-30T05:54:31Z,2039078462,1741,Anh ấy gọi điện cho mẹ. Mẹ hỏi ai đấy. Con là con trai mẹ đây. Mẹ bảo không quen biết.,86,44,1,51.0803,0.040936,0.390625,0.625,0.510803,0.04543,0.414062,0.640625,0.006268,0.031609,0.004737,1,49.9786,7.992105,240.372,0.735937,1,0.988589,1,4,16,0.015625,-0.007424,-0.001917,-0.003355,C-accelerated,135200.0,134700.0,1652.73,2500.0,0.928
2026-03-30T05:54:31Z,2039078462,1742,Cô ấy dọn đồ cũ. Tìm thấy một lá thư. Chưa từng được gửi đi. Người nhận là chính cô ấy. Ngày tháng mười năm trước.,114,44,1,50.1526,0.045071,0.382812,0.609375,0.501526,0.043136,0.382812,0.617188,0.006309,0.030517,0.004763,1,49.4385,7.991742,251.869,0.543658,1,0.099047,1,4,16,0.015625,0.004991,-0.002958,0.001196,C-accelerated,135161.33,135200.0,1612.81,2000.0,0.7396
2026-03-30T05:54:31Z,2039078462,1743,"Con cá chết. Anh ấy đổ xuống bồn cầu. Mỗi lần đi vệ sinh, anh ấy lại nhớ đến con cá.",84,44,1,50.3906,0.046126,0.390625,0.664062,0.503906,0.040782,0.40625,0.601562,0.006182,0.031174,0.004645,1,50.1129,7.991969,243.514,0.686802,1,0.745804,1,4,16,0.015625,-0.016456,0.000499,0.004352,C-accelerated,156450.44,143700.0,30539.04,23450.0,8.1594
2026-03-30T05:54:31Z,2039078462,1744,Cô ấy học cách sống một mình. Ăn một mình. Đi khám bệnh một mình. Ăn Tết một mình. Già đi một mình.,99,44,1,49.9329,0.041992,0.367188,0.59375,0.499329,0.043946,0.40625,0.609375,0.00633,0.031977,0.00477,1,49.6796,7.992329,234.764,0.813595,1,0.616675,1,4,16,0.015625,0.00093,-0.002818,0.002872,C-accelerated,138790.22,137950.0,3790.24,6100.0,2.2109
2026-03-30T05:54:31Z,2039078462,1745,Anh ấy thấy cô ấy giữa đám đông. Cô ấy cũng thấy anh ấy. Cả hai không dừng lại. Mỗi người tiếp tục đi.,102,44,1,50.1648,0.04418,0.382812,0.617188,0.501648,0.04532,0.359375,0.625,0.006268,0.031436,0.004753,1,50.0183,7.991689,253.382,0.516856,1,0.811598,1,4,16,0.015625,0.008717,-0.002561,0.001188,C-accelerated,134106.89,133800.0,1378.9,1600.0,0.5979
2026-03-30T05:54:31Z,2039078462,1746,"Trăng đi theo tôi. Tôi dừng, trăng dừng. Tôi chạy, trăng chạy. Về đến nhà. Trăng ở lại bên ngoài.",97,44,1,49.939,0.043285,0.382812,0.59375,0.49939,0.042675,0.382812,0.609375,0.006229,0.029781,0.004667,1,50.3235,7.992295,233.065,0.834202,1,0.731413,1,4,16,0.015625,0.003396,0.011051,-0.003618,C-accelerated,136135.11,135800.0,2531.73,3700.0,1.3623
2026-03-30T05:54:31Z,2039078462,1748,Mỗi ngày anh ấy đến cùng một quán cà phê. Ngồi cùng một chỗ. Gọi cùng một loại cà phê. Đọc cùng một tờ báo. Cho đến khi quán đóng cửa.,134,44,1,49.9084,0.042079,0.382812,0.609375,0.499084,0.045957,0.398438,0.609375,0.006307,0.031105,0.004714,1,49.9725,7.99146,256.803,0.45654,1,0.596686,1,4,16,0.015625,0.009105,-0.012311,0.002795,C-accelerated,134658.44,134900.0,1850.68,2800.0,1.0378
2026-03-30T05:54:31Z,2039078462,1747,Cô ấy nuôi mèo. Mèo đi mất. Nuôi chó. Chó cũng đi mất. Không nuôi nữa.,70,44,1,50.3113,0.045621,0.375,0.617188,0.503113,0.047974,0.367188,0.640625,0.006238,0.030512,0.004753,1,49.8779,7.990293,297.437,0.034907,0,0.401443,1,4,16,0.015625,-0.012009,-0.010814,0.000683,C-accelerated,147450.22,139100.0,21048.11,11500.0,4.1337
2026-03-30T05:54:31Z,2039078462,1749,Cô ấy viết một lá thư. Không đề địa chỉ. Không ghi người nhận. Không gửi đi. Đốt đi. Tro bay như những cánh bướm.,113,44,1,50.5005,0.048354,0.390625,0.632812,0.505005,0.045036,0.398438,0.625,0.006214,0.032241,0.004666,1,49.884,7.992512,228.527,0.882128,1,0.984786,1,4,16,0.015625,0.008031,-0.000735,0.005981,C-accelerated,133944.0,134100.0,1468.4,2300.0,0.8576
2026-03-30T05:54:31Z,2039078462,1750,"Mưa gõ vào ô cửa sổ. Cô ấy đếm những hạt mưa. Đếm đến một trăm thì ngủ thiếp đi. Tỉnh dậy, mưa vẫn rơi.",103,44,1,49.823,0.042097,0.367188,0.585938,0.49823,0.041469,0.382812,0.59375,0.006263,0.0293,0.004711,1,49.9725,7.99276,222.057,0.932793,1,0.841303,1,4,16,0.015625,-0.014943,0.005085,-0.001611,C-accelerated,140303.11,136900.0,8682.53,8300.0,3.0314
2026-03-30T05:54:31Z,2039078462,1751,Anh ấy đợi rất lâu. Lâu đến nỗi quên mất đang đợi ai. Quên mất mình đang đợi. Nhưng vẫn đợi.,92,44,1,50.5249,0.045251,0.390625,0.601562,0.505249,0.04945,0.414062,0.640625,0.006245,0.031534,0.004772,1,49.9359,7.991037,273.606,0.202139,1,0.580258,1,4,16,0.015625,0.012833,-0.002635,0.000672,C-accelerated,145383.33,136500.0,22140.23,6375.0,2.3352
2026-03-30T05:54:31Z,2039078462,1752,Cô ấy mua hoa. Về nhà không có bình cắm. Cắm vào cốc. Hoa nở. Cái cốc vui sướng.,80,44,1,50.3967,0.048337,0.390625,0.601562,0.503967,0.044474,0.390625,0.609375,0.006286,0.035151,0.004722,1,50.0305,7.991876,245.865,0.647966,1,0.21871,1,4,16,0.015625,-0.005877,0.001488,-0.001394,C-accelerated,133979.56,133500.0,1529.7,2200.0,0.824
2026-03-30T05:54:31Z,2039078462,1753,"Anh ấy tập cười trước gương. Tập cả đời. Lúc chết, mặt không biểu cảm.",70,44,1,50.0244,0.042094,0.390625,0.617188,0.500244,0.036617,0.398438,0.59375,0.006242,0.032227,0.004731,1,50.1526,7.991214,267.462,0.283497,1,0.886275,1,4,16,0.015625,0.002941,-0.009137,-0.006968,C-accelerated,134575.11,134300.0,1340.78,2175.0,0.8098
2026-03-30T05:54:31Z,2039078462,1754,Cô ấy đi rất xa để nhìn thấy một cái cây. Cái cây bị đốn mất. Cô ấy đứng rất lâu ở chỗ đó.,90,44,1,50.4211,0.043486,0.398438,0.609375,0.504211,0.039256,0.382812,0.632812,0.006335,0.027637,0.004711,1,49.8322,7.991174,268.323,0.271138,1,0.04374,1,4,16,0.015625,-0.004048,-0.003618,-0.000934,C-accelerated,135050.89,134600.0,1328.16,2400.0,0.8915
2026-03-30T05:54:31Z,2039078462,1755,Con mèo sưởi nắng trên bậu cửa sổ. Nó ở đó. Mặt trời ở đó. Tôi ở đây. Thế là đủ.,80,44,1,49.9451,0.043357,0.351562,0.609375,0.499451,0.043456,0.398438,0.640625,0.006184,0.03405,0.004696,1,50.2441,7.992441,231.459,0.852354,1,0.969577,1,4,16,0.015625,0.008253,0.004065,-0.00483,C-accelerated,141046.22,140400.0,3246.08,4700.0,1.6738
2026-03-30T05:54:31Z,2039078462,1756,Mỗi ngày anh ấy viết nhật ký. Hôm nay ăn gì. Uống gì. Thời tiết ra sao. Không bao giờ viết về cảm xúc.,102,44,1,49.8352,0.048057,0.382812,0.65625,0.498352,0.041232,0.421875,0.59375,0.006319,0.031551,0.004746,1,49.9176,7.991422,259.828,0.40441,1,0.057151,1,4,16,0.015625,0.007964,-0.010859,-0.001762,C-accelerated,134717.56,134900.0,1775.81,2500.0,0.9266
2026-03-30T05:54:31Z,2039078462,1757,Cô ấy đan một chiếc khăn. Tháo ra. Đan lại. Tháo ra. Đan lại. Mùa đông qua mất rồi.,83,44,1,49.762,0.043019,0.390625,0.609375,0.49762,0.041976,0.359375,0.609375,0.00627,0.030461,0.004727,1,49.6704,7.991955,242.746,0.699132,1,0.778502,1,4,16,0.015625,0.002349,0.002617,0.005583,C-accelerated,141143.78,139300.0,6676.34,5800.0,2.0818
2026-03-30T05:54:31Z,2039078462,1758,"Anh ấy học sửa đồng hồ. Nhưng không sửa được thời gian của mình. Lúc nhanh, lúc chậm.",85,44,1,50.6531,0.041429,0.382812,0.617188,0.506531,0.04574,0.375,0.640625,0.006242,0.027073,0.004698,1,50.1526,7.991582,259.247,0.414302,1,0.841303,1,4,16,0.015625,0.006704,-0.008854,0.002777,C-accelerated,134680.0,134000.0,1697.21,2900.0,1.0821
2026-03-30T05:54:31Z,2039078462,1760,Mưa tạnh. Anh ấy gập ô lại. Nhìn thấy cầu vồng. Nhớ cô ấy thích cầu vồng. Gửi ảnh cho cô ấy. Cô ấy không còn trong danh bạ nữa.,127,44,1,50.1099,0.046923,0.367188,0.59375,0.501099,0.043899,0.382812,0.601562,0.006183,0.035944,0.004776,1,49.942,7.989957,303.535,0.019927,0,0.355039,1,4,16,0.015625,-0.00298,0.004076,-0.00294,C-accelerated,135102.67,134050.0,3026.61,3950.0,1.4733
2026-03-30T05:54:31Z,2039078462,1759,Cô ấy nấu cháo. Cháo nguội. Hâm nóng. Lại nguội. Anh ấy vẫn chưa về. Cô ấy ăn một mình.,87,44,1,50.0977,0.046013,0.398438,0.625,0.500977,0.044054,0.390625,0.632812,0.006181,0.026982,0.004632,1,49.9359,7.991198,269.649,0.252688,1,0.054703,1,4,16,0.015625,4.4e-05,0.003806,0.010752,C-accelerated,139121.33,137600.0,3979.61,5600.0,2.0349
2026-03-30T05:54:31Z,2039078462,1761,Mỗi ngày anh ấy cho chim ăn. Chim đến. Ăn. Bay đi. Anh ấy cũng đi.,66,44,1,50.4333,0.04787,0.367188,0.671875,0.504333,0.042565,0.40625,0.648438,0.006215,0.030542,0.004694,1,49.8993,7.991624,254.22,0.502017,1,0.717116,1,4,16,0.015625,-0.002487,-0.001652,-0.003551,C-accelerated,135002.89,135150.0,1233.99,1400.0,0.5179
2026-03-30T05:54:31Z,2039078462,1762,Cô ấy nuôi một cây xương rồng. Quên tưới nước. Nó sống sót. Cô tưới đều đặn. Nó chết.,85,44,1,50.2747,0.043439,0.390625,0.59375,0.502747,0.043175,0.390625,0.609375,0.006206,0.03393,0.004697,1,50.119,7.992249,237.37,0.779265,1,0.67832,1,4,16,0.015625,-0.003876,0.003034,0.00175,C-accelerated,141209.56,139700.0,6184.29,5900.0,2.1117
2026-03-30T05:54:31Z,2039078462,1763,Anh ấy đợi chuyến xe buýt cuối cùng. Xe đến. Anh ấy không lên. Xe đi. Anh ấy vẫn đợi.,85,44,1,49.2249,0.047225,0.367188,0.617188,0.492249,0.044329,0.398438,0.601562,0.006233,0.030131,0.004692,1,49.9817,7.99156,255.267,0.483513,1,0.377802,1,4,16,0.015625,0.000174,0.004308,0.003426,C-accelerated,141724.67,135000.0,17719.38,6275.0,2.3241
2026-03-30T05:54:31Z,2039078462,1764,Cô ấy học nấu ăn. Nấu cho mình. Nấu cho con mèo. Con mèo chết. Nấu cho hư vô.,77,44,1,50.3052,0.041308,0.328125,0.59375,0.503052,0.045525,0.359375,0.640625,0.006169,0.027595,0.00469,1,50.2045,7.990388,293.434,0.049229,0,0.939199,1,4,16,0.015625,0.01004,-0.002184,-0.001452,C-accelerated,142176.44,140000.0,6690.81,9775.0,3.4911
2026-03-30T05:54:31Z,2039078462,1765,Anh ấy viết một chữ trên cát. Sóng xóa. Viết lại. Sóng lại xóa. Anh ấy viết cả ngày.,84,44,1,50.2686,0.045254,0.421875,0.632812,0.502686,0.040234,0.390625,0.609375,0.006262,0.034302,0.004703,1,50.0153,7.992625,224.384,0.916862,1,0.151298,1,4,16,0.015625,0.010545,0.004365,0.003174,C-accelerated,136158.67,135800.0,1537.24,1300.0,0.4786
2026-03-30T05:54:31Z,2039078462,1766,"Cô ấy mở cửa sổ. Gió ùa vào. Rèm lay động. Cô ấy cũng muốn lay động, nhưng không thể.",85,44,1,50.1709,0.038731,0.390625,0.59375,0.501709,0.047088,0.390625,0.59375,0.006219,0.033767,0.0047,1,49.4843,7.992021,243.025,0.694671,1,0.785824,1,4,16,0.015625,-0.002667,-9.9e-05,0.012781,C-accelerated,134949.56,134600.0,1523.87,2400.0,0.8915
2026-03-30T05:54:31Z,2039078462,1767,Anh ấy viết thư đi xa. Gửi đi. Không hồi âm. Cứ viết. Cứ gửi. Cho đến khi bưu điện đóng cửa.,92,44,1,50.1526,0.044421,0.3125,0.601562,0.501526,0.046302,0.375,0.609375,0.006341,0.030503,0.004791,1,49.7375,7.991089,270.161,0.245764,1,0.965777,1,4,16,0.015625,0.003805,0.003728,-0.003513,C-accelerated,134379.11,134500.0,1334.5,2375.0,0.8829
2026-03-30T05:54:31Z,2039078462,1768,Cô ấy trồng một cái cây. Tưới nước mỗi ngày. Cây lớn lên. Cô ấy già đi. Cây vẫn lớn.,84,44,1,49.8657,0.04362,0.398438,0.59375,0.498657,0.0381,0.40625,0.601562,0.006192,0.031971,0.004692,1,49.7192,7.990662,283.264,0.107979,1,1.0,1,4,16,0.015625,0.010608,0.00431,0.00077,C-accelerated,142571.78,139650.0,7831.11,9600.0,3.4372
2026-03-30T05:54:31Z,2039078462,1769,Anh ấy nhìn vào gương. Không nhận ra mình. Hỏi mày là ai. Gương im lặng.,72,44,1,50.6958,0.041458,0.398438,0.601562,0.506958,0.046294,0.382812,0.671875,0.006302,0.031113,0.004761,1,50.5402,7.991026,273.233,0.206603,1,0.051196,1,4,16,0.015625,-0.004405,0.004038,-0.003896,C-accelerated,135836.22,135600.0,1219.76,975.0,0.3595
2026-03-30T05:54:31Z,2039078462,1770,"Cô ấy học cách im lặng. Trong im lặng, cô nghe thấy nhiều âm thanh. Giữa những âm thanh, cô tìm thấy im lặng.",109,44,1,50.0671,0.045565,0.390625,0.617188,0.500671,0.044656,0.398438,0.640625,0.006295,0.031167,0.00473,1,49.9298,7.990473,291.084,0.059699,1,0.516756,1,4,16,0.015625,-0.005854,-0.002677,0.003704,C-accelerated,135127.78,135000.0,1978.07,2600.0,0.963
2026-03-30T05:54:31Z,2039078462,1771,"Mỗi ngày anh ấy đi qua cánh cửa ấy. Cánh cửa luôn đóng. Một ngày, nó mở ra. Không có ai bên trong. Anh ấy bước vào. Không ra nữa.",129,44,1,50.354,0.039882,0.414062,0.609375,0.50354,0.03889,0.414062,0.601562,0.006243,0.029901,0.004725,1,50.0916,7.992814,218.659,0.951826,1,0.135655,1,4,16,0.015625,0.001153,0.000497,-0.007216,C-accelerated,135848.44,136000.0,1616.42,1775.0,0.6526
2026-03-30T05:54:31Z,2039078462,1772,Cô ấy đếm cừu. Một nghìn con. Không ngủ được. Dậy đếm sao. Sao cũng chưa ngủ.,77,44,1,50.4883,0.046987,0.359375,0.617188,0.504883,0.045491,0.40625,0.617188,0.0062,0.033474,0.004689,1,50.827,7.991521,259.689,0.406777,1,0.841303,1,4,16,0.015625,0.000178,0.010349,-0.004347,C-accelerated,142540.67,138400.0,9996.72,12275.0,4.4346
2026-03-30T05:54:31Z,2039078462,1773,Anh ấy nhặt nhiều chai lọ rỗng. Trong suốt. Nhìn xuyên qua ánh sáng. Chẳng thấy gì. Nhưng anh ấy thích.,103,44,1,49.1272,0.042192,0.382812,0.59375,0.491272,0.046565,0.367188,0.601562,0.006267,0.032007,0.004712,1,50.1007,7.992072,241.815,0.713811,1,0.272868,1,4,16,0.015625,-0.007266,-0.00129,-0.003909,C-accelerated,135823.11,135200.0,1514.61,2700.0,0.9985
2026-03-30T05:54:31Z,2039078462,1774,Cô ấy học cách chia tay. Với ngày hôm qua. Với chính mình. Với sự chia tay.,75,44,1,50.6042,0.043588,0.390625,0.640625,0.506042,0.040703,0.40625,0.609375,0.006217,0.031985,0.004745,1,49.588,7.992112,241.024,0.726042,1,0.724253,1,4,16,0.015625,-0.004553,0.004819,-0.004338,C-accelerated,143026.44,139900.0,7734.71,10175.0,3.6365
2026-03-30T05:54:31Z,2039078462,1775,Mưa đập vào lá cây. Lá rụng. Mưa đập vào đất. Đất lầy lội. Mưa đập vào anh ấy. Anh ấy ướt.,90,44,1,50.177,0.039994,0.375,0.585938,0.50177,0.04486,0.398438,0.625,0.00625,0.030834,0.004783,1,50.4883,7.991847,247.005,0.628614,1,0.822708,1,4,16,0.015625,0.005211,-0.010916,-0.000376,C-accelerated,140256.89,138050.0,6327.28,8200.0,2.9699
2026-03-30T05:54:31Z,2039078462,1776,"Anh ấy mơ mình tỉnh dậy. Tỉnh dậy, vẫn còn trong mơ. Tỉnh dậy lần nữa, vẫn trong mơ. Không thể tỉnh thật sự.",108,44,1,49.6948,0.044154,0.375,0.65625,0.496948,0.044401,0.382812,0.625,0.006294,0.03221,0.004746,1,50.1038,7.992124,239.069,0.755217,1,0.793166,1,4,16,0.015625,0.003005,0.012633,0.001688,C-accelerated,137146.67,136000.0,4614.47,2375.0,0.8732
2026-03-30T05:54:31Z,2039078462,1777,"Mỗi ngày cô ấy soi gương. Một ngày, gương vỡ. Cô ấy ghép mình lại. Đẹp hơn xưa.",79,44,1,50.4944,0.043442,0.382812,0.601562,0.504944,0.0439,0.375,0.601562,0.006302,0.02919,0.004797,1,49.4904,7.99189,246.749,0.632984,1,0.323724,1,4,16,0.015625,0.011812,-0.003332,0.001973,C-accelerated,141238.89,138900.0,6941.69,6775.0,2.4388
2026-03-30T05:54:31Z,2039078462,1778,"Cô ấy trồng một vườn hoa. Khi hoa nở, cô ấy đi. Khi hoa tàn, cô ấy đi.",70,44,1,49.7314,0.042996,0.359375,0.625,0.497314,0.041137,0.382812,0.601562,0.006226,0.031647,0.004725,1,49.9146,7.989648,311.308,0.009153,0,0.065045,1,4,16,0.015625,-0.000762,0.005202,0.006885,C-accelerated,143960.89,141800.0,9545.63,14850.0,5.2362
2026-03-30T05:54:31Z,2039078462,1779,Cô ấy viết một bài thơ chỉ một dòng. Tự mình không hiểu. Cho người khác xem. Họ cũng không hiểu. Bài thơ hài lòng.,114,44,1,49.7498,0.045835,0.328125,0.609375,0.497498,0.04376,0.382812,0.648438,0.006268,0.032751,0.004712,1,50.0092,7.991353,261.62,0.374439,1,0.393466,1,4,16,0.015625,0.008418,0.006282,-0.006235,C-accelerated,146268.67,145600.0,6757.97,10575.0,3.6315
2026-03-30T05:54:31Z,2039078462,1780,Anh ấy nuôi một con vẹt. Nó biết nói. Nói xin chào. Nói tạm biệt. Nói đói bụng. Rồi chỉ nói tạm biệt.,101,44,1,50.0183,0.042314,0.390625,0.617188,0.500183,0.044575,0.375,0.59375,0.006168,0.031991,0.004709,1,49.8627,7.991463,259.875,0.403622,1,0.717116,1,4,16,0.015625,0.006056,0.001343,0.006717,C-accelerated,137911.33,137700.0,1658.63,2075.0,0.7534
2026-03-30T05:54:31Z,2039078462,1781,Cô ấy học pha cà phê. Đắng. Cho đường. Vẫn đắng. Thôi không cho đường. Đắng thì đắng.,85,44,1,50.0244,0.041866,0.398438,0.640625,0.500244,0.047158,0.375,0.632812,0.00629,0.036016,0.004752,1,50.1251,7.992307,236.067,0.796831,1,0.412229,1,4,16,0.015625,-0.005431,0.007052,0.000619,C-accelerated,134898.67,135100.0,1215.11,1800.0,0.6662
2026-03-30T05:54:31Z,2039078462,1782,Anh ấy xem một bộ phim. Kể về người đàn ông đợi người phụ nữ cả đời. Đợi được. Người phụ nữ chết. Phim kết thúc. Anh ấy khóc. Khóc cho mình.,140,44,1,49.9451,0.041858,0.359375,0.601562,0.499451,0.044913,0.390625,0.59375,0.006201,0.029176,0.004709,1,49.8932,7.991252,267.741,0.279456,1,0.819,1,4,16,0.015625,0.004989,0.002158,-0.002593,C-accelerated,145294.89,137650.0,19663.0,9450.0,3.4326
2026-03-30T05:54:31Z,2039078462,1783,Cô ấy rửa tay dưới suối. Nước lạnh. Nhớ hồi nhỏ cũng rửa tay dưới suối. Hồi nhỏ nước cũng lạnh.,95,44,1,50.293,0.047921,0.375,0.617188,0.50293,0.046885,0.382812,0.632812,0.006196,0.028376,0.004723,1,49.8627,7.991834,248.657,0.600108,1,0.1997,1,4,16,0.015625,0.001001,0.004316,-0.000392,C-accelerated,133492.22,133000.0,1458.2,2475.0,0.9305
2026-03-30T05:54:31Z,2039078462,1784,Mỗi ngày một con đường. Những cái cây giống nhau. Những con người giống nhau. Những lời nói giống nhau. Chỉ có anh ấy là thay đổi.,130,44,1,50.2136,0.043539,0.421875,0.625,0.502136,0.042272,0.367188,0.632812,0.006135,0.030023,0.004684,1,49.8962,7.991665,254.033,0.505313,1,0.91647,1,4,16,0.015625,0.004113,0.002198,-0.011061,C-accelerated,147412.89,143750.0,10480.18,15425.0,5.3652
2026-03-30T05:54:31Z,2039078462,1785,Cô ấy mua một cuốn sổ. Định viết gì đó. Mở trang đầu. Trắng tinh. Gấp lại. Mãi mãi trắng tinh.,94,44,1,49.9939,0.048115,0.375,0.609375,0.499939,0.046255,0.390625,0.632812,0.006195,0.031258,0.004678,1,50.5798,7.992725,221.847,0.934107,1,0.300899,1,4,16,0.015625,-0.005673,0.008139,0.000849,C-accelerated,138810.89,135500.0,10557.61,3050.0,1.1255
2026-03-30T05:54:31Z,2039078462,1786,Anh ấy học sửa đồ đạc. Sửa xong. Hỏng lại. Sửa lại. Hỏng lại. Rồi thôi. Hỏng thì hỏng.,86,44,1,49.6765,0.042528,0.398438,0.601562,0.496765,0.045287,0.375,0.617188,0.006152,0.029952,0.004661,1,50.4547,7.991078,272.768,0.212269,1,0.016062,1,4,16,0.015625,0.006548,0.002602,0.00494,C-accelerated,156038.0,141250.0,32903.6,31725.0,11.2301
2026-03-30T05:54:31Z,2039078462,1787,Cô ấy nấu một nồi canh. Mặn quá. Thêm nước. Nhạt quá. Thêm muối. Thành nồi to. Một mình ăn không hết.,101,44,1,50.177,0.044903,0.398438,0.617188,0.50177,0.042827,0.359375,0.640625,0.006299,0.033082,0.004734,1,49.6979,7.992012,242.932,0.696161,1,0.886275,1,4,16,0.015625,0.000997,0.001695,0.007193,C-accelerated,134628.22,134100.0,1808.51,2500.0,0.9321
2026-03-30T05:54:31Z,2039078462,1788,Anh ấy nhìn ra ngoài cửa sổ. Mưa. Tạnh. Tối. Sáng. Anh ấy vẫn nhìn.,67,44,1,49.9207,0.040909,0.40625,0.609375,0.499207,0.042733,0.398438,0.625,0.006221,0.030641,0.004696,1,49.8505,7.991055,270.929,0.235587,1,0.203063,1,4,16,0.015625,0.005543,-0.000285,-0.001567,C-accelerated,135201.56,135300.0,1445.34,1575.0,0.582
2026-03-30T05:54:31Z,2039078462,1789,Cô ấy học nói dối. Nói dối người khác. Nói dối chính mình. Rồi không phân biệt được đâu là thật.,96,44,1,50.0916,0.045718,0.359375,0.601562,0.500916,0.045087,0.367188,0.648438,0.006219,0.028159,0.004655,1,50.2136,7.992083,241.42,0.719955,1,0.819,1,4,16,0.015625,0.00595,0.010253,0.004338,C-accelerated,135941.56,133800.0,6421.16,2975.0,1.1117
2026-03-30T05:54:31Z,2039078462,1790,"Anh ấy nuôi một con chó. Con chó già, không đi được nữa. Anh ấy bế nó ra phơi nắng. Con chó chết. Anh ấy vẫn bế.",112,44,1,49.7253,0.044843,0.351562,0.59375,0.497253,0.047568,0.390625,0.59375,0.006242,0.031798,0.00471,1,50.061,7.991897,246.819,0.631794,1,0.583526,1,4,16,0.015625,-0.002479,0.012962,-4.5e-05,C-accelerated,136912.0,136500.0,2700.71,3775.0,1.3828
2026-03-30T05:54:31Z,2039078462,1791,Mỗi ngày cô ấy viết một chữ. Viết đầy cả cuốn sổ. Ghép lại thành một câu. Cô ấy không nhận ra. Cuốn sổ bị mất.,110,44,1,49.6826,0.048045,0.375,0.617188,0.496826,0.044393,0.40625,0.625,0.006168,0.032921,0.004701,1,50.2228,7.991403,261.318,0.379442,1,0.48046,1,4,16,0.015625,-0.011266,-0.004892,-0.005766,C-accelerated,134641.56,135000.0,1609.81,2300.0,0.8519
2026-03-30T05:54:31Z,2039078462,1792,Anh ấy học cách chờ đợi. Chờ xe buýt. Chờ người. Chờ thời gian. Chờ cái chết. Cái chết cũng đang chờ anh ấy.,108,44,1,50.0,0.040524,0.390625,0.601562,0.5,0.042106,0.398438,0.601562,0.006207,0.028581,0.004698,1,50.3082,7.991691,251.078,0.557649,1,0.065045,1,4,16,0.015625,-0.003394,0.000286,0.001479,C-accelerated,146830.44,143600.0,10361.77,15075.0,5.249
2026-03-30T05:54:31Z,2039078462,1793,Cô ấy trồng nho. Nho chua. Năm sau ngọt. Một mình ăn. Không hết.,64,44,1,50.8728,0.043208,0.398438,0.625,0.508728,0.048255,0.382812,0.640625,0.006149,0.029742,0.004664,1,50.0793,7.991013,272.163,0.219779,1,0.583526,1,4,16,0.015625,-0.003929,0.011625,0.004133,C-accelerated,132930.44,132200.0,1863.04,1575.0,0.5957
2026-03-30T05:54:31Z,2039078462,1794,Anh ấy nói chuyện với bức tường. Bức tường lắng nghe. Bức tường không trả lời. Anh ấy cứ nói. Nhiều năm. Bức tường đổ.,118,44,1,49.3958,0.043137,0.390625,0.609375,0.493958,0.049941,0.375,0.617188,0.006259,0.028713,0.004774,1,50.2533,7.991751,253.335,0.517681,1,0.316761,1,4,16,0.015625,0.002728,0.004538,-0.001841,C-accelerated,134450.67,135000.0,1529.74,2600.0,0.963
2026-03-30T05:54:31Z,2039078462,1795,Cô ấy học nấu mì. Mì không. Thêm trứng. Thêm rau. Thêm thịt. Thêm nhiều quá. Thành mì đồ thừa.,94,44,1,49.9695,0.042031,0.398438,0.609375,0.499695,0.046798,0.328125,0.59375,0.006249,0.030271,0.004751,1,50.1099,7.991137,270.673,0.238951,1,0.428726,1,4,16,0.015625,-5.6e-05,-0.002644,-0.003553,C-accelerated,135725.56,135600.0,2025.92,2475.0,0.9126
2026-03-30T05:54:31Z,2039078462,1796,Anh ấy ngắm hoàng hôn. Đẹp. Hôm sau lại đến. Không còn đẹp bằng. Hôm thứ ba không đến.,86,44,1,50.0488,0.045958,0.382812,0.632812,0.500488,0.044866,0.382812,0.640625,0.006281,0.028623,0.00473,1,50.0702,7.990254,293.318,0.049709,0,0.340356,1,4,16,0.015625,0.007648,-0.006215,-0.00937,C-accelerated,140746.0,138150.0,6956.98,7725.0,2.7959
2026-03-30T05:54:31Z,2039078462,1797,Cô ấy mua một đôi giày. Không vừa. Đau chân. Cứ đi. Chân quen. Giày quen.,73,44,1,50.0305,0.042594,0.398438,0.609375,0.500305,0.041206,0.382812,0.59375,0.006271,0.030637,0.004741,1,50.0946,7.992074,241.443,0.719596,1,0.633553,1,4,16,0.015625,0.001846,-0.005503,0.010249,C-accelerated,133998.44,133500.0,1947.0,2000.0,0.7491
2026-03-30T05:54:31Z,2039078462,1798,Anh ấy học cách im lặng. Im lặng giữa đám đông. Im lặng trong cô đơn. Im lặng trong im lặng.,92,44,1,50.0061,0.044264,0.40625,0.601562,0.500061,0.045033,0.390625,0.640625,0.006227,0.033956,0.004711,1,50.2869,7.992222,234.182,0.820813,1,0.337947,1,4,16,0.015625,0.007331,0.003031,0.004256,C-accelerated,136449.78,135900.0,2096.26,1400.0,0.5151
2026-03-30T05:54:31Z,2039078462,1799,Cô ấy nuôi một con rùa. Rùa sống lâu. Cô ấy chết. Rùa ở lại. Rùa không biết cô ấy đã chết.,90,44,1,50.3235,0.039554,0.390625,0.601562,0.503235,0.044243,0.34375,0.617188,0.006228,0.030137,0.004694,1,49.6246,7.991338,266.95,0.290984,1,0.833854,1,4,16,0.015625,0.014718,-0.007022,-0.005751,C-accelerated,142106.0,140400.0,7450.2,8850.0,3.1517
2026-03-30T05:54:31Z,2039078462,1800,"Anh ấy viết nhiều lá thư. Không gửi. Cất trong ngăn kéo. Một ngày, đốt đi. Lửa ấm.",82,44,1,49.8169,0.042907,0.398438,0.601562,0.498169,0.039662,0.390625,0.601562,0.006257,0.029425,0.004686,1,49.9634,7.993104,209.443,0.983071,1,0.168279,1,4,16,0.015625,-0.00296,0.002806,-0.001102,C-accelerated,145266.0,142450.0,7298.08,8875.0,3.1151
2026-03-30T05:54:31Z,2039078462,1801,Cô ấy học cách quên. Quên ngày hôm qua. Quên chính mình. Quên việc quên. Cuối cùng nhớ hết.,91,44,1,49.8413,0.043775,0.359375,0.617188,0.498413,0.044317,0.390625,0.625,0.006197,0.03138,0.00473,1,50.0763,7.991598,254.033,0.505313,1,0.323724,1,4,16,0.015625,-0.003463,0.005274,-0.005712,C-accelerated,136212.44,134500.0,5657.12,2600.0,0.9665
2026-03-30T05:54:31Z,2039078462,1802,Mỗi ngày ra biển. Nhìn sóng. Đếm sóng. Sóng không đợi ai. Anh ấy cũng không đợi.,80,44,1,50.061,0.046184,0.367188,0.617188,0.50061,0.045926,0.382812,0.609375,0.006268,0.028679,0.004759,1,49.6918,7.991422,262.109,0.366411,1,0.606644,1,4,16,0.015625,0.010142,-0.013376,-0.012819,C-accelerated,135018.44,134500.0,1720.44,2100.0,0.7807
2026-03-30T05:54:31Z,2039078462,1803,Cô ấy trồng một cây táo. Táo ngọt. Muốn cho anh ấy. Không tìm thấy anh ấy nữa.,78,44,1,50.2441,0.042284,0.390625,0.640625,0.502441,0.037781,0.40625,0.59375,0.006238,0.031751,0.004683,1,50.4333,7.992198,237.324,0.779906,1,0.863734,1,4,16,0.015625,0.002406,-0.005826,-0.003801,C-accelerated,136445.11,136200.0,2420.78,3750.0,1.3767
2026-03-30T05:54:31Z,2039078462,1804,Anh ấy học nấu ăn. Nấu cho mình. Nấu cho con mèo. Con mèo chết. Nấu cho không khí.,82,44,1,49.9023,0.045418,0.382812,0.632812,0.499023,0.043057,0.367188,0.617188,0.006189,0.036445,0.00466,1,50.354,7.990778,279.796,0.137066,1,0.557621,1,4,16,0.015625,-0.014353,-0.007284,0.000652,C-accelerated,143730.67,139800.0,9322.25,13400.0,4.7926
2026-03-30T05:54:31Z,2039078462,1805,Trong gương cô ấy thấy mẹ. Mẹ già. Cô ấy già. Gương không già.,62,44,1,49.7925,0.042941,0.390625,0.625,0.497925,0.048441,0.398438,0.625,0.006249,0.028063,0.004727,1,49.4293,7.992091,241.489,0.718875,1,0.428726,1,4,16,0.015625,-0.000305,-0.006317,-0.011093,C-accelerated,133941.33,133900.0,1522.17,2200.0,0.8215
2026-03-30T05:54:31Z,2039078462,1806,"Anh ấy nuôi một chậu tre. Lá vàng. Tưới nước, càng vàng. Hỏi mọi người. Bảo tưới nhiều quá. Thôi không tưới. Tre chết.",118,44,1,49.9023,0.04173,0.398438,0.632812,0.499023,0.045512,0.390625,0.632812,0.00626,0.030152,0.004745,1,49.8169,7.990992,274.234,0.194748,1,0.071538,1,4,16,0.015625,-0.008889,0.003446,0.005275,C-accelerated,144912.67,140700.0,9779.3,9325.0,3.3138
2026-03-30T05:54:31Z,2039078462,1807,Cô ấy học đi bộ. Từng bước một. Đến đây. Đến đó. Đến khi không đi được nữa. Ngoái lại phía sau. Thì ra chẳng xa.,112,44,1,49.8413,0.044025,0.367188,0.617188,0.498413,0.043808,0.382812,0.59375,0.006172,0.030272,0.00471,1,50.8636,7.991525,259.619,0.407963,1,0.454178,1,4,16,0.015625,0.006185,-0.00193,-0.020385,C-accelerated,135642.44,135200.0,2521.88,2975.0,1.1002
2026-03-30T05:54:31Z,2039078462,1808,Anh ấy đọc nhiều sách. Nhớ. Quên. Đọc lại. Quên lại. Cuối cùng chẳng nhớ gì. Nhưng thấy mình đầy đặn.,101,44,1,50.1587,0.043216,0.367188,0.625,0.501587,0.042683,0.398438,0.585938,0.00626,0.029373,0.00469,1,49.7711,7.992559,224.244,0.917889,1,0.010323,1,4,16,0.015625,0.002979,0.004295,0.000758,C-accelerated,134821.78,134700.0,1341.0,1700.0,0.631
2026-03-30T05:54:31Z,2039078462,1809,Cô ấy học nấu cháo trắng. Cháo trắng. Thêm thịt băm. Thêm hành lá. Thêm nhiều thứ. Quên cho gạo.,96,44,1,50.0061,0.047174,0.398438,0.632812,0.500061,0.044927,0.382812,0.617188,0.006265,0.038206,0.004788,1,49.9237,7.992331,234.135,0.821383,1,0.92404,1,4,16,0.015625,-0.002438,-0.000435,-0.00107,C-accelerated,137093.78,136600.0,2240.59,2600.0,0.9517
2026-03-30T05:54:31Z,2039078462,1810,Anh ấy trồng một cây mận. Mùa đông ra hoa. Thơm. Tuyết rơi trên hoa. Hoa không rụng. Anh ấy rụng.,97,44,1,49.8169,0.043961,0.398438,0.632812,0.498169,0.041449,0.390625,0.609375,0.006253,0.030019,0.004731,1,49.9329,7.992435,228.387,0.883437,1,0.551233,1,4,16,0.015625,-0.001456,-0.008485,0.01175,C-accelerated,135759.78,136000.0,1624.45,2675.0,0.9835
2026-03-30T05:54:31Z,2039078462,1811,Mỗi ngày cô ấy xem tin tức. Tin xấu nhiều hơn tin tốt. Tắt. Mở. Tắt. Mở. Không thể dừng.,88,44,1,50.0977,0.04547,0.40625,0.648438,0.500977,0.048041,0.390625,0.609375,0.006299,0.028054,0.00479,1,50.1831,7.992049,244.096,0.677337,1,0.826419,1,4,16,0.015625,-0.004575,-0.007713,0.00356,C-accelerated,134549.11,133900.0,1890.58,2700.0,1.0082
2026-03-30T05:54:31Z,2039078462,1812,Anh ấy học sửa xe đạp. Sửa xong. Đạp đi. Xịt lốp. Dắt bộ về. Lại sửa.,69,44,1,50.1099,0.043725,0.375,0.601562,0.501099,0.043877,0.375,0.617188,0.006182,0.030498,0.004685,1,50.2136,7.992007,242.095,0.709439,1,0.360022,1,4,16,0.015625,0.00058,0.00109,-0.010114,C-accelerated,135899.78,135750.0,1931.86,2700.0,0.9945
2026-03-30T05:54:31Z,2039078462,1813,Cô ấy mua một chậu cây cảnh. Để ở cửa sổ. Nắng vừa đủ. Lớn nhanh. Cắt cành cắm vào nước. Ra rễ. Cứ cắt rồi lại trồng.,117,44,1,50.2502,0.042071,0.367188,0.609375,0.502502,0.041707,0.359375,0.609375,0.006285,0.033903,0.004653,1,50.061,7.991361,261.155,0.382146,1,0.667881,1,4,16,0.015625,-0.008705,-0.012207,-0.007586,C-accelerated,135330.22,135300.0,1081.14,1600.0,0.5913
2026-03-30T05:54:31Z,2039078462,1814,"Anh ấy học uống trà. Đắng. Hậu ngọt. Lại đắng. Lại hậu ngọt. Như cuộc đời. Giống hay không, trà vẫn thế.",104,44,1,49.8718,0.040862,0.390625,0.585938,0.498718,0.0451,0.375,0.625,0.006325,0.026949,0.004717,1,50.1465,7.991114,270.883,0.236197,1,0.355039,1,4,16,0.015625,0.009029,-0.00978,-0.001756,C-accelerated,136307.11,136200.0,1371.57,975.0,0.3579
2026-03-30T05:54:31Z,2039078462,1815,"Cô ấy trồng hoa hướng dương. Quay về phía mặt trời. Mặt trời đi, nó cúi xuống. Ngày mai lại ngẩng lên.",102,44,1,49.5728,0.044117,0.375,0.601562,0.495728,0.042409,0.351562,0.578125,0.00624,0.031843,0.004703,1,50.3815,7.992681,222.033,0.93294,1,0.852503,1,4,16,0.015625,0.003554,0.005559,-0.001883,C-accelerated,135063.56,134700.0,2480.0,3375.0,1.2528
2026-03-30T05:54:31Z,2039078462,1816,Anh ấy học cách chờ đợi. Chờ xuân. Xuân đến. Chờ hạ. Hạ đến. Chờ thu. Thu đến. Chờ đông. Đông đến. Chờ xuân.,108,44,1,49.53,0.045243,0.351562,0.601562,0.4953,0.04384,0.390625,0.601562,0.006265,0.029729,0.004742,1,50.3876,7.993005,212.329,0.975957,1,0.800525,1,4,16,0.015625,-0.000759,-0.009205,-0.003951,C-accelerated,137085.78,135800.0,3724.61,2400.0,0.8837
2026-03-30T05:54:31Z,2039078462,1817,Cô ấy nuôi một con mèo. Mèo cào rách ghế. Mắng. Lần sau lại cào. Thôi không mắng. Ghế hỏng. Mua ghế mới. Mèo vẫn cào.,117,44,1,49.7803,0.039847,0.390625,0.609375,0.497803,0.043212,0.382812,0.625,0.006257,0.029056,0.004704,1,49.3958,7.992244,234.321,0.819095,1,0.793166,1,4,16,0.015625,0.002329,4.2e-05,0.001263,C-accelerated,135463.78,135300.0,1377.02,2175.0,0.8038
2026-03-30T05:54:31Z,2039078462,1818,Anh ấy học pha cà phê. Pha phin. Pha máy. Pha kiểu Ý. Đều thử qua. Cuối cùng quay về cà phê hòa tan. Tiết kiệm thời gian. Thời gian tiết kiệm được dành để nhìn vào khoảng không.,177,44,1,49.8413,0.044862,0.398438,0.632812,0.498413,0.045474,0.367188,0.65625,0.006311,0.03895,0.004764,1,49.8108,7.992575,225.501,0.90832,1,0.468678,1,4,16,0.015625,-0.003941,0.00366,-0.005018,C-accelerated,135660.22,136100.0,1579.77,2600.0,0.9552
2026-03-30T05:54:31Z,2039078462,1819,"Mỗi ngày cô ấy soi gương. Một ngày, gương nói chào buổi sáng. Cô ấy giật mình. Rồi quen. Gương không nói nữa. Cô ấy nhớ.",120,44,1,49.4019,0.043525,0.382812,0.570312,0.494019,0.0498,0.382812,0.617188,0.00614,0.03326,0.004626,1,49.8993,7.991751,251.846,0.54407,1,0.396114,1,4,16,0.015625,-0.004122,-0.012418,-0.006949,C-accelerated,135169.56,134750.0,2016.55,3100.0,1.1503
2026-03-30T05:54:31Z,2039078462,1820,Anh ấy trồng một cây bạch quả. Lá vàng. Rụng. Quét lại. Gom thành đống. Giẫm lên. Lạo xạo. Như mùa thu đang nói.,112,44,1,49.5667,0.048719,0.382812,0.625,0.495667,0.03969,0.375,0.601562,0.006291,0.032782,0.004682,1,49.881,7.9925,228.829,0.879257,1,0.262578,1,4,16,0.015625,0.009472,0.003643,0.008003,C-accelerated,138762.67,136700.0,5168.73,5075.0,1.8563
2026-03-30T05:54:31Z,2039078462,1821,Cô ấy học nấu ăn. Nấu cho gia đình. Gia đình đi xa. Nấu cho mình. Mình không còn. Nấu cho ký ức.,96,44,1,49.7742,0.037622,0.382812,0.601562,0.497742,0.045472,0.351562,0.632812,0.006258,0.030463,0.004775,1,49.881,7.991127,271.185,0.232252,1,0.819,1,4,16,0.015625,-0.006998,-0.012522,0.001173,C-accelerated,133792.89,133900.0,1819.6,2600.0,0.9709
2026-03-30T05:54:31Z,2039078462,1822,Anh ấy nuôi một con vẹt. Dạy nó nói. Nói xin chào. Nói tạm biệt. Nói anh yêu em. Nó chỉ học được xin chào. Thế là đủ.,117,44,1,49.7742,0.041157,0.414062,0.625,0.497742,0.043247,0.398438,0.617188,0.006303,0.031309,0.004786,1,50.2319,7.991005,272.931,0.210275,1,0.774848,1,4,16,0.015625,0.001223,0.00025,0.004691,C-accelerated,145991.11,141500.0,10870.49,7900.0,2.7915
2026-03-30T05:54:31Z,2039078462,1823,"Cô ấy học cách im lặng. Im lặng giữa ồn ào. Im lặng trong tĩnh mịch. Trong tĩnh mịch, cô nghe thấy tiếng mình. Nghe thấy. Thỏa mãn.",131,44,1,50.3479,0.041728,0.390625,0.59375,0.503479,0.045005,0.375,0.609375,0.006259,0.029288,0.004719,1,50.4517,7.990577,287.639,0.07823,1,0.106069,1,4,16,0.015625,-0.002192,0.008334,0.011428,C-accelerated,134249.33,134700.0,1343.15,2500.0,0.928
2026-03-30T05:54:31Z,2039078462,1824,"Anh ấy xem một bộ phim về một ông già. Ông già chết. Anh ấy khóc. Khóc vì mình rồi cũng sẽ chết. Khóc xong, lại tiếp tục sống.",126,44,1,50.1709,0.040193,0.40625,0.617188,0.501709,0.042037,0.40625,0.625,0.006233,0.033145,0.004772,1,50.0488,7.990808,278.074,0.153446,1,0.296466,1,4,16,0.015625,0.008361,0.005126,0.005506,C-accelerated,137054.22,136050.0,3318.81,4800.0,1.7641
2026-03-30T05:54:31Z,2039078462,1825,Cô ấy trồng một vườn rau. Rau muống. Cà chua. Cà tím. Sâu cũng ăn. Cô chia một nửa cho sâu. Sâu chia một nửa cho cô. Đủ cho tất cả.,131,44,1,50.0854,0.051102,0.367188,0.640625,0.500854,0.040832,0.398438,0.601562,0.006153,0.032227,0.004651,1,50.3937,7.992573,225.152,0.911054,1,0.782161,1,4,16,0.015625,0.001162,0.000915,0.004806,C-accelerated,134538.89,133900.0,1673.17,2475.0,0.9242
2026-03-30T05:54:31Z,2039078462,1826,"Anh ấy học sửa đồng hồ. Sửa được thời gian. Không sửa được mình. Bên trong anh ấy, thời gian lúc nhanh lúc chậm.",112,44,1,49.6765,0.04066,0.40625,0.585938,0.496765,0.042797,0.375,0.617188,0.006225,0.029194,0.00462,1,49.9512,7.99147,259.223,0.414699,1,0.564044,1,4,16,0.015625,-0.002387,-0.000474,-0.000499,C-accelerated,136259.78,135400.0,4407.29,3400.0,1.2555
2026-03-30T05:54:31Z,2039078462,1827,Cô ấy mua một đôi giày đỏ. Đỏ chói. Không dám mang. Cất đi. Phai màu. Hết đỏ. Có thể mang được. Không muốn mang nữa.,116,44,1,49.8047,0.044463,0.367188,0.601562,0.498047,0.042083,0.390625,0.609375,0.006197,0.028436,0.004694,1,50.5859,7.993043,210.327,0.981106,1,0.756656,1,4,16,0.015625,0.004586,-0.003459,-0.003347,C-accelerated,134467.33,133500.0,1843.36,3600.0,1.3483
2026-03-30T05:54:31Z,2039078462,1828,Mỗi ngày anh ấy viết một bài thơ. Ba trăm sáu mươi lăm bài. Đốt. Năm sau lại viết. Lại đốt. Tro bón cho hoa. Hoa nở rất đẹp.,124,44,1,49.8901,0.041578,0.398438,0.632812,0.498901,0.04025,0.40625,0.625,0.006222,0.031796,0.004757,1,50.2563,7.991517,257.524,0.443968,1,0.330786,1,4,16,0.015625,0.000643,0.004397,-0.008426,C-accelerated,135695.56,135300.0,2267.98,2800.0,1.0347
2026-03-30T05:54:31Z,2039078462,1829,Cô ấy học nấu canh cá. Cá còn sống. Giết. Nấu. Uống. Cá chết. Cô ấy sống. Con cá sống trong bụng cô ấy.,103,44,1,50.4028,0.041947,0.414062,0.671875,0.504028,0.048583,0.390625,0.65625,0.006259,0.033348,0.004674,1,50.0305,7.991334,265.786,0.308372,1,0.980983,1,4,16,0.015625,-0.000657,0.008493,-0.002391,C-accelerated,137438.67,136700.0,1930.86,2600.0,0.951
2026-03-30T05:54:31Z,2039078462,1830,Anh ấy trồng một cây đa bên sông. Cành rủ xuống. Người câu cá ngồi dưới gốc. Có người câu được. Có người không. Tất cả đều ngồi đó.,131,44,1,49.3713,0.044549,0.40625,0.625,0.493713,0.046784,0.390625,0.601562,0.006219,0.029776,0.004694,1,50.0763,7.992061,240.605,0.732422,1,0.538566,1,4,16,0.015625,-0.011364,0.010332,-0.001214,C-accelerated,149101.33,139500.0,22154.1,13150.0,4.7133
2026-03-30T05:54:31Z,2039078462,1831,Cô ấy nuôi một con thỏ. Thỏ ăn cà rốt. Cô cho cà rốt. Thỏ ăn. Cô vui. Thỏ chết. Cô khóc. Thỏ không biết.,104,44,1,50.3601,0.04791,0.390625,0.632812,0.503601,0.044644,0.390625,0.617188,0.006212,0.031824,0.00468,1,49.6857,7.992896,216.425,0.961874,1,0.992393,1,4,16,0.015625,-0.014216,-0.010837,0.003326,C-accelerated,134549.11,134600.0,2049.34,2000.0,0.7429
2026-03-30T05:54:31Z,2039078462,1832,Anh ấy học cách quên. Quên số điện thoại. Quên ngày sinh nhật. Quên đường về nhà. Nhớ tên cô ấy. Thế là đủ.,107,44,1,50.0916,0.044244,0.382812,0.648438,0.500916,0.042226,0.390625,0.625,0.006284,0.030261,0.004694,1,50.1373,7.991746,251.264,0.55436,1,0.507551,1,4,16,0.015625,0.002162,-0.010555,-0.012516,C-accelerated,137949.11,137000.0,2439.4,2600.0,0.9489
2026-03-30T05:54:31Z,2039078462,1833,Cô ấy mua một chiếc bình thủy tinh trong suốt. Cắm hoa hồng. Hoa hồng tàn. Cắm hoa ly. Hoa ly tàn. Cắm hoa khô. Vẫn đứng đó đến bây giờ.,136,44,1,50.3906,0.048896,0.382812,0.632812,0.503906,0.040418,0.40625,0.617188,0.006266,0.029038,0.0047,1,49.9939,7.991395,261.457,0.37713,1,0.193095,1,4,16,0.015625,-0.015839,-0.009758,-0.007289,C-accelerated,134356.22,134200.0,1259.48,1300.0,0.4844
2026-03-30T05:54:31Z,2039078462,1834,Anh ấy học chơi cờ tướng. Chơi với hàng xóm. Hàng xóm chuyển đi. Tự chơi với mình. Thắng cũng mình. Thua cũng mình. Thôi không chơi nữa.,136,44,1,49.6094,0.047642,0.382812,0.617188,0.496094,0.043945,0.351562,0.601562,0.006223,0.029845,0.004715,1,49.9268,7.992143,238.906,0.757578,1,0.826419,1,4,16,0.015625,0.001184,0.009932,0.008437,C-accelerated,167031.11,143700.0,44938.58,34375.0,11.9607
2026-03-30T05:54:31Z,2039078462,1835,Cô ấy trồng hoa bìm bìm. Bò kín cả tường. Sáng nở hoa. Chiều cụp lại. Mỗi ngày lại có hoa mới. Hoa cũ đi rồi.,109,44,1,50.293,0.040348,0.367188,0.59375,0.50293,0.047532,0.367188,0.648438,0.006242,0.032367,0.004705,1,50.1434,7.99195,244.724,0.667001,1,0.227767,1,4,16,0.015625,-0.00352,0.000486,-0.022947,C-accelerated,137049.11,135300.0,4459.39,3875.0,1.432
2026-03-30T05:54:31Z,2039078462,1836,Anh ấy nuôi một bể cá. Cá đỏ. Cá đen. Cá vằn. Cho ăn. Thay nước. Lần lượt chết. Con cuối cùng sống lâu nhất. Cũng chết.,119,44,1,50.2747,0.046462,0.382812,0.617188,0.502747,0.043592,0.367188,0.609375,0.006205,0.028379,0.004693,1,50.0061,7.991641,254.825,0.491318,1,0.159618,1,4,16,0.015625,0.000904,0.011191,0.000875,C-accelerated,137086.22,136700.0,2112.89,1100.0,0.4023
2026-03-30T05:54:31Z,2039078462,1837,Cô ấy học hát. Hát cho chim nghe. Chim bay mất. Hát cho mình nghe. Mình ngủ mất. Hát cho không khí nghe. Không khí không có tai.,128,44,1,49.7803,0.043256,0.390625,0.59375,0.497803,0.044537,0.390625,0.625,0.006292,0.028935,0.004721,1,50.4059,7.992467,229.411,0.873608,1,0.428726,1,4,16,0.015625,0.001632,0.000294,0.003554,C-accelerated,135733.56,135400.0,1740.26,2900.0,1.0709
2026-03-30T05:54:31Z,2039078462,1838,Anh ấy nhìn tuyết rơi. Tuyết rất dày. Trắng xóa cả thế giới. Hôm sau tuyết tạnh. Thế giới bẩn thỉu. Anh ấy nhớ tuyết. Tuyết không nhớ anh ấy.,141,44,1,50.1709,0.042712,0.382812,0.617188,0.501709,0.043333,0.382812,0.609375,0.006286,0.029338,0.004755,1,50.0275,7.992005,245.19,0.659273,1,0.841303,1,4,16,0.015625,0.01229,0.010324,-0.001239,C-accelerated,143257.78,138700.0,16827.78,6850.0,2.4694
2026-03-30T05:54:31Z,2039078462,1839,Cô ấy học nấu chè đậu xanh. Cho đường. Ngọt quá. Thêm nước. Nhạt quá. Thêm đậu. Nhiều quá. Một mình không hết. Cất tủ lạnh. Mai ăn tiếp.,136,44,1,49.4629,0.039496,0.398438,0.601562,0.494629,0.043616,0.351562,0.59375,0.006319,0.028375,0.0047,1,50.1282,7.992749,219.636,0.946836,1,0.958178,1,4,16,0.015625,0.008901,-0.014607,-0.00256,C-accelerated,140335.33,137100.0,7198.84,8525.0,3.109
2026-03-30T05:54:31Z,2039078462,1840,Anh ấy trồng một cây chà là từ hạt. Mười năm. Cây lớn. Không ra trái. Anh ấy vẫn vui.,85,44,1,49.1272,0.042282,0.34375,0.59375,0.491272,0.045655,0.375,0.609375,0.006206,0.030694,0.004717,1,49.6552,7.991834,248.751,0.598489,1,0.510609,1,4,16,0.015625,0.001243,0.010037,0.009155,C-accelerated,148083.33,139700.0,23447.08,9500.0,3.4001
2026-03-30T05:54:31Z,2039078462,1841,Mỗi ngày cô ấy đi bộ mười nghìn bước. Ba năm. Gầy đi. Khỏe hơn. Vui hơn. Quên mất tại sao bắt đầu. Vẫn tiếp tục đi.,115,44,1,49.9084,0.039519,0.40625,0.609375,0.499084,0.044737,0.390625,0.625,0.006228,0.033729,0.004733,1,49.823,7.991049,274.141,0.195832,1,0.815297,1,4,16,0.015625,0.003141,-0.007868,0.013398,C-accelerated,134774.22,134600.0,1294.14,1800.0,0.6686
2026-03-30T05:54:31Z,2039078462,1842,Anh ấy học sửa máy tính. Bật. Tắt. Màn hình xanh. Khởi động lại. Hỏng. Mua mới. Mới rồi cũng hỏng. Cái cũ nằm ở góc nhà.,120,44,1,49.8352,0.043439,0.390625,0.609375,0.498352,0.049175,0.367188,0.640625,0.006329,0.030275,0.004809,1,50.238,7.992693,221.475,0.936396,1,0.664415,1,4,16,0.015625,0.004876,-0.006675,-0.006503,C-accelerated,144974.0,138300.0,18346.89,7750.0,2.8019
2026-03-30T05:54:31Z,2039078462,1843,Cô ấy mua một cuốn nhật ký. Ngày đầu viết ba trang. Ngày thứ hai viết hai trang. Ngày thứ ba viết một trang. Sau đó để trống. Mất. Tìm thấy. Lại viết tiếp.,155,44,1,50.1648,0.041931,0.359375,0.601562,0.501648,0.040497,0.382812,0.601562,0.006249,0.031234,0.004755,1,49.9481,7.991379,263.715,0.340523,1,0.224113,1,4,16,0.015625,0.0101,0.000557,-0.000779,C-accelerated,147111.56,137400.0,24952.01,8500.0,3.0932
2026-03-30T05:54:31Z,2039078462,1844,"Anh ấy trồng một chậu bạc hà. Pha trà uống. Mát. Muỗi đốt, xoa lên chỗ đốt. Cũng mát. Bạc hà mọc nhiều. Cho hàng xóm. Hàng xóm cho lại cây khác.",144,44,1,50.3845,0.04206,0.398438,0.601562,0.503845,0.047662,0.398438,0.601562,0.00625,0.027962,0.004737,1,49.6796,7.99188,249.612,0.583449,1,0.681814,1,4,16,0.015625,0.007846,0.00625,-0.005204,C-accelerated,138269.56,137350.0,3123.48,4500.0,1.6382
2026-03-30T05:54:31Z,2039078462,1845,"Cô ấy nuôi một con chó. Dắt đi dạo mỗi ngày. Con chó dắt cô ấy đi. Con chó già, không đi được nữa. Cô ấy bế nó ra phơi nắng. Con chó chết. Cô ấy tự dắt mình đi dạo.",164,44,1,50.1709,0.04091,0.398438,0.601562,0.501709,0.04595,0.390625,0.601562,0.006159,0.029556,0.004648,1,50.2014,7.990764,280.355,0.132033,1,0.541719,1,4,16,0.015625,-0.006265,0.01387,-0.001263,C-accelerated,134668.44,135000.0,1148.42,900.0,0.3333
2026-03-30T05:54:31Z,2039078462,1846,"Anh ấy học cách im lặng. Im lặng khi cãi nhau. Im lặng khi bị hiểu lầm. Trong im lặng, cuối cùng anh ấy được hiểu. Trong sự thấu hiểu, anh ấy tiếp tục im lặng.",159,44,1,49.6887,0.044585,0.375,0.601562,0.496887,0.035779,0.40625,0.59375,0.006226,0.0298,0.004667,1,49.9603,7.992927,215.424,0.965803,1,0.128317,1,4,16,0.015625,0.003909,0.004999,-0.004147,C-accelerated,135050.44,134300.0,1904.19,2600.0,0.968
2026-03-30T05:54:31Z,2039078462,1847,Cô ấy đọc một cuốn sách. Người đàn ông đợi người phụ nữ cả đời. Đợi được. Người phụ nữ chết. Sách khép lại. Cô ấy khóc.,119,44,1,49.7437,0.04351,0.375,0.609375,0.497437,0.042016,0.382812,0.59375,0.006268,0.028989,0.004777,1,50.3479,7.991479,258.921,0.419873,1,0.984786,1,4,16,0.015625,-0.012924,0.003295,-0.007424,C-accelerated,135074.22,134600.0,2531.85,3000.0,1.1144
2026-03-30T05:54:31Z,2039078462,1848,Anh ấy trồng ngô. Ngô chín. Luộc lên. Thơm ngon. Để lại vài bắp làm giống. Năm sau lại trồng. Năm nào cũng vậy. Năm nào cũng thơm ngon.,135,44,1,50.0854,0.041111,0.382812,0.601562,0.500854,0.045062,0.398438,0.640625,0.006174,0.035444,0.004711,1,49.6277,7.992103,240.209,0.738385,1,0.171244,1,4,16,0.015625,0.001859,-0.001205,0.006957,C-accelerated,139852.89,139200.0,3839.98,5775.0,2.0744
2026-03-30T05:54:31Z,2039078462,1849,Cô ấy học nấu mì. Mì nước. Mì xào. Mì trộn. Đều ngon. Ăn một mình. Không hết. Đổ đi. Tiếc. Lần sau nấu ít hơn.,110,44,1,50.3784,0.04624,0.382812,0.601562,0.503784,0.046691,0.367188,0.617188,0.006178,0.0315,0.004706,1,49.7192,7.992103,240.326,0.736638,1,0.647195,1,4,16,0.015625,-0.003785,0.012645,-0.00048,C-accelerated,136829.56,136600.0,1016.07,900.0,0.3294
2026-03-30T05:54:31Z,2039078462,1850,Mỗi ngày anh ấy tưới cây. Cây ra hoa. Tàn. Lại ra hoa. Anh ấy già. Không thể tưới nữa. Cây đợi. Anh ấy không đến.,113,44,1,50.5005,0.041704,0.40625,0.617188,0.505005,0.043121,0.382812,0.617188,0.006221,0.031721,0.004658,1,49.9847,7.990942,274.7,0.189388,1,0.905131,1,4,16,0.015625,-0.009182,-0.000341,0.002209,C-accelerated,135422.89,135700.0,1333.48,2200.0,0.8106
2026-03-30T05:54:31Z,2039078462,1851,Cô ấy mua một đôi dép mềm. Êm chân. Đi lâu ngày. Rách. Tiếc không vứt. Khâu lại. Đi tiếp. Rách lại. Khâu lại. Cuối cùng chỉ còn chỉ.,132,44,1,50.0061,0.043273,0.359375,0.648438,0.500061,0.042707,0.390625,0.59375,0.006246,0.03345,0.004673,1,50.2838,7.992436,230.877,0.858608,1,0.822708,1,4,16,0.015625,0.004426,0.004935,-0.004082,C-accelerated,137639.78,137400.0,3539.32,3275.0,1.1918
2026-03-30T05:54:31Z,2039078462,1852,Anh ấy trồng nho. Dây leo kín giàn. Mùa hè ngồi dưới bóng râm. Mùa thu ăn nho. Mùa đông dây khô. Mùa xuân lại đâm chồi. Năm này qua năm khác.,141,44,1,50.3662,0.04796,0.398438,0.617188,0.503662,0.043955,0.421875,0.640625,0.006214,0.038187,0.00467,1,50.2655,7.991714,253.615,0.512732,1,0.292077,1,4,16,0.015625,0.003646,-0.006127,0.000771,C-accelerated,169871.56,153650.0,35632.25,55375.0,18.0199
2026-03-30T05:54:31Z,2039078462,1853,"Cô ấy nuôi một con chuột hamster. Chạy trong vòng quay. Chạy mãi. Vòng ngừng, nó ngừng. Vòng quay, nó lại chạy. Nó chết. Cái vòng còn đó.",137,44,1,50.4883,0.040782,0.390625,0.625,0.504883,0.041776,0.390625,0.601562,0.006321,0.029474,0.004738,1,50.2563,7.992093,239.767,0.744975,1,0.822708,1,4,16,0.015625,-0.006457,-0.003139,-0.008448,C-accelerated,134829.78,134600.0,1439.6,1800.0,0.6686
2026-03-30T05:54:31Z,2039078462,1854,Anh ấy học pha cà phê mỗi sáng. Ngửi mùi thơm. Uống vị đắng. Quen với đắng. Không đắng thì không phải cà phê. Cà phê biết điều đó.,130,44,1,50.1709,0.04024,0.390625,0.601562,0.501709,0.045564,0.398438,0.625,0.006218,0.030389,0.004703,1,50.2502,7.99079,280.355,0.132033,1,0.89381,1,4,16,0.015625,-0.009586,-0.006099,-0.01406,C-accelerated,138687.78,137750.0,3262.65,4375.0,1.588
2026-03-30T05:54:31Z,2039078462,1855,"Cô ấy trồng hoa hồng có gai. Hái hoa, bị gai đâm. Chảy máu. Hoa đẹp. Đáng giá. Lần sau lại bị đâm. Vẫn đáng giá. Hoa tàn. Gai còn.",130,44,1,50.4211,0.046404,0.390625,0.640625,0.504211,0.041061,0.390625,0.632812,0.006328,0.030772,0.004709,1,50.116,7.992959,216.215,0.962725,1,0.144621,1,4,16,0.015625,-0.016623,0.004228,-0.00273,C-accelerated,134896.0,135100.0,1912.84,2850.0,1.0548
2026-03-30T05:54:31Z,2039078462,1856,Anh ấy xem một bộ phim đen trắng cũ. Tất cả diễn viên đều đã chết. Anh ấy nhìn họ lúc còn trẻ. Họ đã từng trẻ. Anh ấy cũng từng trẻ.,132,44,1,49.2615,0.045295,0.382812,0.609375,0.492615,0.042346,0.351562,0.601562,0.006212,0.030688,0.004639,1,50.0671,7.991704,252.8,0.527168,1,0.710004,1,4,16,0.015625,0.002141,0.00132,-0.012973,C-accelerated,165468.0,151000.0,35943.58,33125.0,10.9685
2026-03-30T05:54:31Z,2039078462,1857,Cô ấy học nấu ăn cho con gái. Con gái bảo ngon. Nấu cho con rể. Con rể bảo ngon. Nấu cho cháu. Cháu bảo ngon. Họ đi xa. Nấu cho mình. Không ngon.,145,44,1,50.4395,0.040521,0.429688,0.609375,0.504395,0.041716,0.398438,0.617188,0.006287,0.029206,0.004733,1,49.765,7.990794,282.054,0.117552,1,0.980983,1,4,16,0.015625,-0.004667,-0.000163,-0.006404,C-accelerated,135296.67,135200.0,1019.02,1100.0,0.4068
2026-03-30T05:54:31Z,2039078462,1858,Anh ấy nuôi một con chim sáo. Nó biết bắt chước. Bắt chước tiếng chuông điện thoại. Bắt chước tiếng chuông cửa. Bắt chước tiếng hàng xóm cãi nhau. Bắt chước tiếng trẻ khóc. Rồi im bặt. Chết. Yên tĩnh.,200,44,1,49.8718,0.041187,0.398438,0.609375,0.498718,0.049234,0.382812,0.617188,0.006191,0.035327,0.004706,1,50.1923,7.991219,269.161,0.259401,1,0.927827,1,4,16,0.015625,0.010397,-0.001261,0.000807,C-accelerated,138227.33,137600.0,3157.35,4300.0,1.5625
2026-03-30T05:54:31Z,2039078462,1859,Cô ấy mua một con cá. Thả vào chậu. Thay nước mỗi ngày. Cho ăn. Cá lớn. Chậu nhỏ. Chuyển sang bể kính. Cá lại lớn. Chuyển sang hồ nhỏ. Cá lớn. Cô ấy già. Cá cũng già. Cùng nhau già đi.,184,44,1,50.1953,0.044954,0.375,0.632812,0.501953,0.042612,0.382812,0.601562,0.006251,0.029649,0.004724,1,49.9908,7.992469,229.853,0.869199,1,0.008499,0,4,16,0.015625,-0.00175,-0.002151,9.6e-05,C-accelerated,134510.22,134700.0,1704.94,2575.0,0.9558
2026-03-30T05:54:31Z,2039078462,1861,Mỗi ngày cô ấy ngắm hoàng hôn. Cùng một chỗ. Cùng một giờ. Mây khác nhau. Màu sắc khác nhau. Tâm trạng khác nhau. Hoàng hôn giống nhau. Cô ấy khác nhau. Hoàng hôn đợi cô ấy già.,177,44,1,50.3845,0.040934,0.390625,0.585938,0.503845,0.04804,0.367188,0.609375,0.006212,0.033331,0.004729,1,49.6674,7.99105,270.836,0.236807,1,0.468678,1,4,16,0.015625,0.00289,-0.000718,0.002457,C-accelerated,135324.67,135300.0,1160.0,1000.0,0.3695
2026-03-30T05:54:31Z,2039078462,1860,Anh ấy trồng một giàn bầu. Bò kín cả giàn. Sai quả. Ăn không hết. Cho hàng xóm. Hàng xóm cũng không hết. Cho lại. Làm bầu rửa bát. Dùng mấy năm. Bầu vẫn chưa hết.,162,44,1,50.5493,0.044144,0.398438,0.617188,0.505493,0.046868,0.375,0.601562,0.006239,0.029662,0.004724,1,50.0366,7.991285,266.996,0.290299,1,0.695857,1,4,16,0.015625,-0.009389,0.007003,0.009621,C-accelerated,144682.67,140750.0,11375.49,9875.0,3.508
2026-03-30T05:54:31Z,2039078462,1863,ฉันเปิดประตู แมวนั่งอยู่ตรงนั้น มันมองฉัน แล้วก็จากไป ฉันรอ มันไม่กลับมา,72,44,1,49.9817,0.045695,0.390625,0.664062,0.499817,0.043896,0.375,0.601562,0.006252,0.032442,0.004656,1,50.528,7.992014,242.001,0.710899,1,0.859987,1,4,16,0.015625,-0.008394,-0.002938,0.006233,C-accelerated,137489.56,136600.0,3646.73,3500.0,1.2811
2026-03-30T05:54:31Z,2039078462,1862,Anh ấy học sửa xe đạp. Sửa cho hàng xóm. Sửa cho bạn bè. Sửa cho người lạ. Không lấy tiền. Nhận lời cảm ơn. Lời cảm ơn không đủ. Nhận nụ cười. Nụ cười là đủ.,157,44,1,50.1282,0.03975,0.398438,0.585938,0.501282,0.044439,0.390625,0.617188,0.006233,0.027855,0.004689,1,50.0061,7.99224,234.182,0.820813,1,0.833854,1,4,16,0.015625,-0.002359,0.000822,-0.005292,C-accelerated,154714.0,141900.0,30820.33,23825.0,8.395
2026-03-30T05:54:31Z,2039078462,1864,ฝนหยุดแล้ว เธอพับร่ม มองขึ้นไปบนฟ้า สายรุ้ง เธอยิ้ม นั่นคือสิ่งดีๆเดียวของวันนี้,80,44,1,49.9023,0.043157,0.359375,0.601562,0.499023,0.044108,0.390625,0.617188,0.006235,0.031811,0.004669,1,50.0427,7.99122,267.508,0.282821,1,0.20476,1,4,16,0.015625,-0.004181,-0.000271,0.006205,C-accelerated,137543.33,136400.0,4036.15,900.0,0.3299
2026-03-30T05:54:31Z,2039078462,1865,เขาส่งข้อความอรุณสวัสดิ์ทุกวัน สามปีแล้ว เธอไม่เคยตอบ เขายังส่งต่อ มันคือพิธีกรรมของเขา,87,44,1,50.5981,0.046214,0.421875,0.625,0.505981,0.046615,0.398438,0.617188,0.00613,0.028559,0.004614,1,49.8138,7.99122,265.041,0.319761,1,0.116777,1,4,16,0.015625,-0.015605,-0.003074,0.005162,C-accelerated,138664.89,138700.0,2869.36,4575.0,1.6492
2026-03-30T05:54:31Z,2039078462,1866,ชาเย็นแล้ว เธอชงใหม่ เขายังไม่กลับ โทรศัพท์ก็ไม่รับ เธอเทชาทิ้ง ครั้งที่เจ็ดแล้ว,80,44,1,50.2258,0.041789,0.390625,0.585938,0.502258,0.041017,0.40625,0.617188,0.006231,0.029707,0.004674,1,49.9359,7.992552,225.129,0.911234,1,0.681814,1,4,16,0.015625,-0.000134,-0.00576,-0.009952,C-accelerated,135844.67,135350.0,1669.21,1100.0,0.4064
2026-03-30T05:54:31Z,2039078462,1867,ในรูปเก่ามีคนหน้าเหมือนฉัน แต่ไม่ใช่ฉัน แม่บอกว่าคือป้า ป้าตายนานแล้ว ฉันไม่เคยเห็นป้า,86,44,1,50.3235,0.046132,0.421875,0.617188,0.503235,0.04641,0.359375,0.664062,0.006238,0.030515,0.004708,1,49.6124,7.990597,287.686,0.077952,1,0.250588,1,4,16,0.015625,0.001596,0.004077,-0.00055,C-accelerated,136071.56,136100.0,1024.04,900.0,0.3306
2026-03-30T05:54:31Z,2039078462,1868,พระจันทร์เต็มดวง ฉันนั่งดูคนเดียว นึกถึงคำสัญญาที่จะดูด้วยกัน ตอนนี้เธอดูกับใคร,79,44,1,50.2075,0.038142,0.375,0.578125,0.502075,0.036205,0.414062,0.59375,0.006232,0.031374,0.004749,1,49.6765,7.990732,282.845,0.111224,1,0.183492,1,4,16,0.015625,0.008106,-0.003883,0.00911,C-accelerated,134734.0,134900.0,2001.52,2400.0,0.8895
2026-03-30T05:54:31Z,2039078462,1869,กุญแจเสียบไม่เข้า ลองอยู่ตั้งนาน เพื่อนบ้านบอกบ้านนี้ไม่มีคนอยู่ แต่ฉันเห็นไฟในห้อง,83,44,1,50.0,0.042791,0.398438,0.625,0.5,0.047981,0.40625,0.625,0.006212,0.029906,0.004691,1,49.9298,7.99182,247.82,0.614624,1,0.194731,1,4,16,0.015625,0.004945,0.003654,0.018249,C-accelerated,143074.22,138700.0,10622.99,8475.0,3.0552
2026-03-30T05:54:31Z,2039078462,1871,รถไฟฟ้าเที่ยวสุดท้าย ฉันทันขึ้นไป ในตู้มีคนเดียว เขายิ้มให้ฉัน ฉันลงรถ,70,44,1,50.2502,0.046905,0.40625,0.609375,0.502502,0.041408,0.382812,0.601562,0.006318,0.031621,0.004776,1,49.5819,7.992263,233.996,0.823087,1,0.654061,1,4,16,0.015625,0.007884,0.005001,-0.005935,C-accelerated,134750.89,134700.0,1709.13,2100.0,0.7795
2026-03-30T05:54:31Z,2039078462,1870,เธอปลูกดอกไม้ รดน้ำทุกวัน ดอกไม้ไม่บิน คนบอกเป็นดอกไม้ปลอม เธอยังรดน้ำ,70,44,1,49.4995,0.045099,0.382812,0.609375,0.494995,0.037857,0.398438,0.578125,0.006193,0.03528,0.00475,1,49.7101,7.992502,228.247,0.884736,1,0.867483,1,4,16,0.015625,0.00302,0.002058,-0.003184,C-accelerated,135076.22,135000.0,2111.76,2800.0,1.037
2026-03-30T05:54:31Z,2039078462,1872,พ่อสอนขี่จักรยาน พ่อจับท้ายไว้ หันไปดู พ่อปล่อยแล้ว ฉันไปไกลแล้ว,64,44,1,49.3774,0.048242,0.359375,0.625,0.493774,0.040387,0.382812,0.609375,0.006247,0.029273,0.004712,1,49.8749,7.990314,293.201,0.050193,1,0.753033,1,4,16,0.015625,0.005757,-0.012834,-0.007282,C-accelerated,170864.44,149300.0,43601.53,52450.0,17.5653
2026-03-30T05:54:31Z,2039078462,1873,แมวตาย ฉันฝังมันใต้ต้นไม้ ปีต่อไปต้นไม้ออกดอก สีขาว แมวก็สีขาว,62,44,1,49.707,0.041558,0.390625,0.617188,0.49707,0.042657,0.359375,0.625,0.006182,0.035386,0.00468,1,50.1068,7.991621,254.801,0.491729,1,0.7712,1,4,16,0.015625,0.002637,0.001332,0.006,C-accelerated,143367.11,139100.0,10983.13,9675.0,3.4777
2026-03-30T05:54:31Z,2039078462,1874,เธอส่องกระจกทุกวัน หน้าในกระจกเด็กลง เธอกลัว เลยไม่ส่องอีก,58,44,1,50.3357,0.03964,0.414062,0.625,0.503357,0.042575,0.40625,0.625,0.00617,0.028811,0.004696,1,50.3906,7.991645,257.478,0.444777,1,0.72783,1,4,16,0.015625,-0.004845,-0.007459,0.013892,C-accelerated,137522.89,136900.0,3370.5,4700.0,1.7166
2026-03-30T05:54:31Z,2039078462,1875,เขารอจดหมายที่จะไม่มีวันมา บุรุษไปรษณีย์เดินผ่านทุกวัน ส่ายหน้า เขายังรอ,72,44,1,49.9695,0.042806,0.375,0.609375,0.499695,0.044414,0.382812,0.640625,0.006146,0.031001,0.004707,1,49.8901,7.991937,244.329,0.673522,1,0.626779,1,4,16,0.015625,0.008243,-0.008194,-0.000192,C-accelerated,134158.89,133700.0,1594.52,2300.0,0.8601
2026-03-30T05:54:31Z,2039078462,1876,ข้าวสุกแล้ว จัดชามตะเกียบไว้ ทีวีเปิดอยู่ ไม่มีใครกิน ทุกคนไปหมดแล้ว,68,44,1,49.7192,0.047439,0.375,0.679688,0.497192,0.042396,0.367188,0.59375,0.006223,0.029833,0.004727,1,49.7131,7.991403,261.295,0.379828,1,0.958178,1,4,16,0.015625,-0.006932,-0.004131,-0.009288,C-accelerated,139340.89,135700.0,8149.22,5200.0,1.916
2026-03-30T05:54:31Z,2039078462,1877,เธอซื้อไอศครีมสองแท่ง หนึ่งให้ฉัน หนึ่งให้เธอ ไอศครีมฉันละลาย ของเธอก็ด้วย,74,44,1,50.6226,0.049356,0.398438,0.625,0.506226,0.044058,0.398438,0.617188,0.006305,0.029173,0.00474,1,49.3256,7.991235,264.204,0.332805,1,0.133174,1,4,16,0.015625,0.000265,-0.005634,0.013428,C-accelerated,138769.11,136850.0,5760.96,4000.0,1.4615
2026-03-30T05:54:31Z,2039078462,1878,ต้นไม้หน้าต่างถูกตัด ฉันเสียใจอาทิตย์นึง แล้วก็เห็นภูเขาไกลๆ,60,44,1,50.4395,0.044213,0.390625,0.59375,0.504395,0.046361,0.398438,0.609375,0.006196,0.028937,0.004688,1,50.1099,7.991854,247.587,0.618634,1,0.671354,1,4,16,0.015625,0.005081,-0.004993,0.004607,C-accelerated,136861.11,136400.0,2682.85,3275.0,1.2005
2026-03-30T05:54:31Z,2039078462,1879,เขาเลิกบุหรี่ร้อยครั้งแล้ว ก็กลับมาสูบอีก หมอบอกถ้าสูบต่อจะอยู่ไม่ถึงปี เขาบอกตายก็ตาย,86,44,1,50.3906,0.042791,0.398438,0.609375,0.503906,0.044527,0.367188,0.648438,0.006296,0.029407,0.004744,1,49.4995,7.991012,276.352,0.171148,1,0.437116,1,4,16,0.015625,0.001765,-0.010537,-0.003401,C-accelerated,134553.11,135000.0,1327.66,2300.0,0.8519
2026-03-30T05:54:31Z,2039078462,1880,เธอไม่หลับทั้งคืน รอรุ่งสาง รุ่งสางมาแล้ว รอตะวันตก ชีวิตก็เป็นอย่างนี้,71,44,1,50.1953,0.042913,0.382812,0.609375,0.501953,0.043013,0.382812,0.617188,0.006163,0.031014,0.004625,1,49.8383,7.991518,255.872,0.472858,1,0.544881,1,4,16,0.015625,-0.014562,0.0062,-0.00169,C-accelerated,135868.22,135050.0,3037.72,2300.0,0.8515
2026-03-30T05:54:31Z,2039078462,1881,เด็กร้องไห้ แม่ปลอบ พ่อทำงานล่วงเวลา พระจันทร์มองดู,51,44,1,50.2319,0.045401,0.382812,0.609375,0.502319,0.043006,0.398438,0.609375,0.006159,0.029115,0.00472,1,49.3866,7.989481,314.752,0.006342,0,0.238986,1,4,16,0.015625,0.004392,0.003229,-0.004104,C-accelerated,141093.33,137400.0,8305.96,7900.0,2.8748
2026-03-30T05:54:31Z,2039078462,1882,เขาเขียนบทกวีมากมาย ไม่มีใครอ่าน เขาอ่านเอง อ่านแล้วร้องไห้ บทกวีเกี่ยวกับเธอ,77,44,1,50.061,0.045613,0.398438,0.625,0.50061,0.041393,0.367188,0.601562,0.006234,0.028053,0.004708,1,50.6409,7.991186,267.345,0.285189,1,0.171244,1,4,16,0.015625,-0.013068,-0.022775,-0.002584,C-accelerated,149130.89,136500.0,25187.78,14600.0,5.348
2026-03-30T05:54:31Z,2039078462,1883,เธอทำกุญแจหาย เข้าบ้านไม่ได้ นั่งรอที่บันได รอจนมืด ไม่มีใครมาเปิด,66,44,1,49.762,0.043962,0.390625,0.617188,0.49762,0.045203,0.359375,0.640625,0.006166,0.02854,0.004691,1,50.3876,7.992572,225.734,0.906465,1,0.793166,1,4,16,0.015625,0.001909,0.000235,0.000237,C-accelerated,134416.67,134800.0,1474.78,2300.0,0.8531
2026-03-30T05:54:31Z,2039078462,1884,ฝนตกสามวัน วันที่สี่หยุด วันที่ห้าเธอพกร่ม ร่มไม่ได้ใช้ เธอยิ้ม,63,44,1,50.3113,0.045683,0.382812,0.648438,0.503113,0.049433,0.375,0.625,0.006216,0.030517,0.004725,1,49.939,7.990897,274.467,0.192056,1,0.613323,1,4,16,0.015625,-0.008424,-0.020767,0.008858,C-accelerated,151148.67,146950.0,16015.04,9075.0,3.0878
2026-03-30T05:54:31Z,2039078462,1885,เขาโทรหาแม่ แม่ถามว่าใคร ลูกไงแม่ แม่บอกว่าไม่รู้จัก,52,44,1,50.2441,0.04311,0.382812,0.609375,0.502441,0.04634,0.398438,0.625,0.006169,0.030925,0.004669,1,50.1373,7.990951,276.119,0.173643,1,0.782161,1,4,16,0.015625,-0.0007,0.002543,0.00972,C-accelerated,139172.0,136750.0,6584.34,5375.0,1.9653
2026-03-30T05:54:31Z,2039078462,1886,เธอเก็บของเก่า เจอจดหมายฉบับหนึ่ง ไม่เคยส่ง ผู้รับคือตัวเธอเอง วันที่สิบบีที่แล้ว,81,44,1,49.6033,0.045909,0.351562,0.601562,0.496033,0.04173,0.40625,0.609375,0.00621,0.035801,0.004696,1,50.47,7.991177,268.812,0.264256,1,0.209914,1,4,16,0.015625,0.006279,-0.002365,-0.001123,C-accelerated,139048.22,137400.0,5175.29,5800.0,2.1106
2026-03-30T05:54:31Z,2039078462,1887,ปลาตาย เขาเทลงชักโครก ทุกครั้งที่เข้าห้องน้ำ เขาก็นึกถึงปลา,59,44,1,50.0061,0.041918,0.382812,0.632812,0.500061,0.044146,0.382812,0.609375,0.006197,0.030024,0.00469,1,49.9969,7.992002,243.305,0.690184,1,0.316761,1,4,16,0.015625,0.006228,-0.009199,-0.009906,C-accelerated,134242.89,134100.0,1525.74,2575.0,0.9601
2026-03-30T05:54:31Z,2039078462,1888,เธอเรียนรู้ที่จะอยู่คนเดียว กินคนเดียว ไปหาหมอคนเดียว อยู่คนเดียว แก่คนเดียว,76,44,1,49.8779,0.041472,0.382812,0.59375,0.498779,0.036702,0.414062,0.625,0.006283,0.028934,0.00475,1,49.8688,7.991734,251.473,0.550658,1,0.390828,1,4,16,0.015625,-0.014189,-0.001126,0.003665,C-accelerated,134921.33,134100.0,2767.25,4000.0,1.4914
2026-03-30T05:54:31Z,2039078462,1889,เขาเห็นเธอในฝูงชน เธอก็เห็นเขา ไม่มีใครหยุด ต่างคนต่างเดินต่อไป,63,44,1,49.8535,0.044813,0.390625,0.601562,0.498535,0.044062,0.375,0.609375,0.006175,0.033587,0.004712,1,50.4181,7.991129,268.719,0.265559,1,0.667881,1,4,16,0.015625,-0.00679,0.002727,-0.004056,C-accelerated,134514.22,134700.0,1495.54,2100.0,0.7795
2026-03-30T05:54:31Z,2039078462,1890,พระจันทร์ตามฉัน ฉันหยุดมันหยุด ฉันวิ่งมันวิ่ง ถึงบ้าน มันอยู่นอกหน้าต่าง,72,44,1,50.5737,0.044607,0.375,0.609375,0.505737,0.041253,0.398438,0.617188,0.0062,0.028166,0.004709,1,49.6429,7.99207,242.025,0.710534,1,0.980983,1,4,16,0.015625,-0.003317,-0.001926,4.2e-05,C-accelerated,149947.11,140400.0,23163.1,13900.0,4.9501
2026-03-30T05:54:31Z,2039078462,1891,เธอเลี้ยงแมว แมวหาย เลี้ยงหมา หมาก็หาย ไม่เลี้ยงอีกแล้ว,55,44,1,51.0315,0.044452,0.40625,0.617188,0.510315,0.041362,0.414062,0.601562,0.006196,0.029606,0.004718,1,49.6704,7.991645,254.196,0.502429,1,0.307631,1,4,16,0.015625,0.011765,0.007877,0.01034,C-accelerated,134739.78,134200.0,2513.66,3375.0,1.2575
2026-03-30T05:54:31Z,2039078462,1892,ทุกวันเขาไปร้านกาแฟเดิม นั่งที่เดิม สั่งกาแฟเดิม อ่านหนังสือพิมพ์เดิม จนร้านปิด,79,44,1,49.7192,0.042866,0.359375,0.625,0.497192,0.046628,0.367188,0.601562,0.006183,0.029049,0.00468,1,49.762,7.990685,280.96,0.126734,1,0.04131,1,4,16,0.015625,-0.001872,-0.003236,-0.000934,C-accelerated,137477.33,137200.0,2516.11,3200.0,1.1662
2026-03-30T05:54:31Z,2039078462,1893,เธอเขียนจดหมายฉบับหนึ่ง ไม่มีที่อยู่ ไม่มีผู้รับ ไม่ได้ส่ง เอาไปเผา เถ้าถ่านปลิวเป็นผีเสื้อ,91,44,1,50.6165,0.040011,0.40625,0.601562,0.506165,0.048107,0.40625,0.6875,0.006147,0.031716,0.004737,1,49.9023,7.992006,241.676,0.715986,1,0.623403,1,4,16,0.015625,0.000401,-0.000933,-0.003462,C-accelerated,141334.67,139100.0,7061.09,6950.0,2.4982
2026-03-30T05:54:31Z,2039078462,1895,เขารอนานมาก นานจนลืมว่ารอใคร ลืมว่ากำลังรอ แต่ก็ยังรอ,53,44,1,49.5544,0.04676,0.390625,0.601562,0.495544,0.041909,0.390625,0.640625,0.006263,0.030775,0.004758,1,49.4537,7.992486,229.178,0.875888,1,0.06859,1,4,16,0.015625,-0.012024,-0.009016,0.002375,C-accelerated,147173.11,135800.0,24563.33,13000.0,4.7865
2026-03-30T05:54:31Z,2039078462,1894,ฝนตกกระทบหน้าต่าง เธอนับเม็ดฝน นับถึงร้อยก็หลับไป ตื่นขึ้นมาฝนยังตก,67,44,1,50.293,0.046157,0.398438,0.601562,0.50293,0.046405,0.382812,0.632812,0.006276,0.032946,0.004773,1,50.2686,7.992362,233.181,0.832836,1,0.664415,1,4,16,0.015625,-0.008853,0.001617,0.00659,C-accelerated,136239.33,136100.0,660.12,600.0,0.2204
2026-03-30T05:54:31Z,2039078462,1896,เธอซื้อดอกไม้ กลับบ้านไม่มีแจกัน ใส่แก้วน้ำ ดอกไม้บาน แก้วน้ำดีใจ,65,44,1,49.9146,0.045094,0.390625,0.601562,0.499146,0.049307,0.375,0.632812,0.006258,0.031436,0.00472,1,50.4303,7.992036,242.886,0.696905,1,0.841303,1,4,16,0.015625,0.002563,0.000407,0.00408,C-accelerated,138782.67,138300.0,2391.07,2275.0,0.8225
2026-03-30T05:54:31Z,2039078462,1897,เขาฝึกยิ้มหน้ากระจก ฝึกมาทั้งชีวิต ตายไป หน้าก็ไม่แสดงอารมณ์,60,44,1,50.061,0.044049,0.390625,0.609375,0.50061,0.044726,0.398438,0.609375,0.006171,0.030498,0.004671,1,50.2777,7.990339,297.204,0.03563,0,0.169757,1,4,16,0.015625,0.003648,-0.004988,0.008024,C-accelerated,137696.0,136800.0,3181.12,4775.0,1.7452
2026-03-30T05:54:31Z,2039078462,1898,เธอเดินทางไกลไปเห็นต้นไม้ต้นหนึ่ง ต้นไม้ถูกตัด เธอยืนอยู่ตรงนั้นนาน,67,44,1,49.9878,0.04726,0.375,0.632812,0.499878,0.042522,0.382812,0.59375,0.00619,0.029181,0.004669,1,49.8596,7.992032,241.536,0.718154,1,0.67832,1,4,16,0.015625,-0.006954,-0.002027,0.001745,C-accelerated,134174.44,134500.0,1301.36,1275.0,0.474
2026-03-30T05:54:31Z,2039078462,1899,แมวอาบแดดที่ขอบหน้าต่าง มันอยู่ตรงนั้น พระอาทิตย์อยู่ตรงนั้น ฉันอยู่นี่ พอแล้ว,78,44,1,49.8901,0.045979,0.335938,0.625,0.498901,0.041152,0.351562,0.578125,0.006192,0.032105,0.004709,1,49.5667,7.991927,245.492,0.654219,1,0.181926,1,4,16,0.015625,0.006156,-0.008885,-0.004909,C-accelerated,135698.22,135650.0,1813.12,1300.0,0.4792
2026-03-30T05:54:31Z,2039078462,1900,ทุกวันเขาเขียนบันทึก วันนี้กินอะไร ดื่มอะไร อากาศเป็นไง ไม่เคยเขียนความรู้สึก,77,44,1,50.1465,0.045594,0.382812,0.625,0.501465,0.044029,0.398438,0.617188,0.006199,0.028526,0.004689,1,50.0519,7.992408,233.228,0.832288,1,0.227767,1,4,16,0.015625,0.010981,-0.002951,-0.000943,C-accelerated,137507.78,137000.0,2669.23,3500.0,1.2774
2026-03-30T05:54:31Z,2039078462,1901,เธอถักผ้าพันคอ แกะออก ถักใหม่ แกะออก ถักใหม่ หน้าหนาวผ่านไปแล้ว,63,44,1,50.885,0.042279,0.414062,0.625,0.50885,0.047183,0.382812,0.625,0.006187,0.030017,0.004682,1,49.9786,7.991479,258.804,0.421867,1,0.20476,1,4,16,0.015625,0.002748,0.00284,-0.007365,C-accelerated,141589.78,141300.0,4761.95,7600.0,2.6893
2026-03-30T05:54:31Z,2039078462,1902,เขาเรียนรู้ที่จะซ่อมนาฬิกา แต่ซ่อมเวลาของตัวเองไม่ได้ บางทีเร็วไป บางทีช้าไป,76,44,1,49.9268,0.041861,0.375,0.617188,0.499268,0.043765,0.375,0.609375,0.006243,0.028992,0.004751,1,49.9054,7.991587,255.29,0.483103,1,0.152661,1,4,16,0.015625,-0.009593,-0.011364,-0.001454,C-accelerated,147316.22,135600.0,25422.26,15975.0,5.8905
2026-03-30T05:54:31Z,2039078462,1903,เธอต้มโจ๊ก โจ๊กเย็น อุ่นใหม่ เย็นอีก เขายังไม่กลับ เธอกินคนเดียว,64,44,1,49.3713,0.040981,0.375,0.585938,0.493713,0.042501,0.351562,0.59375,0.006234,0.029028,0.004666,1,49.7925,7.992426,229.644,0.8713,1,0.04037,1,4,16,0.015625,0.010419,0.009713,0.006164,C-accelerated,134833.56,134400.0,1347.41,2500.0,0.9301
2026-03-30T05:54:31Z,2039078462,1904,ฝนหยุด เขาพับร่ม มองเห็นสายรุ้ง นึกได้ว่าเธอชอบสายรุ้ง ส่งรูปให้เธอ เธอไม่อยู่ในรายชื่อแล้ว,91,44,1,49.2859,0.045408,0.398438,0.625,0.492859,0.04725,0.375,0.601562,0.006212,0.032417,0.00465,1,49.6735,7.991959,243.119,0.693178,1,0.434309,1,4,16,0.015625,-0.00354,-0.001222,0.006547,C-accelerated,135090.67,135100.0,1530.51,1875.0,0.6939
2026-03-30T05:54:31Z,2039078462,1905,ทุกวันเขาให้อาหารนก นกมา กิน บินไป เขาก็ไป,42,44,1,49.6582,0.040896,0.398438,0.601562,0.496582,0.03837,0.414062,0.570312,0.006206,0.030751,0.004696,1,49.707,7.990327,293.713,0.048093,0,0.081847,1,4,16,0.015625,0.011042,0.004537,0.007115,C-accelerated,136076.44,135050.0,3134.94,4750.0,1.7586
2026-03-30T05:54:31Z,2039078462,1906,เธอเลี้ยงกระบองเพชร ลืมรดน้ำ มันรอดมาได้ เธอรดน้ำสม่ำเสมอ มันตาย,64,44,1,50.0916,0.04636,0.382812,0.625,0.500916,0.051161,0.359375,0.601562,0.006176,0.02948,0.004712,1,49.6857,7.990843,276.887,0.165504,1,0.789493,1,4,16,0.015625,-0.000984,-0.010174,0.003469,C-accelerated,135117.56,135200.0,1949.21,2750.0,1.017
2026-03-30T05:54:31Z,2039078462,1907,เขารอรถเมล์คันสุดท้าย รถมา เขาไม่ขึ้น รถไป เขายังรอ,51,44,1,50.8606,0.039918,0.414062,0.617188,0.508606,0.043573,0.390625,0.601562,0.006281,0.032931,0.004724,1,50.0153,7.992099,239.046,0.755555,1,0.044746,1,4,16,0.015625,0.009908,-0.00218,0.000441,C-accelerated,133789.56,133300.0,1337.59,2200.0,0.8252
2026-03-30T05:54:31Z,2039078462,1908,เธอเรียนทำอาหาร ทำกินเอง ทำกินแมว แมวตาย ทำกินกับความว่างเปล่า,62,44,1,50.6165,0.045088,0.351562,0.648438,0.506165,0.045214,0.40625,0.609375,0.006285,0.028316,0.004744,1,50.1587,7.99266,222.755,0.928272,1,0.822708,1,4,16,0.015625,-0.013108,0.007802,0.006197,C-accelerated,136264.44,135900.0,1847.66,2500.0,0.9198
2026-03-30T05:54:31Z,2039078462,1909,เขาเขียนคำลงบนทราย คลื่นซัด เขียนใหม่ คลื่นซัดอีก เขียนอยู่ได้ทั้งวัน,69,44,1,50.5981,0.047315,0.398438,0.65625,0.505981,0.04642,0.398438,0.632812,0.006248,0.029896,0.004717,1,49.9786,7.992069,237.882,0.772152,1,0.385585,1,4,16,0.015625,-0.005829,0.001181,0.001437,C-accelerated,142994.89,140800.0,7355.33,9700.0,3.4446
2026-03-30T05:54:31Z,2039078462,1910,เธอเปิดหน้าต่าง ลมพัดเข้ามา ม่านขยับ เธออยากขยับบ้าง แต่ขยับไม่ได้,66,44,1,50.1282,0.046761,0.367188,0.617188,0.501282,0.045594,0.335938,0.609375,0.006112,0.028689,0.004648,1,49.6185,7.990633,285.638,0.090924,1,0.699384,1,4,16,0.015625,0.004582,-0.006378,0.005645,C-accelerated,133491.78,133100.0,1241.63,1300.0,0.4884
2026-03-30T05:54:31Z,2039078462,1911,เขาเขียนจดหมายไปไกล ส่งไป ไม่มีตอบ ส่งเรื่อยๆ ส่งไปเรื่อย จนไปรษณีย์ปิด,71,44,1,50.47,0.046501,0.398438,0.648438,0.5047,0.044176,0.390625,0.632812,0.006231,0.028198,0.004652,1,49.7803,7.991892,247.052,0.627818,1,0.738597,1,4,16,0.015625,-0.00479,0.011018,-0.006614,C-accelerated,134248.0,133700.0,1364.54,2475.0,0.9256
2026-03-30T05:54:31Z,2039078462,1912,เธอปลูกต้นไม้ รดน้ำทุกวัน ต้นไม้โต เธอแก่ ต้นไม้ยังโต,53,44,1,50.061,0.045477,0.359375,0.585938,0.50061,0.042485,0.398438,0.617188,0.00625,0.031279,0.004708,1,49.9481,7.989991,305.839,0.015939,0,0.996196,1,4,16,0.015625,-0.005033,0.001507,-0.003615,C-accelerated,135455.78,135050.0,2268.36,3200.0,1.1847
2026-03-30T05:54:31Z,2039078462,1913,เขามองกระจก ไม่รู้จักตัวเอง ถามว่าแกเป็นใคร กระจกเงียบ,54,44,1,49.9756,0.048485,0.359375,0.609375,0.499756,0.044183,0.382812,0.59375,0.006279,0.028794,0.004692,1,50.2716,7.991063,269.254,0.258114,1,0.731413,1,4,16,0.015625,0.002313,0.012012,-0.002604,C-accelerated,142005.11,138700.0,9157.46,11075.0,3.9924
2026-03-30T05:54:31Z,2039078462,1914,เธอเรียนรู้ที่จะเงียบ ในความเงียบ เธอได้ยินเสียงมากมาย ท่ามกลางเสียงเหล่านั้น เธอพบความเงียบ,92,44,1,49.9817,0.043173,0.390625,0.609375,0.499817,0.043173,0.375,0.609375,0.006177,0.031786,0.004675,1,50.0092,7.992929,216.471,0.961683,1,0.833854,1,4,16,0.015625,-0.006817,-0.012428,-0.007855,C-accelerated,135210.89,135000.0,2322.25,1700.0,0.6296
2026-03-30T05:54:31Z,2039078462,1915,ทุกวันเขาเดินผ่านประตูบานนั้น ประตูปิดตลอด วันหนึ่งมันเปิด ไม่มีใครในนั้น เขาก้าวเข้าไป ไม่ได้ออกมาอีก,102,44,1,49.4263,0.039997,0.382812,0.601562,0.494263,0.045402,0.390625,0.617188,0.006207,0.030447,0.004646,1,50.0916,7.99195,244.119,0.676956,1,0.360022,1,4,16,0.015625,-0.001009,0.002383,-0.009714,C-accelerated,135896.0,135900.0,1050.24,1000.0,0.3679
2026-03-30T05:54:31Z,2039078462,1916,เธอนับแกะ หนึ่งพันตัว นอนไม่หลับ ลุกขึ้นนับดาว ดาวก็ยังไม่หลับ,62,44,1,49.9939,0.041184,0.398438,0.59375,0.499939,0.041137,0.414062,0.609375,0.006258,0.03487,0.004688,1,49.9268,7.991899,244.724,0.667001,1,0.996196,1,4,16,0.015625,0.013516,0.011115,0.01382,C-accelerated,135988.0,135600.0,1937.81,2100.0,0.7743
2026-03-30T05:54:31Z,2039078462,1917,เขาเก็บขวดเปล่ามากมาย ใส มองผ่านแสง ไม่เห็นอะไร แต่เขาชอบ,57,44,1,49.9573,0.046223,0.382812,0.617188,0.499573,0.044541,0.359375,0.601562,0.006231,0.033203,0.004698,1,50.116,7.99173,249.286,0.589151,1,0.149944,1,4,16,0.015625,0.001894,-0.003059,-0.004382,C-accelerated,138506.44,137350.0,3522.49,5200.0,1.893
2026-03-30T05:54:31Z,2039078462,1918,เธอเรียนรู้ที่จะลา กับเมื่อวาน กับตัวเอง กับการลา,49,44,1,49.9084,0.040976,0.398438,0.59375,0.499084,0.040673,0.398438,0.609375,0.00629,0.032447,0.004801,1,50.1221,7.991832,246.912,0.630205,1,1.0,1,4,16,0.015625,-0.005012,0.007201,0.003396,C-accelerated,134454.67,134600.0,1435.93,1200.0,0.4458
2026-03-30T05:54:31Z,2039078462,1919,ฝนกระทบใบไม้ ใบไม้ร่วง ฝนกระทบดิน ดินเละ ฝนกระทบเขา ตัวเปียก,60,44,1,50.6531,0.046761,0.390625,0.648438,0.506531,0.04767,0.40625,0.632812,0.006215,0.030879,0.004737,1,49.8596,7.991532,256.012,0.470404,1,0.198033,1,4,16,0.015625,-0.00316,0.006361,0.007091,C-accelerated,140790.22,137700.0,7890.21,9100.0,3.3043
2026-03-30T05:54:31Z,2039078462,1920,เขาฝันว่าตื่น ตื่นขึ้นมายังอยู่ในฝัน ตื่นอีกทีก็ยังในฝัน ตื่นจริงๆไม่ได้สักที,77,44,1,50.1831,0.043602,0.40625,0.632812,0.501831,0.046809,0.40625,0.625,0.006214,0.034783,0.004702,1,50.3448,7.991284,265.321,0.315467,1,0.448449,1,4,16,0.015625,0.003276,-0.003621,2.8e-05,C-accelerated,135711.11,135700.0,927.92,800.0,0.2948
2026-03-30T05:54:31Z,2039078462,1921,ทุกวันเธอส่องกระจก วันหนึ่งกระจกแตก เธอประกอบร่างตัวเองใหม่ สวยกว่าเดิม,71,44,1,49.6338,0.042879,0.390625,0.601562,0.496338,0.046476,0.359375,0.601562,0.006282,0.032481,0.004759,1,50.354,7.992785,220.358,0.942907,1,0.203063,1,4,16,0.015625,-0.007325,-0.002794,0.006575,C-accelerated,140658.89,137650.0,6469.95,6700.0,2.4337
2026-03-30T05:54:31Z,2039078462,1922,เธอปลูกสวนดอกไม้ ตอนดอกไม้บาน เธอไป ตอนดอกไม้ร่วง เธอไป,55,44,1,50.0244,0.0412,0.382812,0.59375,0.500244,0.045939,0.367188,0.609375,0.006187,0.029537,0.004713,1,50.2838,7.99176,250.659,0.56504,1,0.417685,1,4,16,0.015625,0.0068,-0.001671,-0.003855,C-accelerated,136408.67,136000.0,2093.24,1400.0,0.5147
2026-03-30T05:54:31Z,2039078462,1923,เธอเขียนบทกวีบรรทัดเดียว ตนเองไม่เข้าใจ ให้คนอื่นดู เขาก็ไม่เข้าใจ บทกวีพอใจ,76,44,1,49.884,0.043169,0.398438,0.632812,0.49884,0.044582,0.382812,0.609375,0.006311,0.029539,0.004751,1,49.2584,7.990737,280.495,0.130796,1,0.724253,1,4,16,0.015625,-0.005846,0.005085,5.1e-05,C-accelerated,139770.22,139600.0,1295.29,1375.0,0.4925
2026-03-30T05:54:31Z,2039078462,1924,เขาเลี้ยงนกแก้วตัวหนึ่ง มันพูดได้ พูดสวัสดี พูดลาก่อน พูดหิวข้าว แล้วก็พูดแต่ลาก่อน,83,44,1,50.3662,0.040945,0.390625,0.59375,0.503662,0.039062,0.398438,0.601562,0.006196,0.031231,0.004671,1,49.6552,7.991601,256.407,0.463463,1,0.281296,1,4,16,0.015625,0.006169,0.001309,0.002186,C-accelerated,134008.44,134200.0,1507.63,2200.0,0.8197
2026-03-30T05:54:31Z,2039078462,1925,เธอเรียนชงกาแฟ ขม ใส่น้ำตาล ก็ยังขม ไม่ใส่น้ำตาลแล้ว ขมก็ขม,59,44,1,50.3418,0.046994,0.34375,0.609375,0.503418,0.049341,0.390625,0.632812,0.006342,0.032283,0.004797,1,49.6552,7.991322,265.367,0.314754,1,0.498432,1,4,16,0.015625,0.019496,0.009502,0.011761,C-accelerated,143213.11,138350.0,11096.4,8650.0,3.1261
2026-03-30T05:54:31Z,2039078462,1926,เขาดูหนังเรื่องหนึ่ง เกี่ยวกับชายที่รอหญิงชั่วชีวิต รอจนได้ หญิงตาย หนังจบ เขาร้องไห้ ร้องไห้ให้ตัวเอง,102,44,1,49.7559,0.048679,0.328125,0.617188,0.497559,0.042509,0.375,0.632812,0.006256,0.028683,0.004682,1,50.0763,7.991686,253.103,0.521806,1,0.495412,1,4,16,0.015625,0.005233,-0.00244,0.001402,C-accelerated,137238.44,135100.0,7199.65,4700.0,1.7395
2026-03-30T05:54:31Z,2039078462,1927,เธอล้างมือในลำธาร น้ำเย็น นึกถึงตอนเด็กก็ล้างมือในลำธาร ตอนเด็กน้ำก็เย็น,72,44,1,49.884,0.040147,0.40625,0.59375,0.49884,0.04141,0.375,0.609375,0.006135,0.032155,0.004734,1,50.1373,7.991972,244.701,0.667386,1,0.969577,1,4,16,0.015625,0.000906,-0.003113,-0.000685,C-accelerated,138812.0,136700.0,6238.52,6575.0,2.4049
2026-03-30T05:54:31Z,2039078462,1928,ทุกวันทางเดิม ต้นไม้เดิม คนเดิม คำพูดเดิม มีแต่เขาที่เปลี่ยน,60,44,1,49.4019,0.044661,0.375,0.601562,0.494019,0.045128,0.359375,0.617188,0.006186,0.029465,0.004748,1,49.7314,7.991398,262.412,0.361474,1,0.404123,1,4,16,0.015625,-0.007053,0.00536,0.010261,C-accelerated,137552.67,137600.0,2201.54,2600.0,0.9448
2026-03-30T05:54:31Z,2039078462,1929,เธอซื้อสมุดเล่มหนึ่ง ตั้งใจจะเขียนอะไรสักอย่าง เปิดหน้าแรก ว่างเปล่า ปิด ตลอดไปก็ว่างเปล่า,90,44,1,50.3906,0.043432,0.351562,0.59375,0.503906,0.043695,0.367188,0.609375,0.006182,0.027676,0.004681,1,50.1038,7.991126,271.697,0.225666,1,0.312174,1,4,16,0.015625,-0.001579,0.018713,0.003319,C-accelerated,142823.56,139500.0,8401.58,9775.0,3.5036
2026-03-30T05:54:31Z,2039078462,1930,เขาเรียนรู้ที่จะซ่อมของ ซ่อมเสร็จ พังอีก ซ่อมอีก พังอีก เลยหยุดซ่อม พังก็พัง,76,44,1,49.9512,0.044589,0.398438,0.625,0.499512,0.045173,0.375,0.664062,0.00622,0.032433,0.004649,1,49.7711,7.992198,236.975,0.784681,1,0.448449,1,4,16,0.015625,0.006799,-0.005351,-0.002279,C-accelerated,143604.67,139900.0,10182.75,12100.0,4.3245
2026-03-30T05:54:31Z,2039078462,1931,เธอต้มซุปหม้อหนึ่ง เค็มไป เติมน้ำ จืดไป เติมเกลือ กลายเป็นหม้อใหญ่ กินคนเดียวไม่หมด,83,44,1,50.4944,0.0419,0.40625,0.617188,0.504944,0.046208,0.382812,0.648438,0.006358,0.034449,0.004769,1,50.0671,7.990613,286.732,0.083802,1,0.24281,1,4,16,0.015625,-0.012532,0.003017,0.001784,C-accelerated,153684.89,143000.0,16425.89,28500.0,9.965
2026-03-30T05:54:31Z,2039078462,1932,เขามองออกไปนอกหน้าต่าง ฝนตก ฝนหยุด มืด สว่าง เขายังมอง,54,44,1,49.9329,0.045836,0.390625,0.640625,0.499329,0.046835,0.367188,0.609375,0.006222,0.0293,0.004692,1,50.4333,7.991076,269.347,0.256832,1,0.486411,1,4,16,0.015625,-0.002058,0.014508,0.006526,C-accelerated,142094.22,140400.0,6237.71,5300.0,1.8875
2026-03-30T05:54:31Z,2039078462,1933,เธอเรียนรู้ที่จะโกหก โกหกคนอื่น โกหกตัวเอง แล้วก็แยกไม่ออกว่าอะไรจริง,69,44,1,50.6409,0.040471,0.414062,0.609375,0.506409,0.048705,0.390625,0.617188,0.006264,0.027236,0.004735,1,49.8474,7.99204,241.164,0.723901,1,0.423185,1,4,16,0.015625,0.00225,-0.004427,0.009328,C-accelerated,135527.56,135500.0,1376.74,2000.0,0.738
2026-03-30T05:54:31Z,2039078462,1935,ทุกวันเธอเขียนหนึ่งคำ เขียนจนเต็มสมุด รวมกันเป็นประโยค เธอไม่รู้ตัว สมุดหาย,75,44,1,50.2563,0.043346,0.414062,0.625,0.502563,0.038831,0.40625,0.585938,0.006208,0.031046,0.004743,1,49.4415,7.990992,272.116,0.220363,1,0.151298,1,4,16,0.015625,-0.010201,-0.006438,-0.001411,C-accelerated,136643.11,136550.0,2832.71,4400.0,1.6111
2026-03-30T05:54:31Z,2039078462,1934,เขาเลี้ยงหมาตัวหนึ่ง หมาแก่ เดินไม่ได้แล้ว เขาอุ้มไปผึ่งแดด หมาตาย เขายังอุ้ม,77,44,1,49.6033,0.041201,0.367188,0.601562,0.496033,0.041764,0.398438,0.601562,0.006375,0.031724,0.004738,1,49.8505,7.991873,246.889,0.630602,1,0.194731,1,4,16,0.015625,-0.000778,-0.003487,-0.003525,C-accelerated,148286.44,142450.0,14700.46,20750.0,7.2833
2026-03-30T05:54:31Z,2039078462,1936,เขาเรียนรู้ที่จะรอ รอรถเมล์ รอคน รอเวลา รอความตาย ความตายก็รอเขาอยู่,68,44,1,50.4517,0.045193,0.375,0.632812,0.504517,0.046329,0.382812,0.632812,0.006211,0.027702,0.004727,1,50.0275,7.991622,254.941,0.489263,1,0.4775,1,4,16,0.015625,-0.00259,0.001187,0.002114,C-accelerated,139407.11,139100.0,2749.77,3100.0,1.1143
2026-03-30T05:54:31Z,2039078462,1937,เธอปลูกองุ่น องุ่นเปรี้ยว ปีหน้าหวาน กินคนเดียว ไม่หมด,54,44,1,49.0112,0.038217,0.359375,0.609375,0.490112,0.044037,0.359375,0.601562,0.00624,0.030749,0.004727,1,49.5697,7.991301,267.089,0.288932,1,0.685315,1,4,16,0.015625,-0.001698,0.01091,-0.0104,C-accelerated,140344.0,138000.0,5694.17,6200.0,2.2464
2026-03-30T05:54:31Z,2039078462,1938,เขาคุยกับกำแพง กำแพงฟัง กำแพงไม่ตอบ เขายังคงพูด หลายปี กำแพงถล่ม,64,44,1,50.769,0.044581,0.367188,0.625,0.50769,0.046405,0.421875,0.640625,0.006169,0.031208,0.004678,1,50.1099,7.990094,301.277,0.02465,0,0.931616,1,4,16,0.015625,-0.0016,0.0019,0.013802,C-accelerated,145427.56,140750.0,13905.5,9200.0,3.2682
2026-03-30T05:54:31Z,2039078462,1939,เธอเรียนทำบะหมี่ บะหมี่เปล่า ใส่ไข่ ใส่ผัก ใส่เนื้อ ใส่มากไป กลายเป็นบะหมี่ของเหลือ,83,44,1,50.1343,0.044657,0.398438,0.617188,0.501343,0.046231,0.367188,0.640625,0.006253,0.030998,0.004665,1,49.7681,7.991407,263.575,0.342743,1,0.7712,1,4,16,0.015625,-0.000373,0.002527,0.001325,C-accelerated,148574.67,147800.0,8483.45,11650.0,3.9411
2026-03-30T05:54:31Z,2039078462,1940,เขาดูพระอาทิตย์ตก สวยงาม วันรุ่งขึ้นมาอีก ไม่สวยเท่า วันต่อมาไม่มา,66,44,1,50.3723,0.041131,0.40625,0.625,0.503723,0.038915,0.367188,0.617188,0.006287,0.033696,0.004737,1,50.0885,7.990399,290.851,0.060827,1,0.038545,1,4,16,0.015625,0.010828,-0.004128,-0.009121,C-accelerated,139976.89,138200.0,5337.6,2275.0,0.8231
2026-03-30T05:54:31Z,2039078462,1941,เธอซื้อรองเท้าคู่หนึ่ง ใส่ไม่ได้ เจ็บเท้า ก็ยังใส่ เท้าชิน รองเท้าชิน,69,44,1,50.1343,0.037277,0.40625,0.609375,0.501343,0.041249,0.382812,0.640625,0.006263,0.029231,0.004719,1,50.0061,7.992366,233.67,0.827026,1,0.901355,1,4,16,0.015625,0.002265,-0.003744,0.015123,C-accelerated,141459.11,139500.0,6897.17,9375.0,3.3602
2026-03-30T05:54:31Z,2039078462,1942,เขาเรียนรู้ที่จะเงียบ เงียบท่ามกลางผู้คน เงียบในความเหงา เงียบในความเงียบ,73,44,1,50.3357,0.040296,0.421875,0.632812,0.503357,0.044202,0.414062,0.640625,0.006214,0.029301,0.0047,1,49.7009,7.990216,296.041,0.039441,0,0.606644,1,4,16,0.015625,-0.00385,0.000315,0.00181,C-accelerated,148588.67,137050.0,23852.18,12550.0,4.5786
2026-03-30T05:54:31Z,2039078462,1943,เธอเลี้ยงเต่าตัวหนึ่ง เต่าอายุยืน เธอตาย เต่าอยู่ต่อ เต่าไม่รู้ว่าเธอตาย,72,44,1,50.1648,0.043374,0.351562,0.640625,0.501648,0.045088,0.390625,0.625,0.006177,0.030801,0.004648,1,50.0366,7.990398,293.993,0.046978,0,0.626779,1,4,16,0.015625,0.011785,-0.001306,-0.000561,C-accelerated,135189.56,134000.0,3798.17,3100.0,1.1567
2026-03-30T05:54:31Z,2039078462,1944,เขาเขียนจดหมายหลายฉบับ ไม่ได้ส่ง เก็บไว้ในลิ้นชัก วันหนึ่งเอาไปเผา ไฟอุ่น,73,44,1,49.9268,0.043634,0.367188,0.59375,0.499268,0.040823,0.40625,0.601562,0.006272,0.032836,0.00471,1,49.7528,7.992662,221.708,0.934973,1,0.333162,1,4,16,0.015625,-0.019121,-8e-05,-0.005151,C-accelerated,161825.78,138900.0,50462.87,9475.0,3.4107
2026-03-30T05:54:31Z,2039078462,1945,เธอเรียนรู้ที่จะลืม ลืมเมื่อวาน ลืมตัวเอง ลืมการลืม สุดท้ายจำได้หมด,67,44,1,49.5178,0.046282,0.382812,0.625,0.495178,0.046375,0.359375,0.609375,0.006314,0.03063,0.004763,1,50.412,7.9917,252.102,0.539538,1,0.406814,1,4,16,0.015625,-0.019636,0.000224,0.000617,C-accelerated,136174.0,135900.0,1679.25,1600.0,0.5887
2026-03-30T05:54:31Z,2039078462,1946,ทุกวันไปทะเล มองคลื่น นับคลื่น คลื่นไม่รอใคร เขาก็ไม่รอ,55,44,1,49.9329,0.041536,0.398438,0.625,0.499329,0.03916,0.398438,0.609375,0.006161,0.032852,0.004613,1,50.1221,7.991868,250.147,0.574054,1,0.603317,1,4,16,0.015625,0.000803,-0.001087,-0.001087,C-accelerated,161269.56,142200.0,40610.28,30350.0,10.6716
2026-03-30T05:54:31Z,2039078462,1947,เธอปลูกต้นแอปเปิ้ล แอปเปิ้ลหวาน อยากให้เขา หาเขาไม่เจอ,54,44,1,49.7437,0.045597,0.367188,0.601562,0.497437,0.047813,0.351562,0.625,0.006289,0.032611,0.00473,1,50.1465,7.992081,238.767,0.759592,1,0.636952,1,4,16,0.015625,0.004922,0.000555,0.011352,C-accelerated,142840.44,139900.0,8386.78,9850.0,3.5204
2026-03-30T05:54:31Z,2039078462,1948,เขาเรียนทำอาหาร ทำกินเอง ทำกินแมว แมวตาย ทำกินกับอากาศ,54,44,1,50.1648,0.046739,0.398438,0.625,0.501648,0.045035,0.382812,0.59375,0.006194,0.033076,0.004643,1,49.8138,7.991712,253.871,0.508198,1,0.636952,1,4,16,0.015625,-0.004209,-0.000157,-0.017701,C-accelerated,137205.78,134600.0,8957.87,5275.0,1.9595
2026-03-30T05:54:31Z,2039078462,1949,ในกระจกเธอเห็นแม่ แม่แก่ เธอแก่ กระจกไม่แก่,43,44,1,49.6155,0.043608,0.398438,0.585938,0.496155,0.045028,0.390625,0.632812,0.006238,0.030742,0.00473,1,49.6948,7.99166,254.778,0.49214,1,0.977181,1,4,16,0.015625,-0.001791,0.003114,-0.00546,C-accelerated,134434.67,134250.0,1308.96,1900.0,0.7076
2026-03-30T05:54:31Z,2039078462,1950,เขาเลี้ยงต้นไผ่ ใบเหลือง รดน้ำ ยิ่งเหลือง ถามชาวบ้าน บอกว่ารดน้ำมากไป เลิก รด ต้นตาย,84,44,1,50.354,0.044095,0.375,0.632812,0.50354,0.045427,0.40625,0.601562,0.006191,0.032815,0.004664,1,50.0519,7.991883,247.075,0.62742,1,0.246678,1,4,16,0.015625,0.001451,-0.008607,-0.013712,C-accelerated,141164.67,139600.0,8098.96,6900.0,2.4713
2026-03-30T05:54:31Z,2039078462,1951,เธอเรียนรู้ที่จะเดิน ทีละก้าว มาถึงที่นี่ มาถึงที่นั่น มาถึงวันที่เดินไม่ได้ หันกลับไปมอง ที่จริงไม่ได้ไกล,106,44,1,50.0671,0.045324,0.367188,0.625,0.500671,0.042769,0.40625,0.648438,0.006195,0.03535,0.004709,1,49.9756,7.9912,263.901,0.337574,1,0.294266,1,4,16,0.015625,0.007428,-0.00747,-0.000276,C-accelerated,139725.11,139100.0,4467.36,4900.0,1.7613
2026-03-30T05:54:31Z,2039078462,1952,เขาอ่านหนังสือหลายเล่ม จำได้ ลืม อ่านอีก ลืมอีก สุดท้ายจำอะไรไม่ได้ แต่รู้สึกอิ่ม,81,44,1,49.5178,0.046703,0.390625,0.609375,0.495178,0.053311,0.328125,0.617188,0.006222,0.032347,0.004725,1,49.939,7.990797,282.1,0.117172,1,0.695857,1,4,16,0.015625,0.005053,0.001678,-0.008143,C-accelerated,145300.67,137100.0,19758.1,6375.0,2.3249
2026-03-30T05:54:31Z,2039078462,1953,เธอเรียนทำโจ๊ก โจ๊กเปล่า ใส่หมูสับ ใส่ต้นหอม ใส่อะต่อ เยอะไป ลืมใส่ข้าว,71,44,1,50.5859,0.040957,0.398438,0.601562,0.505859,0.041627,0.414062,0.640625,0.006155,0.028751,0.004684,1,49.6765,7.990915,277.772,0.15646,1,0.713557,1,4,16,0.015625,-0.009195,0.010036,0.000235,C-accelerated,136087.78,136000.0,1371.6,1700.0,0.625
2026-03-30T05:54:31Z,2039078462,1955,ทุกวันเธอดูข่าว ข่าวร้ายมากกว่าข่าวดี ปิด เปิด ปิด เปิด หยุดไม่ได้,66,44,1,50.4211,0.041557,0.375,0.617188,0.504211,0.045469,0.375,0.617188,0.006334,0.030369,0.004792,1,50.0305,7.990538,287.476,0.079208,1,0.109196,1,4,16,0.015625,0.004363,0.006871,-0.000229,C-accelerated,134762.44,134650.0,2901.36,3675.0,1.3646
2026-03-30T05:54:31Z,2039078462,1954,เขาปลูกต้นพลัม หน้าหนาวออกดอก หอม หิมะตกบนดอกไม้ ดอกไม้ไม่ร่วง เขาร่วง,70,44,1,49.7986,0.043698,0.382812,0.59375,0.497986,0.050246,0.367188,0.617188,0.006195,0.030213,0.004714,1,50.0519,7.991595,257.827,0.438719,1,0.05007,1,4,16,0.015625,0.002537,-0.009418,0.001267,C-accelerated,135287.11,135500.0,1278.04,1500.0,0.5535
2026-03-30T05:54:31Z,2039078462,1956,เขาเรียนรู้ที่จะซ่อมจักรยาน ซ่อมเสร็จ ขี่ไป ยางแบน ลากกลับบ้าน ซ่อมอีก,70,44,1,50.2014,0.049807,0.34375,0.617188,0.502014,0.04316,0.382812,0.609375,0.006074,0.030826,0.004676,1,49.7375,7.990827,277.353,0.1607,1,0.357525,1,4,16,0.015625,-0.002068,-0.00472,-0.008937,C-accelerated,134694.22,134300.0,1860.17,2400.0,0.8935
2026-03-30T05:54:31Z,2039078462,1957,เธอซื้อต้นไม้แขวน วางที่หน้าต่าง แดดพอเหมาะ โตเร็ว ตัดชำลงน้ำ รากออก ตัดแล้วปลูกไปเรื่อย,88,44,1,49.3408,0.04194,0.34375,0.585938,0.493408,0.043018,0.359375,0.59375,0.006242,0.030633,0.004669,1,49.8444,7.992801,219.892,0.945466,1,0.785824,1,4,16,0.015625,0.000896,0.000484,-0.010311,C-accelerated,138670.67,137400.0,3570.51,5175.0,1.8832
2026-03-30T05:54:31Z,2039078462,1958,เขาเรียนดื่มชา ขม ต่อมาหวาน ขมอีก ต่อมาหวานอีก เหมือนชีวิต เหมือนหรือไม่ ชาก็คือชา,82,44,1,50.2747,0.046554,0.320312,0.640625,0.502747,0.041577,0.414062,0.59375,0.006227,0.03483,0.004688,1,50.1526,7.992699,221.638,0.935402,1,0.620035,1,4,16,0.015625,0.005908,0.003526,0.000939,C-accelerated,138571.11,137150.0,4268.53,4400.0,1.6041
2026-03-30T05:54:31Z,2039078462,1959,เธอปลูกทานตะวัน หันตามตะวัน พระอาทิตย์ลับ มันก้มหน้า พรุ่งนี้เช้าก็เงยอีก,73,44,1,50.6958,0.038537,0.414062,0.632812,0.506958,0.044369,0.367188,0.609375,0.006222,0.025584,0.004718,1,50.3601,7.991162,269.999,0.247955,1,0.169757,1,4,16,0.015625,-0.001193,0.002198,0.001452,C-accelerated,134432.22,134400.0,1547.63,2500.0,0.9301
2026-03-30T05:54:31Z,2039078462,1960,เขาเรียนรู้ที่จะรอ รอใบไม้ผลิ ใบไม้ผลิมา รอฤดูร้อน ฤดูร้อนมา รอใบไม้ร่วง ใบไม้ร่วงมา รอฤดูหนาว ฤดูหนาวมา รอใบไม้ผลิอีก,118,44,1,50.0793,0.046238,0.382812,0.585938,0.500793,0.050232,0.390625,0.640625,0.006296,0.030023,0.004755,1,49.884,7.990825,275.584,0.179473,1,0.980983,1,4,16,0.015625,0.001957,-0.012259,0.008227,C-accelerated,139841.78,137450.0,6252.4,8150.0,2.9647
2026-03-30T05:54:31Z,2039078462,1961,เธอเลี้ยงแมวตัวหนึ่ง แมวข่วนโซฟา ดุ คราวหน้าก็ข่วนอีก เลยไม่ดุ โซฟาพัง ซื้อใหม่ แมวก็ยังข่วน,92,44,1,49.8108,0.043298,0.390625,0.625,0.498108,0.03858,0.40625,0.59375,0.006231,0.033471,0.004679,1,50.351,7.992108,244.352,0.673139,1,0.590089,1,4,16,0.015625,0.004618,0.007281,-0.007911,C-accelerated,136823.56,135200.0,5531.87,3100.0,1.1464
2026-03-30T05:54:31Z,2039078462,1962,เขาเรียนชงกาแฟ ชงแบบดริป ชงแบบเอสเปรสโซ่ ลองหมด สุดท้ายกลับมากาแฟสำเร็จรูป ประหยัดเวลา เวลาที่ประหยัดได้ เอามานั่งมองฟ้า,120,44,1,50.4211,0.043189,0.375,0.609375,0.504211,0.038693,0.382812,0.59375,0.006232,0.032626,0.004757,1,50.0458,7.992349,233.996,0.823087,1,0.905131,1,4,16,0.015625,-0.001934,0.004401,-6.5e-05,C-accelerated,137419.56,137300.0,3179.06,3700.0,1.3474
2026-03-30T05:54:31Z,2039078462,1963,ทุกวันเธอส่องกระจก วันหนึ่งกระจกพูดว่าอรุณสวัสดิ์ เธอตกใจ แล้วก็ชิน กระจกเงียบไป เธอคิดถึง,90,44,1,50.4517,0.043131,0.359375,0.625,0.504517,0.043483,0.398438,0.609375,0.006293,0.029488,0.00473,1,49.8962,7.991539,258.385,0.429069,1,0.326067,1,4,16,0.015625,-0.002354,0.002469,0.012491,C-accelerated,156200.22,136400.0,44536.18,5500.0,2.0161
2026-03-30T05:54:31Z,2039078462,1964,เขาปลูกแปะก๊วย ใบเหลือง ร่วง กองรวมกัน เหยียบลงไป ตุบตับ เหมือนใบไม้ร่วงกำลังพูด,80,44,1,50.415,0.045281,0.40625,0.632812,0.50415,0.043966,0.398438,0.609375,0.006289,0.028917,0.004662,1,50.0549,7.991938,247.377,0.622235,1,0.355039,1,4,16,0.015625,-0.00739,-0.008256,0.005171,C-accelerated,135497.33,135200.0,1774.47,1500.0,0.5547
2026-03-30T05:54:31Z,2039078462,1966,เขาเลี้ยงนกขุนทอง มันเลียนเสียงได้ เลียนเสียงโทรศัพท์ เลียนเสียงกริ่งประตู เลียนเสียงเพื่อนบ้านทะเลาะกัน เลียนเสียงเด็กร้องไห้ แล้วก็เงียบ ตาย เงียบสงบ,151,44,1,50.2014,0.042131,0.390625,0.625,0.502014,0.042704,0.398438,0.617188,0.006243,0.02955,0.004654,1,49.9573,7.991543,258.316,0.430272,1,0.897581,1,4,16,0.015625,0.00581,0.002522,-0.000388,C-accelerated,192268.67,150650.0,66086.72,111675.0,37.0644
2026-03-30T05:54:31Z,2039078462,1965,เธอเรียนทำอาหาร ทำกินให้ครอบครัว ครอบครัวจากไป ทำกินให้ตัวเอง ตัวเองจากไป ทำกินให้ความทรงจำ,91,44,1,50.0061,0.044725,0.375,0.609375,0.500061,0.047093,0.367188,0.601562,0.006202,0.032461,0.004684,1,50.0732,7.992444,230.714,0.860329,1,0.48046,1,4,16,0.015625,0.007612,0.004424,0.000461,C-accelerated,135606.44,135400.0,2178.95,2500.0,0.9232
2026-03-30T05:54:31Z,2039078462,1967,เธอซื้อปลามา ปล่อยในอ่าง เปลี่ยนน้ำทุกวัน ให้อาหาร ปลาโต อ่างเล็ก ย้ายไปตู้ปลา ปลาโตอีก ย้ายไปบ่อเล็ก ปลาโต เธอแก่ ปลาก็แก่ แก่ไปด้วยกัน,136,44,1,49.8596,0.042122,0.414062,0.625,0.498596,0.045064,0.382812,0.617188,0.006295,0.029161,0.004711,1,50.1892,7.993042,210.374,0.980997,1,0.667881,1,4,16,0.015625,0.006205,0.00419,-0.011255,C-accelerated,136226.44,136200.0,1264.29,800.0,0.2937
2026-03-30T05:54:31Z,2039078462,1968,เขาปลูกน้ำเต้า เลื้อยเต็มหลังคา ลูกดก กินไม่หมด ให้เพื่อนบ้าน เพื่อนบ้านก็กินไม่หมด ให้กลับ ทำเป็นฟองน้ำล้างจาน ใช้ได้หลายปี น้ำเต้ายังไม่หมด,141,44,1,49.2065,0.043662,0.375,0.632812,0.492065,0.039752,0.390625,0.585938,0.006326,0.030723,0.0048,1,49.8566,7.992418,233.553,0.828421,1,0.519843,1,4,16,0.015625,0.005885,0.004683,0.003887,C-accelerated,137451.56,137000.0,2742.96,3900.0,1.4234
2026-03-30T05:54:31Z,2039078462,1969,ทุกวันเธอดูตะวันตก ที่เดิม เวลาเดิม เมฆต่างกัน สีต่างกัน อารมณ์ต่างกัน ตะวันตกเหมือนกัน เธอต่างกัน ตะวันตกรอให้เธอแก่,117,44,1,51.1597,0.047792,0.40625,0.625,0.511597,0.039548,0.414062,0.617188,0.006227,0.029583,0.004738,1,50.1465,7.991998,243.514,0.686802,1,0.774848,1,4,16,0.015625,-0.009689,0.013405,0.005969,C-accelerated,173386.0,148500.0,50504.81,57100.0,19.2256
2026-03-30T05:54:31Z,2039078462,1970,เขาเรียนรู้ที่จะซ่อมจักรยาน ซ่อมให้เพื่อนบ้าน ซ่อมให้เพื่อน ซ่อมให้คนแปลกหน้า ไม่รับเงิน รับคำขอบคุณ คำขอบคุณไม่พอ รับรอยยิ้ม รอยยิ้มพอแล้ว,139,44,1,50.2625,0.047974,0.390625,0.617188,0.502625,0.044488,0.382812,0.625,0.006246,0.031509,0.004699,1,49.7162,7.991782,250.752,0.563399,1,0.516756,1,4,16,0.015625,-0.005254,-0.000248,-0.000166,C-accelerated,152968.89,142400.0,23617.24,17975.0,6.3114
2026-03-30T05:54:31Z,2039078462,1971,"Egy tavaszi délutánon a kis kávézó teraszán két idegen véletlenül egymás mellé ült. Először csak udvariasan mosolyogtak egymásra, de ahogy a beszélgetés lassan kibontakozott, rájöttek, hogy ugyanazokat a könyveket szeretik és ugyanazokat az álmokat hordozzák magukban.",268,44,1,50.4517,0.042686,0.398438,0.640625,0.504517,0.044448,0.375,0.601562,0.006189,0.036258,0.004724,1,49.9084,7.991726,254.708,0.493374,1,0.60998,1,4,16,0.015625,-0.012165,0.005865,-0.004981,C-accelerated,135554.22,135900.0,1596.26,2600.0,0.9566
2026-03-30T05:54:31Z,2039078462,1972,"A folyóparti sétányon egy fiatal férfi és egy lány naplementét néztek. A narancssárga fény megcsillant a vízen, és a csendben egyszerre érezték, hogy valami új kezdődik közöttük, valami egyszerű és mégis különleges, amit talán szerelemnek hívnak.",246,44,1,49.5605,0.04431,0.398438,0.632812,0.495605,0.045015,0.390625,0.640625,0.006217,0.028691,0.004674,1,50.2228,7.990456,289.85,0.065878,1,0.254541,1,4,16,0.015625,0.007935,0.008313,-4.7e-05,C-accelerated,136417.33,135900.0,2500.82,3700.0,1.3613
2026-03-30T05:54:31Z,2039078462,1973,"Egy régi könyvtár csendjében két diák gyakran ugyanahhoz az asztalhoz ült tanulni. Eleinte csak rövid pillantásokat váltottak, de idővel a jegyzetek között kis üzenetek jelentek meg, amelyekből lassan egy történet született, tele kíváncsisággal és finom érzelmekkel.",266,44,1,49.5178,0.041686,0.40625,0.578125,0.495178,0.048062,0.382812,0.625,0.006188,0.032347,0.004646,1,50.2686,7.991345,264.041,0.335369,1,0.05007,1,4,16,0.015625,-0.008188,-0.000108,-0.007269,C-accelerated,147194.89,137300.0,19797.53,8875.0,3.232
2026-03-30T05:54:31Z,2039078462,1974,"Az őszi eső alatt egy pár megosztott egyetlen esernyőt a város macskaköves utcáin. A hideg levegőben közelebb léptek egymáshoz, és a nevetésük visszhangzott a házak között, mintha a város maga is örülne annak, hogy két ember egymásra talált.",241,44,1,49.9695,0.045871,0.390625,0.601562,0.499695,0.043338,0.398438,0.617188,0.006187,0.0291,0.004674,1,49.9359,7.992209,236.346,0.793133,1,0.28343,1,4,16,0.015625,-0.006029,0.005244,-0.004583,C-accelerated,134884.22,134100.0,1764.6,2500.0,0.9321
2026-03-30T05:54:31Z,2039078462,1975,"Egy fiatal festő minden nap ugyanabban a parkban rajzolta a fákat és a tavon úszó madarakat. Egy napon egy lány megállt mögötte, és csendben figyelte a munkáját. Attól a pillanattól kezdve a festményekben mindig megjelent egy új alak.",234,44,1,50.2808,0.041898,0.421875,0.617188,0.502808,0.044887,0.359375,0.625,0.006256,0.028134,0.004736,1,50.0916,7.989482,320.244,0.003437,0,0.268719,1,4,16,0.015625,0.000634,0.001546,-0.015853,C-accelerated,135333.78,135350.0,1558.94,2100.0,0.7758
2026-03-30T05:54:31Z,2039078462,1976,"A vonaton két utas egymással szemben ült hosszú órákon át. Először csak a tájat figyelték az ablakon túl, de egy egyszerű kérdés után beszélgetni kezdtek, és mire a vonat megérkezett, már úgy érezték, mintha régóta ismernék egymást.",232,44,1,50.2197,0.04806,0.351562,0.617188,0.502197,0.042331,0.390625,0.617188,0.006188,0.031012,0.004706,1,49.3286,7.991831,248.913,0.595651,1,0.088768,1,4,16,0.015625,0.004752,0.014766,0.009133,C-accelerated,141945.56,139350.0,6819.33,9900.0,3.5522
2026-03-30T05:54:31Z,2039078462,1977,"Egy nyári fesztivál zajos tömegében két ember véletlenül összemosolygott egy dal közben. A zene, a fények és a meleg éjszaka olyan pillanatot teremtett, amelyben mindketten megérezték, hogy néha a szerelem váratlanul talál ránk.",228,44,1,49.7253,0.040354,0.375,0.609375,0.497253,0.044071,0.335938,0.609375,0.006188,0.03507,0.004702,1,49.6765,7.992302,233.949,0.823653,1,0.194731,1,4,16,0.015625,0.001367,0.003656,-0.003208,C-accelerated,145006.0,136000.0,18407.71,8675.0,3.1893
2026-03-30T05:54:31Z,2039078462,1979,"Egy hosszú séta során a hegyek között két barát beszélgetett a jövőről. A nap végére rájöttek, hogy a barátságuk csendben valami mélyebb érzéssé változott, amelyet egyikük sem mert korábban kimondani.",200,44,1,49.6033,0.044409,0.398438,0.59375,0.496033,0.045721,0.382812,0.648438,0.00631,0.028433,0.00478,1,50.1434,7.991019,273.839,0.199381,1,0.950583,1,4,16,0.015625,0.001516,-0.008215,0.008705,C-accelerated,135179.78,134300.0,2835.93,4975.0,1.8522
2026-03-30T05:54:31Z,2039078462,1978,"A kisvárosi pékségben minden reggel ugyanaz a lány vásárolt kenyeret. A pult mögött álló fiú eleinte csak udvariasan köszönt, de egy idő után hosszabb beszélgetések kezdődtek, és a friss kenyér illata mellé lassan egy új érzés is társult.",238,44,1,50.1282,0.047157,0.390625,0.632812,0.501282,0.043747,0.390625,0.632812,0.006208,0.031535,0.004663,1,49.8413,7.990856,281.472,0.122373,1,0.107103,1,4,16,0.015625,0.002565,-0.001443,0.011813,C-accelerated,155141.11,138500.0,35931.49,18025.0,6.5072
2026-03-30T05:54:31Z,2039078462,1980,"A tó partján ülve egy lány és egy fiú kavicsokat dobált a vízbe. Minden hullám egy új történetet rajzolt a felszínre, és miközben beszélgettek, rájöttek, hogy a legszebb pillanatok néha a legegyszerűbbek.",204,44,1,49.762,0.0402,0.414062,0.601562,0.49762,0.042585,0.390625,0.59375,0.006282,0.03272,0.00472,1,49.9908,7.991602,256.431,0.463055,1,0.38298,1,4,16,0.015625,-0.004478,0.013541,0.006506,C-accelerated,137296.89,136900.0,2715.1,4075.0,1.4883
2026-03-30T05:54:31Z,2039078462,1981,"У маленькій кав’ярні біля площі двоє людей випадково почали розмову про книги. Спочатку це була звичайна розмова, але з кожною хвилиною вони відкривали все більше спільного, і до вечора зрозуміли, що ця зустріч може стати початком чогось дуже важливого.",253,44,1,50.5249,0.043036,0.375,0.609375,0.505249,0.039945,0.398438,0.617188,0.006138,0.029175,0.004635,1,50.1129,7.992604,225.455,0.908688,1,0.285576,1,4,16,0.015625,-0.003197,0.00639,-0.001342,C-accelerated,140099.33,137350.0,7149.03,6500.0,2.3662
2026-03-30T05:54:31Z,2039078462,1982,"На березі тихого озера хлопець і дівчина сиділи поруч і дивилися, як сонце повільно зникає за лісом. У повітрі було щось тепле і спокійне, і вони раптом відчули, що ця тиша говорить більше, ніж будь-які слова.",209,44,1,50.0854,0.041538,0.359375,0.632812,0.500854,0.047423,0.390625,0.632812,0.006144,0.027663,0.004608,1,49.7314,7.990951,274.979,0.186219,1,0.958178,1,4,16,0.015625,0.006453,0.004029,-0.003575,C-accelerated,136203.33,135800.0,1521.32,800.0,0.2946
2026-03-30T05:54:31Z,2039078462,1983,"Tichá kaviareň na rohu ulice bola miestom, kde sa dvaja mladí ľudia stretávali každý deň. Najskôr hovorili o škole a práci, no postupne začali zdieľať sny o budúcnosti a zistili, že ich cesty sa možno už nikdy nebudú chcieť rozdeliť.",233,44,1,50.0305,0.041906,0.398438,0.601562,0.500305,0.041666,0.382812,0.601562,0.006297,0.031579,0.004773,1,50.3418,7.990895,276.236,0.172393,1,0.201376,1,4,16,0.015625,-0.001509,-0.006464,0.000905,C-accelerated,142138.44,137800.0,9129.77,8175.0,2.9663
2026-03-30T05:54:31Z,2039078462,1984,"Satul mic era plin de lumină într-o seară de vară, iar doi tineri mergeau încet pe drumul prăfuit. Vorbeau despre lucruri simple, dar fiecare cuvânt părea să apropie inimile lor puțin mai mult.",193,44,1,50.5371,0.040756,0.40625,0.632812,0.505371,0.04493,0.414062,0.609375,0.00628,0.031618,0.004687,1,49.5544,7.992137,239.232,0.752846,1,0.554422,1,4,16,0.015625,-0.002311,0.001659,-0.010086,C-accelerated,139382.89,138600.0,3276.46,4100.0,1.4791
2026-03-30T05:54:31Z,2039078462,1985,"Hiljaisessa puistossa kaksi ihmistä istui penkillä ja katseli järveä. He eivät tunteneet toisiaan kauan, mutta keskustelu kulki helposti ja lämmin tunne kasvoi heidän välillään, aivan kuin kevät olisi tullut aikaisemmin heidän sydämiinsä.",238,44,1,50.1587,0.043117,0.398438,0.609375,0.501587,0.043282,0.414062,0.648438,0.00627,0.030168,0.004757,1,49.4049,7.991296,264.367,0.33025,1,0.620035,1,4,16,0.015625,-0.008213,-0.000774,-0.00203,C-accelerated,162638.67,149050.0,30478.73,43075.0,14.4498
2026-03-30T05:54:31Z,2039078462,1986,"V malé kavárně seděl mladý muž a psal do sešitu. Když si vedle něj sedla dívka s knihou, začali si povídat o příbězích a cestování, a během krátké chvíle se zdálo, že jejich vlastní příběh právě začíná.",202,44,1,50.2441,0.043769,0.382812,0.617188,0.502441,0.048433,0.34375,0.648438,0.006164,0.02908,0.004614,1,49.881,7.990501,290.129,0.064435,1,0.016703,1,4,16,0.015625,-0.008098,0.005549,-0.004909,C-accelerated,140225.33,138700.0,7549.77,2100.0,0.757
2026-03-30T05:54:31Z,2039078462,1987,"Egy hideg téli napon két ember találkozott a villamosmegállóban. A beszélgetés egy egyszerű kérdéssel indult, de mire a villamos megérkezett, már mindketten érezték, hogy ez a rövid találkozás valami különlegeset hagy maga után.",228,44,1,50.061,0.041726,0.398438,0.609375,0.50061,0.047608,0.367188,0.640625,0.006144,0.029416,0.004726,1,49.6002,7.992124,240.372,0.735937,1,0.977181,1,4,16,0.015625,-0.010708,0.003946,-0.003844,C-accelerated,137376.67,136600.0,2885.25,2175.0,0.7961
2026-03-30T05:54:31Z,2039078462,1988,"Egy fiatal pár a hegytetőn nézte a napfelkeltét. A világ csendes volt körülöttük, és a rózsaszín ég alatt rájöttek, hogy néha a szerelem nem hangos, hanem inkább nyugodt és biztos érzés.",186,44,1,49.9146,0.044605,0.335938,0.625,0.499146,0.043479,0.398438,0.601562,0.006272,0.031534,0.004758,1,50.0031,7.99095,274.234,0.194748,1,0.047345,1,4,16,0.015625,0.000782,-0.011206,-0.007656,C-accelerated,139230.67,138900.0,2542.86,2875.0,1.0349
2026-03-30T05:54:31Z,2039078462,1991,"A parkban egy zenész gitáron játszott egy csendes dallamot. Egy lány megállt hallgatni, és amikor a dal véget ért, beszélgetni kezdtek, mintha a zene már bemutatta volna őket egymásnak.",185,44,1,50.3967,0.04134,0.390625,0.601562,0.503967,0.04525,0.375,0.625,0.006261,0.037097,0.004748,1,49.9268,7.991888,246.982,0.629012,1,0.175763,1,4,16,0.015625,-0.002379,0.004782,-0.000186,C-accelerated,140619.11,139900.0,3744.52,6175.0,2.2069
2026-03-30T05:54:31Z,2039078462,1990,"Egy tengerparti városban két idegen minden este ugyanazon a sétányon sétált. Egy nap végre megszólították egymást, és attól kezdve a naplemente már nemcsak szép látvány volt, hanem egy közös emlék kezdete.",205,44,1,50.5066,0.040578,0.382812,0.617188,0.505066,0.044779,0.421875,0.609375,0.00622,0.033195,0.004724,1,50.1465,7.991465,259.177,0.415494,1,0.307631,1,4,16,0.015625,0.011297,0.000645,0.001561,C-accelerated,145062.44,141300.0,8927.32,10700.0,3.7863
2026-03-30T05:54:31Z,2039078462,1989,"A könyvesboltban egy lány és egy fiú ugyanazt a regényt akarta megvenni. Nevettek a véletlenen, és végül együtt mentek ki az utcára, hogy kávé mellett beszélgessenek a történetről.",180,44,1,49.8169,0.043074,0.390625,0.632812,0.498169,0.038478,0.398438,0.617188,0.006218,0.027112,0.004612,1,50.1984,7.991502,260.294,0.39655,1,0.281296,1,4,16,0.015625,0.00183,-0.003352,-0.014088,C-accelerated,147724.89,142700.0,12566.12,9100.0,3.1885
2026-03-30T05:54:31Z,2039078462,1992,"Egy hosszú buszút során két utas egymás mellett ült. A beszélgetés lassan indult, de amikor a busz elérte a végállomást, mindketten úgy érezték, hogy a közös utazásuk talán csak most kezdődik.",192,44,1,50.1099,0.042643,0.398438,0.625,0.501099,0.04281,0.398438,0.585938,0.006188,0.031007,0.004656,1,50.3876,7.99197,245.329,0.656943,1,0.692336,1,4,16,0.015625,0.008944,-0.000778,0.005908,C-accelerated,149737.33,149850.0,5005.91,5700.0,1.9019
2026-03-30T05:54:31Z,2039078462,1995,"Egy utazó és egy helyi lány találkozott egy kis faluban a hegyek között. A beszélgetésük rövidnek indult, de a csillagok alatt folytatódott, mintha az éjszaka nem akarná, hogy elváljanak.",187,44,1,50.2991,0.042479,0.382812,0.601562,0.502991,0.05097,0.390625,0.640625,0.006208,0.034063,0.004707,1,50.1526,7.991924,247.215,0.625029,1,0.738597,1,4,16,0.015625,-0.005522,0.006976,-0.012479,C-accelerated,136193.11,137300.0,2698.92,4975.0,1.8117
2026-03-30T05:54:31Z,2039078462,1993,"Egy kis könyvtárban két ember ugyanazt az asztalt választotta minden nap. A csendes pillantások és apró mosolyok lassan olyan történetté váltak, amelyet egyikük sem tervezett, de mindketten örömmel fogadtak.",207,44,1,50.6897,0.045967,0.375,0.625,0.506897,0.041278,0.40625,0.640625,0.006176,0.029441,0.004678,1,50.5798,7.990961,275.491,0.1805,1,0.201376,1,4,16,0.015625,0.011639,-0.000123,0.011248,C-accelerated,137914.44,136800.0,3296.35,4800.0,1.7544
2026-03-30T05:54:31Z,2039078462,1994,"A tavaszi eső után a város utcái fényesen csillogtak. Egy fiú és egy lány együtt sétáltak a nedves köveken, és a beszélgetésükből lassan kirajzolódott egy új kapcsolat reménye.",176,44,1,50.9277,0.040415,0.398438,0.617188,0.509277,0.042351,0.398438,0.632812,0.006286,0.031088,0.004707,1,49.6674,7.990971,274.863,0.187535,1,0.819,1,4,16,0.015625,-0.003043,0.012631,-0.001912,C-accelerated,139808.67,137400.0,5571.95,5250.0,1.9105
2026-03-30T05:54:31Z,2039078462,1996,"A nyári tábor utolsó estéjén két barát sokáig beszélgetett a tűz mellett. Amikor a lángok lassan kialudtak, mindketten tudták, hogy a barátságuk már valami más lett.",165,44,1,49.408,0.043021,0.328125,0.570312,0.49408,0.039677,0.390625,0.609375,0.006177,0.032216,0.004732,1,49.9725,7.992362,233.391,0.830361,1,0.246678,1,4,16,0.015625,-0.004332,-0.005102,-0.004694,C-accelerated,147940.0,143500.0,13852.01,12400.0,4.3206
2026-03-30T05:54:31Z,2039078462,1997,"Egy fiatal költő minden este verseket írt egy lányról, akit alig ismert. Egy nap bátorságot gyűjtött, hogy megszólítsa, és meglepetésére a lány már régóta olvasta a verseit.",173,44,1,49.7437,0.042118,0.382812,0.59375,0.497437,0.044044,0.375,0.617188,0.00618,0.031858,0.00471,1,49.9817,7.991429,262.156,0.365649,1,0.070792,1,4,16,0.015625,0.01067,-0.00586,0.004565,C-accelerated,133749.33,133200.0,1911.02,2875.0,1.0792
2026-03-30T05:54:31Z,2039078462,1999,"Egy kis városi parkban egy fiú és egy lány sakkozott egy régi asztalon. A játék lassan haladt, de közben nevetések és történetek születtek, amelyek végül fontosabbá váltak, mint maga a játszma.",193,44,1,50.2136,0.045666,0.390625,0.617188,0.502136,0.039928,0.375,0.601562,0.00631,0.030894,0.004723,1,49.9908,7.992232,235.881,0.799276,1,0.083535,1,4,16,0.015625,-0.014214,0.008616,-0.000594,C-accelerated,136897.56,135100.0,5693.0,5800.0,2.1466
2026-03-30T05:54:31Z,2039078462,1998,"A csendes vasútállomáson két ember búcsúzott egymástól, de a tekintetükben ott volt az ígéret, hogy a történetük nem ér véget ezzel az utazással.",145,44,1,50.1465,0.045844,0.390625,0.648438,0.501465,0.042877,0.382812,0.648438,0.006243,0.026692,0.004664,1,49.823,7.991482,259.479,0.410337,1,0.501462,1,4,16,0.015625,-0.000616,-0.009596,-0.009767,C-accelerated,135308.89,135300.0,1570.83,2100.0,0.7761
