timestamp_utc,run_id,sample_index,story,story_len,plaintext_len,roundtrip_ok,avalanche_pct,avalanche_std,avalanche_min_bit,avalanche_max_bit,sac_avg,sac_std,sac_min_bit,sac_max_bit,bic_avg_corr,bic_max_corr,bic_std_corr,bic_pass,key_sensitivity_pct,shannon_entropy,chi2_statistic,chi2_p_value,chi2_pass,nist_p_monobit,nist_pass,ddt_max,lat_max,diff_prob,serial_corr_lag1,serial_corr_lag2,serial_corr_lag4,timing_implementation,timing_mean_ns,timing_median_ns,timing_std_ns,timing_iqr_ns,timing_cv_pct
2026-03-30T05:40:55Z,2724667016,3,In the early morning fog a fisherman quietly prepared his boat before the harbor woke up.,89,44,1,50.3967,0.040946,0.398438,0.609375,0.503967,0.045197,0.40625,0.648438,0.006228,0.030274,0.004689,1,50.2136,7.991641,255.453,0.480231,1,0.961977,1,4,16,0.015625,0.016592,-0.016211,0.006774,C-accelerated,131410.89,131300.0,1735.68,3200.0,1.2186
2026-03-30T05:40:55Z,2724667016,0,The old librarian locked the door just as the rain began to fall outside the quiet town.,88,44,1,49.6338,0.041821,0.367188,0.585938,0.496338,0.044204,0.398438,0.625,0.006289,0.030346,0.004785,1,49.9237,7.991741,251.055,0.55806,1,0.590089,1,4,16,0.015625,0.007181,-0.01005,-0.010232,C-accelerated,131940.89,132100.0,1711.68,2975.0,1.126
2026-03-30T05:40:55Z,2724667016,1,A young engineer spent the night debugging code while the city lights flickered beyond the window.,98,44,1,49.6338,0.044107,0.40625,0.625,0.496338,0.042331,0.359375,0.585938,0.006262,0.035143,0.004708,1,50.2014,7.99184,247.727,0.616229,1,0.115669,1,4,16,0.015625,-0.009023,0.004286,-0.002025,C-accelerated,130785.11,130600.0,1158.13,1000.0,0.3828
2026-03-30T05:40:55Z,2724667016,2,Nobody noticed the small notebook left on the café table beside a half finished cup of coffee.,94,44,1,50.2686,0.048035,0.375,0.640625,0.502686,0.050738,0.390625,0.617188,0.006228,0.028912,0.004672,1,50.1282,7.989635,313.1,0.007575,0,0.541719,1,4,16,0.015625,-0.015483,-0.007612,0.002823,C-accelerated,132768.89,132400.0,1458.95,900.0,0.3399
2026-03-30T05:40:55Z,2724667016,4,The professor wrote equations across the board while students wondered how the theory applied to real life.,107,44,1,50.6042,0.039839,0.390625,0.609375,0.506042,0.041273,0.382812,0.601562,0.006255,0.029943,0.004715,1,50.3174,7.991311,263.273,0.347573,1,0.60998,1,4,16,0.015625,0.003548,0.01412,-0.011551,C-accelerated,130353.78,130300.0,977.86,1150.0,0.4413
2026-03-30T05:40:55Z,2724667016,7,Late at night the programmer wondered whether the algorithm would finally work tomorrow.,88,44,1,50.0916,0.040225,0.398438,0.601562,0.500916,0.041714,0.398438,0.59375,0.006285,0.035966,0.004741,1,49.9786,7.991997,242.793,0.69839,1,0.062991,1,4,16,0.015625,-0.014937,0.0049,-0.002451,C-accelerated,129681.56,129400.0,1018.95,800.0,0.3091
2026-03-30T05:40:55Z,2724667016,5,A stray cat wandered through the alley searching for warmth under a broken street lamp.,87,44,1,49.7375,0.043753,0.351562,0.640625,0.497375,0.041435,0.398438,0.617188,0.006225,0.028942,0.004752,1,49.8962,7.992554,226.828,0.897393,1,1.0,1,4,16,0.015625,0.000526,-0.003551,-0.014945,C-accelerated,131711.78,131000.0,1800.99,3500.0,1.3359
2026-03-30T05:40:55Z,2724667016,6,The train moved slowly through the countryside as passengers stared at endless green fields.,92,44,1,50.3235,0.043679,0.421875,0.625,0.503235,0.044329,0.382812,0.601562,0.006155,0.028699,0.004676,1,49.2523,7.991336,264.948,0.321198,1,0.086119,1,4,16,0.015625,0.00052,-0.004262,-0.0025,C-accelerated,130976.67,130600.0,1561.17,2200.0,0.8423
2026-03-30T05:40:55Z,2724667016,11,In a small village market people argued cheerfully about the price of fresh vegetables.,87,44,1,49.5239,0.048251,0.375,0.617188,0.495239,0.038894,0.390625,0.601562,0.006295,0.029624,0.004723,1,49.527,7.992852,217.798,0.955916,1,0.965777,1,4,16,0.015625,0.005334,-0.003336,0.003562,C-accelerated,133793.78,135200.0,2377.53,4100.0,1.5163
2026-03-30T05:40:55Z,2724667016,8,A child built a tiny castle from sand while waves erased yesterday’s footprints.,80,44,1,49.9023,0.047119,0.367188,0.609375,0.499023,0.040818,0.390625,0.601562,0.00623,0.033108,0.00473,1,49.8627,7.992536,227.456,0.891915,1,0.819,1,4,16,0.015625,-0.008685,0.000667,0.006955,C-accelerated,130284.44,130200.0,894.09,1000.0,0.384
2026-03-30T05:40:55Z,2724667016,9,Somewhere in the mountains a researcher quietly recorded the sound of wind moving through the forest.,101,44,1,50.7202,0.04176,0.414062,0.617188,0.507202,0.042305,0.382812,0.601562,0.006224,0.032943,0.004652,1,50.1678,7.991609,255.546,0.478592,1,0.431512,1,4,16,0.015625,-0.003689,0.010079,0.002995,C-accelerated,130584.89,130600.0,1420.01,2000.0,0.7657
2026-03-30T05:40:55Z,2724667016,10,The detective read the old letter again hoping to find a clue he had missed before.,83,44,1,50.1526,0.047089,0.382812,0.617188,0.501526,0.04817,0.382812,0.617188,0.006256,0.028527,0.00469,1,50.3143,7.991953,245.702,0.650706,1,0.501462,1,4,16,0.015625,0.001772,-0.004858,0.016993,C-accelerated,131793.78,131900.0,1180.68,900.0,0.3412
2026-03-30T05:40:55Z,2724667016,12,The night guard walked across the empty corridor listening to the echo of his own footsteps.,92,44,1,49.3042,0.043171,0.382812,0.59375,0.493042,0.045157,0.351562,0.601562,0.006178,0.028312,0.004708,1,49.9603,7.992661,223.593,0.922557,1,0.950583,1,4,16,0.015625,-0.013024,0.008324,-0.002892,C-accelerated,133566.89,132400.0,2597.33,4200.0,1.5861
2026-03-30T05:40:55Z,2724667016,14,The scientist adjusted the microscope and noticed a pattern no one had documented before.,89,44,1,49.6155,0.042511,0.351562,0.617188,0.496155,0.045784,0.359375,0.601562,0.006214,0.02997,0.004728,1,50.531,7.992324,232.832,0.836913,1,0.702918,1,4,16,0.015625,0.003327,-0.00691,-0.006867,C-accelerated,131836.22,131600.0,1149.67,1375.0,0.5224
2026-03-30T05:40:55Z,2724667016,13,A tired writer stared at the blank page waiting for the first sentence to appear.,81,44,1,49.4263,0.04407,0.351562,0.59375,0.494263,0.041941,0.414062,0.632812,0.006135,0.030507,0.004648,1,50.2563,7.992613,222.266,0.931459,1,0.551233,1,4,16,0.015625,0.001966,-0.004553,-0.00351,C-accelerated,133895.56,133100.0,3158.32,5900.0,2.2164
2026-03-30T05:40:55Z,2724667016,15,Under the dim light of the station a traveler checked the map one more time.,76,44,1,50.3418,0.046984,0.382812,0.640625,0.503418,0.048384,0.351562,0.609375,0.006218,0.031328,0.004629,1,49.7955,7.991255,266.159,0.302753,1,0.001912,0,4,16,0.015625,0.001884,-0.002642,0.014972,C-accelerated,131752.0,131450.0,1511.47,2000.0,0.7607
2026-03-30T05:40:55Z,2724667016,17,A group of students discussed a strange idea that might change their entire project.,84,44,1,49.8047,0.044,0.375,0.59375,0.498047,0.042947,0.382812,0.617188,0.006281,0.031527,0.004746,1,50.4242,7.990049,306.63,0.014742,0,0.451308,1,4,16,0.015625,-0.001455,-0.010155,-0.002048,C-accelerated,130837.11,130500.0,1594.57,1275.0,0.4885
2026-03-30T05:40:55Z,2724667016,18,The wind pushed clouds across the sky while the lighthouse blinked steadily.,76,44,1,49.8901,0.042057,0.359375,0.601562,0.498901,0.041221,0.34375,0.640625,0.006254,0.030182,0.004654,1,50.1617,7.992578,228.154,0.885597,1,0.544881,1,4,16,0.015625,-0.000812,0.008464,0.009719,C-accelerated,130865.78,130300.0,1963.76,2075.0,0.7962
2026-03-30T05:40:55Z,2724667016,16,The baker opened his shop early filling the street with the smell of warm bread.,80,44,1,49.292,0.044842,0.382812,0.609375,0.49292,0.042751,0.335938,0.625,0.006252,0.029415,0.004641,1,50.2014,7.991377,264.204,0.332805,1,0.04842,1,4,16,0.015625,-0.001203,0.002379,0.006201,C-accelerated,131284.22,131400.0,1628.0,2475.0,0.9418
2026-03-30T05:40:55Z,2724667016,19,A quiet river passed behind the town carrying fallen leaves toward the sea.,75,44,1,50.2625,0.042312,0.390625,0.59375,0.502625,0.043204,0.398438,0.632812,0.006165,0.032477,0.004631,1,49.7498,7.990333,294.412,0.045346,0,0.867483,1,4,16,0.015625,-0.003481,0.002309,0.006621,C-accelerated,130645.11,130500.0,1385.14,1400.0,0.5364
2026-03-30T05:40:55Z,2724667016,21,The gardener watered the plants while humming a song from childhood.,68,44,1,50.4028,0.046681,0.398438,0.648438,0.504028,0.039908,0.398438,0.617188,0.006234,0.031617,0.004666,1,49.7803,7.991587,256.919,0.454507,1,0.077748,1,4,16,0.015625,-0.005485,0.002847,-0.005105,C-accelerated,132807.11,133500.0,2021.11,3400.0,1.2734
2026-03-30T05:40:55Z,2724667016,20,An old mechanic repaired engines that younger workers no longer understood.,75,44,1,50.1953,0.046477,0.382812,0.609375,0.501953,0.046538,0.375,0.601562,0.00627,0.028999,0.004735,1,50.1495,7.992287,234.671,0.814761,1,0.950583,1,4,16,0.015625,-0.002969,-0.010313,0.006792,C-accelerated,132222.67,132000.0,2247.83,2300.0,0.8712
2026-03-30T05:40:55Z,2724667016,22,A long forgotten photograph slipped from the pages of an old book.,66,44,1,50.5432,0.046297,0.390625,0.632812,0.505432,0.039155,0.421875,0.609375,0.006209,0.030552,0.00469,1,50.1862,7.992191,237.743,0.774104,1,0.742198,1,4,16,0.015625,-0.012989,0.001352,0.005243,C-accelerated,131390.22,131000.0,1314.97,2300.0,0.8779
2026-03-30T05:40:55Z,2724667016,23,The storm arrived faster than anyone expected and the power lines shook violently.,82,44,1,50.2014,0.043413,0.40625,0.609375,0.502014,0.041239,0.382812,0.609375,0.006199,0.027834,0.004637,1,49.5911,7.991285,265.74,0.309078,1,0.67832,1,4,16,0.015625,-0.004828,-0.002333,-0.000937,C-accelerated,131594.89,130600.0,2279.47,2300.0,0.8806
2026-03-30T05:40:55Z,2724667016,24,At the corner of the street a musician practiced the same melody again and again.,81,44,1,50.0183,0.043972,0.390625,0.601562,0.500183,0.043228,0.398438,0.59375,0.006246,0.033447,0.004752,1,49.7589,7.991008,272.931,0.210275,1,0.401443,1,4,16,0.015625,-0.000915,-0.011461,-0.007842,C-accelerated,131795.33,132000.0,2035.87,3000.0,1.1364
2026-03-30T05:40:55Z,2724667016,26,The traveler wrote a message home describing the distant mountains.,67,44,1,50.6653,0.043761,0.414062,0.609375,0.506653,0.046406,0.359375,0.609375,0.006243,0.032299,0.004736,1,49.823,7.990488,292.201,0.054517,1,0.996196,1,4,16,0.015625,8.3e-05,0.009542,0.000634,C-accelerated,132008.44,132200.0,1265.37,1775.0,0.6713
2026-03-30T05:40:55Z,2724667016,25,Inside the laboratory a computer screen filled with numbers and strange graphs.,79,44,1,49.4202,0.044594,0.359375,0.601562,0.494202,0.044999,0.382812,0.609375,0.006276,0.031487,0.004721,1,50.0641,7.992256,237.114,0.782778,1,0.905131,1,4,16,0.015625,-0.007749,-0.006782,0.005667,C-accelerated,133778.44,132700.0,3772.83,1100.0,0.4145
2026-03-30T05:40:55Z,2724667016,27,A lonely satellite moved silently above the sleeping continent.,63,44,1,49.4385,0.041235,0.40625,0.648438,0.494385,0.0432,0.414062,0.609375,0.006184,0.032627,0.004702,1,49.7345,7.992438,230.924,0.858114,1,0.296466,1,4,16,0.015625,-0.009471,0.002481,0.000482,C-accelerated,131954.22,131700.0,2211.98,2000.0,0.7593
2026-03-30T05:40:55Z,2724667016,28,The historian searched dusty archives hoping to verify a forgotten story.,73,44,1,50.354,0.04779,0.375,0.632812,0.50354,0.043857,0.398438,0.601562,0.006239,0.030382,0.004691,1,50.2258,7.991895,247.075,0.62742,1,0.583526,1,4,16,0.015625,-0.003879,0.005965,-0.003811,C-accelerated,130364.67,129700.0,1850.81,2575.0,0.9927
2026-03-30T05:40:55Z,2724667016,29,During the festival lanterns floated gently across the dark river.,66,44,1,50.1404,0.042212,0.382812,0.632812,0.501404,0.042918,0.375,0.648438,0.006209,0.028076,0.004702,1,49.7101,7.992507,228.876,0.878812,1,0.992393,1,4,16,0.015625,0.005478,-0.003213,-0.004404,C-accelerated,130749.78,130200.0,1372.61,2300.0,0.8833
2026-03-30T05:40:55Z,2724667016,30,A small drone hovered above the forest recording the patterns of trees.,71,44,1,50.9705,0.041001,0.40625,0.609375,0.509705,0.043298,0.414062,0.601562,0.006318,0.033755,0.004781,1,50.1923,7.991917,246.028,0.64522,1,0.753033,1,4,16,0.015625,0.00797,0.002451,0.015317,C-accelerated,131268.0,131300.0,1433.02,2600.0,0.9901
2026-03-30T05:40:55Z,2724667016,31,The clock in the hallway stopped ticking sometime after midnight.,65,44,1,50.0427,0.04229,0.390625,0.625,0.500427,0.043589,0.390625,0.609375,0.006253,0.029346,0.004697,1,49.6887,7.992007,242.56,0.702092,1,0.423185,1,4,16,0.015625,-0.000589,-0.00452,-0.005613,C-accelerated,130873.56,130900.0,1257.79,1900.0,0.7257
2026-03-30T05:40:55Z,2724667016,32,A curious student asked a question that changed the entire lecture.,67,44,1,49.5117,0.040736,0.421875,0.609375,0.495117,0.045617,0.359375,0.59375,0.006224,0.028318,0.004656,1,49.9176,7.993001,213.26,0.973201,1,0.767556,1,4,16,0.015625,0.003805,0.008222,-0.000747,C-accelerated,133204.22,133900.0,1944.23,3700.0,1.3816
2026-03-30T05:40:55Z,2724667016,34,In the library basement someone discovered a stack of unread journals.,70,44,1,49.9329,0.04594,0.390625,0.640625,0.499329,0.044848,0.390625,0.632812,0.006204,0.028834,0.004684,1,50.177,7.991547,258.758,0.422666,1,0.538566,1,4,16,0.015625,-0.015694,-0.006723,-0.001595,C-accelerated,133191.78,133000.0,1456.95,1100.0,0.4135
2026-03-30T05:40:55Z,2724667016,33,The café owner watched strangers pass by through the rainy window.,66,44,1,49.7986,0.044519,0.390625,0.601562,0.497986,0.040066,0.414062,0.609375,0.006212,0.031306,0.004714,1,50.1038,7.991783,249.519,0.585079,1,0.119017,1,4,16,0.015625,0.005065,0.005305,-0.004075,C-accelerated,133210.22,133500.0,1575.02,1975.0,0.7397
2026-03-30T05:40:55Z,2724667016,35,A fisherman repaired his nets while listening to the sound of waves.,68,44,1,50.1282,0.041728,0.390625,0.601562,0.501282,0.046597,0.382812,0.59375,0.006263,0.029929,0.004735,1,50.5432,7.992267,237.533,0.777015,1,0.749416,1,4,16,0.015625,0.010622,-0.008821,0.00504,C-accelerated,134165.78,134200.0,1548.13,1775.0,0.6613
2026-03-30T05:40:55Z,2724667016,36,The programmer closed his laptop and walked outside to clear his thoughts.,74,44,1,50.4944,0.046362,0.40625,0.632812,0.504944,0.048019,0.382812,0.625,0.006181,0.026759,0.004697,1,49.6094,7.991752,252.777,0.52758,1,0.345206,1,4,16,0.015625,0.00095,0.010276,-0.000164,C-accelerated,131407.33,131100.0,1528.13,2300.0,0.8772
2026-03-30T05:40:55Z,2724667016,38,The mountain path twisted between tall pine trees and scattered rocks.,70,44,1,49.2615,0.040821,0.421875,0.609375,0.492615,0.046736,0.367188,0.601562,0.00626,0.033364,0.004713,1,49.9695,7.99208,241.629,0.716709,1,0.529162,1,4,16,0.015625,-0.002308,0.004358,-0.012671,C-accelerated,132048.44,132200.0,1480.89,2300.0,0.8699
2026-03-30T05:40:55Z,2724667016,37,A bright comet appeared briefly in the winter sky before fading again.,70,44,1,50.0305,0.045736,0.40625,0.601562,0.500305,0.046532,0.367188,0.609375,0.00619,0.02809,0.004638,1,49.2859,7.991328,261.457,0.37713,1,0.905131,1,4,16,0.015625,0.000792,-0.001033,0.012964,C-accelerated,132964.0,133000.0,1029.34,1200.0,0.4511
2026-03-30T05:40:55Z,2724667016,39,A young artist filled a notebook with sketches from everyday life.,66,44,1,50.4822,0.042513,0.375,0.59375,0.504822,0.040725,0.398438,0.617188,0.006243,0.031141,0.004708,1,50.2045,7.990051,302.138,0.022745,0,0.445601,1,4,16,0.015625,0.003352,-0.00137,-0.010981,C-accelerated,134650.22,132200.0,4859.85,6975.0,2.638
2026-03-30T05:40:55Z,2724667016,40,The radio played an old song that nobody had heard for years.,61,44,1,50.1709,0.038755,0.398438,0.59375,0.501709,0.044719,0.375,0.609375,0.006101,0.030393,0.004626,1,50.1617,7.991893,246.493,0.637339,1,0.240892,1,4,16,0.015625,0.002825,0.004828,-0.000938,C-accelerated,133129.11,131950.0,7168.73,2200.0,0.8336
2026-03-30T05:40:55Z,2724667016,42,The ship moved slowly across the quiet ocean under a sky full of stars.,71,44,1,49.6582,0.042295,0.351562,0.601562,0.496582,0.04271,0.382812,0.617188,0.006284,0.030145,0.004733,1,50.6165,7.990689,283.869,0.103418,1,0.548052,1,4,16,0.015625,-0.000502,-0.000323,-0.006207,C-accelerated,134328.22,133200.0,3303.52,3000.0,1.1261
2026-03-30T05:40:55Z,2724667016,41,At the university lab researchers debated the meaning of unexpected results.,76,44,1,50.7141,0.042858,0.390625,0.640625,0.507141,0.039824,0.421875,0.59375,0.006166,0.030511,0.004644,1,49.7589,7.991811,248.495,0.60294,1,0.699384,1,4,16,0.015625,-0.008453,-0.003637,0.006686,C-accelerated,132005.33,131100.0,2817.38,2500.0,0.9535
2026-03-30T05:40:55Z,2724667016,43,A security camera blinked quietly above the empty hallway.,58,44,1,50.2808,0.04355,0.375,0.609375,0.502808,0.045823,0.40625,0.671875,0.006132,0.03007,0.004614,1,49.826,7.992149,239.116,0.754541,1,0.48046,1,4,16,0.015625,-0.001667,-0.015305,-0.004473,C-accelerated,132382.89,132500.0,1485.54,2275.0,0.8585
2026-03-30T05:40:55Z,2724667016,44,The gardener noticed the first flower blooming after a long winter.,67,44,1,49.7559,0.044525,0.382812,0.601562,0.497559,0.043758,0.398438,0.617188,0.006177,0.031047,0.004664,1,50.0366,7.990993,272.815,0.211698,1,0.486411,1,4,16,0.015625,-0.009225,-0.004168,-0.011561,C-accelerated,132049.33,132150.0,1300.47,1900.0,0.7189
2026-03-30T05:40:55Z,2724667016,45,A distant thunderstorm illuminated the horizon with silent flashes of light.,76,44,1,49.2371,0.044113,0.367188,0.585938,0.492371,0.045747,0.351562,0.601562,0.006237,0.030426,0.00468,1,49.9573,7.992539,225.92,0.904962,1,0.194731,1,4,16,0.015625,0.002626,0.00692,0.00055,C-accelerated,132739.56,132700.0,1176.64,1200.0,0.4521
2026-03-30T05:40:55Z,2724667016,47,The taxi driver listened patiently to a passenger telling a long story.,71,44,1,48.9807,0.041839,0.375,0.601562,0.489807,0.041335,0.375,0.585938,0.006218,0.033804,0.004653,1,49.6216,7.990888,275.77,0.17743,1,0.428726,1,4,16,0.015625,0.003435,0.003589,-0.000968,C-accelerated,133488.67,132800.0,2486.48,3500.0,1.3178
2026-03-30T05:40:55Z,2724667016,46,The mathematician scribbled notes while searching for a hidden pattern.,71,44,1,49.5239,0.040844,0.398438,0.601562,0.495239,0.044186,0.359375,0.609375,0.006187,0.031643,0.004653,1,50.1648,7.991189,270.161,0.245764,1,0.423185,1,4,16,0.015625,0.005618,-0.006414,0.005304,C-accelerated,131668.22,131550.0,1410.64,2500.0,0.9502
2026-03-30T05:40:55Z,2724667016,48,The bookstore owner recommended a novel about forgotten cities.,63,44,1,49.6399,0.050865,0.359375,0.640625,0.496399,0.042297,0.390625,0.609375,0.006228,0.030545,0.004699,1,50.2869,7.993445,199.645,0.995667,1,0.724253,1,4,16,0.015625,-0.00162,0.002272,0.01536,C-accelerated,131659.56,131650.0,1514.99,2300.0,0.8735
2026-03-30T05:40:55Z,2724667016,49,The old bridge creaked softly whenever a car passed over it.,60,44,1,49.7681,0.044445,0.390625,0.617188,0.497681,0.036374,0.390625,0.59375,0.006278,0.030935,0.004748,1,49.8474,7.992223,235.857,0.79958,1,0.544881,1,4,16,0.015625,-0.007875,0.006686,0.008901,C-accelerated,133014.44,132300.0,1716.53,1100.0,0.4157
2026-03-30T05:40:55Z,2724667016,50,A traveler fell asleep while reading during a long flight.,58,44,1,49.8901,0.043407,0.40625,0.601562,0.498901,0.042508,0.414062,0.617188,0.006206,0.029357,0.004703,1,50.1495,7.991097,267.811,0.278451,1,0.37523,1,4,16,0.015625,-0.009417,0.006208,0.012494,C-accelerated,134048.89,134400.0,1914.71,2600.0,0.9673
2026-03-30T05:40:55Z,2724667016,51,The scientist compared data from two experiments that looked almost identical.,78,44,1,50.2686,0.045064,0.382812,0.601562,0.502686,0.043448,0.390625,0.601562,0.006286,0.029275,0.00472,1,49.704,7.990802,277.865,0.155528,1,0.04037,1,4,16,0.015625,0.013212,6e-06,-0.000694,C-accelerated,135550.44,135200.0,2158.94,1700.0,0.6287
2026-03-30T05:40:55Z,2724667016,52,A student quietly finished homework while everyone else watched television.,75,44,1,50.116,0.041936,0.40625,0.609375,0.50116,0.047109,0.40625,0.640625,0.00626,0.03108,0.0047,1,49.8383,7.990841,278.074,0.153446,1,0.155416,1,4,16,0.015625,0.000747,-0.007262,0.00825,C-accelerated,131600.44,131100.0,1512.94,2300.0,0.8772
2026-03-30T05:40:55Z,2724667016,53,In the corner of the room a computer processed thousands of calculations.,73,44,1,50.9033,0.044123,0.390625,0.632812,0.509033,0.044703,0.40625,0.59375,0.006211,0.028432,0.004705,1,49.707,7.992016,240.815,0.729241,1,0.830134,1,4,16,0.015625,0.006324,-0.003959,-0.008097,C-accelerated,132027.33,131950.0,1254.25,1500.0,0.5684
2026-03-30T05:40:55Z,2724667016,54,The baker smiled as the first customers arrived early in the morning.,69,44,1,50.3296,0.047508,0.390625,0.625,0.503296,0.048961,0.375,0.609375,0.006273,0.033844,0.004714,1,49.942,7.992864,215.959,0.963744,1,0.507551,1,4,16,0.015625,0.00183,0.00504,-0.00356,C-accelerated,133256.0,132800.0,2452.17,1575.0,0.593
2026-03-30T05:40:55Z,2724667016,55,A small boat drifted gently near the shore without anyone inside.,65,44,1,49.7131,0.044526,0.375,0.585938,0.497131,0.047651,0.34375,0.601562,0.00613,0.030664,0.004656,1,50.0092,7.991645,254.685,0.493785,1,0.272868,1,4,16,0.015625,-0.002882,-0.00452,0.002891,C-accelerated,132602.44,132600.0,1738.13,1600.0,0.6033
2026-03-30T05:40:55Z,2724667016,56,The city park slowly filled with people enjoying the afternoon sunlight.,72,44,1,50.0366,0.041786,0.398438,0.59375,0.500366,0.043486,0.398438,0.625,0.006194,0.034794,0.004732,1,49.9298,7.990689,286.871,0.082925,1,0.163906,1,4,16,0.015625,0.004907,-0.005564,-0.002404,C-accelerated,131298.0,131200.0,1538.79,2200.0,0.8384
2026-03-30T05:40:55Z,2724667016,57,The night sky revealed a scattering of distant galaxies beyond the clouds.,74,44,1,50.6348,0.045004,0.398438,0.648438,0.506348,0.042057,0.414062,0.601562,0.006112,0.03477,0.004647,1,49.6277,7.991889,246.772,0.632587,1,0.532287,1,4,16,0.015625,0.005292,-0.000702,-0.002482,C-accelerated,132904.67,131600.0,3493.82,2400.0,0.9119
2026-03-30T05:40:55Z,2724667016,58,A software developer stared at a bug that refused to disappear.,63,44,1,49.4507,0.045464,0.382812,0.601562,0.494507,0.048034,0.390625,0.617188,0.006216,0.032728,0.00466,1,49.7925,7.991175,269.463,0.255234,1,0.763917,1,4,16,0.015625,0.001854,0.006733,0.003617,C-accelerated,131462.22,131100.0,1416.68,1700.0,0.6484
2026-03-30T05:40:55Z,2724667016,59,The museum guide explained the history of an ancient artifact.,62,44,1,49.5544,0.045088,0.375,0.609375,0.495544,0.043724,0.367188,0.601562,0.006231,0.030034,0.004664,1,49.884,7.992106,238.324,0.765915,1,0.104023,1,4,16,0.015625,0.000514,-0.013335,0.003538,C-accelerated,132219.33,131700.0,1396.15,1100.0,0.4176
2026-03-30T05:40:55Z,2724667016,60,Somewhere a train whistle echoed across the quiet countryside.,62,44,1,50.1648,0.041795,0.40625,0.609375,0.501648,0.043985,0.359375,0.617188,0.00618,0.029896,0.004715,1,50.3967,7.991353,264.413,0.329522,1,0.774848,1,4,16,0.015625,-0.000278,-0.006145,3e-06,C-accelerated,131934.22,131400.0,1498.11,2400.0,0.9132
2026-03-30T05:40:55Z,2724667016,61,The river reflected the orange glow of sunset.,46,44,1,49.9146,0.047373,0.359375,0.632812,0.499146,0.049874,0.375,0.640625,0.006203,0.029754,0.004709,1,50.2899,7.99174,251.543,0.549423,1,0.671354,1,4,16,0.015625,-0.005353,-0.002734,0.010836,C-accelerated,132268.67,131350.0,3136.9,3000.0,1.142
2026-03-30T05:40:55Z,2724667016,62,A young child asked endless questions about the stars.,54,44,1,49.8962,0.044873,0.398438,0.601562,0.498962,0.043315,0.390625,0.632812,0.006179,0.029557,0.004712,1,49.7162,7.992424,229.574,0.871995,1,0.654061,1,4,16,0.015625,-0.00098,0.018162,0.004993,C-accelerated,131533.56,132000.0,1321.26,2300.0,0.8712
2026-03-30T05:40:55Z,2724667016,63,The pilot watched the instruments carefully during a turbulent flight.,70,44,1,50.0488,0.043964,0.390625,0.625,0.500488,0.040024,0.40625,0.648438,0.006225,0.029681,0.004667,1,50.5981,7.991158,266.833,0.2927,1,0.633553,1,4,16,0.015625,0.00549,0.005418,0.005384,C-accelerated,132469.33,132700.0,1317.1,1000.0,0.3768
2026-03-30T05:40:55Z,2724667016,64,A forgotten path led into a forest nobody visited anymore.,58,44,1,50.0488,0.044471,0.390625,0.59375,0.500488,0.047899,0.390625,0.625,0.006278,0.037101,0.004775,1,49.4171,7.991233,268.835,0.263931,1,0.87875,1,4,16,0.015625,0.006834,-0.005096,-0.000834,C-accelerated,131888.22,132200.0,1438.68,2300.0,0.8699
2026-03-30T05:40:55Z,2724667016,65,The library remained silent except for turning pages.,53,44,1,49.5483,0.037001,0.421875,0.59375,0.495483,0.041011,0.382812,0.601562,0.006206,0.031651,0.004672,1,50.1556,7.99098,276.352,0.171148,1,0.590089,1,4,16,0.015625,-0.00957,0.010058,-0.004191,C-accelerated,132880.22,132150.0,2118.51,1700.0,0.6432
2026-03-30T05:40:55Z,2724667016,66,The engineer measured the structure again to confirm the calculation.,69,44,1,49.9878,0.043509,0.382812,0.609375,0.499878,0.043223,0.390625,0.609375,0.006144,0.029802,0.004643,1,49.7314,7.992234,237.114,0.782778,1,0.939199,1,4,16,0.015625,0.002546,-0.015398,-0.005052,C-accelerated,130740.22,130400.0,1044.8,1000.0,0.3834
2026-03-30T05:40:55Z,2724667016,67,The dog waited patiently beside the closed gate.,48,44,1,50.0061,0.048036,0.375,0.617188,0.500061,0.036832,0.382812,0.617188,0.006195,0.030285,0.004669,1,49.939,7.989713,309.679,0.010837,0,0.616675,1,4,16,0.015625,0.007933,-0.008624,-0.000891,C-accelerated,131713.11,131500.0,1594.0,1800.0,0.6844
2026-03-30T05:40:55Z,2724667016,68,A researcher opened a dataset containing millions of entries.,61,44,1,49.3713,0.045419,0.367188,0.609375,0.493713,0.044346,0.414062,0.664062,0.006229,0.030024,0.004734,1,50.2045,7.991316,264.273,0.331709,1,0.203063,1,4,16,0.015625,0.001896,0.003839,0.010453,C-accelerated,134037.11,134500.0,1558.62,700.0,0.2602
2026-03-30T05:40:55Z,2724667016,69,The morning fog slowly lifted from the valley.,46,44,1,49.8535,0.045247,0.390625,0.609375,0.498535,0.043441,0.367188,0.601562,0.006223,0.032102,0.004718,1,49.6704,7.991824,249.216,0.590371,1,0.345206,1,4,16,0.015625,0.003607,0.002083,-0.001214,C-accelerated,132018.22,132100.0,1120.76,1300.0,0.4921
2026-03-30T05:40:55Z,2724667016,70,A group of hikers followed a narrow trail through rocky hills.,62,44,1,50.3662,0.044085,0.382812,0.601562,0.503662,0.044634,0.390625,0.617188,0.006185,0.032358,0.004669,1,50.0793,7.991581,257.455,0.445182,1,0.437116,1,4,16,0.015625,0.003216,-0.009068,0.0017,C-accelerated,132304.0,131200.0,2977.65,1900.0,0.7241
2026-03-30T05:40:55Z,2724667016,71,The clock tower rang loudly across the town square.,51,44,1,50.5371,0.042295,0.40625,0.601562,0.505371,0.043044,0.421875,0.640625,0.006226,0.030325,0.004704,1,49.4934,7.991289,264.436,0.329158,1,0.340356,1,4,16,0.015625,0.002045,-0.001253,-0.001233,C-accelerated,134286.22,134300.0,2408.99,3200.0,1.1914
2026-03-30T05:40:55Z,2724667016,72,The traveler wrote notes in a journal about distant places.,59,44,1,49.4263,0.04382,0.375,0.601562,0.494263,0.039854,0.382812,0.59375,0.006265,0.031175,0.004727,1,50.5066,7.991318,261.318,0.379442,1,0.38298,1,4,16,0.015625,-0.002331,0.012335,-0.007101,C-accelerated,130936.22,130800.0,1118.23,1100.0,0.4205
2026-03-30T05:40:55Z,2724667016,73,A quiet lake reflected the surrounding mountains perfectly.,59,44,1,49.4568,0.047847,0.375,0.632812,0.494568,0.045055,0.382812,0.648438,0.006192,0.028313,0.004685,1,49.6155,7.991832,248.634,0.600513,1,0.300899,1,4,16,0.015625,-0.003409,0.004343,-0.010322,C-accelerated,132022.89,131800.0,1326.65,1200.0,0.4552
2026-03-30T05:40:55Z,2724667016,74,The sound of rain filled the empty street at night.,51,44,1,49.9084,0.041335,0.382812,0.601562,0.499084,0.049619,0.359375,0.671875,0.006205,0.029919,0.00472,1,50.1526,7.992021,244.678,0.66777,1,0.89381,1,4,16,0.015625,-0.007846,0.000204,0.002564,C-accelerated,130011.11,129700.0,1155.15,1300.0,0.5012
2026-03-30T05:40:55Z,2724667016,75,A scientist reviewed results before publishing the report.,58,44,1,50.946,0.04292,0.390625,0.609375,0.50946,0.044695,0.414062,0.617188,0.006209,0.031872,0.00465,1,50.0397,7.992211,239.092,0.754879,1,0.811598,1,4,16,0.015625,0.009087,-0.005321,0.0137,C-accelerated,131819.11,131000.0,1845.07,2600.0,0.9924
2026-03-30T05:40:55Z,2724667016,76,The mechanic wiped grease from his hands after finishing the repair.,68,44,1,50.0122,0.043421,0.398438,0.625,0.500122,0.041661,0.40625,0.59375,0.006154,0.030888,0.004631,1,49.3958,7.991998,241.396,0.720315,1,0.660957,1,4,16,0.015625,-0.008589,-0.000311,-0.010693,C-accelerated,130150.44,130000.0,1432.14,2100.0,0.8077
2026-03-30T05:40:55Z,2724667016,77,The small bookstore smelled of paper and dust.,46,44,1,49.7925,0.037879,0.40625,0.59375,0.497925,0.04293,0.414062,0.65625,0.006164,0.030106,0.0047,1,50.0336,7.990974,274.537,0.191253,1,0.161038,1,4,16,0.015625,0.003241,0.003158,-0.006601,C-accelerated,131507.78,131500.0,1964.76,2300.0,0.8745
2026-03-30T05:40:55Z,2724667016,78,A programmer experimented with a strange encryption algorithm.,62,44,1,50.2991,0.040219,0.398438,0.609375,0.502991,0.04592,0.390625,0.609375,0.006121,0.027,0.004617,1,49.9725,7.991571,256.71,0.458167,1,0.1997,1,4,16,0.015625,0.009163,-0.013274,-0.000486,C-accelerated,131768.0,131300.0,1638.85,2500.0,0.952
2026-03-30T05:40:55Z,2724667016,79,The wind carried the smell of the sea through open windows.,59,44,1,50.1282,0.045657,0.367188,0.617188,0.501282,0.044019,0.367188,0.640625,0.006175,0.027838,0.004648,1,49.3561,7.992101,239.232,0.752846,1,0.465758,1,4,16,0.015625,0.006989,-0.003648,0.005703,C-accelerated,132492.67,132700.0,1264.42,1900.0,0.7159
2026-03-30T05:40:55Z,2724667016,80,The station platform slowly emptied as the last train departed.,63,44,1,49.3713,0.042579,0.390625,0.59375,0.493713,0.045419,0.390625,0.59375,0.006272,0.031387,0.004774,1,49.9725,7.992112,241.28,0.72211,1,0.867483,1,4,16,0.015625,0.009143,0.00625,0.00576,C-accelerated,131457.78,131200.0,1324.7,1600.0,0.6098
2026-03-30T05:40:55Z,2724667016,81,The lighthouse beam swept across dark waves repeatedly.,55,44,1,50.5005,0.038195,0.390625,0.609375,0.505005,0.044664,0.40625,0.59375,0.006223,0.028045,0.004688,1,49.762,7.99202,244.282,0.674286,1,0.133174,1,4,16,0.015625,0.00245,-0.004292,-0.010165,C-accelerated,132222.0,131800.0,1517.52,1500.0,0.569
2026-03-30T05:40:55Z,2724667016,82,A teacher explained a difficult concept using a simple example.,63,44,1,50.6165,0.04086,0.398438,0.609375,0.506165,0.044115,0.40625,0.609375,0.00626,0.029348,0.00475,1,50.1892,7.991832,248.82,0.597273,1,0.89381,1,4,16,0.015625,0.001527,-0.009706,-0.00074,C-accelerated,133797.11,133300.0,2696.38,2875.0,1.0784
2026-03-30T05:40:55Z,2724667016,83,The researcher finally discovered a subtle mistake in the model.,64,44,1,49.884,0.045124,0.390625,0.625,0.49884,0.046365,0.382812,0.601562,0.006211,0.027845,0.004665,1,49.9298,7.99157,257.757,0.439929,1,0.796843,1,4,16,0.015625,0.003267,-0.014443,0.007073,C-accelerated,131745.33,131400.0,1172.48,1000.0,0.3805
2026-03-30T05:40:55Z,2724667016,84,The moonlight illuminated the narrow road outside the village.,62,44,1,49.9756,0.042868,0.414062,0.625,0.499756,0.045867,0.382812,0.609375,0.00623,0.032601,0.004649,1,49.765,7.990863,280.052,0.134742,1,0.175763,1,4,16,0.015625,0.003013,0.010384,0.002093,C-accelerated,131459.33,130800.0,1845.14,2800.0,1.0703
2026-03-30T05:40:55Z,2724667016,85,A delivery truck passed quietly through the sleeping neighborhood.,66,44,1,50.4822,0.046519,0.398438,0.617188,0.504822,0.042859,0.390625,0.601562,0.006264,0.028901,0.004775,1,50.4364,7.992465,228.643,0.881029,1,0.225935,1,4,16,0.015625,-0.002982,-0.001637,0.004351,C-accelerated,134358.89,132950.0,4137.37,2400.0,0.9026
2026-03-30T05:40:55Z,2724667016,86,The old radio suddenly came alive with static and music.,56,44,1,50.4639,0.043029,0.40625,0.609375,0.504639,0.041322,0.398438,0.632812,0.006256,0.028952,0.004729,1,50.1373,7.991543,256.5,0.461832,1,0.749416,1,4,16,0.015625,-0.000391,0.008162,0.012215,C-accelerated,132953.33,133000.0,1028.35,900.0,0.3383
2026-03-30T05:40:55Z,2724667016,87,The mathematician smiled after solving a problem that took weeks.,65,44,1,49.9695,0.042482,0.414062,0.648438,0.499695,0.041758,0.40625,0.585938,0.006279,0.0304,0.004775,1,49.7711,7.990147,301.417,0.024332,0,0.557621,1,4,16,0.015625,-0.006827,0.003779,0.008153,C-accelerated,132059.56,132600.0,1209.47,2100.0,0.7919
2026-03-30T05:40:55Z,2724667016,88,A scientist carefully labeled samples inside a freezer.,55,44,1,50.3601,0.0449,0.375,0.625,0.503601,0.036824,0.398438,0.578125,0.006194,0.029959,0.004644,1,50.3143,7.990775,278.726,0.147094,1,0.412229,1,4,16,0.015625,-0.009021,-0.004404,-0.003194,C-accelerated,131406.89,131100.0,984.51,900.0,0.3432
2026-03-30T05:40:55Z,2724667016,89,A curious traveler followed a trail leading to ancient ruins.,61,44,1,49.8657,0.04994,0.375,0.648438,0.498657,0.04141,0.390625,0.59375,0.006179,0.030327,0.004638,1,50.238,7.992314,235.532,0.803815,1,0.593384,1,4,16,0.015625,0.003264,-0.008807,0.004599,C-accelerated,133149.78,132300.0,2580.93,2100.0,0.7937
2026-03-30T05:40:55Z,2724667016,90,The security guard checked the monitors one last time.,54,44,1,49.4568,0.043897,0.375,0.609375,0.494568,0.049281,0.367188,0.601562,0.006296,0.031247,0.004769,1,49.8016,7.993329,203.02,0.992853,1,0.428726,1,4,16,0.015625,-0.007299,-0.016483,-0.002199,C-accelerated,132131.11,131800.0,1329.6,2000.0,0.7587
2026-03-30T05:40:55Z,2724667016,91,The sky turned deep purple as the sun disappeared behind hills.,63,44,1,49.3958,0.042882,0.398438,0.617188,0.493958,0.041858,0.398438,0.617188,0.006275,0.029435,0.004745,1,49.7101,7.99198,244.748,0.666616,1,0.681814,1,4,16,0.015625,0.008995,0.007501,-0.00093,C-accelerated,133314.22,133600.0,1412.03,2200.0,0.8234
2026-03-30T05:40:55Z,2724667016,92,A small robot moved across the laboratory floor collecting data.,64,44,1,49.7498,0.045616,0.398438,0.617188,0.497498,0.044247,0.351562,0.59375,0.006247,0.032028,0.004685,1,49.469,7.990415,294.784,0.043935,0,0.596686,1,4,16,0.015625,0.014031,0.000838,0.001924,C-accelerated,131260.67,130800.0,1145.81,2200.0,0.841
2026-03-30T05:40:55Z,2724667016,93,The writer finally typed the last sentence of the chapter.,58,44,1,49.6033,0.04364,0.359375,0.601562,0.496033,0.043157,0.367188,0.59375,0.006295,0.030079,0.004752,1,50.1495,7.991315,262.993,0.352057,1,0.920254,1,4,16,0.015625,-0.008046,0.000118,0.003173,C-accelerated,134315.56,132700.0,3563.97,5400.0,2.0347
2026-03-30T05:40:55Z,2724667016,94,The café lights turned off as the final customer left.,54,44,1,49.7864,0.04114,0.390625,0.617188,0.497864,0.040838,0.375,0.59375,0.006219,0.032712,0.00472,1,49.8962,7.992286,234.461,0.817369,1,0.749416,1,4,16,0.015625,-0.014581,0.001065,0.012127,C-accelerated,133948.89,132800.0,5084.79,4800.0,1.8072
2026-03-30T05:40:55Z,2724667016,95,A cold wind moved through the empty railway station.,52,44,1,50.6409,0.043961,0.390625,0.59375,0.506409,0.038304,0.375,0.585938,0.006309,0.033467,0.004766,1,49.8413,7.99087,277.818,0.155994,1,0.996196,1,4,16,0.015625,0.013462,-0.012955,-0.005833,C-accelerated,134807.33,135700.0,2195.33,4100.0,1.5107
2026-03-30T05:40:55Z,2724667016,96,The story ended quietly as the town fell asleep again.,54,44,1,50.2563,0.046488,0.382812,0.625,0.502563,0.04712,0.367188,0.601562,0.006194,0.031961,0.004688,1,49.8566,7.991317,262.295,0.36337,1,0.603317,1,4,16,0.015625,0.004236,0.001737,0.004285,C-accelerated,130720.0,130700.0,1250.99,1900.0,0.7269
2026-03-30T05:40:55Z,2724667016,97,Jucrypt is not as interesting as the Zuhan Shu. She is so kind and good hearted person.,87,44,1,50.2258,0.03893,0.390625,0.585938,0.502258,0.043566,0.40625,0.59375,0.006207,0.031329,0.004728,1,49.8871,7.990713,285.242,0.093612,1,0.281296,1,4,16,0.015625,-0.009753,0.004948,0.012725,C-accelerated,132828.22,132700.0,1687.24,1900.0,0.7159
2026-03-30T05:40:55Z,2724667016,98,The university of pecs is almost 700 years old. But why is it not ranked as top three now?,90,44,1,49.6765,0.047607,0.390625,0.664062,0.496765,0.045424,0.398438,0.617188,0.006258,0.037757,0.004722,1,49.7833,7.990888,276.468,0.16991,1,0.671354,1,4,16,0.015625,-0.007155,0.00451,0.010092,C-accelerated,131609.56,131400.0,1029.87,1100.0,0.4186
2026-03-30T05:40:55Z,2724667016,99,"AI will replace human, those human who got zero creativity and zero problem solving skill.",90,44,1,49.5483,0.04218,0.382812,0.617188,0.495483,0.045108,0.351562,0.632812,0.006183,0.028461,0.004646,1,50.3113,7.992075,238.673,0.76093,1,0.462847,1,4,16,0.015625,-0.01124,-0.010133,0.002667,C-accelerated,133046.22,132800.0,1192.61,1000.0,0.3765
2026-03-30T05:40:55Z,2724667016,100,"The last library on Earth had one book left. A child opened it. Blank pages. ""Write something,"" the librarian whispered. The child drew a flower.",145,44,1,49.5911,0.045679,0.398438,0.632812,0.495911,0.04309,0.398438,0.609375,0.006228,0.029452,0.004728,1,50.6561,7.98984,308.887,0.01175,0,0.24281,1,4,16,0.015625,0.006716,-0.005664,0.002486,C-accelerated,131254.22,130900.0,1649.48,1900.0,0.7257
2026-03-30T05:40:55Z,2724667016,101,"Morning coffee. Same cup. Same spoon. Same window. Different bird today. Small, yellow, singing. Maybe that's enough.",117,44,1,49.1943,0.046874,0.382812,0.625,0.491943,0.044783,0.390625,0.617188,0.006152,0.032111,0.004688,1,49.939,7.99192,247.098,0.627022,1,0.451308,1,4,16,0.015625,-0.007936,0.001176,0.011078,C-accelerated,132533.11,132300.0,1738.72,1200.0,0.4535
2026-03-30T05:40:55Z,2724667016,102,"""Grandpa, what's rain?"" The old man closed his eyes. ""Blue music,"" he said. ""The sky crying because it misses the ground.""",122,44,1,50.1587,0.037088,0.382812,0.585938,0.501587,0.042076,0.398438,0.585938,0.006184,0.031087,0.004652,1,50.6744,7.990537,286.778,0.083509,1,0.434309,1,4,16,0.015625,0.001704,0.008093,-0.00466,C-accelerated,132343.78,132200.0,1009.36,1200.0,0.4539
2026-03-30T05:40:55Z,2724667016,103,"She found a photograph in the attic. A woman who looked exactly like her, wearing clothes from 1923. The same mole. The same smile. The same sadness.",149,44,1,51.4771,0.047704,0.40625,0.625,0.514771,0.046397,0.40625,0.664062,0.006236,0.03125,0.004766,1,50.0153,7.991423,261.9,0.369843,1,0.720681,1,4,16,0.015625,0.002876,-0.003348,0.015284,C-accelerated,132186.0,132100.0,1421.72,1100.0,0.4164
2026-03-30T05:40:55Z,2724667016,104,"The key turned. Door creaked open. Empty room, except for a single chair. On it: a photograph of herself, age seven, smiling. She'd forgotten that day.",151,44,1,49.4812,0.04614,0.351562,0.601562,0.494812,0.043149,0.351562,0.609375,0.006267,0.034596,0.004729,1,50.0702,7.991242,266.531,0.297185,1,0.264614,1,4,16,0.015625,0.00116,0.001344,0.006763,C-accelerated,131342.0,131000.0,1561.16,2200.0,0.8397
2026-03-30T05:40:55Z,2724667016,105,Bread. Knife. Board. She sliced. He watched. Years of marriage reduced to the space between crust and crumb.,108,44,1,50.0244,0.045669,0.367188,0.640625,0.500244,0.042082,0.390625,0.632812,0.006245,0.031617,0.004756,1,50.0763,7.992046,243.724,0.683406,1,0.859987,1,4,16,0.015625,-0.004752,-0.007546,0.002116,C-accelerated,133214.44,132300.0,2702.6,1600.0,0.6047
2026-03-30T05:40:55Z,2724667016,106,"Rain hammered the tin roof. She counted drops instead of regrets. At eighty-three, memories leaked like water through cracks. The roof would hold. She wasn't sure about herself.",177,44,1,50.2991,0.043903,0.382812,0.609375,0.502991,0.039234,0.40625,0.609375,0.006113,0.032445,0.004625,1,49.7589,7.992289,234.205,0.820527,1,0.047345,1,4,16,0.015625,-4.2e-05,0.001812,-0.002064,C-accelerated,132955.33,132450.0,1487.92,2400.0,0.906
2026-03-30T05:40:55Z,2724667016,107,"""We need to talk,"" Maria said, clutching divorce papers. Carlos smiled strangely. ""I know. I've been waiting."" He opened the closet. Inside: suitcases packed for two, plane tickets to Bali, and a positive pregnancy test.",220,44,1,49.7192,0.043286,0.390625,0.625,0.497192,0.046464,0.367188,0.609375,0.006192,0.029014,0.004681,1,49.4446,7.990574,285.591,0.091237,1,0.013713,1,4,16,0.015625,-0.001206,-0.020854,0.013346,C-accelerated,131798.0,131400.0,1436.81,1775.0,0.6754
2026-03-30T05:40:55Z,2724667016,108,The old man fed pigeons in the park every Tuesday. Tuesday never came this week. The pigeons waited. So did his empty bench.,124,44,1,49.4202,0.04257,0.351562,0.59375,0.494202,0.040785,0.375,0.59375,0.00631,0.028678,0.004684,1,49.9451,7.990533,286.289,0.086626,1,0.890041,1,4,16,0.015625,-0.011179,-0.003606,-0.004793,C-accelerated,132434.0,131600.0,2024.6,2350.0,0.8929
2026-03-30T05:40:55Z,2724667016,109,"A single red balloon escaped a child's hand. It rose past windows—a crying woman, a man practicing speeches, a cat watching moths. The balloon kept going.",154,44,1,50.1587,0.045317,0.367188,0.601562,0.501587,0.041597,0.390625,0.585938,0.006159,0.033326,0.004742,1,49.8993,7.992171,238.208,0.767564,1,0.014652,1,4,16,0.015625,-0.010561,-0.011127,-0.002326,C-accelerated,132000.89,132200.0,1558.93,2500.0,0.9455
2026-03-30T05:40:55Z,2724667016,110,"""I'm not real,"" the painting whispered. The gallery guard nodded. ""None of us are. But we still show up every morning.""",119,44,1,50.0488,0.039905,0.40625,0.625,0.500488,0.044342,0.390625,0.632812,0.006173,0.030374,0.004677,1,50.2777,7.991785,249.984,0.576916,1,0.37523,1,4,16,0.015625,-0.009782,0.00468,0.000131,C-accelerated,132000.0,131700.0,1265.93,1800.0,0.6834
2026-03-30T05:40:55Z,2724667016,111,She planted roses where they buried his ashes. They bloomed red. She'd never liked red. The roses didn't care.,110,44,1,50.4761,0.044754,0.375,0.625,0.504761,0.045326,0.398438,0.625,0.006231,0.030388,0.004694,1,50.1617,7.991137,271.651,0.22626,1,0.532287,1,4,16,0.015625,-0.004926,0.000894,-0.001371,C-accelerated,133121.56,132800.0,1629.66,2600.0,0.9789
2026-03-30T05:40:55Z,2724667016,112,"The train was late. So was his entire life. He wondered if somewhere, another version of him was early for everything.",118,44,1,50.0305,0.044617,0.398438,0.640625,0.500305,0.046491,0.398438,0.679688,0.006291,0.036131,0.004695,1,50.1343,7.991895,247.447,0.621035,1,0.189854,1,4,16,0.015625,-0.007591,0.004671,0.000637,C-accelerated,134254.89,132700.0,5599.11,4300.0,1.6202
2026-03-30T05:40:55Z,2724667016,113,"A letter arrived with no return address. Inside: a maple leaf, pressed flat, and the words ""Remember October?""",110,44,1,50.0916,0.042079,0.375,0.59375,0.500916,0.043296,0.398438,0.601562,0.006178,0.03235,0.004658,1,49.9115,7.992399,234.577,0.815922,1,0.362529,1,4,16,0.015625,0.004077,-0.003421,0.000794,C-accelerated,132031.33,132100.0,845.78,1200.0,0.4542
2026-03-30T05:40:55Z,2724667016,114,"The baby cried. The mother cried. The father stood in the doorway, holding flowers, realizing he was the reason for both.",121,44,1,49.3713,0.045134,0.390625,0.617188,0.493713,0.04623,0.375,0.65625,0.006318,0.030749,0.004762,1,50.0854,7.992257,236.183,0.795295,1,0.095205,1,4,16,0.015625,-0.006799,0.008215,0.005164,C-accelerated,132752.0,132800.0,1569.87,2475.0,0.9319
2026-03-30T05:40:55Z,2724667016,115,The magician's last trick: making himself disappear. The audience applauded. His wife didn't. She knew where he went.,117,44,1,50.1892,0.045078,0.375,0.609375,0.501892,0.04191,0.398438,0.648438,0.006233,0.033211,0.004773,1,50.1404,7.992122,239.092,0.754879,1,0.233329,1,4,16,0.015625,0.003659,0.012602,0.003488,C-accelerated,132192.89,131850.0,1321.55,1600.0,0.6068
2026-03-30T05:40:55Z,2724667016,116,They met at a bus stop. Missed buses together for forty years. Never rode a single one.,87,44,1,48.8892,0.044308,0.367188,0.585938,0.488892,0.037767,0.390625,0.570312,0.00625,0.031869,0.004704,1,50.1038,7.992632,221.964,0.933379,1,0.692336,1,4,16,0.015625,-0.012729,0.002882,-0.003759,C-accelerated,132644.44,133000.0,2098.11,3200.0,1.203
2026-03-30T05:40:55Z,2724667016,117,"The clock stopped at 3:47 AM. In that moment, somewhere, someone decided not to jump.",85,44,1,51.1658,0.041958,0.414062,0.601562,0.511658,0.046559,0.398438,0.617188,0.006354,0.031948,0.004783,1,50.3845,7.991057,271.651,0.22626,1,0.340356,1,4,16,0.015625,-0.007991,-0.004997,0.001706,C-accelerated,131945.33,131900.0,628.71,700.0,0.2654
2026-03-30T05:40:55Z,2724667016,118,She wrote her name in snow. Waited. Watched it melt. Decided that was enough of a legacy.,89,44,1,49.469,0.045281,0.382812,0.601562,0.49469,0.042544,0.367188,0.601562,0.006173,0.030744,0.004705,1,50.235,7.992714,221.405,0.936819,1,0.901355,1,4,16,0.015625,-0.009645,0.011249,0.011918,C-accelerated,132160.67,132500.0,1219.07,2100.0,0.7925
2026-03-30T05:40:55Z,2724667016,119,"The dog waited by the door for three years. One day, it didn't. Neither did the door.",85,44,1,50.1526,0.048965,0.367188,0.625,0.501526,0.045029,0.414062,0.617188,0.006261,0.0299,0.004726,1,50.0793,7.992238,235.462,0.804716,1,0.541719,1,4,16,0.015625,0.005426,0.004081,-0.001061,C-accelerated,132509.78,132200.0,2044.33,2600.0,0.9834
2026-03-30T05:40:55Z,2724667016,120,"""Tell me a story,"" the dying man said. His daughter held his hand. ""You're in one,"" she whispered. ""The best one.""",114,44,1,50.3296,0.044971,0.382812,0.625,0.503296,0.043175,0.40625,0.617188,0.006199,0.028459,0.004701,1,49.8718,7.990757,280.239,0.133071,1,0.692336,1,4,16,0.015625,-0.005981,-0.005413,-0.006902,C-accelerated,132742.22,132300.0,2220.43,2400.0,0.907
2026-03-30T05:40:55Z,2724667016,121,The mirror showed someone younger. She didn't know whether to feel flattered or haunted.,88,44,1,49.7559,0.046556,0.398438,0.617188,0.497559,0.046577,0.367188,0.609375,0.006255,0.029806,0.004747,1,50.3143,7.990267,297.693,0.034125,0,0.664415,1,4,16,0.015625,-0.001218,-0.000878,0.000389,C-accelerated,133384.0,133400.0,1094.52,1300.0,0.4873
2026-03-30T05:40:55Z,2724667016,122,He collected rain in jars. Labeled each storm. Drank them on days he needed to remember.,88,44,1,50.9705,0.04391,0.382812,0.617188,0.509705,0.043397,0.375,0.617188,0.006215,0.03209,0.00472,1,50.4059,7.991381,264.111,0.334269,1,0.977181,1,4,16,0.015625,0.004846,0.006652,-0.001489,C-accelerated,132905.78,132500.0,1510.1,2100.0,0.7925
2026-03-30T05:40:55Z,2724667016,123,The library had a book that changed its story every time someone opened it. No one believed the librarian.,106,44,1,49.646,0.044825,0.375,0.609375,0.49646,0.044537,0.382812,0.625,0.00616,0.029159,0.00468,1,49.9237,7.991612,254.359,0.499547,1,0.390828,1,4,16,0.015625,0.00526,0.003279,-0.000439,C-accelerated,134350.44,133900.0,1562.08,1100.0,0.4108
2026-03-30T05:40:55Z,2724667016,124,She learned to knit during the war. Made scarves for soldiers who never came back. Kept knitting anyway.,104,44,1,50.1892,0.044094,0.398438,0.601562,0.501892,0.043397,0.375,0.617188,0.006197,0.033548,0.004657,1,50.1465,7.990835,278.493,0.149341,1,0.92404,1,4,16,0.015625,-0.015675,-0.00142,0.001805,C-accelerated,130812.0,130400.0,1257.1,1400.0,0.5368
2026-03-30T05:40:55Z,2724667016,125,The last dinosaur didn't know it was the last. It just wondered why everything got so quiet.,92,44,1,50.5432,0.044426,0.390625,0.601562,0.505432,0.044544,0.40625,0.59375,0.006294,0.029159,0.004694,1,49.3744,7.991606,256.151,0.467953,1,0.702918,1,4,16,0.015625,0.000219,0.014716,0.003945,C-accelerated,133116.44,132500.0,2030.52,1300.0,0.4906
2026-03-30T05:40:55Z,2724667016,126,His phone rang. Wrong number. He kept the conversation going for twenty-three minutes. So did she.,98,44,1,50.1892,0.043176,0.40625,0.632812,0.501892,0.049147,0.390625,0.609375,0.006232,0.028981,0.004701,1,49.9084,7.992409,229.271,0.874979,1,0.560828,1,4,16,0.015625,-0.00195,0.003882,0.009423,C-accelerated,131122.22,130800.0,1259.75,1900.0,0.7263
2026-03-30T05:40:55Z,2724667016,127,The bridge was built in 1889. It had heard every secret. Told none.,67,44,1,49.9451,0.04656,0.40625,0.625,0.499451,0.040538,0.40625,0.59375,0.006272,0.031339,0.004684,1,49.9237,7.991967,244.189,0.675813,1,0.003168,0,4,16,0.015625,-0.005692,-0.001923,-0.004458,C-accelerated,133053.56,132900.0,907.38,975.0,0.3668
2026-03-30T05:40:55Z,2724667016,128,She counted her mother's breaths. Each one a gift she couldn't return.,70,44,1,50.061,0.045926,0.359375,0.609375,0.50061,0.040754,0.40625,0.601562,0.006183,0.028835,0.004662,1,50.1221,7.990592,288.454,0.073482,1,0.586804,1,4,16,0.015625,0.000351,0.005342,0.004368,C-accelerated,132893.56,133100.0,1489.97,2175.0,0.8171
2026-03-30T05:40:55Z,2724667016,129,The artist painted darkness. Sold it as hope. People saw what they needed.,74,44,1,50.2319,0.046838,0.414062,0.625,0.502319,0.043172,0.40625,0.617188,0.006226,0.028935,0.004637,1,50.0549,7.992161,239.744,0.74532,1,0.643773,1,4,16,0.015625,0.013696,-0.002502,0.005493,C-accelerated,133427.33,133200.0,1669.82,900.0,0.3378
2026-03-30T05:40:55Z,2724667016,130,A child asked where the sky ends. Her father pointed at her eyes.,65,44,1,49.7314,0.039637,0.40625,0.59375,0.497314,0.041747,0.40625,0.609375,0.006329,0.030392,0.004757,1,49.8993,7.991134,270.999,0.234675,1,0.4775,1,4,16,0.015625,-0.006267,0.014834,-0.008606,C-accelerated,131962.44,132000.0,1461.12,2375.0,0.8996
2026-03-30T05:40:55Z,2724667016,131,The funeral was empty. He'd outlived everyone who would have come.,66,44,1,51.0803,0.04565,0.40625,0.625,0.510803,0.042457,0.375,0.617188,0.006197,0.0316,0.004733,1,49.9115,7.991293,266.764,0.293732,1,0.667881,1,4,16,0.015625,0.005298,0.004961,0.011696,C-accelerated,132158.44,131700.0,1697.65,1700.0,0.6454
2026-03-30T05:40:55Z,2724667016,132,The coffee was cold. The news was bad. The sun rose anyway.,59,44,1,50.1282,0.044073,0.398438,0.632812,0.501282,0.041233,0.414062,0.625,0.00622,0.029568,0.004696,1,49.6399,7.99204,240.698,0.73101,1,0.616675,1,4,16,0.015625,-0.000651,0.000488,0.011144,C-accelerated,133069.78,132900.0,1930.29,1500.0,0.5643
2026-03-30T05:40:55Z,2724667016,133,She kept a jar of apologies she never said. It was heavier every year.,70,44,1,49.9512,0.043714,0.398438,0.609375,0.499512,0.045194,0.375,0.601562,0.006132,0.028072,0.004655,1,49.823,7.991194,266.391,0.299267,1,0.623403,1,4,16,0.015625,-0.004945,0.010508,-0.003957,C-accelerated,132734.0,132600.0,1328.47,1075.0,0.4054
2026-03-30T05:40:55Z,2724667016,134,The lighthouse keeper forgot to light the lamp. A ship waited. So did fate.,75,44,1,49.6887,0.048577,0.398438,0.625,0.496887,0.041275,0.375,0.609375,0.006223,0.029755,0.004653,1,49.585,7.990303,294.319,0.045705,0,0.633553,1,4,16,0.015625,0.012414,0.002711,-0.009177,C-accelerated,133229.78,133400.0,1499.54,2000.0,0.7496
2026-03-30T05:40:55Z,2724667016,135,They spoke different languages. Understood everything.,54,44,1,49.7314,0.04481,0.359375,0.601562,0.497314,0.044004,0.40625,0.632812,0.006193,0.029302,0.004688,1,49.8199,7.992168,238.208,0.767564,1,0.977181,1,4,16,0.015625,0.005449,-0.011303,0.003767,C-accelerated,134835.56,133750.0,2260.25,2900.0,1.0841
2026-03-30T05:40:55Z,2724667016,136,The garden grew keys instead of flowers. No one knew what they opened.,70,44,1,50.7385,0.044819,0.375,0.625,0.507385,0.041355,0.421875,0.640625,0.006236,0.027955,0.004719,1,49.7986,7.990618,284.963,0.095546,1,0.826419,1,4,16,0.015625,0.001839,0.002243,0.011471,C-accelerated,137800.0,136400.0,4149.39,2675.0,0.9806
2026-03-30T05:40:55Z,2724667016,137,He wrote her name in fog on the window. It disappeared. So did she.,67,44,1,50.3052,0.045462,0.382812,0.609375,0.503052,0.044358,0.351562,0.632812,0.006309,0.028582,0.004701,1,49.8199,7.992715,222.545,0.929651,1,0.123599,1,4,16,0.015625,0.006512,0.004164,0.000776,C-accelerated,131432.67,131050.0,1329.79,1900.0,0.7249
2026-03-30T05:40:55Z,2724667016,138,The old woman fed strays. They followed her home. She called them yesterday.,76,44,1,49.4751,0.043213,0.367188,0.578125,0.494751,0.040877,0.414062,0.585938,0.006198,0.030021,0.004665,1,49.9512,7.991997,243.84,0.681514,1,0.492402,1,4,16,0.015625,-0.008675,-0.00155,-0.016765,C-accelerated,133916.67,134700.0,2518.65,4500.0,1.6704
2026-03-30T05:40:55Z,2724667016,139,A book fell off the shelf. Opened to a page about a book falling off a shelf.,77,44,1,50.0427,0.042638,0.390625,0.601562,0.500427,0.046736,0.351562,0.601562,0.006176,0.03216,0.00464,1,50.2197,7.991015,276.608,0.168433,1,0.807902,1,4,16,0.015625,0.003442,-0.008509,0.007704,C-accelerated,130894.44,130700.0,1366.09,1000.0,0.3826
2026-03-30T05:40:55Z,2724667016,140,The phone booth rang. No one was inside. It kept ringing.,57,44,1,50.2991,0.040655,0.398438,0.609375,0.502991,0.041891,0.390625,0.59375,0.006249,0.03079,0.004717,1,50.0732,7.992522,227.503,0.891501,1,0.098075,1,4,16,0.015625,0.010549,-0.009873,-0.003458,C-accelerated,131777.78,131700.0,2123.49,2700.0,1.0251
2026-03-30T05:40:55Z,2724667016,141,She painted her dreams. They came true. She stopped dreaming.,61,44,1,50.0854,0.044024,0.382812,0.625,0.500854,0.042738,0.390625,0.609375,0.00623,0.029284,0.004682,1,49.5544,7.991004,276.585,0.168678,1,0.370117,1,4,16,0.015625,0.004905,-0.006102,0.010909,C-accelerated,133630.44,133600.0,1054.11,1600.0,0.5988
2026-03-30T05:40:55Z,2724667016,142,The mountain had waited millions of years. It could wait one more.,66,44,1,49.6399,0.049775,0.359375,0.640625,0.496399,0.047158,0.398438,0.601562,0.006263,0.032444,0.00471,1,49.9237,7.991583,256.617,0.459795,1,0.871236,1,4,16,0.015625,-0.004125,0.000586,0.007234,C-accelerated,131881.78,131700.0,1081.8,1300.0,0.4935
2026-03-30T05:40:55Z,2724667016,143,"He found a message in a bottle. It said ""I'm still waiting.""",60,44,1,49.3835,0.048156,0.382812,0.59375,0.493835,0.043385,0.390625,0.609375,0.006142,0.033481,0.004715,1,50.4639,7.990557,285.498,0.091865,1,0.471609,1,4,16,0.015625,-0.000328,0.002404,0.00038,C-accelerated,133301.56,133450.0,1272.8,1900.0,0.7119
2026-03-30T05:40:55Z,2724667016,144,The clockmaker repaired time. Couldn't fix his own.,51,44,1,50.1709,0.041258,0.40625,0.625,0.501709,0.047461,0.34375,0.585938,0.006178,0.02992,0.004692,1,50.1068,7.992892,215.145,0.96684,1,0.774848,1,4,16,0.015625,-0.007984,-0.000793,0.004627,C-accelerated,136331.56,135600.0,5331.67,7000.0,2.5811
2026-03-30T05:40:55Z,2724667016,145,She wore her mother's wedding dress. It fit perfectly. Her mother's ghost smiled.,81,44,1,50.3601,0.04789,0.359375,0.617188,0.503601,0.043683,0.398438,0.609375,0.006213,0.0299,0.004686,1,50.0214,7.992452,229.434,0.873378,1,0.935407,1,4,16,0.015625,-0.006189,0.000667,0.002748,C-accelerated,132880.22,132550.0,1177.09,1100.0,0.4149
2026-03-30T05:40:55Z,2724667016,146,The river remembered every stone. Carried their stories to the sea.,67,44,1,50.4578,0.043229,0.398438,0.632812,0.504578,0.046318,0.375,0.617188,0.006159,0.027813,0.004678,1,50.2625,7.991246,266.927,0.291327,1,0.108146,1,4,16,0.015625,0.008147,0.002326,-0.006286,C-accelerated,131553.33,131400.0,1406.84,1475.0,0.5613
2026-03-30T05:40:55Z,2724667016,147,He collected shadows. Had hundreds. None were his own.,54,44,1,50.4639,0.044756,0.375,0.632812,0.504639,0.043239,0.398438,0.601562,0.006251,0.026356,0.00466,1,50.3448,7.992557,227.759,0.889207,1,0.852503,1,4,16,0.015625,0.00735,-0.007456,-0.003142,C-accelerated,132106.0,131900.0,990.97,1175.0,0.4454
2026-03-30T05:40:55Z,2724667016,148,The last phone booth in the city waited for a call that never came.,67,44,1,50.0977,0.0473,0.390625,0.640625,0.500977,0.047562,0.367188,0.664062,0.006237,0.034904,0.004697,1,49.7131,7.99189,248.099,0.609798,1,0.451308,1,4,16,0.015625,-0.013719,0.005138,0.005037,C-accelerated,135331.78,131850.0,10553.93,4100.0,1.5548
2026-03-30T05:40:55Z,2724667016,149,She baked bread for the neighbors who never thanked her. Kept baking.,69,44,1,49.6155,0.041776,0.390625,0.585938,0.496155,0.046804,0.382812,0.601562,0.00619,0.029699,0.004682,1,49.9481,7.990882,274.886,0.187271,1,0.685315,1,4,16,0.015625,-8.6e-05,-0.002831,0.000901,C-accelerated,132074.89,132300.0,1279.62,2300.0,0.8692
2026-03-30T05:40:55Z,2724667016,150,The tree grew through the abandoned house. Claimed it back.,59,44,1,49.3774,0.047122,0.390625,0.609375,0.493774,0.041275,0.390625,0.601562,0.006291,0.030142,0.004709,1,49.8474,7.990994,276.166,0.173142,1,0.859987,1,4,16,0.015625,-0.003835,-0.010234,-0.015464,C-accelerated,133024.0,132600.0,1360.28,1400.0,0.5279
2026-03-30T05:40:55Z,2724667016,151,He whispered secrets to the wind. The wind told everyone.,57,44,1,49.6582,0.039701,0.398438,0.609375,0.496582,0.049485,0.34375,0.632812,0.006244,0.032568,0.004666,1,50.2625,7.992358,232.716,0.838259,1,0.161038,1,4,16,0.015625,0.001405,0.007172,-0.004684,C-accelerated,134107.78,134300.0,1294.09,1200.0,0.4468
2026-03-30T05:40:55Z,2724667016,152,The photograph faded. The memory didn't.,40,44,1,49.3591,0.041563,0.367188,0.617188,0.493591,0.041849,0.359375,0.585938,0.006197,0.028734,0.004721,1,49.6735,7.992297,236.3,0.793752,1,0.031175,1,4,16,0.015625,0.011585,0.016304,0.001187,C-accelerated,132822.22,131300.0,4449.65,2900.0,1.1043
2026-03-30T05:40:55Z,2724667016,153,She built a boat in the desert. Waited for rain.,48,44,1,49.5239,0.045157,0.351562,0.585938,0.495239,0.043358,0.375,0.585938,0.006296,0.034242,0.004703,1,50.1434,7.991757,250.263,0.572007,1,0.059045,1,4,16,0.015625,0.001907,0.00241,0.006972,C-accelerated,133218.89,133000.0,1127.35,1400.0,0.5263
2026-03-30T05:40:55Z,2724667016,154,The radio played static. She heard songs anyway.,48,44,1,50.1099,0.046974,0.375,0.648438,0.501099,0.041739,0.398438,0.59375,0.006191,0.028072,0.004687,1,49.2584,7.992824,216.518,0.961492,1,0.260553,1,4,16,0.015625,0.001805,-0.013139,0.009405,C-accelerated,131830.67,131600.0,1166.55,1100.0,0.4179
2026-03-30T05:40:55Z,2724667016,155,He counted stars. Lost count. Started over.,43,44,1,49.823,0.046294,0.359375,0.601562,0.49823,0.04439,0.398438,0.601562,0.006259,0.028333,0.004724,1,49.8474,7.991504,258.06,0.434692,1,0.538566,1,4,16,0.015625,-0.000201,-0.000501,0.005818,C-accelerated,133543.33,133600.0,1599.93,2200.0,0.8234
2026-03-30T05:40:55Z,2724667016,156,The door had no handle. Only the other side.,44,44,1,50.6775,0.049712,0.375,0.640625,0.506775,0.045548,0.359375,0.640625,0.006271,0.031749,0.004725,1,50.116,7.991552,255.919,0.47204,1,0.008741,0,4,16,0.015625,-0.000747,0.003792,0.002966,C-accelerated,133226.67,131900.0,3858.09,2375.0,0.9003
2026-03-30T05:40:55Z,2724667016,157,She wrote letters to herself at twenty. Burned them at fifty.,61,44,1,50.0549,0.043577,0.398438,0.617188,0.500549,0.047794,0.34375,0.601562,0.006174,0.031611,0.00471,1,49.6918,7.990507,287.942,0.076439,1,0.372668,1,4,16,0.015625,0.005985,0.008796,-0.007592,C-accelerated,131884.22,131900.0,1316.31,1700.0,0.6444
2026-03-30T05:40:55Z,2724667016,158,The cat sat on the windowsill. Watched nothing. Saw everything.,63,44,1,49.3774,0.043524,0.375,0.59375,0.493774,0.042132,0.390625,0.601562,0.006262,0.033803,0.004714,1,49.6613,7.990587,288.803,0.071518,1,0.822708,1,4,16,0.015625,-0.009828,-0.000525,0.007049,C-accelerated,131791.78,131700.0,901.04,900.0,0.3417
2026-03-30T05:40:55Z,2724667016,159,He collected regrets. Traded them for dreams. Got cheated.,58,44,1,49.6765,0.045076,0.359375,0.601562,0.496765,0.045361,0.375,0.601562,0.006232,0.032361,0.004661,1,49.5483,7.991795,250.845,0.561757,1,0.674834,1,4,16,0.015625,-0.004764,-0.011225,0.00207,C-accelerated,134575.78,133800.0,2586.68,1000.0,0.3737
2026-03-30T05:40:55Z,2724667016,160,The mirror asked who she was. She didn't know anymore.,54,44,1,50.1343,0.041514,0.359375,0.585938,0.501343,0.044303,0.40625,0.625,0.006189,0.029082,0.004671,1,49.7253,7.990654,286.057,0.088143,1,0.289899,1,4,16,0.015625,0.008783,-0.00029,-0.001823,C-accelerated,132430.0,131900.0,1561.63,1400.0,0.5307
2026-03-30T05:40:55Z,2724667016,161,Rain fell upward. Gravity apologized. Too late.,47,44,1,50.5005,0.043308,0.398438,0.609375,0.505005,0.044972,0.390625,0.609375,0.006151,0.028925,0.004703,1,50.0793,7.99164,255.942,0.471631,1,0.396114,1,4,16,0.015625,-0.01041,-0.003565,-0.007555,C-accelerated,137112.0,137100.0,2250.9,1900.0,0.6929
2026-03-30T05:40:55Z,2724667016,162,She kept a garden of lies. They bloomed beautifully.,52,44,1,50.4089,0.044161,0.40625,0.601562,0.504089,0.0407,0.390625,0.601562,0.006272,0.030679,0.004706,1,50.3723,7.991446,260.876,0.386798,1,0.516756,1,4,16,0.015625,-0.006633,-0.000733,0.005812,C-accelerated,131702.67,131500.0,1126.72,1375.0,0.5228
2026-03-30T05:40:55Z,2724667016,163,The last letter never arrived. Arrived anyway.,46,44,1,49.9023,0.045575,0.351562,0.632812,0.499023,0.044805,0.398438,0.617188,0.006165,0.03203,0.004651,1,50.4242,7.993022,211.305,0.978718,1,0.532287,1,4,16,0.015625,0.005601,0.005429,0.001591,C-accelerated,132242.0,132200.0,685.36,875.0,0.3309
2026-03-30T05:40:55Z,2724667016,164,He built a house of cards. Lived in it for years.,49,44,1,49.408,0.042508,0.390625,0.601562,0.49408,0.045614,0.335938,0.601562,0.006159,0.032074,0.004657,1,50.2533,7.989848,310.353,0.010108,0,0.414952,1,4,16,0.015625,-0.000143,-0.000692,0.003894,C-accelerated,132630.22,132500.0,1841.9,2300.0,0.8679
2026-03-30T05:40:55Z,2724667016,165,The clock ticked backward. She got younger. Lonelier.,53,44,1,49.8047,0.046157,0.351562,0.601562,0.498047,0.042802,0.40625,0.59375,0.006164,0.02859,0.004605,1,49.7681,7.991095,270.161,0.245764,1,0.654061,1,4,16,0.015625,0.009007,0.000868,-0.002514,C-accelerated,133774.0,133600.0,1351.66,1400.0,0.524
2026-03-30T05:40:55Z,2724667016,166,She spoke to ghosts. They listened. Didn't answer.,50,44,1,50.7019,0.044289,0.382812,0.609375,0.507019,0.042811,0.382812,0.640625,0.006252,0.030082,0.004771,1,49.7253,7.99212,239.697,0.746008,1,0.95438,1,4,16,0.015625,-0.009838,0.006291,0.009002,C-accelerated,132191.78,132000.0,1357.48,2100.0,0.7955
2026-03-30T05:40:55Z,2724667016,167,The map showed places that didn't exist. She went anyway.,57,44,1,49.1455,0.044091,0.351562,0.59375,0.491455,0.041849,0.359375,0.59375,0.006256,0.029412,0.004756,1,49.8474,7.992939,213.748,0.971655,1,0.092402,1,4,16,0.015625,-0.017009,-0.002485,0.01176,C-accelerated,132701.33,132400.0,1366.49,2300.0,0.8686
2026-03-30T05:40:55Z,2724667016,168,He collected silences. Had a library of them.,45,44,1,50.3235,0.045894,0.40625,0.617188,0.503235,0.044189,0.382812,0.625,0.00631,0.030914,0.004722,1,50.3418,7.991284,264.483,0.328431,1,0.815297,1,4,16,0.015625,-0.005278,0.015742,-0.001921,C-accelerated,132940.67,132600.0,1909.38,2600.0,0.9804
2026-03-30T05:40:55Z,2724667016,169,The candle burned at both ends. Lit the whole room.,51,44,1,49.7131,0.042059,0.40625,0.601562,0.497131,0.045783,0.382812,0.640625,0.006232,0.029623,0.004719,1,49.4629,7.992721,221.521,0.936113,1,0.742198,1,4,16,0.015625,-0.013047,-0.00939,0.001045,C-accelerated,133707.56,133400.0,2104.86,1875.0,0.7028
2026-03-30T05:40:55Z,2724667016,170,She kept a box of yesterdays. Never opened it.,46,44,1,50.0549,0.042547,0.421875,0.59375,0.500549,0.046632,0.382812,0.601562,0.006228,0.028365,0.00471,1,50.1099,7.992123,239.069,0.755217,1,0.28343,1,4,16,0.015625,-0.006201,0.003688,-0.002558,C-accelerated,132446.0,132000.0,1503.99,2500.0,0.947
2026-03-30T05:40:55Z,2724667016,171,The echo replied differently each time. Lied beautifully.,57,44,1,50.0916,0.045267,0.398438,0.59375,0.500916,0.045644,0.398438,0.625,0.006138,0.033788,0.00472,1,50.0519,7.991768,252.684,0.52923,1,0.24281,1,4,16,0.015625,-0.002225,0.003683,-0.007487,C-accelerated,132582.22,131900.0,2707.79,2600.0,0.9856
2026-03-30T05:40:55Z,2724667016,172,He planted trees he'd never sit under. Planted anyway.,54,44,1,50.0061,0.03718,0.390625,0.617188,0.500061,0.042763,0.359375,0.609375,0.006088,0.036004,0.004569,1,50.0031,7.990966,275.677,0.17845,1,0.225935,1,4,16,0.015625,-0.00213,-0.008412,-0.001467,C-accelerated,132352.22,132400.0,1168.65,1700.0,0.642
2026-03-30T05:40:55Z,2724667016,173,The photograph smiled at her. She smiled back.,46,44,1,49.4141,0.041969,0.3125,0.617188,0.494141,0.044377,0.390625,0.632812,0.006237,0.032667,0.004689,1,50.0031,7.990199,296.529,0.037801,0,0.745804,1,4,16,0.015625,-0.00662,-0.001474,0.004359,C-accelerated,132974.0,132900.0,1096.63,1600.0,0.602
2026-03-30T05:40:55Z,2724667016,174,She counted heartbeats. Lost track. Found peace.,48,44,1,49.7742,0.047813,0.390625,0.609375,0.497742,0.046601,0.382812,0.601562,0.006201,0.033601,0.004667,1,49.8688,7.989393,321.408,0.003006,0,0.004769,0,4,16,0.015625,3.6e-05,0.003631,0.005387,C-accelerated,132959.11,133100.0,1117.23,2100.0,0.7889
2026-03-30T05:40:55Z,2724667016,175,The key fit no lock. She carried it forever.,44,44,1,49.8169,0.041449,0.414062,0.609375,0.498169,0.047123,0.398438,0.617188,0.006266,0.029181,0.004777,1,50.2655,7.991257,264.948,0.321198,1,0.398773,1,4,16,0.015625,0.001177,0.001494,-5e-06,C-accelerated,133784.0,133600.0,2189.1,2075.0,0.7766
2026-03-30T05:40:55Z,2724667016,176,He painted the sky. The real one felt jealous.,46,44,1,50.5615,0.046414,0.375,0.601562,0.505615,0.04142,0.375,0.601562,0.006183,0.034404,0.004668,1,50.1831,7.991132,270.813,0.237113,1,0.385585,1,4,16,0.015625,0.006572,-0.009146,-0.006508,C-accelerated,131741.78,131450.0,1308.97,1600.0,0.6086
2026-03-30T05:40:55Z,2724667016,177,She collected goodbyes. Never said one herself.,47,44,1,50.3052,0.041721,0.390625,0.609375,0.503052,0.045797,0.375,0.640625,0.006291,0.028936,0.004706,1,50.2716,7.990663,283.194,0.108514,1,0.969577,1,4,16,0.015625,0.00304,0.002785,0.002635,C-accelerated,133040.89,132900.0,1021.79,900.0,0.3386
2026-03-30T05:40:55Z,2724667016,178,The stone skipped seven times. The lake remembered.,51,44,1,49.9512,0.047388,0.359375,0.625,0.499512,0.04311,0.382812,0.59375,0.006201,0.030808,0.004699,1,50.0305,7.991193,269.347,0.256832,1,0.459947,1,4,16,0.015625,3.8e-05,0.001688,0.013144,C-accelerated,133812.67,134100.0,1326.23,1200.0,0.4474
2026-03-30T05:40:55Z,2724667016,179,He listened to rain. Heard his mother's voice.,46,44,1,50.1526,0.044432,0.375,0.625,0.501526,0.04488,0.398438,0.601562,0.006085,0.03063,0.004699,1,49.6826,7.990782,283.59,0.105504,1,0.961977,1,4,16,0.015625,-0.008652,0.00416,0.013683,C-accelerated,132116.67,131850.0,1462.15,2200.0,0.8343
2026-03-30T05:40:55Z,2724667016,180,She kept a jar of silence. Opened it on noisy days.,51,44,1,50.0977,0.044634,0.375,0.609375,0.500977,0.044869,0.382812,0.609375,0.006243,0.028045,0.004685,1,49.881,7.991644,253.033,0.523043,1,0.871236,1,4,16,0.015625,-0.01118,0.000381,-0.009959,C-accelerated,132600.67,132400.0,1218.59,1800.0,0.6798
2026-03-30T05:40:55Z,2724667016,181,The last candle in the world. No one to light it.,49,44,1,50.0854,0.045911,0.375,0.601562,0.500854,0.044315,0.382812,0.601562,0.006278,0.030786,0.004697,1,50.1465,7.990661,285.777,0.089989,1,0.17274,1,4,16,0.015625,-0.001194,0.004765,-0.007085,C-accelerated,133049.56,132500.0,1875.68,1900.0,0.717
2026-03-30T05:40:55Z,2724667016,182,He followed his shadow. It led him home.,40,44,1,50.1221,0.042863,0.351562,0.617188,0.501221,0.047093,0.398438,0.632812,0.00622,0.030886,0.004748,1,49.8535,7.993379,201.693,0.994106,1,0.495412,1,4,16,0.015625,0.000779,0.002768,0.002611,C-accelerated,133040.0,132800.0,1296.06,2500.0,0.9413
2026-03-30T05:40:55Z,2724667016,183,She wrote in disappearing ink. Her words lasted longest.,56,44,1,49.4629,0.047156,0.390625,0.601562,0.494629,0.049224,0.351562,0.609375,0.006136,0.029514,0.0047,1,50.1526,7.993046,211.561,0.978053,1,0.958178,1,4,16,0.015625,-0.001555,0.002546,-0.008005,C-accelerated,134000.67,134000.0,1790.92,1700.0,0.6343
2026-03-30T05:40:55Z,2724667016,184,The clock struck thirteen. Everyone pretended not to hear.,58,44,1,49.3469,0.046903,0.390625,0.632812,0.493469,0.046944,0.390625,0.609375,0.006176,0.031249,0.004623,1,50.2777,7.99118,265.414,0.314042,1,0.890041,1,4,16,0.015625,0.000527,0.000144,0.002502,C-accelerated,133421.33,133100.0,2216.56,2600.0,0.9767
2026-03-30T05:40:55Z,2724667016,185,She planted silence. Harvested peace. Ate alone.,48,44,1,50.5737,0.044447,0.367188,0.609375,0.505737,0.047093,0.382812,0.648438,0.006112,0.028059,0.004633,1,50.1343,7.991304,266.508,0.297531,1,0.011672,1,4,16,0.015625,0.006962,0.011086,-0.010056,C-accelerated,132654.67,132850.0,1948.95,2700.0,1.0162
2026-03-30T05:40:55Z,2724667016,186,He collected dawns. Had hundreds. None the same.,48,44,1,50.8057,0.045763,0.40625,0.617188,0.508057,0.046476,0.390625,0.632812,0.006229,0.031249,0.004658,1,50.0885,7.99151,258.897,0.420271,1,0.87875,1,4,16,0.015625,-0.00625,0.004613,0.000393,C-accelerated,133454.44,133000.0,1294.09,2200.0,0.8271
2026-03-30T05:40:55Z,2724667016,187,The mirror showed the future. She looked away.,46,44,1,50.1526,0.047982,0.382812,0.601562,0.501526,0.043014,0.367188,0.59375,0.006218,0.032397,0.004731,1,49.6582,7.991385,259.828,0.40441,1,0.48046,1,4,16,0.015625,-0.003252,0.00437,0.001489,C-accelerated,133035.56,132500.0,1490.38,1200.0,0.4528
2026-03-30T05:40:55Z,2724667016,188,She counted steps on the moon. One. Two. Forever.,49,44,1,50.5615,0.04808,0.382812,0.609375,0.505615,0.049129,0.382812,0.671875,0.006221,0.02772,0.00472,1,50.0214,7.991368,261.597,0.374823,1,0.532287,1,4,16,0.015625,0.002383,-0.005274,0.00737,C-accelerated,133790.0,133700.0,2305.62,4700.0,1.7577
2026-03-30T05:40:55Z,2724667016,189,He built a ladder to clouds. Reached himself.,45,44,1,49.4385,0.043256,0.390625,0.601562,0.494385,0.042656,0.414062,0.617188,0.006235,0.029235,0.004624,1,49.9054,7.991239,269.719,0.251737,1,0.340356,1,4,16,0.015625,0.005965,0.001291,0.001052,C-accelerated,132731.56,132500.0,1657.48,1700.0,0.6415
2026-03-30T05:40:55Z,2724667016,190,The photograph developed backward. Showed what was lost.,56,44,1,50.7507,0.040811,0.40625,0.59375,0.507507,0.039637,0.421875,0.609375,0.006269,0.027724,0.004701,1,50.0031,7.991715,252.893,0.525518,1,0.977181,1,4,16,0.015625,-0.015612,0.005178,0.006904,C-accelerated,133095.33,132700.0,1312.39,2100.0,0.7913
2026-03-30T05:40:55Z,2724667016,191,She kept a river in her pocket. Drank when thirsty.,51,44,1,50.1648,0.036181,0.421875,0.601562,0.501648,0.036168,0.390625,0.59375,0.006278,0.0354,0.004762,1,50.4669,7.991448,260.41,0.394593,1,0.681814,1,4,16,0.015625,-0.000641,0.01538,-0.000998,C-accelerated,132774.0,132500.0,952.66,975.0,0.3679
2026-03-30T05:40:55Z,2724667016,192,He listened to stones. They told mountains' secrets.,52,44,1,49.585,0.044857,0.390625,0.65625,0.49585,0.039727,0.382812,0.59375,0.006215,0.030698,0.004679,1,49.9176,7.991973,243.212,0.691682,1,0.326067,1,4,16,0.015625,0.002271,-0.006445,0.000216,C-accelerated,132505.56,132200.0,1642.99,2500.0,0.9455
2026-03-30T05:40:55Z,2724667016,193,She painted with light. Darkness envied her.,44,44,1,49.8291,0.043988,0.382812,0.59375,0.498291,0.044398,0.398438,0.59375,0.006306,0.029911,0.004713,1,49.939,7.992887,217.775,0.956023,1,0.749416,1,4,16,0.015625,0.005541,0.008933,-0.013808,C-accelerated,132752.22,132700.0,1389.93,1600.0,0.6029
2026-03-30T05:40:55Z,2724667016,194,The last question. No one left to ask.,38,44,1,49.9451,0.045755,0.398438,0.617188,0.499451,0.039646,0.390625,0.59375,0.006257,0.032718,0.0047,1,50.2808,7.992182,236.951,0.784997,1,0.052344,1,4,16,0.015625,0.00344,-0.004244,0.003201,C-accelerated,133312.67,133600.0,1322.45,2175.0,0.814
2026-03-30T05:40:55Z,2724667016,195,He collected endings. Never reached his own.,44,44,1,50.3479,0.045142,0.367188,0.609375,0.503479,0.049889,0.34375,0.625,0.006158,0.035141,0.004639,1,50.7874,7.990809,280.983,0.126533,1,0.001149,0,4,16,0.015625,0.009302,-0.00328,-0.005803,C-accelerated,132285.56,132100.0,1140.83,1200.0,0.4542
2026-03-30T05:40:55Z,2724667016,196,She wrote her name in water. It stayed.,39,44,1,50.5188,0.041984,0.382812,0.609375,0.505188,0.043094,0.375,0.648438,0.006195,0.039214,0.004732,1,50.1801,7.991683,252.195,0.537889,1,0.240892,1,4,16,0.015625,0.004654,-0.010841,-0.000343,C-accelerated,132504.0,132500.0,1225.95,1800.0,0.6792
2026-03-30T05:40:55Z,2724667016,197,The echo remembered her voice. Kept it.,39,44,1,49.6826,0.040928,0.335938,0.625,0.496826,0.044682,0.375,0.609375,0.006285,0.03135,0.004732,1,49.9939,7.99207,239.372,0.750804,1,0.564044,1,4,16,0.015625,0.013898,0.002945,0.005255,C-accelerated,133891.78,133750.0,1074.43,1075.0,0.4019
2026-03-30T05:40:55Z,2724667016,198,He counted breaths. Stopped. Started again.,43,44,1,50.2625,0.044733,0.40625,0.65625,0.502625,0.04614,0.40625,0.617188,0.006194,0.030766,0.004645,1,50.0275,7.991417,263.133,0.349812,1,0.428726,1,4,16,0.015625,-7e-06,-0.004982,0.012601,C-accelerated,133688.22,132800.0,3784.29,2875.0,1.0825
2026-03-30T05:40:55Z,2724667016,199,She built a house of whispers. Lived loudly.,44,44,1,50.2014,0.046139,0.398438,0.625,0.502014,0.044776,0.359375,0.601562,0.006227,0.034219,0.004693,1,50.351,7.991561,258.223,0.431878,1,0.908908,1,4,16,0.015625,0.006458,-0.010272,-0.00258,C-accelerated,132728.22,132600.0,1331.79,1300.0,0.4902
2026-03-30T05:40:55Z,2724667016,200,The clock had no hands. Perfect time.,37,44,1,50.2014,0.043556,0.382812,0.632812,0.502014,0.040657,0.414062,0.601562,0.006204,0.030673,0.004668,1,50.177,7.991193,269.393,0.256192,1,0.309897,1,4,16,0.015625,-0.000958,0.005847,-0.018131,C-accelerated,132029.78,131500.0,1709.31,1875.0,0.7129
2026-03-30T05:40:55Z,2724667016,201,She planted memories. Harvested dreams. Fed strangers.,54,44,1,50.4517,0.041623,0.382812,0.625,0.504517,0.045957,0.390625,0.632812,0.006252,0.028007,0.004766,1,49.6521,7.993235,206.161,0.988945,1,0.890041,1,4,16,0.015625,0.000871,0.013005,0.004873,C-accelerated,133670.0,133400.0,1395.17,1400.0,0.5247
2026-03-30T05:40:55Z,2724667016,202,He collected storms. Released them gently.,42,44,1,50.1404,0.043928,0.398438,0.601562,0.501404,0.044596,0.359375,0.617188,0.006179,0.029304,0.004623,1,49.5728,7.990696,284.009,0.102386,1,0.414952,1,4,16,0.015625,-0.004379,0.00028,-0.004771,C-accelerated,134226.89,134300.0,1435.83,1500.0,0.5585
2026-03-30T05:40:55Z,2724667016,203,The mirror forgave everything. She couldn't.,44,44,1,50.47,0.045359,0.382812,0.632812,0.5047,0.04451,0.398438,0.609375,0.006199,0.032555,0.004728,1,50.4608,7.992114,240.605,0.732422,1,0.017365,1,4,16,0.015625,-0.003311,0.008065,-0.001967,C-accelerated,132879.11,132500.0,1403.09,2200.0,0.8302
2026-03-30T05:40:55Z,2724667016,204,She counted waves. Drowned in numbers.,38,44,1,49.3286,0.047739,0.359375,0.59375,0.493286,0.043054,0.398438,0.640625,0.006264,0.026409,0.004703,1,49.6918,7.991967,242.793,0.69839,1,0.935407,1,4,16,0.015625,-0.001606,0.010837,0.007408,C-accelerated,134499.56,133700.0,4798.62,2600.0,0.9723
2026-03-30T05:40:55Z,2724667016,205,He painted silence. It screamed beautifully.,44,44,1,50.5737,0.042371,0.40625,0.609375,0.505737,0.043961,0.414062,0.632812,0.006238,0.031758,0.00469,1,50.1038,7.992431,230.225,0.86541,1,0.067153,1,4,16,0.015625,-0.000462,-0.002426,-0.004682,C-accelerated,133131.33,133100.0,1424.1,2000.0,0.7513
2026-03-30T05:40:55Z,2724667016,206,The last star forgot to shine. No one noticed.,46,44,1,49.5239,0.047212,0.367188,0.585938,0.495239,0.046253,0.367188,0.640625,0.006242,0.029408,0.004734,1,49.6307,7.992725,222.895,0.927342,1,0.688822,1,4,16,0.015625,0.001582,0.006429,-0.003172,C-accelerated,132456.44,132300.0,1296.15,1000.0,0.3779
2026-03-30T05:40:55Z,2724667016,207,She kept a box of light. Opened it in darkness.,47,44,1,49.762,0.040117,0.382812,0.632812,0.49762,0.041839,0.390625,0.59375,0.006227,0.030413,0.004695,1,49.7833,7.991557,256.012,0.470404,1,0.193095,1,4,16,0.015625,-0.005252,0.002746,0.005668,C-accelerated,132498.0,131900.0,1693.8,1900.0,0.7202
2026-03-30T05:40:55Z,2724667016,208,He followed rivers. Found the sea. Went home.,45,44,1,50.0549,0.046386,0.367188,0.625,0.500549,0.041949,0.390625,0.601562,0.006248,0.032208,0.004753,1,50.2167,7.99184,249.146,0.591591,1,0.984786,1,4,16,0.015625,0.007734,-0.001839,-0.003538,C-accelerated,165229.56,165400.0,3499.91,875.0,0.2645
2026-03-30T05:40:55Z,2724667016,209,She wrote with light. Read in darkness.,39,44,1,49.585,0.044118,0.390625,0.601562,0.49585,0.044441,0.398438,0.617188,0.006255,0.033975,0.004766,1,50.3845,7.990388,292.317,0.053999,1,0.603317,1,4,16,0.015625,-0.001937,0.003609,-0.006534,C-accelerated,133562.0,133600.0,873.05,1100.0,0.4117
2026-03-30T05:40:55Z,2724667016,210,The photograph bled. Memories stained everything.,49,44,1,50.2258,0.048012,0.382812,0.640625,0.502258,0.040172,0.414062,0.601562,0.006343,0.035083,0.004822,1,50.351,7.99199,243.188,0.692056,1,0.756656,1,4,16,0.015625,-0.001339,-0.004838,-0.000216,C-accelerated,132915.56,132600.0,1205.98,1300.0,0.4902
2026-03-30T05:40:55Z,2724667016,211,He collected mornings. Had millions. Still wanted more.,55,44,1,49.6826,0.046971,0.359375,0.601562,0.496826,0.043809,0.359375,0.609375,0.006209,0.029759,0.004735,1,49.6124,7.991705,251.613,0.548188,1,0.258538,1,4,16,0.015625,0.00452,0.003012,-0.01095,C-accelerated,133413.33,133100.0,1286.3,1775.0,0.6668
2026-03-30T05:40:55Z,2724667016,212,She planted questions. Harvested answers. None satisfied.,57,44,1,49.7559,0.037995,0.390625,0.585938,0.497559,0.044951,0.390625,0.617188,0.006267,0.030091,0.004768,1,49.8291,7.992611,224.989,0.912309,1,0.946787,1,4,16,0.015625,-0.004379,-0.004541,0.008374,C-accelerated,131593.56,131300.0,1330.19,2100.0,0.7997
2026-03-30T05:40:55Z,2724667016,213,The clock wept hours. Time drowned.,35,44,1,50.293,0.044194,0.382812,0.609375,0.50293,0.044762,0.382812,0.617188,0.006214,0.032539,0.004713,1,50.1587,7.990647,283.985,0.102558,1,0.02268,1,4,16,0.015625,-0.004599,-0.000765,-0.001932,C-accelerated,132311.33,132500.0,1119.99,800.0,0.3019
2026-03-30T05:40:55Z,2724667016,214,She counted raindrops. Drank the storm.,39,44,1,49.6094,0.04341,0.398438,0.625,0.496094,0.044826,0.398438,0.617188,0.006178,0.031245,0.004694,1,50.1892,7.990312,295.575,0.041059,0,0.02536,1,4,16,0.015625,0.003078,0.003847,-0.000748,C-accelerated,135724.44,135900.0,1757.14,1975.0,0.7266
2026-03-30T05:40:55Z,2724667016,215,He built bridges to yesterday. Burned them.,43,44,1,49.6765,0.043383,0.398438,0.59375,0.496765,0.042841,0.382812,0.632812,0.006233,0.036863,0.004752,1,50.1953,7.991434,261.876,0.370226,1,0.738597,1,4,16,0.015625,0.010248,-0.007773,0.006632,C-accelerated,133065.56,133000.0,1640.84,2600.0,0.9774
2026-03-30T05:40:55Z,2724667016,216,The mirror remembered her young. She remembered different.,58,44,1,50.4517,0.03907,0.367188,0.59375,0.504517,0.043417,0.359375,0.585938,0.006268,0.029173,0.004677,1,50.2014,7.991637,253.591,0.513145,1,0.412229,1,4,16,0.015625,0.004279,-0.003027,-0.006944,C-accelerated,134558.0,134200.0,2284.47,2975.0,1.1084
2026-03-30T05:40:55Z,2724667016,217,She kept a jar of wind. Released it on still days.,50,44,1,50.885,0.04102,0.398438,0.609375,0.50885,0.046151,0.398438,0.617188,0.006193,0.030167,0.004582,1,49.6429,7.990235,294.877,0.043588,0,0.717116,1,4,16,0.015625,0.009332,0.006662,-0.004081,C-accelerated,133358.67,133500.0,1134.44,1600.0,0.5993
2026-03-30T05:40:55Z,2724667016,218,He painted echoes. They sang back.,34,44,1,50.0977,0.038484,0.414062,0.609375,0.500977,0.043706,0.382812,0.59375,0.006207,0.026617,0.004655,1,49.8779,7.99093,277.516,0.159042,1,0.848767,1,4,16,0.015625,-0.009153,-0.008207,-0.005494,C-accelerated,133778.0,133700.0,1254.16,1300.0,0.4862
2026-03-30T05:40:55Z,2724667016,219,The last poem unwrote itself. Pages wept.,41,44,1,49.7681,0.048929,0.382812,0.640625,0.497681,0.039431,0.382812,0.585938,0.006193,0.028835,0.004651,1,50.1068,7.991193,267.974,0.276112,1,0.767556,1,4,16,0.015625,-0.007546,-0.014115,0.004902,C-accelerated,135215.56,133000.0,5973.76,2900.0,1.0902
2026-03-30T05:40:55Z,2724667016,220,She collected dawns. Traded them for dusk.,42,44,1,49.8779,0.047516,0.351562,0.59375,0.498779,0.046131,0.390625,0.640625,0.006278,0.035143,0.004653,1,50.1282,7.990829,279.121,0.143329,1,0.285576,1,4,16,0.015625,0.001675,-0.015158,-0.00317,C-accelerated,132130.89,132100.0,1148.1,1400.0,0.5299
2026-03-30T05:40:55Z,2724667016,221,He followed silence. Found a scream.,36,44,1,49.6704,0.041999,0.390625,0.609375,0.496704,0.04495,0.390625,0.617188,0.0061,0.03203,0.004622,1,49.9847,7.990455,290.874,0.060714,1,0.946787,1,4,16,0.015625,-0.006733,-0.017077,0.00503,C-accelerated,133773.78,133650.0,1440.87,1600.0,0.5986
2026-03-30T05:40:55Z,2724667016,222,She planted shadows. Harvested light. Confused.,47,44,1,49.884,0.044184,0.398438,0.585938,0.49884,0.044335,0.398438,0.609375,0.006167,0.039175,0.004685,1,50.0854,7.992818,219.636,0.946836,1,0.882511,1,4,16,0.015625,0.005894,0.005896,-0.018195,C-accelerated,133175.56,133000.0,1472.26,2000.0,0.7519
2026-03-30T05:40:55Z,2724667016,223,The clock apologized. No one accepted.,38,44,1,50.2747,0.039591,0.367188,0.625,0.502747,0.039831,0.390625,0.585938,0.006235,0.031497,0.004717,1,50.3571,7.991827,248.774,0.598084,1,0.181926,1,4,16,0.015625,0.000896,0.007233,-0.00791,C-accelerated,134278.67,133000.0,3912.67,1500.0,0.5639
2026-03-30T05:40:55Z,2724667016,224,She counted heartbeats. Lost. Found. Lost again.,48,44,1,49.7681,0.041055,0.414062,0.601562,0.497681,0.040997,0.390625,0.609375,0.006238,0.030141,0.004686,1,49.9481,7.992783,221.289,0.937518,1,0.822708,1,4,16,0.015625,0.001001,-0.011031,-0.002607,C-accelerated,132918.67,132600.0,1029.74,1600.0,0.6033
2026-03-30T05:40:55Z,2724667016,225,He built doors in walls that weren't there.,43,44,1,50.1709,0.045585,0.375,0.625,0.501709,0.041592,0.40625,0.609375,0.006139,0.029916,0.004645,1,49.9481,7.991309,266.438,0.298572,1,0.908908,1,4,16,0.015625,-0.005775,-0.006273,-0.00097,C-accelerated,133686.0,133500.0,1162.76,1400.0,0.5243
2026-03-30T05:40:55Z,2724667016,226,The photograph aged. She didn't.,32,44,1,49.8535,0.041048,0.382812,0.609375,0.498535,0.043408,0.414062,0.617188,0.006264,0.033019,0.004684,1,50.351,7.992284,234.159,0.821098,1,0.710004,1,4,16,0.015625,0.004306,-0.007193,0.001918,C-accelerated,135073.56,134200.0,1967.93,3500.0,1.304
2026-03-30T05:40:55Z,2724667016,227,She kept a river in a jar. Drank memories.,42,44,1,50.6287,0.042658,0.414062,0.601562,0.506287,0.045113,0.375,0.609375,0.006164,0.030245,0.004686,1,50.1678,7.992249,236.439,0.791893,1,0.489402,1,4,16,0.015625,0.002015,-0.006262,-0.005636,C-accelerated,132977.11,131500.0,4007.73,2200.0,0.8365
2026-03-30T05:40:55Z,2724667016,228,He painted rain. Clouds grew jealous.,37,44,1,50.1343,0.040088,0.398438,0.617188,0.501343,0.037494,0.414062,0.609375,0.006327,0.034729,0.004775,1,50.0153,7.991226,266.81,0.293043,1,0.144621,1,4,16,0.015625,0.000968,0.002204,0.002975,C-accelerated,133342.89,133300.0,1815.32,2700.0,1.0128
2026-03-30T05:40:55Z,2724667016,229,The last word. No one to speak it.,34,44,1,50.116,0.046529,0.367188,0.617188,0.50116,0.042691,0.359375,0.640625,0.006259,0.030815,0.00473,1,49.8749,7.990393,294.388,0.045436,0,0.209914,1,4,16,0.015625,-0.005156,-0.006501,-0.000352,C-accelerated,131650.22,131300.0,1041.67,1800.0,0.6855
2026-03-30T05:40:55Z,2724667016,230,She wrote in dust. Wind stole her stories.,42,44,1,50.5127,0.042122,0.40625,0.617188,0.505127,0.041701,0.398438,0.601562,0.006286,0.028599,0.004739,1,50.2258,7.992971,212.515,0.975425,1,0.330786,1,4,16,0.015625,-0.010604,0.001878,-0.003287,C-accelerated,132859.78,132500.0,1245.1,2275.0,0.8585
2026-03-30T05:40:55Z,2724667016,231,He collected breaths. Had a roomful. Still suffocated.,54,44,1,49.6704,0.044276,0.375,0.601562,0.496704,0.042451,0.375,0.617188,0.006173,0.031479,0.00468,1,50.3723,7.991852,247.703,0.61663,1,0.211652,1,4,16,0.015625,-0.006036,0.002265,-0.002378,C-accelerated,136643.56,134600.0,6252.62,3675.0,1.3652
2026-03-30T05:40:55Z,2724667016,232,The mirror broke. Freed a thousand reflections.,47,44,1,50.6531,0.044235,0.375,0.625,0.506531,0.040862,0.414062,0.632812,0.006256,0.032428,0.004675,1,50.3662,7.992657,222.778,0.928118,1,0.151298,1,4,16,0.015625,0.003125,-0.00102,-0.008781,C-accelerated,145804.22,137600.0,29485.76,4000.0,1.4535
2026-03-30T05:40:55Z,2724667016,233,She counted stars. Found one missing. It was her.,49,44,1,50.0366,0.041911,0.398438,0.640625,0.500366,0.044149,0.367188,0.59375,0.006257,0.029821,0.00474,1,49.7131,7.989392,323.665,0.002307,0,0.248627,1,4,16,0.015625,-0.011523,-0.005171,0.002685,C-accelerated,149928.0,133900.0,34790.99,8000.0,2.9873
2026-03-30T05:40:55Z,2724667016,234,He planted fires. Harvested ash. Warmed himself.,48,44,1,50.2747,0.042931,0.414062,0.625,0.502747,0.047276,0.359375,0.632812,0.006241,0.029654,0.004717,1,50.1465,7.992317,234.019,0.822804,1,0.409516,1,4,16,0.015625,-0.001545,-0.001918,-0.007907,C-accelerated,132983.78,132700.0,1498.69,1500.0,0.5652
2026-03-30T05:40:55Z,2724667016,235,She kept a box of dawns. Opened it at midnight.,47,44,1,50.0,0.043091,0.390625,0.632812,0.5,0.04456,0.398438,0.617188,0.006235,0.029461,0.004767,1,50.5127,7.991678,250.705,0.56422,1,0.360022,1,4,16,0.015625,-0.010298,-0.001947,0.003408,C-accelerated,135200.44,133500.0,4890.73,2875.0,1.0768
2026-03-30T05:40:55Z,2724667016,236,The photograph whispered. She listened. Learned nothing.,56,44,1,49.6033,0.043978,0.359375,0.601562,0.496033,0.04165,0.398438,0.601562,0.006296,0.032252,0.004749,1,49.588,7.990842,277.679,0.157395,1,0.326067,1,4,16,0.015625,-0.002438,0.009304,-0.005028,C-accelerated,134141.56,134100.0,1814.25,2000.0,0.7457
2026-03-30T05:40:55Z,2724667016,237,He painted darkness. Light bought it anyway.,44,44,1,49.9573,0.040528,0.382812,0.609375,0.499573,0.037889,0.367188,0.585938,0.006249,0.033325,0.004743,1,50.3082,7.992901,216.169,0.962912,1,0.388201,1,4,16,0.015625,-0.006667,-0.008047,0.003201,C-accelerated,133608.67,133600.0,1177.13,1300.0,0.4865
2026-03-30T05:40:55Z,2724667016,238,She collected questions. Had no answers. Perfect.,49,44,1,50.5127,0.04219,0.40625,0.617188,0.505127,0.04109,0.429688,0.625,0.006313,0.030135,0.004775,1,50.3174,7.992818,219.404,0.948059,1,0.647195,1,4,16,0.015625,0.008708,-0.002039,-0.000667,C-accelerated,132424.0,132300.0,1419.72,1475.0,0.5574
2026-03-30T05:40:55Z,2724667016,239,The clock melted. Time ran everywhere.,38,44,1,49.6704,0.047977,0.382812,0.632812,0.496704,0.040543,0.40625,0.640625,0.006221,0.036064,0.004704,1,49.8383,7.992835,216.82,0.960227,1,0.826419,1,4,16,0.015625,0.003388,0.002358,0.008085,C-accelerated,134095.33,132800.0,2861.86,5200.0,1.9578
2026-03-30T05:40:55Z,2724667016,240,She counted silences. The loudest one was hers.,47,44,1,49.9817,0.049473,0.375,0.625,0.499817,0.044937,0.375,0.617188,0.006202,0.032586,0.004716,1,50.1434,7.991532,258.199,0.43228,1,0.804212,1,4,16,0.015625,0.001265,-0.000523,-0.005319,C-accelerated,133985.33,134000.0,1453.92,1700.0,0.6343
2026-03-30T05:40:55Z,2724667016,241,He built houses of cards. Lived dangerously.,44,44,1,50.1831,0.044135,0.421875,0.617188,0.501831,0.039818,0.398438,0.585938,0.006285,0.029695,0.004739,1,50.1801,7.991057,270.511,0.241107,1,0.21871,1,4,16,0.015625,0.001891,-0.001307,0.000828,C-accelerated,134318.67,134400.0,1248.81,1600.0,0.5952
2026-03-30T05:40:55Z,2724667016,242,The last dream. No one slept.,29,44,1,50.0183,0.041091,0.382812,0.601562,0.500183,0.04435,0.359375,0.601562,0.006189,0.02857,0.004633,1,50.1831,7.992563,226.921,0.896594,1,0.09057,1,4,16,0.015625,-0.000533,0.003148,0.006798,C-accelerated,134256.0,134150.0,1702.37,2075.0,0.7734
2026-03-30T05:40:55Z,2724667016,243,She wrote in water. Read in rain.,33,44,1,50.0916,0.049019,0.382812,0.65625,0.500916,0.044147,0.390625,0.617188,0.006338,0.034772,0.004805,1,49.9634,7.991762,251.241,0.554772,1,0.822708,1,4,16,0.015625,-0.004526,-0.000554,-0.003658,C-accelerated,132348.22,132000.0,1061.68,1100.0,0.4167
2026-03-30T05:40:55Z,2724667016,244,He followed echoes. Found silence. Stayed.,42,44,1,50.2686,0.044425,0.398438,0.625,0.502686,0.043656,0.382812,0.6875,0.006169,0.033518,0.004634,1,50.0183,7.992051,242.374,0.70504,1,0.867483,1,4,16,0.015625,-0.002608,-0.004149,-0.008152,C-accelerated,132443.11,132250.0,1483.53,2600.0,0.983
2026-03-30T05:40:55Z,2724667016,245,She planted tears. Harvested laughter. Strange garden.,54,44,1,49.9878,0.04189,0.398438,0.585938,0.499878,0.046415,0.40625,0.679688,0.006291,0.030342,0.004719,1,49.6155,7.990268,296.902,0.03659,0,0.323724,1,4,16,0.015625,0.00993,-0.005037,-0.000309,C-accelerated,132791.56,132600.0,1798.97,1575.0,0.5939
2026-03-30T05:40:55Z,2724667016,246,The mirror lied beautifully. She thanked it.,44,44,1,49.8596,0.04643,0.375,0.617188,0.498596,0.047596,0.382812,0.632812,0.00619,0.026898,0.004646,1,49.7131,7.991058,272.256,0.218613,1,0.593384,1,4,16,0.015625,0.017774,0.003991,0.000653,C-accelerated,134772.0,134500.0,1787.83,1900.0,0.7063
2026-03-30T05:40:55Z,2724667016,247,She collected storms. Released them one by one. The last one stayed.,68,44,1,50.2075,0.038503,0.40625,0.617188,0.502075,0.038627,0.414062,0.59375,0.006162,0.03434,0.004713,1,50.0641,7.992104,241.373,0.720675,1,0.350101,1,4,16,0.015625,0.003558,-0.002815,-0.006782,C-accelerated,132564.0,132400.0,1001.35,1000.0,0.3776
2026-03-30T05:40:55Z,2724667016,248,He painted time. It dried crooked. Like everything else.,56,44,1,50.5066,0.04533,0.398438,0.65625,0.505066,0.039422,0.382812,0.609375,0.0062,0.029416,0.00466,1,50.1129,7.99187,249.053,0.593216,1,0.800525,1,4,16,0.015625,0.00338,0.005348,0.00273,C-accelerated,131472.22,131000.0,1790.43,2475.0,0.9447
2026-03-30T05:40:55Z,2724667016,249,The photograph moved. Left the frame. Never came back.,54,44,1,49.8657,0.045472,0.390625,0.617188,0.498657,0.047533,0.359375,0.617188,0.00622,0.029849,0.004747,1,50.5554,7.991624,255.709,0.475724,1,0.117893,1,4,16,0.015625,-0.003163,-0.000292,-0.011698,C-accelerated,134464.67,134000.0,1902.76,1600.0,0.597
2026-03-30T05:40:55Z,2724667016,250,She counted everything. Except the things that mattered.,56,44,1,50.0061,0.048263,0.359375,0.648438,0.500061,0.041952,0.390625,0.617188,0.006303,0.027224,0.00476,1,49.6948,7.991391,261.946,0.369079,1,0.763917,1,4,16,0.015625,-0.007363,0.00217,0.006089,C-accelerated,134279.78,134200.0,1721.86,2900.0,1.0805
2026-03-30T05:40:55Z,2724667016,251,He built a tower to heaven. God wasn't home.,44,44,1,49.6948,0.047884,0.382812,0.625,0.496948,0.052646,0.34375,0.609375,0.006264,0.028586,0.004787,1,49.6124,7.99086,277.027,0.164052,1,0.451308,1,4,16,0.015625,-0.007256,-0.003278,-0.002937,C-accelerated,132499.11,132400.0,1079.11,1100.0,0.4154
2026-03-30T05:40:55Z,2724667016,252,The last breath. Held. Released. Gone.,38,44,1,49.408,0.04391,0.398438,0.609375,0.49408,0.044407,0.390625,0.609375,0.006255,0.0293,0.004684,1,49.6643,7.989492,319.43,0.003772,0,0.800525,1,4,16,0.015625,-0.002494,-0.007749,0.003897,C-accelerated,132817.11,132900.0,1446.08,2600.0,0.9782
2026-03-30T05:40:55Z,2724667016,253,She planted secrets. They grew into trees. She hung her regrets on them.,72,44,1,50.5188,0.04327,0.351562,0.59375,0.505188,0.044219,0.390625,0.625,0.006212,0.02768,0.004742,1,49.8444,7.991211,267.927,0.276779,1,0.008741,0,4,16,0.015625,-0.009326,0.001785,0.000365,C-accelerated,134565.78,134100.0,1669.23,1775.0,0.6618
2026-03-30T05:40:55Z,2724667016,254,He collected rainbows. Traded them for a pot of gold. The gold was fake.,72,44,1,49.5911,0.041958,0.382812,0.601562,0.495911,0.044687,0.367188,0.601562,0.006241,0.028897,0.004659,1,50.1617,7.991487,257.804,0.439123,1,0.720681,1,4,16,0.015625,-0.00557,0.002005,0.010072,C-accelerated,133734.0,133500.0,1222.61,800.0,0.2996
2026-03-30T05:40:55Z,2724667016,255,The clock ran backward. She got younger. Her memories didn't.,61,44,1,50.0854,0.041285,0.414062,0.617188,0.500854,0.048625,0.359375,0.640625,0.006235,0.035173,0.004713,1,49.9634,7.992546,225.78,0.906091,1,0.606644,1,4,16,0.015625,8.5e-05,0.009324,-0.006847,C-accelerated,132863.33,132900.0,1065.59,1075.0,0.4044
2026-03-30T05:40:55Z,2724667016,256,She wrote in invisible ink. Only the blind could read it.,57,44,1,50.3296,0.045445,0.398438,0.609375,0.503296,0.043505,0.382812,0.648438,0.006198,0.028256,0.00467,1,49.9084,7.990548,284.614,0.098007,1,0.122441,1,4,16,0.015625,-0.006671,0.01135,0.00674,C-accelerated,134082.67,133500.0,1999.57,3200.0,1.1985
2026-03-30T05:40:55Z,2724667016,257,He followed stars. They led him to a city. The city was empty.,62,44,1,49.9146,0.045326,0.335938,0.609375,0.499146,0.035537,0.421875,0.585938,0.006223,0.033081,0.004729,1,50.1038,7.992127,238.371,0.765253,1,0.151298,1,4,16,0.015625,-0.019773,0.002304,0.008389,C-accelerated,136573.33,133300.0,7480.85,3975.0,1.491
2026-03-30T05:40:55Z,2724667016,258,我打开了门。猫坐在那里。它看了我一眼。然后走了。我等着。它没回来。,33,44,1,50.6531,0.045552,0.390625,0.625,0.506531,0.042419,0.414062,0.617188,0.006138,0.030159,0.00466,1,49.8291,7.989919,306.374,0.01512,0,0.055916,1,4,16,0.015625,0.006974,0.000321,-0.012289,C-accelerated,132528.67,132300.0,1065.69,1100.0,0.4157
2026-03-30T05:40:55Z,2724667016,259,雨停了。她合上伞。抬头看天。彩虹。她笑了。这是今天唯一的好事。,31,44,1,50.3601,0.043748,0.40625,0.617188,0.503601,0.041832,0.40625,0.640625,0.006323,0.031073,0.004777,1,49.826,7.989321,323.805,0.00227,0,0.185067,1,4,16,0.015625,-0.000103,-0.004599,0.000868,C-accelerated,134140.67,133800.0,1727.34,2600.0,0.9716
2026-03-30T05:40:55Z,2724667016,260,他每天给同一个人发早安。三年了。对方从未回复。他继续发。这是他的仪式。,35,44,1,50.4395,0.045057,0.375,0.632812,0.504395,0.045562,0.382812,0.632812,0.006227,0.031372,0.004715,1,49.7345,7.990523,285.289,0.093292,1,0.72783,1,4,16,0.015625,-0.013725,-6e-06,-0.006685,C-accelerated,134940.22,134800.0,1987.83,2200.0,0.816
2026-03-30T05:40:55Z,2724667016,261,茶凉了。她又烧了一壶。他还没回来。电话也没接。她把茶倒掉。这是第七次。,35,44,1,50.1465,0.045708,0.375,0.640625,0.501465,0.041978,0.398438,0.609375,0.006185,0.02985,0.004664,1,49.9786,7.991051,273.164,0.207446,1,0.87875,1,4,16,0.015625,0.009705,0.000196,-0.005721,C-accelerated,133411.11,133300.0,901.63,1000.0,0.3751
2026-03-30T05:40:55Z,2724667016,262,老照片里有人像我。但不是我。母亲说是姑姑。姑姑早走了。我从未见过她。,34,44,1,50.5615,0.043145,0.390625,0.59375,0.505615,0.045512,0.382812,0.632812,0.006215,0.02822,0.004699,1,49.9451,7.99109,271.511,0.228048,1,0.227767,1,4,16,0.015625,-0.006879,0.004656,-0.004949,C-accelerated,133061.56,132900.0,1025.29,1100.0,0.4138
2026-03-30T05:40:55Z,2724667016,263,月亮很圆。我一个人看。想起你说过要一起看。你现在和谁看呢。,29,44,1,50.0854,0.044807,0.40625,0.601562,0.500854,0.045189,0.390625,0.648438,0.006134,0.032688,0.004684,1,50.2228,7.991502,256.78,0.456946,1,0.980983,1,4,16,0.015625,0.004475,-0.001015,-0.004235,C-accelerated,133261.11,132100.0,2593.04,4075.0,1.5424
2026-03-30T05:40:55Z,2724667016,264,钥匙插不进锁。我试了很多次。邻居说这家没人住。可我明明看见里面亮着灯。,35,44,1,49.5789,0.045532,0.390625,0.640625,0.495789,0.044857,0.398438,0.617188,0.006198,0.030881,0.00463,1,49.8474,7.991923,244.399,0.672374,1,0.357525,1,4,16,0.015625,0.004115,-0.010923,-0.000464,C-accelerated,133887.33,134000.0,1813.58,2600.0,0.9701
2026-03-30T05:40:55Z,2724667016,265,她种了一盆花。每天都浇水。花不开。别人说这是假花。她继续浇。,30,44,1,49.8474,0.041868,0.414062,0.648438,0.498474,0.050641,0.367188,0.664062,0.006123,0.029333,0.004683,1,49.7375,7.99091,278.633,0.14799,1,0.48046,1,4,16,0.015625,-0.012729,-0.004735,-0.007202,C-accelerated,133978.22,134100.0,1334.79,1500.0,0.5593
2026-03-30T05:40:55Z,2724667016,266,地铁最后一班。我赶上了。车厢里只有一个人。他对我笑。我下了车。,31,44,1,50.1892,0.042609,0.382812,0.601562,0.501892,0.045854,0.367188,0.601562,0.00618,0.029414,0.004692,1,50.769,7.991007,272.512,0.215426,1,0.337947,1,4,16,0.015625,-0.005156,-0.001102,0.004349,C-accelerated,134237.33,133700.0,1802.68,2300.0,0.8601
2026-03-30T05:40:55Z,2724667016,267,父亲教我骑自行车。他在后面扶着。我回头。他早放手了。我骑了很远。,32,44,1,49.8901,0.043583,0.390625,0.609375,0.498901,0.048404,0.34375,0.617188,0.006168,0.028924,0.00472,1,50.7324,7.990696,283.008,0.109953,1,0.198033,1,4,16,0.015625,-0.001008,0.00296,0.000139,C-accelerated,133890.0,133700.0,1676.19,2400.0,0.8975
2026-03-30T05:40:55Z,2724667016,268,猫死了。我把它埋在树下。第二年树开花了。白色的。猫活着时也是白色。,33,44,1,49.6277,0.042913,0.359375,0.609375,0.496277,0.043967,0.382812,0.632812,0.006269,0.034036,0.00469,1,49.9817,7.99127,266.787,0.293387,1,0.576998,1,4,16,0.015625,-0.000333,0.007749,-0.001346,C-accelerated,131418.89,131200.0,1110.72,1100.0,0.4192
2026-03-30T05:40:55Z,2724667016,269,她每天照镜子。镜子里的她越来越年轻。她害怕。后来不照了。,28,44,1,50.0854,0.042469,0.390625,0.609375,0.500854,0.046857,0.375,0.609375,0.006249,0.029621,0.004718,1,49.9268,7.992312,235.206,0.807999,1,0.20476,1,4,16,0.015625,-0.003744,-0.010688,-0.000172,C-accelerated,134110.67,134200.0,2938.4,5900.0,2.1982
2026-03-30T05:40:55Z,2724667016,270,他在等一封永远不会来的信。邮差每天经过。摇摇头。他继续等。,29,44,1,50.2258,0.0488,0.375,0.609375,0.502258,0.038758,0.421875,0.585938,0.006188,0.029175,0.004662,1,50.4425,7.991272,261.178,0.38176,1,0.250588,1,4,16,0.015625,-0.002425,0.001623,-0.005815,C-accelerated,133682.44,134050.0,1172.89,1575.0,0.5875
2026-03-30T05:40:55Z,2724667016,271,饭做好了。筷子摆好了。电视开着。没人吃。都走了。,24,44,1,50.6165,0.044169,0.398438,0.609375,0.506165,0.044136,0.382812,0.601562,0.006208,0.027775,0.00473,1,50.0885,7.990719,278.423,0.15002,1,0.688822,1,4,16,0.015625,0.009077,-0.005623,0.007578,C-accelerated,133123.11,133000.0,1469.06,1600.0,0.6015
2026-03-30T05:40:55Z,2724667016,272,她买了两个冰淇淋。一个给我。一个自己吃。我的化了。她的也化了。,31,44,1,50.0488,0.043997,0.390625,0.617188,0.500488,0.043099,0.375,0.617188,0.006285,0.032742,0.004755,1,49.8566,7.991139,269.673,0.252371,1,0.342776,1,4,16,0.015625,-0.008991,-0.010972,0.000942,C-accelerated,133496.0,132900.0,1663.69,1875.0,0.7054
2026-03-30T05:40:55Z,2724667016,273,窗外的树被砍了。我难过了一周。后来发现能看见更远的山了。,28,44,1,50.5371,0.045885,0.40625,0.640625,0.505371,0.042821,0.40625,0.59375,0.006288,0.032812,0.004742,1,50.0366,7.992465,226.781,0.897791,1,0.024438,1,4,16,0.015625,0.005642,0.010608,0.00357,C-accelerated,133325.11,133100.0,903.09,1000.0,0.3757
2026-03-30T05:40:55Z,2724667016,274,他戒烟一百次。每次都失败。医生说再抽就活不了。他说那就死吧。,30,44,1,50.2014,0.044294,0.40625,0.625,0.502014,0.044401,0.398438,0.632812,0.006296,0.028904,0.004771,1,50.4974,7.991385,260.876,0.386798,1,0.439934,1,4,16,0.015625,0.00035,0.004759,-0.012116,C-accelerated,132577.33,132300.0,1056.44,1300.0,0.4913
2026-03-30T05:40:55Z,2724667016,275,她整夜没睡。等天亮。天亮了。等天黑。就这样过了一生。,26,44,1,49.7742,0.04708,0.382812,0.632812,0.497742,0.041064,0.390625,0.617188,0.00623,0.03078,0.004724,1,49.5392,7.991729,253.871,0.508198,1,0.238986,1,4,16,0.015625,0.008713,0.002435,-0.006039,C-accelerated,133135.78,132900.0,1309.48,2100.0,0.7901
2026-03-30T05:40:55Z,2724667016,276,婴儿在哭。母亲在哄。父亲在加班。月亮在看。,21,44,1,49.6033,0.04664,0.359375,0.617188,0.496033,0.04364,0.382812,0.609375,0.006212,0.027667,0.004626,1,50.1434,7.992053,242.351,0.705407,1,0.927827,1,4,16,0.015625,-2e-06,0.005505,-0.001251,C-accelerated,134131.11,134000.0,2296.74,3300.0,1.2313
2026-03-30T05:40:55Z,2724667016,277,他写了很多诗。没人读。自己读。读着读着哭了。诗是写给她的。,29,44,1,49.707,0.044463,0.382812,0.59375,0.49707,0.043509,0.398438,0.601562,0.006137,0.030737,0.004684,1,49.6948,7.991214,265.437,0.313686,1,0.142014,1,4,16,0.015625,0.001631,0.00239,-0.015432,C-accelerated,133633.11,133500.0,883.27,1200.0,0.4494
2026-03-30T05:40:55Z,2724667016,278,她丢了钥匙。进不了门。坐在楼梯上等。等到天黑。没人来开门。,29,44,1,50.3235,0.047195,0.390625,0.640625,0.503235,0.037385,0.398438,0.601562,0.006276,0.030616,0.004761,1,49.8596,7.993243,206.371,0.98863,1,0.224113,1,4,16,0.015625,-0.001278,-0.007482,0.000972,C-accelerated,133469.56,132900.0,1495.9,2300.0,0.8653
2026-03-30T05:40:55Z,2724667016,279,雨下了三天。第四天停了。第五天她又带伞。伞没用上。她笑了。,29,44,1,49.8169,0.04283,0.390625,0.609375,0.498169,0.041484,0.40625,0.585938,0.00614,0.032473,0.004671,1,50.2869,7.990979,274.327,0.193669,1,0.717116,1,4,16,0.015625,-0.009966,-0.001525,-0.009465,C-accelerated,146722.89,132500.0,40407.3,2200.0,0.8302
2026-03-30T05:40:55Z,2724667016,280,他给母亲打电话。母亲问你是谁。他说我是你儿子。母亲说我不认识你。,32,44,1,50.2502,0.048593,0.375,0.617188,0.502502,0.041592,0.382812,0.625,0.006209,0.031979,0.004735,1,50.061,7.989264,330.205,0.00104,0,0.347648,1,4,16,0.015625,0.0114,0.007515,0.004349,C-accelerated,134815.78,134700.0,2768.46,3075.0,1.1414
2026-03-30T05:40:55Z,2724667016,281,她收拾旧物。发现一封信。没有寄出。收信人是自己。日期是十年前。,31,44,1,49.1821,0.044429,0.367188,0.609375,0.491821,0.044419,0.359375,0.601562,0.006226,0.030059,0.004723,1,49.5544,7.990601,282.868,0.111042,1,0.237089,1,4,16,0.015625,0.004993,-0.000974,0.007005,C-accelerated,133878.89,133700.0,1176.1,1500.0,0.561
2026-03-30T05:40:55Z,2724667016,282,鱼死了。他把它冲进马桶。后来每次上厕所都想起它。,24,44,1,50.2502,0.043519,0.359375,0.609375,0.502502,0.046517,0.375,0.632812,0.006322,0.032269,0.004803,1,50.1617,7.991388,261.83,0.37099,1,0.573746,1,4,16,0.015625,-0.008938,-0.000974,-0.009136,C-accelerated,133164.44,133100.0,1380.64,1700.0,0.6386
2026-03-30T05:40:55Z,2724667016,283,她学会了一个人吃饭。一个人看病。一个人过年。一个人老去。,28,44,1,49.585,0.042645,0.375,0.609375,0.49585,0.044064,0.390625,0.59375,0.00623,0.031606,0.004719,1,50.061,7.991885,246.54,0.636548,1,0.367577,1,4,16,0.015625,-0.000229,-0.00468,-0.01393,C-accelerated,134028.0,133900.0,1257.29,1500.0,0.5601
2026-03-30T05:40:55Z,2724667016,284,他在人群中看见她。她也看见他。都没停下。继续走各自的路。,28,44,1,50.2014,0.04075,0.398438,0.617188,0.502014,0.046479,0.351562,0.625,0.006323,0.02886,0.004765,1,49.9573,7.991358,264.436,0.329158,1,0.139443,1,4,16,0.015625,0.001142,-0.006189,0.006939,C-accelerated,134437.33,135200.0,2473.87,3975.0,1.47
2026-03-30T05:40:55Z,2724667016,285,月亮跟着我走。我停它也停。我跑它也跑。后来我回家了。它还在外面。,32,44,1,50.2258,0.039235,0.390625,0.601562,0.502258,0.043037,0.414062,0.617188,0.006298,0.028529,0.004691,1,50.235,7.991935,246.447,0.63813,1,0.742198,1,4,16,0.015625,0.001618,-0.004479,0.00591,C-accelerated,133183.33,132900.0,1493.58,1100.0,0.4138
2026-03-30T05:40:55Z,2724667016,286,她养了一只猫。猫走了。她养了狗。狗也走了。她不再养了。,27,44,1,49.7803,0.043988,0.390625,0.632812,0.497803,0.043167,0.382812,0.585938,0.006186,0.03017,0.004707,1,50.1617,7.989841,307.933,0.012941,0,0.081013,1,4,16,0.015625,0.011566,-0.006012,-0.003884,C-accelerated,133735.33,133250.0,1680.6,1875.0,0.7036
2026-03-30T05:40:55Z,2724667016,287,他每天都去同一家咖啡馆。坐同一个位置。点同样的咖啡。看同样的报纸。直到咖啡馆关门。,41,44,1,50.0244,0.050658,0.390625,0.632812,0.500244,0.039196,0.414062,0.585938,0.006256,0.032894,0.004714,1,49.4507,7.992683,222.429,0.930409,1,0.657505,1,4,16,0.015625,0.008383,0.002149,-0.004979,C-accelerated,132787.33,132600.0,846.8,875.0,0.3299
2026-03-30T05:40:55Z,2724667016,288,她写了一封信。没有地址。没有收信人。没有寄出。烧了。灰烬像蝴蝶。,32,44,1,50.4944,0.048277,0.367188,0.617188,0.504944,0.041854,0.40625,0.625,0.006297,0.030496,0.004665,1,50.2136,7.991403,263.11,0.350186,1,0.305376,1,4,16,0.015625,0.011787,4e-05,0.003985,C-accelerated,133174.44,133100.0,1426.91,1600.0,0.6011
2026-03-30T05:40:55Z,2724667016,289,雨打在窗上。她数雨滴。数到一百就睡着了。醒来雨还在下。,27,44,1,50.0183,0.044522,0.382812,0.617188,0.500183,0.045789,0.351562,0.609375,0.006192,0.02906,0.004698,1,49.9939,7.992749,221.382,0.936959,1,0.815297,1,4,16,0.015625,0.006236,-0.00159,-0.007583,C-accelerated,133805.78,133600.0,1374.42,1200.0,0.4491
2026-03-30T05:40:55Z,2724667016,290,他等了很久。久到忘了等谁。久到忘了在等。还在等。,24,44,1,50.0854,0.040386,0.414062,0.609375,0.500854,0.041308,0.367188,0.601562,0.006213,0.032599,0.004696,1,50.1556,7.992541,227.479,0.891708,1,0.551233,1,4,16,0.015625,-0.006549,-0.003791,0.000912,C-accelerated,132458.44,132100.0,1503.9,1500.0,0.5678
2026-03-30T05:40:55Z,2724667016,291,她买了一束花。回家发现没有花瓶。用杯子插。花开了。杯子很高兴。,31,44,1,50.4517,0.040284,0.40625,0.617188,0.504517,0.042485,0.398438,0.625,0.006383,0.032059,0.004787,1,49.5209,7.9922,235.764,0.800795,1,0.516756,1,4,16,0.015625,-0.005692,-0.000153,0.005009,C-accelerated,134948.89,134800.0,1718.81,1400.0,0.5193
2026-03-30T05:40:55Z,2724667016,292,他对着镜子练习微笑。练了一辈子。死的时候脸上没有表情。,27,44,1,50.1282,0.046464,0.390625,0.609375,0.501282,0.049331,0.382812,0.625,0.00627,0.031789,0.004744,1,49.3896,7.991478,260.596,0.391469,1,0.95438,1,4,16,0.015625,0.001438,-0.007166,0.002309,C-accelerated,133124.0,131600.0,4074.24,2500.0,0.9498
2026-03-30T05:40:55Z,2724667016,293,她走了很远的路。去看一棵树。树被砍了。她在原地站了很久。,28,44,1,49.5544,0.039253,0.382812,0.601562,0.495544,0.03994,0.414062,0.65625,0.006269,0.028325,0.004736,1,50.0763,7.993572,197.201,0.997048,1,0.121291,1,4,16,0.015625,-0.000339,0.010416,-0.009826,C-accelerated,142301.33,137000.0,21078.93,2000.0,0.7299
2026-03-30T05:40:55Z,2724667016,294,猫在窗台上晒太阳。它在。阳光在。我也在。这样就很好。,26,44,1,50.0732,0.046419,0.382812,0.609375,0.500732,0.049473,0.382812,0.625,0.006259,0.033345,0.004689,1,50.0336,7.991928,242.188,0.707976,1,0.67832,1,4,16,0.015625,-0.004465,-0.007356,0.012376,C-accelerated,133338.22,132900.0,1653.91,2100.0,0.7901
2026-03-30T05:40:55Z,2724667016,295,他每天都写日记。记下吃什么。喝什么。天气如何。从不写心情。,29,44,1,50.3784,0.046374,0.390625,0.609375,0.503784,0.04624,0.359375,0.601562,0.006262,0.030658,0.004695,1,50.3967,7.992449,230.854,0.858855,1,0.586804,1,4,16,0.015625,-0.003058,0.005002,-0.001475,C-accelerated,132588.89,132100.0,1756.51,2500.0,0.9463
2026-03-30T05:40:55Z,2724667016,296,她织了一条围巾。拆了。重新织。拆了。重新织。冬天过去了。,28,44,1,49.9695,0.044263,0.414062,0.617188,0.499695,0.047816,0.351562,0.59375,0.006121,0.030017,0.004614,1,50.1038,7.991012,274.374,0.19313,1,0.262578,1,4,16,0.015625,-0.014104,-0.003466,-0.002123,C-accelerated,133274.89,132700.0,1692.02,2375.0,0.8949
2026-03-30T05:40:55Z,2724667016,297,他学会了修表。却修不好自己的时间。它走得太快。或者太慢。,28,44,1,49.3103,0.045098,0.367188,0.609375,0.493103,0.042271,0.351562,0.601562,0.006219,0.031282,0.00472,1,50.6287,7.991045,272.465,0.216004,1,0.606644,1,4,16,0.015625,0.011569,0.015071,1.4e-05,C-accelerated,134452.44,134200.0,1846.42,2075.0,0.7731
2026-03-30T05:40:55Z,2724667016,298,她煮了粥。凉了。热了。又凉了。他还没回来。她一个人喝了。,28,44,1,50.1343,0.041777,0.390625,0.609375,0.501343,0.041353,0.359375,0.625,0.006335,0.030663,0.004782,1,49.9939,7.990681,282.543,0.113612,1,0.60998,1,4,16,0.015625,0.008822,0.003958,0.002119,C-accelerated,136505.33,134400.0,6101.49,2400.0,0.8929
2026-03-30T05:40:55Z,2724667016,299,雨停了。他收起伞。看见彩虹。想起她说过喜欢彩虹。发照片给她。她已不是好友。,37,44,1,49.9878,0.046188,0.382812,0.625,0.499878,0.046405,0.382812,0.632812,0.006167,0.031725,0.004693,1,50.354,7.992609,225.687,0.906838,1,0.735002,1,4,16,0.015625,-0.003732,0.005505,-0.003947,C-accelerated,133663.56,133300.0,1182.79,1300.0,0.4876
2026-03-30T05:40:55Z,2724667016,300,他每天给鸟喂食。鸟来了。吃了。飞走了。他也走了。,24,44,1,49.53,0.046418,0.382812,0.617188,0.4953,0.045432,0.390625,0.578125,0.006266,0.028479,0.004716,1,49.8871,7.991979,243.91,0.680377,1,0.807902,1,4,16,0.015625,0.01831,-0.0008,-0.0033,C-accelerated,133659.78,133700.0,1740.58,2500.0,0.9349
2026-03-30T05:40:55Z,2724667016,301,她养了一盆仙人掌。忘记浇水。它活了。她记得浇水。它死了。,28,44,1,49.2798,0.044566,0.359375,0.617188,0.492798,0.047296,0.382812,0.617188,0.006188,0.028205,0.004637,1,50.1678,7.991598,255.127,0.485976,1,0.984786,1,4,16,0.015625,0.001779,0.006447,-0.012733,C-accelerated,133046.67,132500.0,1884.5,1700.0,0.6415
2026-03-30T05:40:55Z,2724667016,302,他等最后一班车。车来了。他没上。车走了。他还在等。,25,44,1,49.9268,0.041678,0.382812,0.59375,0.499268,0.040128,0.375,0.59375,0.006178,0.028318,0.004652,1,50.3784,7.991563,256.663,0.458981,1,0.685315,1,4,16,0.015625,0.002095,-0.004929,-0.003457,C-accelerated,132403.33,132300.0,507.29,500.0,0.189
2026-03-30T05:40:55Z,2724667016,303,她学会了做饭。做给自己吃。做给猫吃。猫死了。她自己吃。,27,44,1,49.8413,0.043982,0.398438,0.609375,0.498413,0.042661,0.382812,0.609375,0.006211,0.026617,0.004663,1,50.2106,7.992656,222.708,0.92858,1,0.603317,1,4,16,0.015625,-0.005477,0.006525,0.000589,C-accelerated,132686.89,132400.0,1259.98,1400.0,0.5287
2026-03-30T05:40:55Z,2724667016,304,他在海边写了一行字。海浪冲走了。他又写。又冲走了。他写了一天。,31,44,1,49.8535,0.045958,0.375,0.59375,0.498535,0.03768,0.40625,0.585938,0.00626,0.028564,0.0047,1,50.1099,7.992737,223.034,0.926403,1,0.362529,1,4,16,0.015625,-0.004618,-0.001136,-0.004695,C-accelerated,133638.89,132900.0,1804.17,2500.0,0.9406
2026-03-30T05:40:55Z,2724667016,305,她打开窗户。风吹进来。窗帘动了。她也想动。但动不了。,26,44,1,50.4333,0.039243,0.367188,0.59375,0.504333,0.042632,0.390625,0.59375,0.006224,0.035146,0.004709,1,50.1892,7.99054,286.918,0.082634,1,0.208185,1,4,16,0.015625,-0.000371,-0.001793,0.011002,C-accelerated,135575.33,134300.0,3814.31,2500.0,0.9308
2026-03-30T05:40:55Z,2724667016,306,他给远方写信。寄出去。没有回音。继续写。继续寄。直到邮局关门。,31,44,1,50.5676,0.047348,0.375,0.65625,0.505676,0.043996,0.390625,0.601562,0.006226,0.029619,0.004675,1,50.0641,7.9928,217.239,0.958422,1,0.567269,1,4,16,0.015625,0.005281,-0.006401,0.001163,C-accelerated,136447.11,136800.0,3147.37,4300.0,1.5716
2026-03-30T05:40:55Z,2724667016,307,她种了一棵树。每天浇水。树长高了。她老了。树还在长。,26,44,1,49.6826,0.04466,0.398438,0.609375,0.496826,0.043459,0.367188,0.632812,0.006181,0.028864,0.004623,1,49.5422,7.991108,271.325,0.230444,1,0.623403,1,4,16,0.015625,-0.007638,-0.004847,0.007646,C-accelerated,133398.22,132800.0,1838.33,1300.0,0.4895
2026-03-30T05:40:55Z,2724667016,308,他看着镜子里的自己。不认识。问你是谁。镜子不说话。,25,44,1,49.9939,0.044853,0.390625,0.609375,0.499939,0.041172,0.40625,0.625,0.006301,0.032077,0.004781,1,50.4547,7.991164,268.579,0.267521,1,0.710004,1,4,16,0.015625,-0.001059,0.006084,-0.006438,C-accelerated,132470.22,132400.0,1430.31,2600.0,0.9819
2026-03-30T05:40:55Z,2724667016,309,她学会了沉默。在沉默中听见很多声音。在声音中找回沉默。,27,44,1,49.5178,0.042344,0.359375,0.617188,0.495178,0.046231,0.382812,0.609375,0.006193,0.029476,0.004691,1,49.9634,7.991365,265.553,0.31191,1,0.186653,1,4,16,0.015625,-0.00347,-0.004359,0.005718,C-accelerated,136716.67,134700.0,5892.07,3400.0,1.2621
2026-03-30T05:40:55Z,2724667016,310,他每天经过那扇门。门总是关着。有一天开了。里面没人。他进去了。没出来。,35,44,1,50.5066,0.042797,0.382812,0.601562,0.505066,0.044544,0.40625,0.617188,0.006244,0.042601,0.004743,1,49.8138,7.990896,276.468,0.16991,1,0.753033,1,4,16,0.015625,0.001025,0.001234,-0.001444,C-accelerated,134412.0,134850.0,1337.24,2300.0,0.8528
2026-03-30T05:40:55Z,2724667016,311,她数羊。数到一千。还是睡不着。起来数星星。星星也没睡。,27,44,1,50.7019,0.044867,0.40625,0.585938,0.507019,0.044675,0.390625,0.609375,0.006258,0.030414,0.004753,1,49.7467,7.991525,259.828,0.40441,1,0.526046,1,4,16,0.015625,0.002057,-0.017942,-0.002813,C-accelerated,133326.67,133200.0,884.03,800.0,0.3003
2026-03-30T05:40:55Z,2724667016,312,他收集了很多瓶子。空的。透明的。对着阳光看。什么也没有。但他喜欢。,33,44,1,50.116,0.040619,0.398438,0.617188,0.50116,0.049594,0.375,0.632812,0.006259,0.028797,0.004692,1,50.2838,7.99088,277.935,0.154832,1,0.789493,1,4,16,0.015625,0.001156,-0.008296,0.004142,C-accelerated,133573.56,133600.0,1675.48,2800.0,1.0479
2026-03-30T05:40:55Z,2724667016,313,她学会了告别。和昨天告别。和自己告别。和告别告别。,25,44,1,49.7009,0.039307,0.40625,0.585938,0.497009,0.042378,0.375,0.632812,0.006254,0.030158,0.004733,1,49.585,7.991864,248.145,0.608993,1,0.105042,1,4,16,0.015625,0.000308,3.4e-05,-0.00072,C-accelerated,136442.67,133600.0,7277.67,4800.0,1.7964
2026-03-30T05:40:55Z,2724667016,314,雨打在树叶上。叶子掉了。雨打在泥土上。泥泞了。雨打在他身上。他湿了。,34,44,1,49.707,0.045091,0.40625,0.625,0.49707,0.041992,0.382812,0.609375,0.006234,0.029823,0.004718,1,49.7803,7.99192,246.423,0.638525,1,0.492402,1,4,16,0.015625,0.002961,0.001518,-0.002632,C-accelerated,135200.67,134200.0,3695.5,3200.0,1.1923
2026-03-30T05:40:55Z,2724667016,315,他梦见自己醒了。醒来还在梦里。又醒来还在梦里。一直醒不来。,29,44,1,49.2371,0.043448,0.351562,0.59375,0.492371,0.04498,0.367188,0.601562,0.006122,0.028853,0.004635,1,49.8016,7.991408,262.342,0.362611,1,0.560828,1,4,16,0.015625,-0.010671,0.004468,0.005683,C-accelerated,133918.89,134000.0,1436.02,2100.0,0.7836
2026-03-30T05:40:55Z,2724667016,316,她每天照镜子。有一天镜子碎了。她把自己拼起来。比原来好看。,29,44,1,49.1089,0.047146,0.367188,0.625,0.491089,0.045812,0.390625,0.601562,0.006284,0.02901,0.004771,1,50.1984,7.991381,261.201,0.381373,1,0.91647,1,4,16,0.015625,1.5e-05,0.001236,0.007314,C-accelerated,133105.33,132800.0,1538.88,2400.0,0.9036
2026-03-30T05:40:55Z,2724667016,317,他种了一院子花。花开的时候。她走了。花谢的时候。他走了。,28,44,1,49.8474,0.04097,0.398438,0.585938,0.498474,0.044119,0.398438,0.625,0.006335,0.03327,0.004779,1,49.7131,7.992036,246.191,0.642468,1,0.564044,1,4,16,0.015625,0.021237,-0.003131,-0.001468,C-accelerated,133515.78,133300.0,1354.73,1300.0,0.4876
2026-03-30T05:40:55Z,2724667016,318,她写了一首诗。只有一行。自己看不懂。给别人看。别人也看不懂。诗很高兴。,35,44,1,50.2258,0.04213,0.40625,0.609375,0.502258,0.04487,0.367188,0.617188,0.006268,0.030921,0.004753,1,50.3448,7.991854,246.121,0.643648,1,0.897581,1,4,16,0.015625,0.005293,0.009512,-0.003773,C-accelerated,134396.0,134300.0,1683.92,2200.0,0.8191
2026-03-30T05:40:55Z,2724667016,319,他养了一只鸟。鸟会说话。说你好。说再见。说饿了。后来只说再见。,31,44,1,50.1648,0.052984,0.359375,0.640625,0.501648,0.045916,0.390625,0.617188,0.006344,0.029972,0.004759,1,49.9786,7.99033,292.038,0.055249,1,0.837576,1,4,16,0.015625,0.006051,0.011716,0.0035,C-accelerated,132864.44,132600.0,1110.97,1300.0,0.4902
2026-03-30T05:40:55Z,2724667016,320,她学会了煮咖啡。苦的。加糖。还是苦的。不加了。苦就苦吧。,28,44,1,49.9512,0.049118,0.382812,0.632812,0.499512,0.045656,0.390625,0.625,0.006349,0.031158,0.004761,1,50.1343,7.992345,235.648,0.802308,1,0.778502,1,4,16,0.015625,0.000475,0.002329,0.001001,C-accelerated,133220.22,133300.0,1574.79,2800.0,1.0503
2026-03-30T05:40:55Z,2724667016,321,他看了一场电影。讲一个人等另一个人。等了一辈子。他哭了。哭自己。,32,44,1,49.6521,0.038134,0.414062,0.601562,0.496521,0.043044,0.359375,0.585938,0.006282,0.033931,0.004787,1,50.3143,7.991606,253.126,0.521393,1,0.586804,1,4,16,0.015625,0.005691,0.00436,-0.005328,C-accelerated,132731.33,132400.0,1367.0,1200.0,0.4532
2026-03-30T05:40:55Z,2724667016,322,她在河边洗手。水很凉。想起小时候也这样洗过手。小时候的水也是凉的。,33,44,1,50.1709,0.043519,0.375,0.625,0.501709,0.049158,0.359375,0.679688,0.006294,0.031242,0.004758,1,49.5148,7.993103,209.559,0.982823,1,0.89381,1,4,16,0.015625,-0.011408,0.005733,-0.005397,C-accelerated,134020.0,134400.0,1393.35,1675.0,0.6231
2026-03-30T05:40:55Z,2724667016,323,他每天走同一条路。看同样的树。遇同样的人。说同样的话。不一样的是他自己。,36,44,1,49.5911,0.044107,0.398438,0.609375,0.495911,0.042634,0.367188,0.625,0.006296,0.028919,0.004671,1,50.296,7.991234,267.578,0.281809,1,0.927827,1,4,16,0.015625,-0.002725,-0.006533,0.012095,C-accelerated,134443.78,134800.0,1579.12,2675.0,0.9922
2026-03-30T05:40:55Z,2724667016,324,她买了一个本子。想写点什么。翻开第一页。空白。合上了。一直空白。,32,44,1,49.8108,0.045237,0.398438,0.625,0.498108,0.044983,0.335938,0.609375,0.00616,0.030257,0.00467,1,50.0214,7.991823,247.983,0.61181,1,0.756656,1,4,16,0.015625,0.011293,0.009439,0.003379,C-accelerated,132490.22,132000.0,1475.41,2600.0,0.9848
2026-03-30T05:40:55Z,2724667016,325,他学会了修东西。修好了。又坏了。再修好。再坏。后来不修了。坏了就坏了。,35,44,1,49.6338,0.045981,0.367188,0.609375,0.496338,0.04077,0.40625,0.585938,0.006179,0.029192,0.004645,1,50.1587,7.991144,269.743,0.251421,1,0.462847,1,4,16,0.015625,4e-05,-0.000294,-0.000241,C-accelerated,138747.11,134450.0,12881.7,3075.0,1.1435
2026-03-30T05:40:55Z,2724667016,326,她煮了一锅汤。太咸了。加水。太淡了。加盐。最后变成一大锅。一个人喝不完。,36,44,1,49.1089,0.043964,0.398438,0.632812,0.491089,0.045447,0.382812,0.585938,0.006219,0.029815,0.004703,1,49.5667,7.992711,222.033,0.93294,1,0.961977,1,4,16,0.015625,-0.005247,-0.007688,-0.001256,C-accelerated,133294.0,133000.0,1054.66,1375.0,0.5169
2026-03-30T05:40:55Z,2724667016,327,他看着窗外。下雨了。雨停了。天黑了。天亮了。他一直看着。,28,44,1,50.0854,0.044562,0.40625,0.640625,0.500854,0.047363,0.359375,0.609375,0.006255,0.030747,0.004731,1,50.0458,7.991254,267.508,0.282821,1,0.807902,1,4,16,0.015625,-0.005856,0.000185,4e-06,C-accelerated,133053.11,132700.0,1341.06,2200.0,0.8289
2026-03-30T05:40:55Z,2724667016,328,她学会了说谎。对别人说谎。对自己说谎。最后分不清哪句是真话。,30,44,1,50.0305,0.046079,0.359375,0.609375,0.500305,0.045011,0.367188,0.617188,0.006327,0.033158,0.004779,1,49.8932,7.991905,246.423,0.638525,1,0.061652,1,4,16,0.015625,-0.003123,-0.009768,0.005489,C-accelerated,134940.0,134600.0,2169.19,2800.0,1.0401
2026-03-30T05:40:55Z,2724667016,329,他养了一只狗。狗老了。走不动了。他抱着狗出去晒太阳。狗死了。他还抱着。,35,44,1,49.9023,0.041004,0.390625,0.609375,0.499023,0.042207,0.390625,0.585938,0.006106,0.027389,0.004647,1,50.0305,7.991486,262.854,0.354308,1,0.052344,1,4,16,0.015625,-0.001366,0.008122,0.008499,C-accelerated,135478.22,134100.0,3728.17,1875.0,0.6991
2026-03-30T05:40:55Z,2724667016,330,她每天写一个字。写满了本子。连起来是一句话。她没发现。本子丢了。,32,44,1,50.47,0.045116,0.359375,0.609375,0.5047,0.046501,0.375,0.640625,0.00631,0.030404,0.004736,1,50.0427,7.991448,261.364,0.378671,1,0.931616,1,4,16,0.015625,-0.000357,-0.00279,-0.011125,C-accelerated,134646.67,134900.0,1219.44,1375.0,0.5096
2026-03-30T05:40:55Z,2724667016,331,他学会了等待。等车。等人。等时间。等死。死也在等他。,26,44,1,50.4333,0.043889,0.382812,0.632812,0.504333,0.038926,0.390625,0.585938,0.006247,0.028593,0.004717,1,49.9207,7.992381,230.458,0.863005,1,0.377802,1,4,16,0.015625,-0.002455,-0.00253,-0.005303,C-accelerated,133014.67,132900.0,946.55,1100.0,0.4138
2026-03-30T05:40:55Z,2724667016,332,她种了一棵葡萄树。葡萄熟了。酸。第二年甜了。她一个人吃。吃不完。,32,44,1,50.6226,0.043688,0.375,0.648438,0.506226,0.040423,0.414062,0.59375,0.006148,0.032895,0.004628,1,49.8627,7.992379,232.972,0.83529,1,0.281296,1,4,16,0.015625,-0.00012,-0.001436,-0.004263,C-accelerated,133882.22,133600.0,1521.08,2400.0,0.8982
2026-03-30T05:40:55Z,2724667016,333,他对着墙说话。墙听着。墙不回答。他继续说。说了很多年。墙倒了。,31,44,1,49.2065,0.043002,0.398438,0.585938,0.492065,0.041074,0.390625,0.59375,0.00625,0.031979,0.004696,1,49.8108,7.992246,238.627,0.761598,1,0.800525,1,4,16,0.015625,-0.004992,-0.01407,-0.016384,C-accelerated,136166.67,134000.0,5295.93,3000.0,1.1194
2026-03-30T05:40:55Z,2724667016,334,她学会了煮面。清水面。加个蛋。加青菜。加肉。加太多。最后是剩菜面。,33,44,1,50.0977,0.039812,0.398438,0.625,0.500977,0.046466,0.40625,0.632812,0.00629,0.031051,0.004697,1,50.0244,7.990034,301.789,0.023501,0,0.398773,1,4,16,0.015625,-0.001127,-0.005877,-0.003853,C-accelerated,133498.67,133200.0,1390.76,2100.0,0.7883
2026-03-30T05:40:55Z,2724667016,335,他看了一场日落。很美。第二天又来看。没昨天美。第三天没来。,29,44,1,50.1953,0.043102,0.398438,0.601562,0.501953,0.042601,0.40625,0.632812,0.006196,0.029531,0.004657,1,50.0366,7.99081,278.796,0.146425,1,0.980983,1,4,16,0.015625,-0.004433,0.000709,-0.00179,C-accelerated,133716.22,134000.0,1660.2,3000.0,1.1194
2026-03-30T05:40:55Z,2724667016,336,她买了一双鞋。不合脚。磨破了皮。继续穿。脚习惯了。鞋也习惯了。,31,44,1,49.4751,0.045314,0.382812,0.648438,0.494751,0.039027,0.390625,0.578125,0.006214,0.028882,0.004706,1,49.7406,7.991908,247.215,0.625029,1,0.742198,1,4,16,0.015625,0.017145,0.01114,0.003622,C-accelerated,136162.22,137350.0,2873.08,5100.0,1.8566
2026-03-30T05:40:55Z,2724667016,337,他学会了沉默。在人群中沉默。在孤独中沉默。在沉默中沉默。,28,44,1,50.0305,0.044862,0.375,0.609375,0.500305,0.044015,0.367188,0.578125,0.006206,0.028703,0.00469,1,50.1923,7.992813,220.125,0.944198,1,0.498432,1,4,16,0.015625,-0.00086,0.005004,0.005645,C-accelerated,133948.44,133500.0,1909.2,1200.0,0.4494
2026-03-30T05:40:55Z,2724667016,338,她养了一只乌龟。乌龟活得很久。她死了。乌龟还在。乌龟不知道她死了。,33,44,1,50.6897,0.036233,0.414062,0.585938,0.506897,0.040555,0.414062,0.617188,0.006292,0.032924,0.004745,1,50.1038,7.99061,285.335,0.092974,1,0.4775,1,4,16,0.015625,-0.014301,0.015009,-0.006867,C-accelerated,133208.89,132900.0,1230.49,1400.0,0.5267
2026-03-30T05:40:55Z,2724667016,339,他写了很多信。没有寄出。放在抽屉里。有一天烧了。火很暖。,28,44,1,49.646,0.044074,0.390625,0.640625,0.49646,0.047147,0.34375,0.617188,0.006214,0.029414,0.004664,1,50.1068,7.991768,248.774,0.598084,1,0.977181,1,4,16,0.015625,-0.003964,0.003315,0.008204,C-accelerated,134111.11,134500.0,1701.58,2300.0,0.855
2026-03-30T05:40:55Z,2724667016,340,她学会了忘记。忘记昨天。忘记自己。忘记忘记。最后什么都记得。,30,44,1,50.2991,0.046179,0.390625,0.640625,0.502991,0.040373,0.375,0.601562,0.006164,0.031593,0.004754,1,49.8352,7.992651,224.733,0.914257,1,0.908908,1,4,16,0.015625,0.004679,0.005655,0.007786,C-accelerated,134010.22,133800.0,1223.01,1800.0,0.6726
2026-03-30T05:40:55Z,2724667016,341,他每天去海边。看海浪。数海浪。海浪不等人。他也不等海浪。,28,44,1,50.9094,0.044364,0.390625,0.625,0.509094,0.045163,0.359375,0.617188,0.006285,0.031354,0.004661,1,49.6796,7.989897,310.26,0.010206,0,0.988589,1,4,16,0.015625,-0.000654,0.001962,0.002441,C-accelerated,136337.78,134100.0,6162.04,2700.0,1.0067
2026-03-30T05:40:55Z,2724667016,342,她种了一棵苹果树。苹果熟了。很甜。想给他尝。找不到他了。,28,44,1,50.2441,0.043276,0.40625,0.625,0.502441,0.045541,0.359375,0.617188,0.006213,0.0327,0.004728,1,49.8962,7.991233,264.157,0.333537,1,0.67832,1,4,16,0.015625,0.004831,0.007347,-0.001161,C-accelerated,134308.0,132950.0,3885.4,3000.0,1.1282
2026-03-30T05:40:55Z,2724667016,343,他学会了做饭。做给自己吃。做给猫吃。猫死了。做给空气吃。,28,44,1,50.2869,0.04796,0.375,0.625,0.502869,0.040886,0.382812,0.625,0.00611,0.028316,0.004606,1,49.9542,7.99181,247.843,0.614222,1,0.630162,1,4,16,0.015625,0.000886,0.001292,-0.003374,C-accelerated,133480.67,133200.0,1626.38,2800.0,1.0511
2026-03-30T05:40:55Z,2724667016,344,她在镜子里看见母亲。母亲老了。她也老了。镜子没老。,25,44,1,49.8474,0.047048,0.390625,0.617188,0.498474,0.045524,0.398438,0.609375,0.006224,0.029128,0.004699,1,49.9756,7.991225,266.601,0.296147,1,0.501462,1,4,16,0.015625,0.005058,0.002358,-0.011381,C-accelerated,132298.67,132000.0,1504.29,1300.0,0.4924
2026-03-30T05:40:55Z,2724667016,345,他养了一盆竹子。叶子黄了。浇水。更黄了。问别人。说是浇太多。不浇了。死了。,37,44,1,50.7507,0.0456,0.390625,0.625,0.507507,0.048988,0.382812,0.640625,0.006218,0.03029,0.004788,1,49.881,7.990099,302.534,0.021913,0,0.266661,1,4,16,0.015625,0.003415,0.020764,0.006041,C-accelerated,136059.56,134100.0,5515.16,2750.0,1.0254
2026-03-30T05:40:55Z,2724667016,346,她学会了走路。一步一步。走到这里。走到那里。走到走不动。回头看。没走多远。,37,44,1,49.2981,0.040357,0.351562,0.585938,0.492981,0.045782,0.398438,0.625,0.006261,0.028835,0.004776,1,50.2838,7.993039,211.677,0.977746,1,0.782161,1,4,16,0.015625,0.011201,-0.009987,-0.000633,C-accelerated,133568.89,133400.0,1368.62,1700.0,0.6372
2026-03-30T05:40:55Z,2724667016,347,他看了很多书。记住了。忘了。又看。又忘。最后什么也没记住。但感觉充实。,35,44,1,50.2441,0.047247,0.390625,0.625,0.502441,0.046842,0.367188,0.601562,0.006263,0.029166,0.004733,1,50.1312,7.99121,267.462,0.283497,1,0.347648,1,4,16,0.015625,-0.005961,0.00617,0.001888,C-accelerated,133530.89,133500.0,1493.75,1800.0,0.6742
2026-03-30T05:40:55Z,2724667016,348,她学会了煮粥。白粥。加皮蛋。加瘦肉。加葱花。加太多。忘了加米。,31,44,1,49.6765,0.04516,0.382812,0.625,0.496765,0.041668,0.40625,0.632812,0.006222,0.030035,0.00468,1,49.9969,7.991915,247.424,0.621435,1,0.014082,1,4,16,0.015625,-0.006379,-0.000909,0.009441,C-accelerated,133228.0,132950.0,1311.8,1300.0,0.4889
2026-03-30T05:40:55Z,2724667016,349,他种了一棵梅花。冬天开花。很香。雪落在花上。花没落。他落了。,30,44,1,49.5728,0.045511,0.382812,0.625,0.495728,0.043824,0.367188,0.617188,0.006104,0.030793,0.004671,1,50.0336,7.991157,271.907,0.223005,1,0.811598,1,4,16,0.015625,-0.005234,0.005575,-0.004927,C-accelerated,136276.67,133900.0,10825.31,1700.0,0.6348
2026-03-30T05:40:55Z,2724667016,350,她每天看新闻。坏事多。好事少。关掉。打开。又关掉。又打开。停不下来。,34,44,1,49.176,0.051493,0.367188,0.625,0.49176,0.043348,0.398438,0.617188,0.006322,0.028832,0.004703,1,50.0061,7.992072,243.002,0.695043,1,0.04374,1,4,16,0.015625,0.006126,-0.002487,-0.004898,C-accelerated,133883.78,132400.0,4258.45,2075.0,0.7836
2026-03-30T05:40:55Z,2724667016,351,他学会了修自行车。修好了。骑出去。胎破了。推回来。再修。,28,44,1,50.0305,0.041333,0.359375,0.601562,0.500305,0.047776,0.414062,0.617188,0.006064,0.026863,0.004591,1,49.8047,7.991909,247.471,0.620635,1,0.129518,1,4,16,0.015625,-0.001777,0.001166,0.009425,C-accelerated,133035.33,132900.0,1092.85,1000.0,0.3762
2026-03-30T05:40:55Z,2724667016,352,她买了一盆绿萝。放在窗台。阳光好。长得快。剪下来插水里。又长根。一直剪一直插。,39,44,1,49.6399,0.039353,0.382812,0.601562,0.496399,0.041843,0.390625,0.59375,0.006322,0.027448,0.004747,1,49.7253,7.991151,272.489,0.215715,1,0.532287,1,4,16,0.015625,0.012256,0.014275,-0.006665,C-accelerated,133425.11,133300.0,1309.68,2200.0,0.8252
2026-03-30T05:40:55Z,2724667016,353,他学会了喝茶。苦的。回甘。再苦。再回甘。像生活。像不像都喝茶。,31,44,1,49.8962,0.041792,0.390625,0.65625,0.498962,0.046511,0.367188,0.609375,0.006196,0.030122,0.004638,1,50.1831,7.991609,254.801,0.491729,1,0.886275,1,4,16,0.015625,0.013122,0.007862,-0.012538,C-accelerated,137539.56,137450.0,2982.86,2875.0,1.0458
2026-03-30T05:40:55Z,2724667016,354,她种了向日葵。向着太阳。太阳走了。它低头。明天又抬头。,27,44,1,50.1526,0.04097,0.375,0.609375,0.501526,0.041306,0.40625,0.617188,0.006198,0.029576,0.004724,1,49.6704,7.99105,274.071,0.196648,1,0.060992,1,4,16,0.015625,0.011424,-0.009652,-0.006338,C-accelerated,135714.22,134700.0,4013.7,2900.0,1.0765
2026-03-30T05:40:55Z,2724667016,355,他学会了等待。等春天。春天来了。等夏天。夏天来了。等秋天。秋天来了。等冬天。冬天来了。等春天。,47,44,1,49.7498,0.047471,0.390625,0.59375,0.497498,0.043934,0.390625,0.601562,0.00627,0.033063,0.004759,1,49.8474,7.991389,262.714,0.356564,1,0.268719,1,4,16,0.015625,0.002739,-0.015323,-0.003342,C-accelerated,134624.89,134800.0,1701.73,2300.0,0.8531
2026-03-30T05:40:55Z,2724667016,356,她养了一只猫。猫抓沙发。骂它。下次还抓。不骂了。沙发烂了。换新的。猫继续抓。,38,44,1,49.7131,0.03987,0.351562,0.601562,0.497131,0.040452,0.375,0.601562,0.006296,0.034049,0.004718,1,50.0488,7.991432,258.525,0.426665,1,0.474549,1,4,16,0.015625,0.001575,0.006959,0.005523,C-accelerated,133196.0,133100.0,1396.59,2100.0,0.7889
2026-03-30T05:40:55Z,2724667016,357,他学会了煮咖啡。手冲。法压。意式。都试过。最后还是喝速溶。省时间。省下的时间用来发呆。,43,44,1,49.5056,0.043178,0.375,0.59375,0.495056,0.046975,0.375,0.625,0.006312,0.030506,0.004663,1,49.5056,7.991358,264.111,0.334269,1,0.753033,1,4,16,0.015625,0.002526,0.010339,-0.007152,C-accelerated,139281.78,138300.0,3805.74,1400.0,0.5061
2026-03-30T05:40:55Z,2724667016,358,她每天照镜子。有一天镜子说早安。她吓了一跳。后来习惯了。镜子不说早安了。她不习惯。,41,44,1,50.0427,0.041893,0.398438,0.59375,0.500427,0.045264,0.398438,0.609375,0.006322,0.030151,0.004758,1,50.0793,7.990761,280.983,0.126533,1,0.931616,1,4,16,0.015625,0.004609,-0.006961,-0.000151,C-accelerated,137483.11,135400.0,5431.84,4075.0,1.5048
2026-03-30T05:40:55Z,2724667016,359,他种了一棵银杏。叶子黄了。落了。扫起来。堆成一堆。踩上去。咔嚓咔嚓。像秋天在说话。,41,44,1,49.762,0.042123,0.382812,0.601562,0.49762,0.043821,0.359375,0.59375,0.006273,0.031125,0.004779,1,50.3754,7.990619,289.687,0.066731,1,0.445601,1,4,16,0.015625,-0.002432,-0.001626,0.006913,C-accelerated,131789.78,131400.0,1368.25,875.0,0.333
2026-03-30T05:40:55Z,2724667016,360,她学会了做饭。做给家人吃。家人走了。做给自己吃。自己走了。做给回忆吃。,35,44,1,49.5789,0.048376,0.375,0.609375,0.495789,0.044984,0.351562,0.601562,0.006368,0.031802,0.004767,1,49.9054,7.991914,246.679,0.634173,1,0.454178,1,4,16,0.015625,0.004168,0.000185,-0.001644,C-accelerated,133701.11,133600.0,1909.97,1900.0,0.7111
2026-03-30T05:40:55Z,2724667016,361,他养了一只鹦鹉。教它说话。说你好。说再见。说爱你。它只会说你好。够了。,35,44,1,50.2869,0.042307,0.382812,0.617188,0.502869,0.041854,0.382812,0.609375,0.006286,0.029067,0.004715,1,49.881,7.992139,239.558,0.748069,1,0.882511,1,4,16,0.015625,-0.004834,-0.006541,0.011622,C-accelerated,138471.11,137400.0,4097.53,1675.0,0.6095
2026-03-30T05:40:55Z,2724667016,362,她学会了沉默。在喧嚣中沉默。在寂静中沉默。在沉默中听见自己。听见了。满足了。,38,44,1,49.8169,0.042874,0.390625,0.609375,0.498169,0.041449,0.414062,0.617188,0.006173,0.031065,0.004715,1,49.826,7.991419,260.527,0.392639,1,0.52294,1,4,16,0.015625,-0.00419,0.003688,-0.000416,C-accelerated,133818.44,133400.0,1672.56,2500.0,0.937
2026-03-30T05:40:55Z,2724667016,363,他看了一部电影。关于一个老人。老人死了。他哭了。哭自己也会死。哭完了。继续活。,39,44,1,49.6826,0.044317,0.398438,0.617188,0.496826,0.045064,0.390625,0.625,0.006244,0.030644,0.004748,1,49.3469,7.99295,214.865,0.967852,1,0.532287,1,4,16,0.015625,0.003647,-0.006089,0.008714,C-accelerated,132310.0,132000.0,1423.83,1800.0,0.6818
2026-03-30T05:40:55Z,2724667016,364,她种了一院子菜。青菜。萝卜。西红柿。虫子也吃。她分一半给虫子。虫子分一半给她。够吃。,42,44,1,49.3408,0.041826,0.390625,0.617188,0.493408,0.046614,0.398438,0.585938,0.006172,0.030388,0.004642,1,50.1099,7.992046,242.257,0.706876,1,0.287732,1,4,16,0.015625,0.005643,-0.002109,0.010683,C-accelerated,133402.67,133100.0,1231.71,1600.0,0.6011
2026-03-30T05:40:55Z,2724667016,365,他学会了修钟表。修好了时间。修不好自己。自己走得忽快忽慢。没有规律。,34,44,1,49.469,0.051858,0.375,0.617188,0.49469,0.047168,0.40625,0.609375,0.006207,0.031439,0.004678,1,50.5524,7.991401,261.388,0.378286,1,0.431512,1,4,16,0.015625,-0.01305,0.001551,-0.002921,C-accelerated,134370.0,134100.0,1509.48,1200.0,0.4474
2026-03-30T05:40:55Z,2724667016,366,她买了一双红鞋。太红了。不敢穿。放着。褪色了。不红了。可以穿了。不想穿了。,37,44,1,49.8535,0.039941,0.382812,0.625,0.498535,0.044137,0.359375,0.632812,0.006358,0.034441,0.004724,1,49.9969,7.991326,263.04,0.351308,1,0.168279,1,4,16,0.015625,-0.00137,-0.001237,-0.008924,C-accelerated,134650.0,133600.0,2665.49,4700.0,1.759
2026-03-30T05:40:55Z,2724667016,367,他每天写一首诗。写了三百六十五首。烧了。第二年又写。又烧。灰烬养花。花开得很好。,40,44,1,49.9207,0.04631,0.382812,0.59375,0.499207,0.04444,0.398438,0.632812,0.006237,0.030078,0.004645,1,50.0031,7.990754,282.031,0.117742,1,0.606644,1,4,16,0.015625,-0.014185,0.000147,0.006766,C-accelerated,133355.56,133500.0,1448.84,2100.0,0.7865
2026-03-30T05:40:55Z,2724667016,368,她学会了煮鱼汤。鱼是活的。杀了。煮了。喝了。鱼死了。她活着。鱼在肚子里活着。,38,44,1,50.177,0.044369,0.382812,0.609375,0.50177,0.037292,0.375,0.585938,0.006155,0.028972,0.004738,1,50.5829,7.992321,233.53,0.828699,1,0.00267,0,4,16,0.015625,-0.004212,0.007721,0.007534,C-accelerated,132519.56,131900.0,1454.67,2300.0,0.8719
2026-03-30T05:40:55Z,2724667016,369,他种了一棵柳树。河边。柳条垂下来。钓鱼的人坐在下面。钓到了。没钓到。都坐着。,38,44,1,50.0854,0.043632,0.398438,0.59375,0.500854,0.045231,0.359375,0.617188,0.006294,0.030704,0.004753,1,50.2655,7.991385,263.249,0.347946,1,0.756656,1,4,16,0.015625,-0.005843,-0.002441,-0.018676,C-accelerated,134170.22,133800.0,1892.7,1300.0,0.4858
2026-03-30T05:40:55Z,2724667016,370,她养了一只兔子。兔子吃胡萝卜。她给胡萝卜。兔子吃了。她高兴。兔子死了。她哭。兔子不知道。,44,44,1,50.3601,0.042172,0.414062,0.609375,0.503601,0.047289,0.390625,0.601562,0.006235,0.030881,0.004677,1,49.8108,7.991174,268.858,0.263606,1,0.48046,1,4,16,0.015625,-0.005555,0.003758,-0.004658,C-accelerated,134140.22,134100.0,1750.1,1675.0,0.6245
2026-03-30T05:40:55Z,2724667016,371,他学会了忘记。忘记电话号码。忘记生日。忘记回家的路。记得她的名字。就够了。,37,44,1,49.9573,0.042627,0.390625,0.609375,0.499573,0.040891,0.414062,0.59375,0.006227,0.02978,0.004696,1,49.5209,7.991639,255.569,0.478182,1,0.01446,1,4,16,0.015625,-0.006509,0.011159,-0.00525,C-accelerated,134486.0,132400.0,3291.88,6500.0,2.4547
2026-03-30T05:40:55Z,2724667016,372,她买了一个花瓶。透明的。插过玫瑰。玫瑰谢了。插过百合。百合谢了。插过满天星。干花了。一直插着。,47,44,1,49.9512,0.043986,0.40625,0.609375,0.499512,0.043758,0.367188,0.640625,0.006181,0.028122,0.004633,1,50.293,7.991277,265.391,0.314398,1,0.699384,1,4,16,0.015625,-0.006231,0.01043,-0.001989,C-accelerated,133660.22,133400.0,2092.09,2200.0,0.8246
2026-03-30T05:40:55Z,2724667016,373,他学会了下棋。和邻居下。邻居搬走了。和自己下。输了赢了都是自己。不下了。,36,44,1,49.3042,0.043215,0.375,0.609375,0.493042,0.045922,0.390625,0.609375,0.00616,0.027808,0.004716,1,50.1099,7.99142,261.132,0.382533,1,0.867483,1,4,16,0.015625,-0.000822,0.011986,0.005441,C-accelerated,133689.78,133450.0,1899.28,1900.0,0.7119
2026-03-30T05:40:55Z,2724667016,374,她种了牵牛花。爬满了墙。早上开花。下午谢。每天都有新的花。旧的走了。,34,44,1,49.7803,0.043057,0.367188,0.59375,0.497803,0.045112,0.367188,0.609375,0.00624,0.029735,0.004655,1,49.6796,7.992037,242.025,0.710534,1,0.685315,1,4,16,0.015625,-0.00996,0.001293,-0.003799,C-accelerated,134081.56,133600.0,1504.38,1300.0,0.4865
2026-03-30T05:40:55Z,2724667016,375,他养了一缸鱼。红色的。黑色的。花的。喂食。换水。一条一条死了。最后一条活得最久。也死了。,44,44,1,50.0732,0.04246,0.398438,0.585938,0.500732,0.045893,0.367188,0.617188,0.006208,0.030084,0.00469,1,50.3601,7.989919,309.143,0.011447,0,0.017142,1,4,16,0.015625,-0.000872,0.005789,-0.000809,C-accelerated,133838.22,133800.0,638.54,800.0,0.299
2026-03-30T05:40:55Z,2724667016,376,她学会了唱歌。唱给鸟听。鸟飞走了。唱给自己听。自己睡着了。唱给空气听。空气没有耳朵。,42,44,1,49.5178,0.052454,0.351562,0.609375,0.495178,0.039969,0.390625,0.59375,0.006183,0.031544,0.004713,1,50.2563,7.992583,227.107,0.894982,1,0.198033,1,4,16,0.015625,0.01093,0.002857,1.6e-05,C-accelerated,135093.78,134000.0,2528.1,3800.0,1.4179
2026-03-30T05:40:55Z,2724667016,377,他看了一场雪。雪很大。白了世界。第二天雪停了。世界脏了。他怀念雪。雪不怀念他。,39,44,1,49.9329,0.047472,0.382812,0.640625,0.499329,0.043706,0.375,0.601562,0.006204,0.028093,0.004635,1,49.6002,7.992303,236.672,0.788774,1,0.434309,1,4,16,0.015625,0.008326,0.007068,-0.000754,C-accelerated,134479.56,134200.0,1750.07,2000.0,0.7452
2026-03-30T05:40:55Z,2724667016,378,她学会了煮红豆汤。加糖。太甜。加水。太淡。加红豆。太多。一个人吃不完。放冰箱。明天吃。,43,44,1,49.4629,0.042699,0.359375,0.59375,0.494629,0.044685,0.398438,0.648438,0.00627,0.03209,0.00471,1,49.9481,7.992751,223.197,0.925296,1,0.593384,1,4,16,0.015625,-0.000828,-0.000885,-0.000325,C-accelerated,132883.33,132800.0,871.76,1000.0,0.3765
2026-03-30T05:40:55Z,2724667016,379,他种了一棵枣树。枣熟了。打下来。晒干。泡茶。煮粥。送人。自己留一点。明年还能吃。,40,44,1,50.47,0.046171,0.382812,0.617188,0.5047,0.047152,0.382812,0.601562,0.0062,0.029435,0.004707,1,50.0366,7.991357,262.365,0.362232,1,0.189854,1,4,16,0.015625,0.004909,-0.006018,0.000944,C-accelerated,132154.44,132100.0,1171.38,1400.0,0.5299
2026-03-30T05:40:55Z,2724667016,380,她每天走一万步。走了三年。瘦了。健康了。开心了。为什么走忘了。继续走。,35,44,1,50.3662,0.043662,0.375,0.59375,0.503662,0.046394,0.382812,0.632812,0.006272,0.030686,0.004711,1,50.1312,7.990296,296.529,0.037801,0,0.101014,1,4,16,0.015625,-0.00425,-0.01056,0.005033,C-accelerated,134316.89,134100.0,1744.87,1800.0,0.6711
2026-03-30T05:40:55Z,2724667016,381,他学会了修电脑。开机。关机。蓝屏。重启。坏了。换新的。新的也会坏。旧的在角落。,39,44,1,50.7629,0.046849,0.382812,0.640625,0.507629,0.043063,0.375,0.609375,0.00627,0.03234,0.004708,1,49.6674,7.991691,253.545,0.513969,1,0.603317,1,4,16,0.015625,-0.005512,0.014265,0.009317,C-accelerated,133210.89,133000.0,1340.98,900.0,0.3383
2026-03-30T05:40:55Z,2724667016,382,她买了一个日记本。第一天写了三页。第二天写了两页。第三天写了一页。后来空白。后来丢了。后来找到了。继续写。,53,44,1,50.0244,0.044409,0.382812,0.609375,0.500244,0.048119,0.351562,0.632812,0.006364,0.02905,0.004731,1,49.8535,7.990794,283.101,0.109232,1,0.92404,1,4,16,0.015625,0.009481,-0.0014,-0.011243,C-accelerated,133571.56,133200.0,1296.92,1400.0,0.5255
2026-03-30T05:40:55Z,2724667016,383,他种了一盆薄荷。泡茶喝。清凉。蚊子咬了擦一下。也清凉。长太多了。送邻居。邻居也送了别的花回来。,47,44,1,49.6277,0.041661,0.375,0.59375,0.496277,0.047801,0.382812,0.640625,0.006253,0.032118,0.00476,1,49.8138,7.991376,263.761,0.339785,1,0.04424,1,4,16,0.015625,-0.001215,0.009371,-0.001154,C-accelerated,135537.56,135100.0,1958.02,1000.0,0.3701
2026-03-30T05:40:55Z,2724667016,384,她养了一条狗。每天遛狗。狗遛她。狗老了。走不动了。她抱狗出去晒太阳。狗死了。她遛自己。,43,44,1,49.8962,0.040997,0.375,0.601562,0.498962,0.041996,0.390625,0.617188,0.006181,0.031268,0.004722,1,50.0061,7.992225,239.511,0.748754,1,0.437116,1,4,16,0.015625,0.006871,-0.006582,-0.003357,C-accelerated,133707.56,133900.0,1247.78,1800.0,0.6721
2026-03-30T05:40:55Z,2724667016,385,他学会了沉默。在争吵中沉默。在误解中沉默。在沉默中被理解。在理解中继续沉默。,38,44,1,50.1343,0.043302,0.375,0.59375,0.501343,0.04719,0.382812,0.617188,0.006224,0.030323,0.004706,1,49.7192,7.992684,221.405,0.936819,1,0.541719,1,4,16,0.015625,0.00778,0.00849,0.011793,C-accelerated,134677.33,134550.0,841.99,700.0,0.2601
2026-03-30T05:40:55Z,2724667016,386,她看了一本书。讲一个男人等一个女人。等了一辈子。等到了。女人死了。书合上了。她哭了。,42,44,1,50.0183,0.045234,0.382812,0.648438,0.500183,0.04582,0.367188,0.609375,0.006216,0.032952,0.004675,1,49.884,7.993074,209.583,0.982773,1,0.393466,1,4,16,0.015625,-0.001036,0.006953,0.01115,C-accelerated,134206.89,133900.0,2175.21,2600.0,0.9709
2026-03-30T05:40:55Z,2724667016,387,他种了玉米。玉米熟了。煮着吃。香。留几根做种。明年再种。年年有玉米吃。年年香。,39,44,1,50.0977,0.044794,0.398438,0.617188,0.500977,0.049517,0.359375,0.617188,0.006264,0.0315,0.004667,1,49.8627,7.992762,220.125,0.944198,1,0.576998,1,4,16,0.015625,-0.008475,0.010786,-0.005152,C-accelerated,137837.78,135400.0,6580.0,9575.0,3.5358
2026-03-30T05:40:55Z,2724667016,388,她学会了煮面条。清汤面。葱油面。炸酱面。都好吃。一个人吃。吃不完。倒掉。可惜。下次少煮点。,45,44,1,49.7742,0.045556,0.375,0.648438,0.497742,0.044977,0.390625,0.617188,0.006063,0.028567,0.004545,1,49.8688,7.991385,262.714,0.356564,1,0.996196,1,4,16,0.015625,0.004802,0.011282,0.002465,C-accelerated,134873.33,133900.0,2239.4,4300.0,1.6057
2026-03-30T05:40:55Z,2724667016,389,他每天给花浇水。花开了。谢了。又开了。他老了。不能浇花了。花等他。他不来了。,38,44,1,50.177,0.050245,0.367188,0.625,0.50177,0.043861,0.390625,0.632812,0.006229,0.037943,0.004674,1,49.9237,7.990551,288.547,0.072954,1,0.593384,1,4,16,0.015625,0.003025,0.001138,-0.004533,C-accelerated,134080.67,133900.0,1732.95,1400.0,0.5228
2026-03-30T05:40:55Z,2724667016,390,她买了一双拖鞋。软软的。穿着舒服。穿久了。破了。舍不得扔。缝一缝。再穿。再破。再缝。最后全是线。,48,44,1,49.8718,0.045646,0.382812,0.609375,0.498718,0.041245,0.40625,0.59375,0.006125,0.030878,0.004639,1,49.7803,7.991018,272.582,0.214562,1,0.554422,1,4,16,0.015625,0.012396,0.00437,0.001162,C-accelerated,135699.33,135500.0,1247.39,1500.0,0.5535
2026-03-30T05:40:55Z,2724667016,391,他种了葡萄。葡萄藤爬满了架子。夏天在下面乘凉。秋天吃葡萄。冬天藤枯了。春天又发芽。一年一年。,46,44,1,49.5422,0.043074,0.40625,0.617188,0.495422,0.045977,0.382812,0.601562,0.006174,0.036324,0.004739,1,50.0793,7.991586,256.058,0.469587,1,0.07459,1,4,16,0.015625,-0.006193,0.004487,0.002437,C-accelerated,133166.22,132800.0,1151.58,2000.0,0.753
2026-03-30T05:40:55Z,2724667016,392,她养了一只仓鼠。跑轮子。跑啊跑。轮子停。它停。轮子转。它转。它死了。轮子还在。,39,44,1,50.1587,0.045285,0.375,0.609375,0.501587,0.043282,0.390625,0.617188,0.006194,0.031095,0.004669,1,50.1251,7.990257,299.229,0.029741,0,0.980983,1,4,16,0.015625,-0.010134,0.009675,-0.002878,C-accelerated,134440.89,133600.0,1985.44,3375.0,1.2631
2026-03-30T05:40:55Z,2724667016,393,他学会了煮咖啡。每天早上煮。闻着香。喝着苦。习惯了苦。不苦反而不习惯。咖啡知道。,40,44,1,49.6094,0.046783,0.390625,0.632812,0.496094,0.044162,0.390625,0.617188,0.006255,0.031842,0.004684,1,49.7559,7.990098,302.208,0.022596,0,0.573746,1,4,16,0.015625,-0.005288,-0.007474,0.004473,C-accelerated,135577.56,135000.0,2317.11,2000.0,0.7407
2026-03-30T05:40:55Z,2724667016,394,她种了玫瑰。有刺。摘花被扎。流血。花很美。值得。下次小心。又被扎。还是值得。花谢了。刺还在。,46,44,1,50.2563,0.044303,0.382812,0.640625,0.502563,0.047513,0.34375,0.601562,0.006205,0.034698,0.004743,1,49.7589,7.992609,225.152,0.911054,1,0.462847,1,4,16,0.015625,-0.0004,-0.00582,0.005563,C-accelerated,135883.56,134850.0,4038.9,2600.0,0.964
2026-03-30T05:40:55Z,2724667016,395,他看了一部老电影。黑白片。里面的人都死了。他活着。看着他们年轻。他们也年轻过。他也年轻过。,45,44,1,50.592,0.041198,0.398438,0.601562,0.50592,0.04343,0.382812,0.617188,0.006228,0.029785,0.004747,1,50.2594,7.991536,259.433,0.411129,1,0.211652,1,4,16,0.015625,-0.004818,0.009045,0.002512,C-accelerated,134665.56,133800.0,2843.51,1775.0,0.6633
2026-03-30T05:40:55Z,2724667016,396,她学会了做饭。做给女儿吃。女儿说好吃。做给女婿吃。女婿说好吃。做给外孙吃。外孙说好吃。他们都走了。她做给自己吃。不好吃。,60,44,1,50.0244,0.049022,0.382812,0.625,0.500244,0.044623,0.359375,0.625,0.006192,0.03668,0.004607,1,50.0366,7.992353,233.391,0.830361,1,0.671354,1,4,16,0.015625,0.006536,-0.001325,0.010342,C-accelerated,136552.67,134900.0,4040.15,3500.0,1.2973
2026-03-30T05:40:55Z,2724667016,397,他养了一只八哥。会学舌。学电话铃声。学门铃声。学邻居吵架。学婴儿哭。后来不学了。沉默了。死了。世界安静了。,53,44,1,49.585,0.042037,0.40625,0.648438,0.49585,0.041096,0.398438,0.59375,0.006251,0.028402,0.004764,1,49.9268,7.991005,273.908,0.198559,1,0.554422,1,4,16,0.015625,0.007528,0.007751,0.006429,C-accelerated,146872.89,144500.0,11250.0,14650.0,5.0692
2026-03-30T05:40:55Z,2724667016,398,她买了一条鱼。养在盆里。每天换水。喂食。鱼长大了。盆太小。换大盆。又长大。换鱼缸。又长大。她老了。鱼也老了。一起老。,58,44,1,49.9084,0.041806,0.359375,0.59375,0.499084,0.043142,0.390625,0.625,0.00612,0.029712,0.004675,1,49.7772,7.991287,266.857,0.292356,1,0.428726,1,4,16,0.015625,-0.001021,-0.00506,0.002586,C-accelerated,150191.11,136700.0,36930.17,6175.0,2.2586
2026-03-30T05:40:55Z,2724667016,399,他种了丝瓜。爬满了架。结了很多丝瓜。吃不完。送邻居。邻居也吃不完。送回来。做成丝瓜络。洗碗。洗了很多年。丝瓜还在。,57,44,1,49.3591,0.04067,0.375,0.601562,0.493591,0.041067,0.359375,0.601562,0.006171,0.030447,0.004653,1,49.8352,7.992127,238.138,0.768551,1,0.599997,1,4,16,0.015625,0.00371,0.002913,-0.000411,C-accelerated,136049.33,134500.0,3528.46,4775.0,1.7751
2026-03-30T05:40:55Z,2724667016,400,她每天看日落。同一个地方。同一个时间。云不同。颜色不同。心情不同。日落相同。她不同。日落在等她变老。,50,44,1,49.6338,0.042003,0.390625,0.601562,0.496338,0.039414,0.40625,0.585938,0.006186,0.031495,0.004655,1,50.2747,7.991776,250.892,0.560936,1,0.498432,1,4,16,0.015625,-0.008646,0.005478,-0.004341,C-accelerated,174834.44,153400.0,38204.22,76175.0,24.8289
2026-03-30T05:40:55Z,2724667016,401,他学会了修自行车。修邻居的。修朋友的。修陌生人的。不收钱。收一声谢谢。谢谢听多了。不够了。收一个微笑。微笑也够了。,57,44,1,50.9705,0.043386,0.40625,0.609375,0.509705,0.043331,0.382812,0.601562,0.006212,0.034552,0.0047,1,49.8169,7.992699,222.941,0.92703,1,0.532287,1,4,16,0.015625,-0.005735,0.003887,0.000952,C-accelerated,134561.78,134500.0,1711.79,1600.0,0.5948
2026-03-30T05:40:55Z,2724667016,402,Dia membuka jendela. Hujan baru reda. Bau tanah basah. Burung berkicau. Dia tersenyum. Hari baru.,97,44,1,49.7314,0.044414,0.382812,0.59375,0.497314,0.042974,0.351562,0.609375,0.006275,0.029956,0.004734,1,49.8779,7.991268,266.019,0.304854,1,0.804212,1,4,16,0.015625,0.001074,-0.002013,0.003107,C-accelerated,134772.44,134700.0,1632.8,2200.0,0.8166
2026-03-30T05:40:55Z,2724667016,403,Dia menunggu bis setiap pagi. Bis selalu datang. Dia selalu naik. Suatu hari bis tidak datang. Dia tetap menunggu.,114,44,1,50.0793,0.046751,0.367188,0.648438,0.500793,0.045782,0.375,0.59375,0.006111,0.032209,0.00462,1,50.1617,7.991994,242.676,0.700243,1,0.398773,1,4,16,0.015625,0.001972,-0.00454,0.008106,C-accelerated,148628.67,145850.0,13276.79,16925.0,5.8022
2026-03-30T05:40:55Z,2724667016,404,Ibu memasak di dapur. Aroma gorengan. Anak-anak bermain di halaman. Ayah pulang kerja. Keluarga kecil. Bahagia sederhana.,121,44,1,49.5911,0.043377,0.367188,0.59375,0.495911,0.047791,0.34375,0.640625,0.006209,0.028685,0.004655,1,50.0732,7.992688,222.708,0.92858,1,0.935407,1,4,16,0.015625,0.000173,0.00504,-0.00471,C-accelerated,495043.78,501150.0,123431.09,143050.0,14.2722
2026-03-30T05:40:55Z,2724667016,405,Kucing hitam melintas. Dia berhenti. Kucing itu menatapnya. Lalu pergi. Dia terus berjalan. Teringat mantan.,108,44,1,50.0305,0.043841,0.382812,0.601562,0.500305,0.043062,0.34375,0.632812,0.006275,0.030502,0.004695,1,49.8077,7.991675,252.614,0.530467,1,0.95438,1,4,16,0.015625,-0.000136,-6.3e-05,-0.002609,C-accelerated,505174.44,464000.0,197634.07,208225.0,22.438
2026-03-30T05:40:55Z,2724667016,406,Nenek menanam bunga. Bunga mekar. Nenek tua. Bunga tetap cantik. Nenek tersenyum melihatnya.,92,44,1,50.3418,0.046051,0.398438,0.648438,0.503418,0.043419,0.398438,0.601562,0.006191,0.035488,0.004688,1,50.3204,7.991396,259.759,0.405593,1,0.289899,1,4,16,0.015625,-0.00868,-0.004323,0.011886,C-accelerated,456591.33,436450.0,156675.56,197100.0,22.5799
2026-03-30T05:40:55Z,2724667016,407,"Dia menemukan surat lama. Tulisan tangannya sendiri. Kepada dirinya sepuluh tahun lalu. Surat itu berkata: ""Jangan menyerah.""",125,44,1,49.6948,0.045231,0.382812,0.601562,0.496948,0.04453,0.382812,0.609375,0.006236,0.030397,0.004758,1,50.0061,7.9919,246.307,0.640498,1,0.871236,1,4,16,0.015625,-0.002925,-0.003909,0.005525,C-accelerated,136286.67,135700.0,2393.44,2100.0,0.7738
2026-03-30T05:40:55Z,2724667016,408,Hujan turun deras. Dia berteduh di halte. Orang asing berbagi payung. Mereka tidak pernah bertemu lagi. Tapi dia ingat kebaikan itu.,132,44,1,50.354,0.043944,0.382812,0.617188,0.50354,0.046751,0.382812,0.625,0.006188,0.028077,0.004653,1,49.6399,7.990774,280.82,0.127943,1,0.939199,1,4,16,0.015625,0.002281,-0.003822,-0.002762,C-accelerated,139303.33,138500.0,2409.13,2575.0,0.9296
2026-03-30T05:40:55Z,2724667016,409,Ayah mengajar naik sepeda. Anak jatuh. Bangkit lagi. Jatuh lagi. Akhirnya bisa. Ayah bangga.,92,44,1,49.7498,0.043344,0.40625,0.601562,0.497498,0.047681,0.375,0.617188,0.006201,0.030719,0.004781,1,50.3265,7.990989,272.768,0.212269,1,0.702918,1,4,16,0.015625,0.000171,0.000633,0.011836,C-accelerated,134171.56,134000.0,850.38,775.0,0.2892
2026-03-30T05:40:55Z,2724667016,410,Dia duduk di dermaga. Memandang laut. Kapal pergi. Kapal datang. Dia masih di sana. Menunggu sesuatu yang tak pasti.,116,44,1,50.3967,0.047981,0.367188,0.640625,0.503967,0.042746,0.40625,0.601562,0.006237,0.029575,0.004689,1,49.9817,7.990883,275.584,0.179473,1,0.544881,1,4,16,0.015625,0.014495,-0.007287,0.00576,C-accelerated,136934.67,137500.0,3550.44,4900.0,1.7818
2026-03-30T05:40:55Z,2724667016,411,Pasar pagi ramai. Ibu menjual sayur. Pembeli tawar-menawar. Uang receh berpindah tangan. Kehidupan berputar.,108,44,1,49.939,0.040058,0.414062,0.585938,0.49939,0.047658,0.390625,0.617188,0.00634,0.031741,0.00472,1,49.6979,7.991387,262.039,0.367553,1,0.796843,1,4,16,0.015625,0.003263,-0.007513,-0.00475,C-accelerated,135309.56,133600.0,4699.78,4575.0,1.7122
2026-03-30T05:40:55Z,2724667016,412,Dia kehilangan kunci. Tidak bisa masuk rumah. Duduk di teras. Menunggu adik pulang. Jam menunjukkan pukul sepuluh malam.,120,44,1,49.9146,0.040727,0.421875,0.632812,0.499146,0.041813,0.40625,0.632812,0.00622,0.0292,0.004739,1,50.0885,7.990201,297.786,0.033845,0,0.294266,1,4,16,0.015625,0.003603,-0.001835,-0.004612,C-accelerated,134396.0,133900.0,2130.18,3100.0,1.1576
2026-03-30T05:40:55Z,2724667016,413,Kopi pagi. Koran lama. Radio menyanyikan lagu kenangan. Dia sendiri. Tapi tidak kesepian.,89,44,1,49.3774,0.045348,0.40625,0.585938,0.493774,0.045569,0.382812,0.617188,0.006298,0.031949,0.004758,1,49.9756,7.992005,242.374,0.70504,1,0.42595,1,4,16,0.015625,-0.01084,-0.010056,0.001894,C-accelerated,133937.33,133800.0,931.49,1100.0,0.4111
2026-03-30T05:40:55Z,2724667016,414,Anak kecil menangis. Ibunya menggendong. Menyanyikan lagu ninabobo. Anak tertidur. Ibu tersenyum lelah.,103,44,1,50.1953,0.039451,0.421875,0.625,0.501953,0.03956,0.390625,0.609375,0.006214,0.030697,0.00468,1,49.9908,7.992208,237.324,0.779906,1,0.013896,1,4,16,0.015625,0.006173,0.007902,-0.018059,C-accelerated,138926.89,136100.0,6249.04,8200.0,3.0125
2026-03-30T05:40:55Z,2724667016,415,Dia berjalan di sawah. Padi menguning. Petani panen. Dia membantu. Upahnya nasi bungkus dan teh hangat.,103,44,1,49.4507,0.047585,0.359375,0.625,0.494507,0.045474,0.398438,0.609375,0.006223,0.031881,0.004706,1,50.1648,7.99133,263.552,0.343113,1,0.551233,1,4,16,0.015625,-0.013698,0.008291,0.002457,C-accelerated,134085.56,134100.0,1120.0,1000.0,0.3729
2026-03-30T05:40:55Z,2724667016,416,Gerimis. Jalanan basah. Anak sekolah berlarian. Motor melaju pelan. Lampu merah menyala. Semua berhenti.,104,44,1,50.3052,0.044283,0.375,0.617188,0.503052,0.047192,0.375,0.617188,0.006339,0.033424,0.004884,1,50.2472,7.992148,238.604,0.761931,1,0.749416,1,4,16,0.015625,0.005235,-0.004186,0.007421,C-accelerated,135219.11,135100.0,1875.41,2500.0,0.9252
2026-03-30T05:40:55Z,2724667016,417,Nenek menjahit baju. Jarum menembus kain. Benang berwarna. Kain menjadi baju. Baju dipakai cucu.,96,44,1,49.6765,0.046173,0.390625,0.609375,0.496765,0.041219,0.382812,0.601562,0.006197,0.02949,0.004661,1,49.5209,7.990481,288.547,0.072954,1,0.367577,1,4,16,0.015625,0.009183,0.003006,-0.004576,C-accelerated,139474.22,136200.0,6871.24,8975.0,3.2948
2026-03-30T05:40:55Z,2724667016,418,Dia memancing di sungai. Air mengalir. Kail tak dapat ikan. Tapi dia dapat ketenangan.,86,44,1,50.0244,0.044118,0.367188,0.59375,0.500244,0.046084,0.40625,0.609375,0.006231,0.028685,0.0047,1,50.0824,7.992069,242.932,0.696161,1,0.841303,1,4,16,0.015625,-0.001832,-0.008266,-0.001968,C-accelerated,137987.56,135200.0,7517.89,4175.0,1.544
2026-03-30T05:40:55Z,2724667016,419,Ibu membelikan es krim. Anak memilih rasa coklat. Es krim meleleh di tangan. Tertawa bersama.,93,44,1,50.1526,0.042936,0.359375,0.601562,0.501526,0.04363,0.367188,0.617188,0.006237,0.030262,0.004688,1,50.2594,7.991312,265.158,0.317968,1,0.837576,1,4,16,0.015625,-0.001948,-0.011716,0.000897,C-accelerated,133275.78,133000.0,1120.16,1500.0,0.5639
2026-03-30T05:40:55Z,2724667016,420,Ayah pulang membawa oleh-oleh. Kue kesukaan ibu. Mereka makan bersama. Sederhana tapi bermakna.,95,44,1,50.0427,0.046223,0.367188,0.625,0.500427,0.040174,0.414062,0.609375,0.006273,0.030386,0.004703,1,50.6012,7.991073,271.581,0.227153,1,0.434309,1,4,16,0.015625,0.005774,-0.000737,-0.000283,C-accelerated,133463.78,133000.0,1401.76,2400.0,0.9023
2026-03-30T05:40:55Z,2724667016,421,Dia menulis diary setiap malam. Hari ini sedih. Besok senang. Lusa biasa saja. Hidup memang begitu.,99,44,1,49.6155,0.047027,0.382812,0.601562,0.496155,0.04805,0.367188,0.601562,0.006276,0.035804,0.004795,1,49.7742,7.991809,248.797,0.597678,1,0.439934,1,4,16,0.015625,0.001436,0.004155,0.001111,C-accelerated,137027.78,136100.0,3047.26,3000.0,1.1021
2026-03-30T05:40:55Z,2724667016,422,Langit senja jingga. Burung pulang ke sarang. Dia pulang ke rumah. Pulang adalah kata yang indah.,97,44,1,49.9817,0.046368,0.375,0.617188,0.499817,0.046808,0.398438,0.59375,0.006229,0.029741,0.004685,1,50.4181,7.99022,295.389,0.041721,0,0.385585,1,4,16,0.015625,0.006945,0.001036,0.000785,C-accelerated,140401.56,138300.0,6439.26,6475.0,2.3409
2026-03-30T05:40:55Z,2724667016,423,"Dia memeluk ibunya erat. Air mata jatuh. Ibu usap kepalanya. ""Sudah, jangan nangis."" Semua luka sembuh.",103,44,1,50.1038,0.043819,0.390625,0.578125,0.501038,0.043666,0.390625,0.617188,0.006231,0.028312,0.004717,1,50.1068,7.991497,260.62,0.391079,1,0.093329,1,4,16,0.015625,-0.012953,-0.008967,-0.010596,C-accelerated,137142.44,137100.0,2240.68,2000.0,0.7294
2026-03-30T05:40:55Z,2724667016,424,Hari minggu. Sepeda berdua. Jalanan sepi. Angin menerpa. Tertawa lepas. Bahagia itu gratis.,91,44,1,49.6399,0.046074,0.382812,0.625,0.496399,0.042857,0.367188,0.609375,0.006316,0.031752,0.004705,1,50.412,7.991656,252.916,0.525105,1,0.092402,1,4,16,0.015625,-0.006832,-0.002007,-0.004909,C-accelerated,134708.0,134700.0,1296.93,1775.0,0.6589
2026-03-30T05:40:55Z,2724667016,425,Dia belajar bahasa asing. Sulit. Menyerah. Mulai lagi. Akhirnya bisa. Bangga pada diri sendiri.,95,44,1,50.0244,0.043145,0.398438,0.617188,0.500244,0.043879,0.398438,0.648438,0.006147,0.02975,0.00469,1,49.7009,7.992573,227.223,0.893967,1,0.992393,1,4,16,0.015625,9.8e-05,0.008304,-0.00404,C-accelerated,139397.78,136950.0,6649.07,5475.0,1.9989
2026-03-30T05:40:55Z,2724667016,426,Kue coklat buatan sendiri. Tidak cantik. Tapi enak. Adik memuji. Ibu tersenyum. Dia bahagia.,92,44,1,49.6155,0.041799,0.335938,0.601562,0.496155,0.042579,0.382812,0.625,0.006262,0.02986,0.004776,1,50.1709,7.991352,264.762,0.324082,1,0.370117,1,4,16,0.015625,-0.004477,0.002608,-0.000782,C-accelerated,134349.78,134000.0,1427.67,1800.0,0.6716
2026-03-30T05:40:55Z,2724667016,427,Dia menanam pohon. Menyiram setiap hari. Daun tumbuh. Bunga mekar. Lebah datang. Kehidupan baru.,96,44,1,49.884,0.04566,0.414062,0.617188,0.49884,0.042981,0.40625,0.59375,0.006189,0.02878,0.0047,1,49.8505,7.990747,281.1,0.125533,1,0.159618,1,4,16,0.015625,-0.002306,0.007448,-0.002673,C-accelerated,139351.11,136450.0,7095.45,6900.0,2.5284
2026-03-30T05:40:55Z,2724667016,428,Cincin lama ditemukan di laci. Kenangan pernikahan. Tiga puluh tahun lalu. Sekarang sendiri. Cincin masih bersinar.,115,44,1,49.4629,0.045163,0.375,0.617188,0.494629,0.039749,0.390625,0.59375,0.006115,0.033173,0.004672,1,50.2136,7.991572,256.919,0.454507,1,0.681814,1,4,16,0.015625,-0.002165,-0.004085,-0.006954,C-accelerated,137561.78,137500.0,2848.18,3950.0,1.4364
2026-03-30T05:40:55Z,2724667016,429,Dia menggendong anaknya yang demam. Sepanjang malam. Tidak tidur. Anak sembuh. Ibu tersenyum lelah.,99,44,1,50.2991,0.051648,0.398438,0.625,0.502991,0.04471,0.398438,0.632812,0.006241,0.033971,0.004773,1,49.7498,7.99185,247.471,0.620635,1,0.742198,1,4,16,0.015625,-0.00151,0.001876,-0.009852,C-accelerated,134100.67,134100.0,972.75,800.0,0.2983
2026-03-30T05:40:55Z,2724667016,430,Bulan purnama. Dia duduk di balkon. Sendiri. Tapi tidak sepi. Bulan menemani.,77,44,1,50.2014,0.045347,0.398438,0.601562,0.502014,0.042537,0.375,0.609375,0.00619,0.035836,0.004789,1,49.8749,7.99197,246.167,0.642861,1,0.055916,1,4,16,0.015625,0.008295,0.006603,-0.000581,C-accelerated,135493.78,135300.0,2058.51,3800.0,1.4043
2026-03-30T05:40:55Z,2724667016,431,Dia belajar memasak dari YouTube. Nasi gosong. Sayur terlalu asin. Tetap dimakan. Besok coba lagi.,98,44,1,49.7437,0.045566,0.375,0.59375,0.497437,0.047251,0.34375,0.617188,0.006226,0.03177,0.004687,1,49.8566,7.991821,250.519,0.567501,1,0.471609,1,4,16,0.015625,-0.005927,-0.002865,0.009811,C-accelerated,138551.11,136400.0,5337.4,7675.0,2.8134
2026-03-30T05:40:55Z,2724667016,432,"Ayah membelikan sepatu baru. Sepatu terlalu besar. ""Buat cadangan, nanti juga muat."" Setahun kemudian pas.",106,44,1,49.8962,0.046037,0.390625,0.625,0.498962,0.048499,0.359375,0.601562,0.006153,0.038227,0.004636,1,50.0,7.992334,232.017,0.846188,1,0.778502,1,4,16,0.015625,0.004856,-0.000988,-0.007741,C-accelerated,138698.67,136250.0,6904.14,4475.0,1.6422
2026-03-30T05:40:55Z,2724667016,433,Dia menabung koin sejak kecil. Celengan pecah. Uang dihitung. Cukup untuk beli kado ibu.,88,44,1,50.0916,0.045456,0.390625,0.632812,0.500916,0.046174,0.359375,0.632812,0.006169,0.02955,0.004619,1,49.7498,7.992877,215.936,0.963835,1,0.393466,1,4,16,0.015625,0.006833,0.00263,-0.009774,C-accelerated,139158.44,137550.0,6106.4,5100.0,1.8539
2026-03-30T05:40:55Z,2724667016,434,Hujan disertai angin. Pohon tumbang. Jalan terhalang. Warga gotong royong. Membersihkan bersama.,96,44,1,49.4202,0.046561,0.382812,0.609375,0.494202,0.042559,0.375,0.585938,0.006244,0.032417,0.00473,1,49.5239,7.99123,268.812,0.264256,1,0.388201,1,4,16,0.015625,-0.001087,-0.003489,0.000715,C-accelerated,141342.44,136800.0,10609.35,5275.0,1.928
2026-03-30T05:40:55Z,2724667016,435,Dia menonton film sendiri di bioskop. Kursi empuk. Layar besar. Sendiri ternyata menyenangkan.,94,44,1,50.2258,0.040959,0.390625,0.59375,0.502258,0.04062,0.414062,0.609375,0.006278,0.032835,0.004722,1,50.3052,7.99136,261.69,0.373288,1,0.007592,0,4,16,0.015625,0.002623,0.00017,-0.001502,C-accelerated,136109.11,133700.0,6669.45,2800.0,1.0471
2026-03-30T05:40:55Z,2724667016,436,"Ibu membuat teh manis. Disajikan hangat. ""Minum dulu, lelah kan seharian bekerja."" Matanya berkaca-kaca.",104,44,1,49.408,0.043254,0.351562,0.585938,0.49408,0.050581,0.367188,0.609375,0.006333,0.032506,0.00472,1,49.6613,7.99154,256.221,0.466727,1,0.590089,1,4,16,0.015625,0.004258,0.011686,-0.007531,C-accelerated,133823.11,133650.0,1368.81,1875.0,0.7015
2026-03-30T05:40:55Z,2724667016,437,Dia terlambat naik kereta. Kereta pergi. Dia menunggu berikutnya. Kereta berikutnya lebih sepi. Mungkin takdir.,111,44,1,50.0183,0.040975,0.367188,0.578125,0.500183,0.039913,0.390625,0.625,0.006236,0.030559,0.004722,1,49.939,7.992023,242.141,0.708708,1,0.548052,1,4,16,0.015625,-0.003229,-0.003643,-0.005136,C-accelerated,144210.22,139800.0,12381.99,9850.0,3.5229
2026-03-30T05:40:55Z,2724667016,438,Surat lamaran kerja ditolak. Lagi. Lagi. Lagi. Akhirnya diterima. Perjuangan tidak mengkhianati hasil.,102,44,1,50.5066,0.045424,0.382812,0.617188,0.505066,0.039819,0.375,0.609375,0.006307,0.032488,0.004758,1,50.1434,7.992521,227.689,0.889836,1,0.27706,1,4,16,0.015625,0.002462,-0.003454,0.006285,C-accelerated,133076.67,133000.0,1448.5,1800.0,0.6767
2026-03-30T05:40:55Z,2724667016,439,Kakak beradik bertengkar. Saling mendiamkan. Malamnya makan bersama. Lupa kenapa bertengkar.,92,44,1,50.4944,0.043868,0.398438,0.632812,0.504944,0.044462,0.390625,0.640625,0.006264,0.032306,0.004766,1,50.1648,7.991106,271.185,0.232252,1,0.454178,1,4,16,0.015625,-0.008371,0.002222,-0.001009,C-accelerated,139638.44,137450.0,5448.69,8000.0,2.9101
2026-03-30T05:40:55Z,2724667016,440,Dia pindah ke kota baru. Tidak kenal siapa pun. Sendirian. Sebulan kemudian punya banyak teman.,95,44,1,50.4333,0.042408,0.414062,0.609375,0.504333,0.040132,0.414062,0.601562,0.006184,0.032698,0.004672,1,50.4425,7.991563,256.64,0.459388,1,0.800525,1,4,16,0.015625,-0.004852,-0.003572,0.002435,C-accelerated,134487.33,133700.0,1737.37,3300.0,1.2341
2026-03-30T05:40:55Z,2724667016,441,Nenek menceritakan masa muda. Berperang. Susah. Senang. Cucu mendengar. Kagum pada nenek.,89,44,1,49.7864,0.046648,0.398438,0.609375,0.497864,0.044855,0.375,0.609375,0.006212,0.030531,0.004726,1,50.4608,7.991655,255.965,0.471222,1,0.548052,1,4,16,0.015625,-0.009584,-0.005031,0.007328,C-accelerated,160144.67,156150.0,17191.86,20650.0,6.6122
2026-03-30T05:40:55Z,2724667016,442,Dia membeli roti untuk pengemis. Pengemis tersenyum. Dia tersenyum balik. Saling memberi kebahagiaan.,101,44,1,50.1587,0.043808,0.375,0.585938,0.501587,0.041008,0.40625,0.609375,0.00625,0.034258,0.004749,1,50.3052,7.989045,332.323,0.000796,0,0.289899,1,4,16,0.015625,-0.005575,0.006174,0.00741,C-accelerated,158710.0,157650.0,8009.17,10900.0,3.457
2026-03-30T05:40:55Z,2724667016,443,Pohon mangga di halaman berbuah. Manis. Dibagikan ke tetangga. Semua senang.,76,44,1,50.647,0.041445,0.390625,0.617188,0.50647,0.04426,0.359375,0.617188,0.00627,0.030496,0.004753,1,50.3235,7.989536,317.172,0.004861,0,0.501462,1,4,16,0.015625,0.010764,-0.003652,0.004106,C-accelerated,135375.78,134200.0,2972.8,2500.0,0.9314
2026-03-30T05:40:55Z,2724667016,444,Dia berkaca. Melihat uban. Tersenyum. Menua adalah anugerah.,60,44,1,49.707,0.038977,0.398438,0.601562,0.49707,0.043234,0.382812,0.617188,0.006173,0.029297,0.004671,1,50.3021,7.990111,302.743,0.021484,0,0.474549,1,4,16,0.015625,0.000152,-0.003783,0.012419,C-accelerated,134584.22,134100.0,1970.99,2300.0,0.8576
2026-03-30T05:40:55Z,2724667016,445,Anak belajar jalan. Merambat. Jatuh. Bangun. Akhirnya melangkah. Ibu bertepuk tangan.,85,44,1,50.1038,0.044014,0.390625,0.609375,0.501038,0.045715,0.398438,0.609375,0.006221,0.029553,0.004681,1,49.9054,7.990527,285.708,0.090455,1,0.583526,1,4,16,0.015625,-0.002384,0.006285,0.003459,C-accelerated,132670.0,132200.0,1403.78,1175.0,0.4444
2026-03-30T05:40:55Z,2724667016,446,Dia bermimpi bertemu orang tua. Sudah tiada. Dalam mimpi mereka masih ada. Hidup dan sehat.,91,44,1,50.0183,0.045768,0.390625,0.625,0.500183,0.042673,0.375,0.59375,0.006228,0.031893,0.004703,1,49.9817,7.992581,225.222,0.910512,1,0.965777,1,4,16,0.015625,-0.005136,0.007329,-8.9e-05,C-accelerated,133243.33,133100.0,955.9,900.0,0.3381
2026-03-30T05:40:55Z,2724667016,447,Banjir datang. Warga mengungsi. Saling membantu. Bersama lebih ringan.,70,44,1,49.5483,0.04419,0.375,0.59375,0.495483,0.042686,0.398438,0.601562,0.006116,0.033444,0.004644,1,50.174,7.991136,267.834,0.278116,1,0.474549,1,4,16,0.015625,-0.003723,-0.002107,0.00759,C-accelerated,133368.22,133200.0,1269.55,1700.0,0.6381
2026-03-30T05:40:55Z,2724667016,448,"Dia menemukan buku bekas. Ada tulisan tangan. ""Untuk pembaca berikutnya, semoga bahagia."" Dia tersenyum.",104,44,1,49.9695,0.04265,0.382812,0.601562,0.499695,0.043787,0.367188,0.585938,0.006184,0.03041,0.004723,1,50.2167,7.990015,307.863,0.013033,0,0.260553,1,4,16,0.015625,-0.012175,0.009922,-0.007794,C-accelerated,136718.22,135200.0,4667.1,5675.0,2.0987
2026-03-30T05:40:55Z,2724667016,449,Ibu memasak sayur kesukaan ayah. Ayah suka. Ibu bahagia. Cinta sederhana.,73,44,1,49.7375,0.041239,0.367188,0.59375,0.497375,0.044359,0.382812,0.609375,0.006295,0.034445,0.004733,1,50.2838,7.991463,258.944,0.419474,1,0.198033,1,4,16,0.015625,-0.008614,0.004159,-0.004079,C-accelerated,136918.67,135100.0,4886.79,4300.0,1.5914
2026-03-30T05:40:55Z,2724667016,450,Dia berhenti merokok. Susah. Gagal. Coba lagi. Satu bulan bebas rokok. Bangga.,78,44,1,50.5005,0.041898,0.40625,0.632812,0.505005,0.048571,0.382812,0.640625,0.006233,0.029731,0.004723,1,50.0458,7.991006,274.863,0.187535,1,0.671354,1,4,16,0.015625,-0.00481,0.006284,-0.009238,C-accelerated,135168.44,134600.0,2103.68,2700.0,1.003
2026-03-30T05:40:55Z,2724667016,452,Dia berjalan tanpa tujuan. Menikmati kota. Melihat orang. Mendengar suara. Hidup ramai.,87,44,1,49.353,0.045576,0.367188,0.617188,0.49353,0.043521,0.382812,0.625,0.006295,0.031247,0.004772,1,49.9603,7.990714,280.285,0.132655,1,0.576998,1,4,16,0.015625,-0.012135,-0.010076,0.00104,C-accelerated,136621.33,137100.0,2437.25,3500.0,1.2764
2026-03-30T05:40:55Z,2724667016,451,"Anak bertanya dari mana bayi berasal. Ibu tersenyum. ""Dari doa orang baik.""",75,44,1,50.2808,0.048097,0.40625,0.664062,0.502808,0.04602,0.382812,0.609375,0.006147,0.031236,0.00468,1,49.6613,7.990467,288.081,0.075623,1,0.969577,1,4,16,0.015625,0.004115,-0.005361,0.001729,C-accelerated,140995.33,139100.0,6546.21,6850.0,2.4623
2026-03-30T05:40:55Z,2724667016,453,Kucing peliharaan mati. Anak menangis. Dikubur di belakang rumah. Ditanami bunga.,81,44,1,49.8291,0.043912,0.375,0.601562,0.498291,0.046752,0.367188,0.59375,0.006203,0.029105,0.004632,1,50.0885,7.991541,258.153,0.433083,1,0.685315,1,4,16,0.015625,0.007908,0.002348,-0.004225,C-accelerated,136168.0,136650.0,2601.29,4300.0,1.5734
2026-03-30T05:40:55Z,2724667016,454,"Dia mengirim pesan ke teman lama. ""Apa kabar?"" Teman membalas. ""Kangen."" Mereka janjian ketemu.",95,44,1,50.1892,0.051088,0.398438,0.632812,0.501892,0.046196,0.359375,0.609375,0.006233,0.030445,0.00467,1,50.116,7.991448,262.063,0.367172,1,0.564044,1,4,16,0.015625,0.002726,-0.004766,-0.001153,C-accelerated,136429.56,134600.0,5338.18,4600.0,1.7088
2026-03-30T05:40:55Z,2724667016,455,Tukang becak menunggu penumpang. Sepi. Tetap sabar. Sore hari dapat penumpang. Pulang dengan senyum.,100,44,1,49.4995,0.047729,0.359375,0.617188,0.494995,0.047469,0.351562,0.609375,0.006198,0.032961,0.004705,1,49.9115,7.993177,207.046,0.987564,1,0.156807,1,4,16,0.015625,-0.00307,-0.000533,-0.00276,C-accelerated,137672.0,134600.0,6230.08,4875.0,1.8109
2026-03-30T05:40:55Z,2724667016,456,Dia membeli bunga. Tidak ada acara spesial. Hanya untuk meja makan. Rumah jadi lebih cerah.,91,44,1,49.9084,0.040976,0.390625,0.617188,0.499084,0.046565,0.34375,0.640625,0.006244,0.02832,0.004642,1,50.4883,7.991857,249.076,0.59281,1,0.216929,1,4,16,0.015625,-0.015043,0.001141,-0.007648,C-accelerated,134585.78,134200.0,1188.7,1300.0,0.4844
2026-03-30T05:40:55Z,2724667016,457,Ibu guru mengajar di kelas terpencil. Murid sedikit. Semangat besar. Masa depan bangsa.,87,44,1,49.7681,0.040587,0.359375,0.617188,0.497681,0.04467,0.398438,0.617188,0.006229,0.0314,0.004702,1,49.7864,7.991961,242.769,0.698761,1,0.950583,1,4,16,0.015625,0.005492,0.001496,0.00329,C-accelerated,177059.78,156950.0,48599.78,44225.0,14.0889
2026-03-30T05:40:55Z,2724667016,458,Dia tersesat di kota asing. Orang baik menunjukkan jalan. Sampai tujuan. Bersyukur.,83,44,1,49.7009,0.045029,0.382812,0.617188,0.497009,0.046652,0.398438,0.632812,0.006188,0.028303,0.004642,1,49.5819,7.990829,279.238,0.142235,1,0.60998,1,4,16,0.015625,-0.009568,-0.002851,0.004581,C-accelerated,135663.78,135200.0,1340.07,2000.0,0.7396
2026-03-30T05:40:55Z,2724667016,459,Hujan di pagi hari. Malas bangun. Tapi harus kerja. Kopi panas penyelamat.,74,44,1,49.7498,0.038644,0.40625,0.59375,0.497498,0.045186,0.382812,0.625,0.006238,0.026817,0.004695,1,50.1038,7.991448,257.734,0.440333,1,0.616675,1,4,16,0.015625,-0.008122,-0.000107,0.006773,C-accelerated,135367.78,135000.0,2765.73,3675.0,1.3611
2026-03-30T05:40:55Z,2724667016,460,Dia menikmati matahari terbenam. Merah. Jingga. Ungu. Cantik. Tuhan baik.,73,44,1,49.5239,0.04306,0.398438,0.617188,0.495239,0.043071,0.351562,0.578125,0.006291,0.02759,0.004708,1,50.5005,7.990661,282.682,0.112505,1,0.350101,1,4,16,0.015625,-0.009158,0.003831,-0.005415,C-accelerated,133569.33,133500.0,870.37,900.0,0.3371
2026-03-30T05:40:55Z,2724667016,461,Anak minta dibelikan mainan. Mahal. Ibu bilang tidak bisa. Anak nangis. Esok lupa.,82,44,1,50.061,0.044854,0.390625,0.617188,0.50061,0.042192,0.398438,0.617188,0.006118,0.032106,0.00467,1,49.6704,7.990421,292.503,0.053179,1,0.152661,1,4,16,0.015625,0.012866,-0.001242,0.006075,C-accelerated,139025.11,135850.0,7423.18,6400.0,2.3555
2026-03-30T05:40:55Z,2724667016,462,Dia lupa ulang tahun sendiri. Tiba-tiba ada kue. Teman-teman memberi kejutan. Terharu.,86,44,1,49.8596,0.037435,0.40625,0.59375,0.498596,0.046747,0.359375,0.601562,0.006312,0.028249,0.00478,1,50.4486,7.990957,275.444,0.181015,1,0.91647,1,4,16,0.015625,0.011362,-0.008187,0.002768,C-accelerated,133873.33,133700.0,993.09,1175.0,0.4394
2026-03-30T05:40:55Z,2724667016,463,Pasar malam ramai. Lampu warna-warni. Anak-anak gembira. Makan sate. Naik komidi putar.,87,44,1,49.762,0.042875,0.390625,0.609375,0.49762,0.04514,0.390625,0.601562,0.006287,0.031599,0.004739,1,49.6002,7.99257,226.944,0.896393,1,0.984786,1,4,16,0.015625,0.004396,-0.000361,0.000807,C-accelerated,134048.89,134800.0,1884.81,3600.0,1.3353
2026-03-30T05:40:55Z,2724667016,464,Dia membersihkan rumah. Menemukan foto lama. Kenangan masa kecil. Tertawa sendiri.,82,44,1,50.1953,0.039233,0.375,0.601562,0.501953,0.044527,0.398438,0.609375,0.006213,0.034185,0.004662,1,49.5422,7.992786,220.195,0.943813,1,0.616675,1,4,16,0.015625,0.001158,0.000381,0.005601,C-accelerated,137372.44,137100.0,3298.03,4675.0,1.705
2026-03-30T05:40:55Z,2724667016,465,"Tetangga baru pindah. Membawa kue. ""Ini oleh-oleh."" Tanda persahabatan dimulai.",79,44,1,50.3357,0.04553,0.390625,0.640625,0.503357,0.044417,0.359375,0.617188,0.006265,0.033041,0.004697,1,49.7467,7.990783,284.218,0.100854,1,0.507551,1,4,16,0.015625,0.003355,-0.010164,0.001613,C-accelerated,133998.89,133800.0,1144.54,1300.0,0.4858
2026-03-30T05:40:55Z,2724667016,466,Dia belajar gitar. Jari sakit. Terus berlatih. Bisa memainkan lagu sederhana. Untuk ibu.,88,44,1,49.8779,0.044091,0.382812,0.601562,0.498779,0.046358,0.359375,0.601562,0.006197,0.028814,0.004691,1,50.1587,7.991469,260.969,0.385245,1,0.513678,1,4,16,0.015625,-0.009082,0.004015,0.001077,C-accelerated,139533.33,136400.0,7065.06,6300.0,2.3094
2026-03-30T05:40:55Z,2724667016,467,"Ibu hamil. Anak sulung cemburu. Tapi saat adik lahir, dia sayang sekali.",72,44,1,49.8352,0.043516,0.40625,0.617188,0.498352,0.036665,0.382812,0.585938,0.006184,0.027594,0.004654,1,50.177,7.991691,251.776,0.545306,1,0.95438,1,4,16,0.015625,-0.006884,0.001952,0.014053,C-accelerated,135203.78,133800.0,3611.02,3500.0,1.3079
2026-03-30T05:40:55Z,2724667016,468,Dia menulis novel. Berbulan-bulan. Jadi. Diterbitkan. Dibaca orang. Mimpinya tercapai.,86,44,1,50.3296,0.052404,0.351562,0.617188,0.503296,0.039082,0.40625,0.609375,0.006205,0.032355,0.004731,1,49.9847,7.991109,270.534,0.240798,1,0.193095,1,4,16,0.015625,-0.005528,0.004268,-0.007128,C-accelerated,134969.11,134200.0,2457.75,2475.0,0.9221
2026-03-30T05:40:55Z,2724667016,469,Angin kencang. Jendela berderak. Dia membaca buku. Selimut tebal. Nyaman.,73,44,1,49.3042,0.045263,0.375,0.625,0.493042,0.040668,0.390625,0.601562,0.006332,0.030438,0.004771,1,50.4547,7.991718,251.217,0.555183,1,0.115669,1,4,16,0.015625,-0.017888,0.004667,0.006705,C-accelerated,134265.11,134100.0,1948.97,2775.0,1.0347
2026-03-30T05:40:55Z,2724667016,470,Dia memberi sedekah diam-diam. Tidak ingin dipuji. Tapi Tuhan tahu.,67,44,1,50.061,0.046861,0.328125,0.59375,0.50061,0.041726,0.390625,0.601562,0.006191,0.029537,0.004734,1,50.2777,7.991309,260.945,0.385633,1,0.720681,1,4,16,0.015625,-0.007809,-0.001866,0.00495,C-accelerated,139440.22,135850.0,8224.82,8250.0,3.0364
2026-03-30T05:40:55Z,2724667016,471,Anak-anak bermain hujan. Basah kuyup. Ibu marah. Tapi dalam hati senang anaknya ceria.,86,44,1,50.3052,0.043774,0.382812,0.625,0.503052,0.047303,0.375,0.617188,0.006329,0.02928,0.0047,1,50.3937,7.991244,264.273,0.331709,1,0.931616,1,4,16,0.015625,-0.005375,0.002097,-0.003552,C-accelerated,132956.44,132250.0,1835.75,3300.0,1.2476
2026-03-30T05:40:55Z,2724667016,472,Dia lupa bawa payung. Kehujanan. Masuk angin. Dimasakin sup hangat oleh ibu. Sembuh.,84,44,1,49.3042,0.042916,0.367188,0.617188,0.493042,0.040089,0.375,0.578125,0.006351,0.03364,0.00474,1,49.8108,7.991171,268.044,0.275114,1,0.365047,1,4,16,0.015625,0.00791,-0.005287,-0.0018,C-accelerated,140309.78,133500.0,13515.33,5450.0,2.0412
2026-03-30T05:40:55Z,2724667016,473,Kakek duduk di beranda. Melihat lalu lalang. Mengingat masa muda. Tersenyum sendiri.,84,44,1,49.9207,0.044171,0.382812,0.609375,0.499207,0.042789,0.367188,0.601562,0.006188,0.034409,0.004714,1,50.4211,7.991646,257.92,0.437107,1,0.532287,1,4,16,0.015625,0.004804,0.001463,-0.010341,C-accelerated,135102.22,134500.0,1720.8,3100.0,1.1524
2026-03-30T05:40:55Z,2724667016,474,Dia mencoba makanan baru. Aneh. Tapi menarik. Pengalaman baru.,62,44,1,50.47,0.044111,0.398438,0.617188,0.5047,0.040446,0.414062,0.609375,0.006235,0.032542,0.004773,1,50.0977,7.991606,255.081,0.486798,1,0.367577,1,4,16,0.015625,-0.004511,0.0086,-0.002779,C-accelerated,138709.11,136200.0,6468.76,6600.0,2.4229
2026-03-30T05:40:55Z,2724667016,475,"Ibu menjahit baju untuk Lebaran. Semalaman. Anak bangun, ibu masih menjahit. Mata sayu. Tersenyum.",98,44,1,49.8779,0.043151,0.390625,0.617188,0.498779,0.043316,0.390625,0.601562,0.006173,0.030281,0.004614,1,49.8718,7.992245,234.484,0.81708,1,0.67832,1,4,16,0.015625,-0.006226,0.003972,0.000186,C-accelerated,134836.67,134900.0,1706.01,2600.0,0.9637
2026-03-30T05:40:55Z,2724667016,476,Dia kehilangan dompet. Sedih. Seminggu kemudian ditemukan. Ada yang mengembalikan. Masih percaya kebaikan.,106,44,1,50.1038,0.038687,0.398438,0.601562,0.501038,0.04693,0.359375,0.617188,0.006241,0.029903,0.00472,1,49.6277,7.991417,261.201,0.381373,1,0.149944,1,4,16,0.015625,-0.001281,0.004041,-0.004003,C-accelerated,135966.22,133200.0,6779.55,2800.0,1.0511
2026-03-30T05:40:55Z,2724667016,477,Pantai di pagi hari. Sepi. Ombak tenang. Dia bermeditasi. Damai.,64,44,1,50.0549,0.047624,0.367188,0.632812,0.500549,0.043621,0.390625,0.609375,0.006229,0.03364,0.004759,1,50.0763,7.990457,289.641,0.066976,1,0.333162,1,4,16,0.015625,-0.004104,-0.003912,0.008756,C-accelerated,137065.56,135800.0,3965.28,2475.0,0.9113
2026-03-30T05:40:55Z,2724667016,479,Dia memberi hadiah untuk diri sendiri. Jam tangan baru. Hadiah karena sudah bertahan setahun.,93,44,1,49.4019,0.043118,0.375,0.59375,0.494019,0.043733,0.367188,0.585938,0.006196,0.030386,0.004651,1,49.8566,7.990963,274.281,0.194208,1,0.554422,1,4,16,0.015625,0.016736,0.003477,-0.005004,C-accelerated,132512.22,132200.0,1340.13,1500.0,0.5673
2026-03-30T05:40:55Z,2724667016,478,"Anak bertanya tentang Tuhan. Sulit dijawab. ""Di hati yang baik.""",64,44,1,49.9146,0.044765,0.375,0.632812,0.499146,0.042838,0.359375,0.601562,0.006228,0.034404,0.004738,1,50.3723,7.991261,266.159,0.302753,1,0.28343,1,4,16,0.015625,-0.004047,0.002228,0.000239,C-accelerated,138235.33,134800.0,7815.85,6475.0,2.4017
2026-03-30T05:40:55Z,2724667016,480,Tetangga sakit. Membawakan makanan. Dia tersenyu m. Terima kasih.,65,44,1,50.3418,0.04575,0.40625,0.648438,0.503418,0.044137,0.390625,0.601562,0.006186,0.031483,0.004713,1,50.1892,7.991639,254.871,0.490496,1,0.080187,1,4,16,0.015625,-0.001547,-0.007036,0.00112,C-accelerated,134870.89,135100.0,1393.05,2300.0,0.8512
2026-03-30T05:40:55Z,2724667016,481,Dia belajar bahasa isyarat. Untuk teman tuli. Ingin berkawan dengan semua orang.,80,44,1,49.9939,0.040624,0.398438,0.585938,0.499939,0.040671,0.414062,0.632812,0.006239,0.032109,0.004758,1,50.1556,7.991668,251.613,0.548188,1,0.030073,1,4,16,0.015625,0.000638,-0.007441,-0.003115,C-accelerated,137372.44,134900.0,6733.22,4375.0,1.6216
2026-03-30T05:40:55Z,2724667016,482,Hujan reda. Pelangi muncul. Anak-anak menunjuk ke langit. Cantik sekali.,72,44,1,49.9207,0.04174,0.398438,0.601562,0.499207,0.043299,0.367188,0.601562,0.006268,0.030923,0.004771,1,49.7925,7.992474,230.039,0.867313,1,0.576998,1,4,16,0.015625,-0.003413,-0.001423,-0.006571,C-accelerated,146218.67,137550.0,17772.26,13175.0,4.7892
2026-03-30T05:40:55Z,2724667016,483,Ibu membacakan dongeng sebelum tidur. Anak terlelap. Ibu mengecup kening. Selamat malam.,88,44,1,49.7681,0.045359,0.359375,0.632812,0.497681,0.047152,0.375,0.625,0.006236,0.032458,0.004769,1,50.4364,7.990487,285.405,0.092498,1,0.457057,1,4,16,0.015625,0.002138,-0.002801,-0.000507,C-accelerated,135998.22,135250.0,2738.38,3500.0,1.2939
2026-03-30T05:40:55Z,2724667016,484,Dia gagal ujian. Kecewa. Belajar lagi. Lulus dengan nilai baik. Pantang menyerah.,81,44,1,49.6765,0.038615,0.398438,0.601562,0.496765,0.045727,0.34375,0.632812,0.006245,0.029896,0.004712,1,50.1495,7.992263,232.646,0.839063,1,0.1486,1,4,16,0.015625,-0.01226,0.00397,0.004525,C-accelerated,134031.33,133700.0,1384.11,1300.0,0.4862
2026-03-30T05:40:55Z,2724667016,485,"Tukang sayur lewat setiap pagi. ""Sayur, sayur..."" Ibu-ibu keluar rumah. Transaksi kecil. Hidup berjalan.",104,44,1,49.4324,0.046175,0.382812,0.609375,0.494324,0.043076,0.382812,0.601562,0.006262,0.031494,0.004685,1,50.5615,7.991352,262.947,0.352806,1,0.841303,1,4,16,0.015625,-0.00731,-0.001858,0.012672,C-accelerated,133710.67,133700.0,998.45,1475.0,0.5516
2026-03-30T05:40:55Z,2724667016,486,Dia melihat langit malam penuh bintang. Tak terhitung. Merasa kecil. Tapi bersyukur ada di sini.,96,44,1,50.0122,0.040817,0.414062,0.59375,0.500122,0.043618,0.382812,0.625,0.006166,0.030012,0.004733,1,50.1923,7.992117,238.906,0.757578,1,0.279173,1,4,16,0.015625,-0.000399,-0.001978,-0.003783,C-accelerated,138223.78,135400.0,6827.75,5575.0,2.0587
2026-03-30T05:40:55Z,2724667016,487,"Anak jatuh dari sepeda. Lutut berdarah. Ibu meniup lukanya. ""Sembuh ya."" Sakit berkurang.",89,44,1,50.3967,0.040899,0.40625,0.617188,0.503967,0.041753,0.398438,0.601562,0.006201,0.029973,0.004758,1,50.238,7.99229,234.74,0.813887,1,0.685315,1,4,16,0.015625,0.006107,0.013905,-0.008983,C-accelerated,136930.89,134700.0,5873.9,4275.0,1.5869
2026-03-30T05:40:55Z,2724667016,488,Dia memasak untuk teman yang sedih. Makan bersama. Cerita. Tertawa. Luka sedikit sembuh.,88,44,1,50.3906,0.043564,0.414062,0.609375,0.503906,0.037097,0.414062,0.601562,0.006287,0.035038,0.004706,1,49.353,7.991961,244.468,0.671225,1,0.822708,1,4,16,0.015625,-0.018749,0.007922,-0.010283,C-accelerated,133473.78,133200.0,1193.68,1500.0,0.5631
2026-03-30T05:40:55Z,2724667016,489,Pohon di depan rumah ditebang. Sedih. Tumbuh rumput hijau. Hidup tetap berlanjut.,81,44,1,49.0234,0.043826,0.398438,0.601562,0.490234,0.044474,0.367188,0.609375,0.006269,0.031542,0.00475,1,50.1404,7.99152,258.246,0.431476,1,0.60998,1,4,16,0.015625,-0.00682,-0.006222,0.005195,C-accelerated,135194.67,134500.0,1903.94,2200.0,0.8178
2026-03-30T05:40:55Z,2724667016,490,Dia menyimpan tiket bioskop pertama kencan. Sudah lima tahun. Masih ingat gugupnya.,83,44,1,50.1831,0.04014,0.359375,0.585938,0.501831,0.04283,0.390625,0.601562,0.006258,0.029993,0.004724,1,50.3113,7.992075,242.63,0.700983,1,0.072292,1,4,16,0.015625,0.006043,0.002523,0.009871,C-accelerated,136030.67,134400.0,5101.96,4500.0,1.6741
2026-03-30T05:40:55Z,2724667016,492,Dia belajar melukis. Tidak bagus. Tapi senang. Mengekspresikan diri.,68,44,1,50.4578,0.042259,0.398438,0.640625,0.504578,0.04324,0.375,0.601562,0.006184,0.031391,0.004706,1,49.527,7.990808,276.98,0.164535,1,0.590089,1,4,16,0.015625,0.005598,-0.001342,-0.01521,C-accelerated,132186.44,131900.0,1228.7,1200.0,0.4549
2026-03-30T05:40:55Z,2724667016,491,Ibu mengirim paket ke rantau. Berisi makanan kesukaan. Anak terharu. Iba selalu ingat.,86,44,1,49.6155,0.043815,0.367188,0.601562,0.496155,0.043388,0.398438,0.585938,0.006149,0.030487,0.004736,1,49.7864,7.991844,249.728,0.581409,1,0.412229,1,4,16,0.015625,-0.000335,-0.008023,-0.002499,C-accelerated,139626.0,135500.0,7927.24,10625.0,3.9207
2026-03-30T05:40:55Z,2724667016,493,Macet di jalan. Panas. Bising. Sabar. Akhirnya sampai juga.,59,44,1,49.8901,0.043779,0.375,0.625,0.498901,0.040214,0.421875,0.617188,0.006209,0.031984,0.004712,1,49.9115,7.992368,232.483,0.840929,1,0.462847,1,4,16,0.015625,-0.008132,0.013806,0.006362,C-accelerated,138462.89,135600.0,7743.99,4175.0,1.5395
2026-03-30T05:40:55Z,2724667016,494,Anak kucing terlantar. Dia bawa pulang. Diberi susu. Kecil tapi berharga.,73,44,1,50.1343,0.039801,0.398438,0.585938,0.501343,0.038954,0.390625,0.59375,0.006213,0.030949,0.004633,1,50.2625,7.991943,246.516,0.636944,1,0.131946,1,4,16,0.015625,-0.003599,0.006617,0.009871,C-accelerated,135290.0,134900.0,2495.67,2975.0,1.1027
2026-03-30T05:40:55Z,2724667016,495,Dia berkebun di lahan sempit. Tanaman dalam pot. Hijau di tengah kota.,70,44,1,49.5605,0.04391,0.390625,0.609375,0.495605,0.041475,0.390625,0.59375,0.006282,0.029463,0.00466,1,49.9695,7.991959,246.284,0.640892,1,0.793166,1,4,16,0.015625,-0.000651,0.002092,-0.004942,C-accelerated,135798.0,135550.0,2501.65,4600.0,1.6968
2026-03-30T05:40:55Z,2724667016,496,"Ibu memeluk anak yang gagal. ""Tidak apa. Masih ada kesempatan."" Peluk yang menguatkan.",86,44,1,50.1953,0.043978,0.382812,0.617188,0.501953,0.040618,0.382812,0.609375,0.006233,0.035888,0.004693,1,49.5422,7.990784,281.565,0.121592,1,0.695857,1,4,16,0.015625,-0.000745,-0.01341,0.001741,C-accelerated,140775.33,138300.0,7511.98,8600.0,3.1092
2026-03-30T05:40:55Z,2724667016,497,Dia mencoba puasa pertama. Lapar. Haus. Tapi bahagia. Merasa lebih dekat dengan Tuhan.,86,44,1,50.061,0.041897,0.398438,0.609375,0.50061,0.048363,0.382812,0.625,0.006156,0.028811,0.00468,1,50.0519,7.992043,243.025,0.694671,1,0.342776,1,4,16,0.015625,-0.007736,3e-05,-0.012068,C-accelerated,138202.67,135650.0,5723.58,6675.0,2.4604
2026-03-30T05:40:55Z,2724667016,498,Teman lama menikah. Datang ke pernikahan. Tersenyum melihat bahagia mereka.,75,44,1,49.6521,0.043342,0.390625,0.609375,0.496521,0.048444,0.328125,0.609375,0.006301,0.029687,0.004717,1,49.762,7.990731,282.263,0.115851,1,0.008864,0,4,16,0.015625,0.007347,-0.002906,-0.004957,C-accelerated,133407.11,133200.0,1436.75,2000.0,0.7508
2026-03-30T05:40:55Z,2724667016,499,Dia membuang barang tidak terpakai. Rumah lebih lapang. Hati juga.,66,44,1,49.7803,0.053586,0.375,0.640625,0.497803,0.050033,0.351562,0.609375,0.006232,0.027552,0.004676,1,49.9115,7.992699,223.407,0.923855,1,0.513678,1,4,16,0.015625,0.002227,-0.011765,0.016505,C-accelerated,133818.44,133500.0,1441.4,1800.0,0.6742
2026-03-30T05:40:55Z,2724667016,500,Hujan deras malam ini. Tidur nyenyak. Suara hujan seperti lagu tidur.,69,44,1,49.9146,0.042514,0.398438,0.601562,0.499146,0.041893,0.398438,0.609375,0.006312,0.031205,0.004741,1,50.4578,7.991902,246.353,0.639709,1,0.128317,1,4,16,0.015625,0.006511,0.008229,-0.002591,C-accelerated,142895.78,139450.0,7959.84,9375.0,3.3614
2026-03-30T05:40:55Z,2724667016,501,Dia mengajari adik matematika. Sulit. Sabar. Akhirnya mengerti. Bangga.,71,44,1,49.6277,0.046783,0.390625,0.601562,0.496277,0.042735,0.40625,0.609375,0.00626,0.034668,0.004716,1,49.8138,7.991911,246.4,0.638919,1,0.222301,1,4,16,0.015625,0.002741,0.010562,-0.006509,C-accelerated,133170.67,133100.0,846.21,1000.0,0.3757
2026-03-30T05:40:55Z,2724667016,502,Ibu membuat kue ulang tahun sendiri. Tidak sempurna. Tapi penuh cinta. Anak suka.,81,44,1,50.5737,0.044959,0.414062,0.632812,0.505737,0.04264,0.414062,0.59375,0.006261,0.0287,0.004764,1,50.1984,7.992391,230.621,0.861306,1,0.67832,1,4,16,0.015625,0.00317,0.007583,-0.000443,C-accelerated,139900.67,138700.0,5750.0,7300.0,2.6316
2026-03-30T05:40:55Z,2724667016,503,Dia menulis surat untuk masa depan. Dikubur dalam botol. Semoga ditemukan.,74,44,1,49.3591,0.044553,0.390625,0.617188,0.493591,0.037663,0.382812,0.578125,0.00637,0.032341,0.004818,1,49.5575,7.990345,294.039,0.046794,0,0.498432,1,4,16,0.015625,-0.003608,0.00441,-0.00221,C-accelerated,134213.78,134000.0,1015.28,900.0,0.3358
2026-03-30T05:40:55Z,2724667016,504,Matahari terbit. Ayam berkokok. Hari baru dimulai. Semangat baru.,65,44,1,50.2197,0.044527,0.40625,0.632812,0.502197,0.043212,0.390625,0.609375,0.006261,0.028289,0.004742,1,50.2197,7.992887,217.821,0.955809,1,1.0,1,4,16,0.015625,-0.007706,-0.003943,0.006029,C-accelerated,134936.22,134800.0,1643.19,2400.0,0.8902
2026-03-30T05:40:55Z,2724667016,505,Dia tersesat di pasar. Ramai. Akhirnya bertemu ibu. Lega.,57,44,1,49.6033,0.042094,0.398438,0.59375,0.496033,0.041062,0.390625,0.65625,0.006244,0.031557,0.004773,1,49.826,7.991785,251.799,0.544894,1,0.626779,1,4,16,0.015625,0.004253,0.007721,0.010277,C-accelerated,132898.0,132900.0,1204.11,1075.0,0.4044
2026-03-30T05:40:55Z,2724667016,506,Kakek memakai kacamata baru. Bisa baca koran lagi. Tersenyum.,61,44,1,50.2502,0.047821,0.382812,0.617188,0.502502,0.04127,0.398438,0.609375,0.006126,0.033494,0.004709,1,49.9634,7.990137,297.46,0.034835,0,0.057776,1,4,16,0.015625,-0.003449,0.006286,-0.005339,C-accelerated,134397.11,133000.0,2527.47,3200.0,1.203
2026-03-30T05:40:55Z,2724667016,507,Dia menyelamatkan cacing di jalan setelah hujan. Kecil. Tapi berharga.,70,44,1,50.2747,0.044168,0.390625,0.632812,0.502747,0.04463,0.382812,0.617188,0.006276,0.033931,0.004753,1,50.293,7.992724,221.079,0.938763,1,0.106069,1,4,16,0.015625,-0.002746,0.004552,-0.007155,C-accelerated,137498.22,135300.0,7002.3,4600.0,1.6999
2026-03-30T05:40:55Z,2724667016,508,Ibu memasak dengan sisa bahan di kulkas. Jadi masakan enak. Kreatif.,68,44,1,50.1892,0.040474,0.414062,0.617188,0.501892,0.042057,0.390625,0.617188,0.006257,0.03027,0.004752,1,50.0092,7.99047,287.197,0.080907,1,0.006676,0,4,16,0.015625,0.007034,-0.007808,0.013489,C-accelerated,139068.22,136600.0,6023.85,5200.0,1.9034
2026-03-30T05:40:55Z,2724667016,509,Dia berdoa di tempat sunyi. Sepi. Hanya dia dan Tuhan. Tenang.,62,44,1,50.8667,0.044988,0.40625,0.664062,0.508667,0.044132,0.359375,0.59375,0.006243,0.030523,0.00471,1,50.0671,7.991069,269.254,0.258114,1,0.845033,1,4,16,0.015625,0.003248,-0.005984,-0.003346,C-accelerated,132865.56,132700.0,1136.66,1500.0,0.5652
2026-03-30T05:40:55Z,2724667016,510,Anak lulus sekolah. Ibu menangis haru. Perjuangan tidak sia-sia.,64,44,1,50.2502,0.049071,0.375,0.617188,0.502502,0.046956,0.390625,0.609375,0.006237,0.031139,0.004738,1,49.6857,7.992351,231.529,0.851592,1,0.717116,1,4,16,0.015625,0.001104,-0.007834,-0.001275,C-accelerated,133926.89,134000.0,1166.52,1500.0,0.5597
2026-03-30T05:40:55Z,2724667016,511,Dia dengar lagu lama. Ingat masa muda. Tersenyum. Menangis. Bernostalgia.,73,44,1,49.8352,0.038752,0.398438,0.609375,0.498352,0.040473,0.414062,0.59375,0.006279,0.027662,0.004693,1,49.6399,7.9917,249.612,0.583449,1,0.423185,1,4,16,0.015625,0.002593,-0.011687,0.002824,C-accelerated,133250.44,133100.0,782.0,700.0,0.263
2026-03-30T05:40:55Z,2724667016,512,Banjir surut. Lumpur di mana-mana. Warga bersih-bersih. Gotong royong.,70,44,1,50.6958,0.042435,0.40625,0.609375,0.506958,0.041961,0.414062,0.640625,0.006303,0.030751,0.004744,1,49.5667,7.991622,254.476,0.497488,1,0.080187,1,4,16,0.015625,-0.000725,0.004504,0.007102,C-accelerated,150673.78,147400.0,11602.99,19425.0,6.5892
2026-03-30T05:40:55Z,2724667016,513,Dia memberi tempat duduk di bus untuk ibu hamil. Ibu tersenyum. Dia senang.,75,44,1,50.2991,0.048388,0.375,0.625,0.502991,0.042736,0.398438,0.625,0.006222,0.029946,0.004657,1,50.1953,7.991531,257.478,0.444777,1,0.457057,1,4,16,0.015625,0.009619,-0.000549,-0.00052,C-accelerated,141622.44,138800.0,7922.01,8750.0,3.152
2026-03-30T05:40:55Z,2724667016,514,Malam tahun baru. Kembang api. Harapan baru. Doa baru.,54,44,1,50.0854,0.051511,0.335938,0.632812,0.500854,0.045515,0.390625,0.625,0.006234,0.029902,0.004719,1,49.9603,7.99196,241.466,0.719235,1,0.254541,1,4,16,0.015625,0.015621,0.004512,0.001274,C-accelerated,137543.11,136600.0,4313.47,6900.0,2.5256
2026-03-30T05:40:55Z,2724667016,515,Dia mengembalikan dompet yang ditemukan. Pemiliknya senang. Dia merasa tenang.,78,44,1,49.6643,0.045173,0.398438,0.625,0.496643,0.042102,0.390625,0.585938,0.006295,0.031389,0.004738,1,49.6826,7.991751,253.894,0.507786,1,0.519843,1,4,16,0.015625,0.001835,-0.0044,-0.001678,C-accelerated,144239.11,143250.0,7591.83,10575.0,3.6911
2026-03-30T05:40:55Z,2724667016,516,Ibu menanam sayur di halaman. Cabai. Tomat. Bayam. Hemat. Sehat.,64,44,1,50.1709,0.04802,0.351562,0.609375,0.501709,0.045773,0.375,0.609375,0.006257,0.028329,0.004763,1,49.9695,7.990152,298.88,0.030692,0,0.158208,1,4,16,0.015625,-0.003026,0.005919,-0.007812,C-accelerated,148596.67,148450.0,7537.11,11375.0,3.8313
2026-03-30T05:40:55Z,2724667016,517,Dia pindah rumah. Berat. Tapi meninggalkan kenangan buruk. Awal baru.,69,44,1,50.4761,0.045326,0.414062,0.65625,0.504761,0.044423,0.40625,0.625,0.006213,0.037716,0.004692,1,49.9878,7.990875,279.727,0.137705,1,0.17274,1,4,16,0.015625,-0.011265,0.001225,0.00044,C-accelerated,135434.22,134900.0,2152.17,2750.0,1.0193
2026-03-30T05:40:55Z,2724667016,518,"Anak bertanya mengapa langit biru. Ibu tidak tahu. ""Cantik, kan?"" Ya.",69,44,1,49.7009,0.044346,0.398438,0.601562,0.497009,0.043936,0.382812,0.601562,0.006198,0.028346,0.004746,1,50.2594,7.990271,297.391,0.03505,0,0.593384,1,4,16,0.015625,0.008404,-0.000715,-0.007529,C-accelerated,134034.22,133900.0,2394.06,2575.0,0.9615
2026-03-30T05:40:55Z,2724667016,519,Dia membuat sarapan untuk pasangan. Roti bakar. Teh. Sederhana. Bahagia.,72,44,1,49.646,0.046598,0.375,0.632812,0.49646,0.045803,0.359375,0.609375,0.006171,0.028998,0.004674,1,50.0549,7.993006,211.351,0.978598,1,0.859987,1,4,16,0.015625,-0.00886,-0.004053,0.007521,C-accelerated,133365.56,134000.0,1524.45,2700.0,1.0075
2026-03-30T05:40:55Z,2724667016,520,Tukang parkir membantu memundurkan mobil. Ramah. Senyum. Hari lebih baik.,73,44,1,49.5178,0.043478,0.390625,0.585938,0.495178,0.046365,0.382812,0.617188,0.006191,0.033447,0.004671,1,49.6368,7.993214,206.976,0.987678,1,0.671354,1,4,16,0.015625,-0.000111,-0.003897,-0.00598,C-accelerated,140041.56,137150.0,6747.46,7600.0,2.7707
2026-03-30T05:40:55Z,2724667016,522,Ibu memijat anak yang kecapekan. Lembut. Penuh kasih. Anak tertidur.,68,44,1,49.5483,0.044395,0.367188,0.601562,0.495483,0.04447,0.367188,0.59375,0.006292,0.034058,0.004779,1,50.174,7.991622,254.476,0.497488,1,0.116777,1,4,16,0.015625,0.006297,-0.002352,-0.004494,C-accelerated,132973.33,132500.0,1948.81,2375.0,0.8962
2026-03-30T05:40:55Z,2724667016,521,Dia menyiram tanaman. Kuncup mulai mekar. Sabar menunggu. Akhirnya cantik.,74,44,1,49.1516,0.044086,0.390625,0.601562,0.491516,0.047119,0.390625,0.625,0.006169,0.036007,0.00474,1,50.4791,7.992048,240.419,0.735236,1,0.529162,1,4,16,0.015625,-0.00233,0.00301,0.009172,C-accelerated,145046.89,141750.0,9170.14,15275.0,5.388
2026-03-30T05:40:55Z,2724667016,523,Dia memberi makan burung di taman. Burung datang. Pergi. Datang lagi. Persahabatan sederhana.,93,44,1,49.6521,0.043813,0.382812,0.601562,0.496521,0.045959,0.390625,0.648438,0.006214,0.033919,0.004661,1,49.8779,7.991166,271.488,0.228346,1,0.720681,1,4,16,0.015625,0.00282,-0.011936,-0.010421,C-accelerated,133758.22,133300.0,1505.36,2075.0,0.7783
2026-03-30T05:40:55Z,2724667016,524,Hujan disertai petir. Anak takut. Ibu menemani. Petir tidak menakutkan lagi.,76,44,1,49.9451,0.043159,0.398438,0.609375,0.499451,0.042771,0.375,0.601562,0.006255,0.031687,0.004671,1,49.7864,7.991905,247.517,0.619835,1,0.330786,1,4,16,0.015625,-0.00808,-0.00256,-0.001813,C-accelerated,134168.44,133800.0,1230.11,2200.0,0.8221
2026-03-30T05:40:55Z,2724667016,525,"Dia membeli kopi untuk teman menganggur. Teman tersenyum. ""Nanti aku traktir kalau sudah kerja.""",96,44,1,49.1638,0.044572,0.390625,0.601562,0.491638,0.041296,0.367188,0.632812,0.006176,0.028224,0.004715,1,50.1129,7.991785,249.565,0.584264,1,0.28343,1,4,16,0.015625,-0.009596,-0.006456,-0.013054,C-accelerated,142147.56,140600.0,4846.05,3575.0,1.2713
2026-03-30T05:40:55Z,2724667016,526,Nenek kehilangan kacamata. Mencarinya di mana-mana. Ternyata di atas kepala. Tertawa bersama.,93,44,1,49.6521,0.046392,0.367188,0.640625,0.496521,0.043485,0.359375,0.601562,0.006239,0.031404,0.004741,1,50.3479,7.992693,221.847,0.934107,1,0.856244,1,4,16,0.015625,0.00452,-0.003834,0.002936,C-accelerated,137939.11,135000.0,7017.94,5875.0,2.1759
2026-03-30T05:40:55Z,2724667016,527,Dia belajar membuat tempe. Gagal. Coba lagi. Berhasil. Bangga.,62,44,1,50.0671,0.043663,0.398438,0.609375,0.500671,0.043201,0.335938,0.601562,0.006304,0.032014,0.004744,1,50.2289,7.991348,263.599,0.342373,1,0.303132,1,4,16,0.015625,0.003953,-0.000758,-0.008409,C-accelerated,134588.44,134900.0,1229.65,1700.0,0.6301
2026-03-30T05:40:55Z,2724667016,528,Macet parah. Dia sabar. Mendengarkan podcast. Waktu tidak terbuang sia-sia.,75,44,1,49.6155,0.045586,0.375,0.609375,0.496155,0.042365,0.398438,0.601562,0.006286,0.034278,0.004795,1,50.0549,7.990804,280.89,0.127337,1,0.113479,1,4,16,0.015625,-0.005581,0.011901,0.012819,C-accelerated,140965.78,138300.0,7504.13,8650.0,3.1273
2026-03-30T05:40:55Z,2724667016,529,Ibu menjenguk anak sakit di kost. Membawa sup ayam. Anak sembuh. Ibu pulang.,76,44,1,49.9573,0.045662,0.375,0.617188,0.499573,0.040973,0.398438,0.617188,0.006159,0.029188,0.004653,1,50.0824,7.991772,248.797,0.597678,1,0.800525,1,4,16,0.015625,0.000585,-0.000102,0.002068,C-accelerated,141284.67,137150.0,16244.59,6075.0,2.2147
2026-03-30T05:40:55Z,2724667016,530,Dia menemukan batu unik di sungai. Dibawa pulang. Jadi pajangan. Mengingatkan pada petualangan.,95,44,1,49.6338,0.043738,0.390625,0.617188,0.496338,0.042376,0.367188,0.625,0.006289,0.027837,0.004674,1,50.0824,7.991397,262.621,0.358072,1,0.859987,1,4,16,0.015625,-0.002203,0.008,0.001614,C-accelerated,134238.0,133700.0,1656.33,1500.0,0.561
2026-03-30T05:40:55Z,2724667016,531,Anak kecil menangis di mall. Tersesat. Diantarkan ke informasi. Bertemu ibu. Pelukan hangat.,92,44,1,49.9878,0.043344,0.367188,0.601562,0.499878,0.045302,0.382812,0.625,0.006191,0.03225,0.004657,1,50.1312,7.991535,257.873,0.437913,1,0.077748,1,4,16,0.015625,-0.0009,-0.002627,-0.011615,C-accelerated,137197.78,135200.0,5434.42,5050.0,1.8676
2026-03-30T05:40:55Z,2724667016,532,Dia berkebun di pagi hari. Tanah basah. Cacing muncul. Burung datang. Hidup.,76,44,1,49.3286,0.040791,0.390625,0.617188,0.493286,0.045823,0.359375,0.617188,0.006193,0.036524,0.004675,1,50.3479,7.991735,253.196,0.520156,1,0.183492,1,4,16,0.015625,0.005366,-0.00724,0.000875,C-accelerated,140222.67,136900.0,8054.01,9175.0,3.351
2026-03-30T05:40:55Z,2724667016,533,Ibu membelikan buku untuk anak. Bukan yang diminta. Tapi anak suka. Ibu tahu selera anak.,89,44,1,49.9939,0.038255,0.390625,0.609375,0.499939,0.040495,0.40625,0.601562,0.00626,0.027966,0.004702,1,50.2502,7.992864,215.866,0.964109,1,0.442762,1,4,16,0.015625,0.004168,-0.00511,0.004415,C-accelerated,132992.44,132700.0,1203.38,1500.0,0.5652
2026-03-30T05:40:55Z,2724667016,534,Dia membantu tetua menyebrang jalan. Lambat. Tapi sabar. Kakek berterima kasih. Dia tersenyum.,94,44,1,49.9451,0.046097,0.390625,0.617188,0.499451,0.043346,0.367188,0.617188,0.0063,0.029334,0.004696,1,49.9451,7.990763,282.1,0.117172,1,0.004986,0,4,16,0.015625,-0.002858,0.002954,-0.003061,C-accelerated,135203.78,134800.0,1594.67,1400.0,0.5193
2026-03-30T05:40:55Z,2724667016,535,Hari panas. Dia membeli es kelapa muda. Segar. Bersyukur.,57,44,1,49.4141,0.043684,0.367188,0.585938,0.494141,0.04043,0.382812,0.601562,0.006227,0.033513,0.004688,1,49.6674,7.990728,282.1,0.117172,1,0.128317,1,4,16,0.015625,0.005575,0.003721,0.009052,C-accelerated,134166.0,133700.0,1673.84,2200.0,0.8227
2026-03-30T05:40:55Z,2724667016,536,Dia bermeditasi di pagi hari. Sepi. Damai. Siap menghadapi hari.,64,44,1,49.6155,0.043717,0.367188,0.578125,0.496155,0.041821,0.367188,0.65625,0.006245,0.037446,0.004723,1,49.826,7.99243,230.714,0.860329,1,0.946787,1,4,16,0.015625,6.2e-05,0.003037,-0.002534,C-accelerated,136462.89,135700.0,2767.52,3075.0,1.133
2026-03-30T05:40:55Z,2724667016,537,"Ibu menelfon anak setiap minggu. ""Sudah makan? Jaga kesehatan."" Suara yang dirindukan.",86,44,1,49.5178,0.047823,0.375,0.625,0.495178,0.042524,0.359375,0.601562,0.006166,0.030045,0.004672,1,49.9359,7.992269,237.649,0.7754,1,0.417685,1,4,16,0.015625,-0.004361,-0.00589,0.007331,C-accelerated,166334.22,165800.0,1280.74,1300.0,0.392
2026-03-30T05:40:55Z,2724667016,538,Dia melihat anak jalanan. Tergerak. Memberi sedikit. Tidak banyak. Tapi dari hati.,82,44,1,50.4028,0.043728,0.390625,0.648438,0.504028,0.040724,0.398438,0.617188,0.006166,0.031488,0.004738,1,49.8322,7.992909,214.726,0.968348,1,0.699384,1,4,16,0.015625,-0.004751,-0.002271,-0.014162,C-accelerated,139190.89,136600.0,6526.9,5400.0,1.9766
2026-03-30T05:40:55Z,2724667016,539,Pohon durian berbuah. Wangi. Jatuh. Dibagikan ke tetangga. Semua kebagian.,74,44,1,50.0122,0.043234,0.40625,0.609375,0.500122,0.043002,0.398438,0.65625,0.006311,0.028782,0.004734,1,49.7681,7.990929,274.769,0.188593,1,0.60998,1,4,16,0.015625,0.002764,0.001935,0.002422,C-accelerated,134148.44,134100.0,1299.42,2175.0,0.811
2026-03-30T05:40:55Z,2724667016,540,Dia menyelesaikan buku tebal. Puas. Belajar banyak. Pinjam lagi.,64,44,1,50.6836,0.046044,0.398438,0.617188,0.506836,0.043902,0.414062,0.640625,0.006318,0.028929,0.004745,1,49.8993,7.990574,285.731,0.0903,1,0.1997,1,4,16,0.015625,0.004744,0.01142,0.00774,C-accelerated,136019.78,135600.0,2755.8,3500.0,1.2906
2026-03-30T05:40:55Z,2724667016,541,Malam sunyi. Dia merenung. Bersyukur atas hari ini. Besok semangat lagi.,72,44,1,49.7559,0.046051,0.398438,0.601562,0.497559,0.045152,0.382812,0.625,0.006171,0.028652,0.004705,1,50.5951,7.991902,244.841,0.665074,1,0.355039,1,4,16,0.015625,0.00279,0.007618,-0.006107,C-accelerated,137463.33,137600.0,2008.15,2600.0,0.9448
2026-03-30T05:40:55Z,2724667016,542,Ibu membangunkkan sahur. Lemas. Tapi makan bersama hangat. Puasa lancar.,72,44,1,50.2319,0.045369,0.367188,0.601562,0.502319,0.046685,0.382812,0.648438,0.006108,0.027838,0.004681,1,50.1007,7.990278,297.111,0.035923,0,0.507551,1,4,16,0.015625,-0.000235,0.005231,-0.006015,C-accelerated,139951.33,137300.0,7610.48,6300.0,2.2942
2026-03-30T05:40:55Z,2724667016,543,Dia menemukan uang di jalan. Diberikan ke masjid. Lebih berkah.,63,44,1,50.531,0.043694,0.398438,0.59375,0.50531,0.042623,0.398438,0.617188,0.006169,0.03129,0.004699,1,49.9756,7.990118,298.345,0.032202,0,0.735002,1,4,16,0.015625,-0.002554,0.001066,0.003685,C-accelerated,132655.33,132600.0,1079.83,800.0,0.3017
2026-03-30T05:40:55Z,2724667016,544,Anak belajar mengikat tali sepatu. Susah. Terus mencoba. Bisa. Sombong sedikit.,79,44,1,50.1282,0.04343,0.398438,0.617188,0.501282,0.043932,0.40625,0.679688,0.006193,0.031445,0.004697,1,49.7162,7.990482,292.108,0.054934,1,0.633553,1,4,16,0.015625,-0.002459,-0.005276,0.004154,C-accelerated,138879.33,136600.0,5732.78,3150.0,1.153
2026-03-30T05:40:55Z,2724667016,545,Hujan angin. Pohon tumbang. Warga kerja bakti. Semua bantu.,59,44,1,49.646,0.04771,0.351562,0.601562,0.49646,0.041888,0.375,0.59375,0.006261,0.030926,0.004757,1,49.9542,7.993177,208.908,0.984176,1,0.2205,1,4,16,0.015625,-0.004981,-0.006613,-0.004549,C-accelerated,134531.56,134400.0,2126.78,2300.0,0.8557
2026-03-30T05:40:55Z,2724667016,546,Dia memasak untuk diri sendiri. Pertama kali. Gosong. Tapi bangga.,66,44,1,50.1343,0.043247,0.375,0.617188,0.501343,0.043434,0.390625,0.609375,0.006173,0.029347,0.004695,1,49.9237,7.991775,249.053,0.593216,1,0.636952,1,4,16,0.015625,0.005583,0.003578,0.005667,C-accelerated,138444.0,134400.0,9693.59,4750.0,1.7671
2026-03-30T05:40:55Z,2724667016,547,Ibu membelikan mainan murah. Anak senang bukan main. Bahagia tidak perlu mahal.,79,44,1,50.6348,0.040191,0.398438,0.578125,0.506348,0.043154,0.390625,0.59375,0.006235,0.031472,0.004715,1,50.3845,7.992525,228.62,0.88125,1,0.034693,1,4,16,0.015625,-0.000502,-0.000456,0.01459,C-accelerated,135472.89,135600.0,1666.02,1600.0,0.59
2026-03-30T05:40:55Z,2724667016,548,Dia menabung untuk umroh. Bertahun-tahun. Terkumpul. Berangkat. Terharu di tanah suci.,86,44,1,50.293,0.044794,0.398438,0.609375,0.50293,0.036014,0.414062,0.585938,0.006272,0.030988,0.004695,1,50.1892,7.992168,237.882,0.772152,1,0.890041,1,4,16,0.015625,0.002166,-0.000857,0.003878,C-accelerated,143570.0,141300.0,6973.59,6100.0,2.1585
2026-03-30T05:40:55Z,2724667016,549,Tetangga punya hajat. Bantu masak. Bantu siapkan. Gotong royong. Hidup bermasyarakat.,85,44,1,50.3174,0.0469,0.398438,0.640625,0.503174,0.045328,0.398438,0.601562,0.006238,0.028156,0.004726,1,49.5789,7.991939,241.28,0.72211,1,0.576998,1,4,16,0.015625,0.018199,0.00469,-0.004517,C-accelerated,133700.44,133450.0,1526.06,2200.0,0.8243
2026-03-30T05:40:55Z,2724667016,550,Dia mengirim bunga untuk ibu di hari ibu. Ibu menangis. Senang. Bunga layu. Kenangan abadi.,91,44,1,50.2075,0.044221,0.375,0.640625,0.502075,0.042088,0.375,0.601562,0.006257,0.031377,0.004701,1,49.5087,7.990734,282.729,0.112138,1,0.01805,1,4,16,0.015625,-0.004985,0.006078,0.003297,C-accelerated,139934.22,136250.0,7996.13,6200.0,2.2752
2026-03-30T05:40:55Z,2724667016,551,"Anak lomba mewarnai. Tidak menang. Ibu peluk. ""Kamu sudah hebat.""",65,44,1,50.531,0.0426,0.398438,0.609375,0.50531,0.040852,0.40625,0.625,0.00616,0.026761,0.004669,1,50.1556,7.992701,223.034,0.926403,1,0.459947,1,4,16,0.015625,0.004431,0.017537,0.002796,C-accelerated,134616.89,134300.0,1534.94,1200.0,0.4468
2026-03-30T05:40:55Z,2724667016,552,Dia belajar membuat kue kering Lebaran. Gagal beberapa kali. Jadi juga. Enak.,77,44,1,49.2493,0.041883,0.390625,0.609375,0.492493,0.042042,0.390625,0.609375,0.006325,0.030547,0.004726,1,49.8871,7.990855,279.54,0.139418,1,0.305376,1,4,16,0.015625,-0.001986,-0.001838,0.007664,C-accelerated,136520.22,135800.0,3589.96,4800.0,1.7673
2026-03-30T05:40:55Z,2724667016,553,Hari libur. Tidak ke mana-mana. Rebahan. Membaca. Menikmati lambat.,67,44,1,49.3286,0.043385,0.375,0.601562,0.493286,0.041875,0.414062,0.59375,0.00619,0.028748,0.004693,1,49.7772,7.992399,233.111,0.833657,1,0.567269,1,4,16,0.015625,-0.004258,-0.000119,-0.007014,C-accelerated,133768.89,133200.0,1765.32,2400.0,0.9009
2026-03-30T05:40:55Z,2724667016,554,Ibu menjemur kasur. Wangi matahari. Tidur nyenyak malamnya.,59,44,1,50.1465,0.041036,0.421875,0.609375,0.501465,0.043132,0.375,0.640625,0.006167,0.032231,0.004678,1,50.1862,7.990407,294.784,0.043935,0,0.660957,1,4,16,0.015625,0.008397,-0.001019,-0.005277,C-accelerated,133754.89,133350.0,2066.89,1800.0,0.6749
2026-03-30T05:40:55Z,2724667016,555,Dia membersihkan selokan. Mampet. Gotong royong dengan tetangga. Air mengalir lagi.,83,44,1,49.8962,0.046869,0.390625,0.601562,0.498962,0.045944,0.367188,0.617188,0.006207,0.028433,0.004633,1,50.2563,7.991548,257.687,0.44114,1,0.859987,1,4,16,0.015625,-0.003213,-0.006078,-0.011645,C-accelerated,138038.67,135400.0,7036.1,3375.0,1.2463
2026-03-30T05:40:55Z,2724667016,556,Melihat orang tua berpegangan tangan. Manis. Berharap bisa seperti mereka.,74,44,1,49.8596,0.046788,0.390625,0.609375,0.498596,0.047446,0.375,0.640625,0.006202,0.034367,0.004723,1,50.1923,7.991859,248.471,0.603344,1,0.24281,1,4,16,0.015625,0.006633,-0.003636,-0.002053,C-accelerated,149031.56,139800.0,19507.76,15350.0,5.49
2026-03-30T05:40:55Z,2724667016,557,Dia memberi makan kucing liar. Kucing datang setiap hari. Menunggu. Persahabatan sederhana.,91,44,1,50.3296,0.044534,0.351562,0.601562,0.503296,0.044566,0.414062,0.59375,0.006295,0.031461,0.004743,1,49.7192,7.989924,306.932,0.014305,0,0.330786,1,4,16,0.015625,0.004096,-0.014841,-0.002136,C-accelerated,133217.11,132800.0,1626.06,2075.0,0.7812
2026-03-30T05:40:55Z,2724667016,558,Ibu menulis resep turun temurun. Dibagikan ke anak. Masakan ibu tetap jadi yang terenak.,88,44,1,49.1516,0.045092,0.390625,0.601562,0.491516,0.047088,0.367188,0.640625,0.006268,0.028865,0.004745,1,49.7192,7.991671,252.66,0.529642,1,0.973379,1,4,16,0.015625,0.000884,-0.009523,0.002367,C-accelerated,133824.22,133700.0,1134.5,1075.0,0.402
2026-03-30T05:40:55Z,2724667016,559,Dia berkunjung ke kampung halaman. Rumah lama. Kenangan masa kecil. Haru.,73,44,1,50.0977,0.042015,0.398438,0.632812,0.500977,0.047602,0.382812,0.609375,0.006239,0.029916,0.004669,1,50.4456,7.991186,269.021,0.261337,1,0.065741,1,4,16,0.015625,-0.003147,0.00404,-0.007245,C-accelerated,136910.0,134700.0,6742.65,4700.0,1.7446
2026-03-30T05:40:55Z,2724667016,560,Malam hujan. Membaca buku. Minum teh hangat. Sempurna.,54,44,1,49.7559,0.044568,0.382812,0.617188,0.497559,0.041395,0.367188,0.625,0.006144,0.028593,0.004631,1,49.7711,7.99096,273.35,0.205201,1,0.264614,1,4,16,0.015625,-0.00072,-0.000234,0.006814,C-accelerated,137904.67,135250.0,6119.43,6575.0,2.4307
2026-03-30T05:40:55Z,2724667016,561,Anak pertama kali puasa penuh. Bangga. Ibu buka puasa dengan makanan kesukaan.,78,44,1,49.9207,0.041199,0.421875,0.59375,0.499207,0.043781,0.375,0.609375,0.006184,0.032235,0.004732,1,50.0519,7.991661,255.36,0.481872,1,0.206468,1,4,16,0.015625,-0.003012,-0.00946,-0.000142,C-accelerated,145112.44,140900.0,10802.54,7000.0,2.484
2026-03-30T05:40:55Z,2724667016,562,Dia belajar fotografi. Memotret hal sederhana. Indah. Bersyukur.,64,44,1,50.3723,0.03933,0.398438,0.625,0.503723,0.044194,0.390625,0.625,0.006178,0.029886,0.004706,1,50.0061,7.992414,230.342,0.864211,1,0.927827,1,4,16,0.015625,0.004005,0.007535,-0.00853,C-accelerated,135755.11,135200.0,1904.27,2275.0,0.8413
2026-03-30T05:40:55Z,2724667016,563,Ibu membuat telur dadar kesukaan anak. Anak suka. Ibu senang.,61,44,1,50.0488,0.043638,0.335938,0.59375,0.500488,0.042721,0.398438,0.617188,0.006254,0.034366,0.004762,1,49.9512,7.990952,278.284,0.151384,1,0.87875,1,4,16,0.015625,-0.006043,0.007917,0.00094,C-accelerated,134747.33,135100.0,1964.46,3300.0,1.2213
2026-03-30T05:40:55Z,2724667016,564,Dia kehilangan teman karena salah paham. Sedih. Belajar memaafkan.,66,44,1,50.3784,0.04241,0.359375,0.601562,0.503784,0.044911,0.40625,0.65625,0.006165,0.032555,0.00473,1,49.8474,7.992948,213.958,0.970971,1,0.008619,0,4,16,0.015625,-0.007518,-0.004051,-0.017141,C-accelerated,139404.67,136700.0,6701.08,5275.0,1.9294
2026-03-30T05:40:55Z,2724667016,565,Hari panas. Tukang es kelapa laris. Orang-orang haus. Melepas dahaga.,69,44,1,49.9146,0.044294,0.398438,0.640625,0.499146,0.044701,0.40625,0.625,0.006244,0.030247,0.004778,1,50.3418,7.991162,271.023,0.234371,1,0.91647,1,4,16,0.015625,-0.012888,-0.000955,0.003074,C-accelerated,136943.11,135200.0,5156.5,3750.0,1.3868
2026-03-30T05:40:55Z,2724667016,566,Dia menanam cabai di pot. Tumbuh. Berbuah. Pedas. Masak sendiri.,64,44,1,50.0488,0.041693,0.382812,0.625,0.500488,0.043953,0.398438,0.617188,0.006131,0.027855,0.004677,1,50.3845,7.991699,254.01,0.505725,1,0.256534,1,4,16,0.015625,-0.004077,0.001277,0.003698,C-accelerated,142481.33,137200.0,10943.49,10300.0,3.7536
2026-03-30T05:40:55Z,2724667016,567,Ibu merapikan rambut anak. Disisir pelan. Anak terlelap. Momen kecil berarti.,77,44,1,49.9146,0.046129,0.390625,0.640625,0.499146,0.040113,0.398438,0.632812,0.006119,0.03466,0.004647,1,49.8322,7.991609,257.501,0.444373,1,0.710004,1,4,16,0.015625,1.7e-05,-0.006275,-0.003889,C-accelerated,133857.78,133300.0,1739.46,1575.0,0.5908
2026-03-30T05:40:55Z,2724667016,568,Dia berjalan di pasar. Bau rempah. Sayur segar. Ikan basah. Hidup berwarna.,75,44,1,50.4639,0.043645,0.351562,0.609375,0.504639,0.043722,0.40625,0.632812,0.00624,0.029637,0.00475,1,49.8901,7.992349,231.249,0.854625,1,0.398773,1,4,16,0.015625,-0.003826,0.002087,-0.00509,C-accelerated,135482.0,135200.0,2275.01,2800.0,1.0355
2026-03-30T05:40:55Z,2724667016,569,Malam takbiran. Takbir berkumandang. Haru. Suci. Selamat Idul Fitri.,68,44,1,50.0793,0.043639,0.382812,0.640625,0.500793,0.046547,0.40625,0.617188,0.006369,0.035765,0.004811,1,49.3042,7.991215,267.252,0.286547,1,0.7712,1,4,16,0.015625,-0.00077,0.008012,0.01632,C-accelerated,138989.11,135500.0,16648.79,2900.0,1.0701
2026-03-30T05:40:55Z,2724667016,570,"Dia membuat kopi untuk ayah. Ayah tersenyum. ""Anakku sudah besar.""",66,44,1,50.3845,0.039884,0.398438,0.59375,0.503845,0.046997,0.351562,0.609375,0.006308,0.030639,0.004743,1,50.0977,7.991227,267.089,0.288932,1,0.863734,1,4,16,0.015625,-0.003184,0.012134,-0.005339,C-accelerated,140075.11,136700.0,7448.13,7425.0,2.7158
2026-03-30T05:40:55Z,2724667016,571,Anak bertanya tentang kematian. Ibu menjawab sebisanya. Sulit. Tapi penting.,76,44,1,49.2188,0.045763,0.390625,0.609375,0.492188,0.044431,0.328125,0.59375,0.006179,0.02943,0.004582,1,49.7589,7.990329,296.576,0.037648,0,0.713557,1,4,16,0.015625,0.008694,-0.002109,-0.011093,C-accelerated,133719.11,133700.0,1777.72,2500.0,0.9349
2026-03-30T05:40:55Z,2724667016,572,Hujan badai. Listrik mati. Lilin menyala. Bercerita. Hangat.,60,44,1,50.6042,0.041698,0.382812,0.601562,0.506042,0.048781,0.328125,0.617188,0.00623,0.029187,0.004651,1,50.0092,7.991192,269.719,0.251737,1,0.576998,1,4,16,0.015625,-0.007649,0.004533,-0.004864,C-accelerated,139036.89,139250.0,3212.95,5275.0,1.8941
2026-03-30T05:40:55Z,2724667016,573,Dia mengembalikan buku perpustakaan terlambat. Bayar denda. Janji tidak mengulangi.,83,44,1,50.0977,0.043454,0.390625,0.609375,0.500977,0.036514,0.375,0.609375,0.006217,0.032568,0.004696,1,49.6979,7.993119,208.535,0.984909,1,0.845033,1,4,16,0.015625,-0.015407,-0.002049,0.008927,C-accelerated,141070.89,136900.0,10142.14,6400.0,2.3375
2026-03-30T05:40:55Z,2724667016,574,Ibu menyiapkan bekal sekolah. Nasi hangat. Lauk kesukaan. Cinta dalam kotak makan.,82,44,1,50.5249,0.04471,0.390625,0.664062,0.505249,0.044314,0.390625,0.601562,0.006186,0.033516,0.004705,1,49.9878,7.992088,240.512,0.733831,1,0.599997,1,4,16,0.015625,-0.002298,-0.003459,-0.004101,C-accelerated,137119.56,135050.0,5237.46,3700.0,1.3699
2026-03-30T05:40:55Z,2724667016,575,Dia melihat langit biru. Awan putih. Burung terbang. Hidup indah.,65,44,1,50.1587,0.044133,0.375,0.625,0.501587,0.044894,0.382812,0.609375,0.006254,0.029933,0.004771,1,50.1221,7.99118,267.997,0.275779,1,0.323724,1,4,16,0.015625,0.004749,-0.006034,0.011393,C-accelerated,132870.67,132700.0,1371.01,1300.0,0.4898
2026-03-30T05:40:55Z,2724667016,576,Kakek jatuh. Berhenti main catur. Tapi masih menonton. Masih semangat.,70,44,1,50.5493,0.043039,0.375,0.625,0.505493,0.041723,0.382812,0.632812,0.006295,0.027621,0.004698,1,49.6826,7.992982,215.633,0.965008,1,0.567269,1,4,16,0.015625,0.00702,0.002603,0.001462,C-accelerated,133771.78,134100.0,1084.57,1075.0,0.4008
2026-03-30T05:40:55Z,2724667016,577,"Dia menolong orang buta menyeberang. ""Terima kasih."" ""Sama-sama."" Senang membantu.",82,44,1,50.1221,0.040939,0.382812,0.640625,0.501221,0.045075,0.390625,0.617188,0.006126,0.029041,0.00462,1,50.116,7.991568,258.199,0.43228,1,0.20476,1,4,16,0.015625,0.000729,-0.003015,0.003579,C-accelerated,135594.0,135300.0,2106.68,3700.0,1.3673
2026-03-30T05:40:55Z,2724667016,578,Ibu menggoreng pisang. Wangi. Anak-anak datang. Ramai. Canda tawa.,66,44,1,50.1343,0.043653,0.375,0.59375,0.501343,0.046733,0.390625,0.617188,0.006172,0.02971,0.004655,1,50.1892,7.991493,256.989,0.453288,1,0.193095,1,4,16,0.015625,0.000324,-0.003537,-0.01901,C-accelerated,159073.78,155750.0,15489.78,19775.0,6.3483
2026-03-30T05:40:55Z,2724667016,579,Dia menabung untuk beli rumah. Bertahun-tahun. Akhirnya punya. Lelah terbayar.,78,44,1,49.4995,0.047709,0.359375,0.625,0.494995,0.044738,0.375,0.601562,0.006228,0.028936,0.004736,1,50.2838,7.991405,261.318,0.379442,1,0.973379,1,4,16,0.015625,-0.021661,0.004714,-0.00739,C-accelerated,135765.78,135600.0,1507.04,1200.0,0.4425
2026-03-30T05:40:55Z,2724667016,580,Hari raya. Semua pulang. Makan bersama. Maaf-memaafkan. Fitrah.,63,44,1,50.1648,0.043974,0.390625,0.601562,0.501648,0.048678,0.375,0.625,0.006226,0.032495,0.004782,1,49.9329,7.990825,281.612,0.121203,1,0.657505,1,4,16,0.015625,0.001865,-0.005301,0.012805,C-accelerated,134829.78,134200.0,1798.59,2000.0,0.7452
2026-03-30T05:40:55Z,2724667016,581,Dia melihat sampah di sungai. Sedih. Mulai tidak buang sampah sembarangan.,74,44,1,49.9451,0.043037,0.414062,0.601562,0.499451,0.041664,0.390625,0.632812,0.006144,0.035891,0.004675,1,50.3815,7.990486,288.477,0.073349,1,0.560828,1,4,16,0.015625,0.003425,0.003706,-0.001965,C-accelerated,140969.11,136900.0,11267.15,7375.0,2.6936
2026-03-30T05:40:55Z,2724667016,582,Anak belajar puasa. Setengah hari. Terus bertambah. Ibu bangga.,63,44,1,49.939,0.047367,0.320312,0.625,0.49939,0.04577,0.367188,0.625,0.006213,0.029521,0.004699,1,49.7711,7.991396,261.318,0.379442,1,0.848767,1,4,16,0.015625,-0.000184,-0.002303,-0.004305,C-accelerated,140732.44,137500.0,9846.3,5850.0,2.1273
2026-03-30T05:40:55Z,2724667016,583,Dia memeluk ibunya erat. Lama. Tidak mau lepas. Ibu usap rambutnya.,67,44,1,50.4822,0.047793,0.375,0.609375,0.504822,0.04487,0.40625,0.617188,0.00632,0.030271,0.004735,1,50.2441,7.989955,306.793,0.014505,0,0.28343,1,4,16,0.015625,-0.00309,-0.00344,0.004822,C-accelerated,133515.33,133300.0,1103.51,1200.0,0.4501
2026-03-30T05:40:55Z,2724667016,584,Malam jumat. Baca yasin. Doa bersama. Mengingat yang sudah pergi.,65,44,1,50.1465,0.044062,0.367188,0.617188,0.501465,0.038395,0.390625,0.59375,0.006201,0.032345,0.004692,1,49.5361,7.991508,255.895,0.472449,1,0.047345,1,4,16,0.015625,-0.000446,0.000724,-0.008089,C-accelerated,140690.44,136900.0,9827.63,7600.0,2.7757
2026-03-30T05:40:55Z,2724667016,585,Dia membuat taman kecil di rumah. Bunga warna-warni. Kupu-kupu datang.,70,44,1,50.3174,0.044102,0.40625,0.609375,0.503174,0.044521,0.375,0.632812,0.00627,0.031853,0.004746,1,49.7192,7.991072,271.651,0.22626,1,0.519843,1,4,16,0.015625,-0.006132,-0.014203,-0.002501,C-accelerated,132819.33,132600.0,1155.47,1100.0,0.4148
2026-03-30T05:40:55Z,2724667016,586,Ibu mencuci baju dengan tangan. Keringat. Lelah. Melihat anak bersih. Lupa lelah.,81,44,1,50.1465,0.045237,0.382812,0.648438,0.501465,0.044159,0.367188,0.625,0.00633,0.027969,0.004739,1,49.9817,7.992068,243.258,0.690933,1,0.180371,1,4,16,0.015625,0.006197,0.006002,0.000592,C-accelerated,135725.56,135300.0,1906.71,2200.0,0.813
2026-03-30T05:40:55Z,2724667016,587,Dia tersenyum pada orang asing. Orang itu tersenyum balik. Dunia lebih terang.,78,44,1,50.4944,0.048533,0.390625,0.625,0.504944,0.043321,0.40625,0.609375,0.006339,0.029435,0.004684,1,50.1221,7.990665,284.87,0.096197,1,0.094263,1,4,16,0.015625,0.01249,-0.004378,-0.004016,C-accelerated,133773.56,133200.0,1695.15,1975.0,0.7414
2026-03-30T05:40:55Z,2724667016,588,"Anak takut gelap. Ibu nyalakan lampu tidur. ""Tidak apa, Ibu di sini.""",69,44,1,50.5066,0.045182,0.398438,0.65625,0.505066,0.042372,0.390625,0.601562,0.006222,0.030387,0.004712,1,49.6704,7.99211,239.581,0.747726,1,0.992393,1,4,16,0.015625,-0.009788,-0.004991,-0.001957,C-accelerated,134217.33,134300.0,1523.11,2100.0,0.7818
2026-03-30T05:40:55Z,2724667016,589,Dia belajar menenun dari nenek. Sulit. Sabar. Akhirnya bisa. Selendang pertama.,79,44,1,50.0977,0.047911,0.382812,0.640625,0.500977,0.042556,0.40625,0.625,0.006339,0.030191,0.004747,1,49.7742,7.992451,229.713,0.870602,1,0.340356,1,4,16,0.015625,-0.004811,0.000511,-0.019378,C-accelerated,133488.89,133300.0,1240.18,1700.0,0.6377
2026-03-30T05:40:55Z,2724667016,590,Hujan gerimis. Dia berjalan tanpa payung. Basah. Segar. Seperti mandi.,70,44,1,50.7202,0.043285,0.367188,0.609375,0.507202,0.040883,0.40625,0.632812,0.006203,0.032919,0.004698,1,50.3204,7.993134,209.815,0.982265,1,0.224113,1,4,16,0.015625,-0.001136,0.009294,-0.00176,C-accelerated,134169.78,133900.0,1264.62,1500.0,0.5601
2026-03-30T05:40:55Z,2724667016,591,"Ibu memeluk anak yang mimpi buruk. ""Itu hanya mimpi. Ibu di sini.""",66,44,1,50.3235,0.046049,0.351562,0.59375,0.503235,0.042986,0.359375,0.585938,0.006255,0.033345,0.004682,1,49.8505,7.992025,241.536,0.718154,1,0.307631,1,4,16,0.015625,-0.004513,0.009739,0.007897,C-accelerated,143278.67,140000.0,8347.36,10100.0,3.6071
2026-03-30T05:40:55Z,2724667016,592,Dia memberi sedekah setiap Jumat. Sedikit. Konsisten. Bahagia.,62,44,1,49.7803,0.04389,0.382812,0.609375,0.497803,0.040003,0.398438,0.585938,0.006282,0.028354,0.004702,1,49.649,7.991653,254.336,0.499958,1,0.367577,1,4,16,0.015625,-0.004874,0.002966,-0.006547,C-accelerated,135147.78,134700.0,2097.2,2600.0,0.9651
2026-03-30T05:40:55Z,2724667016,593,Pasar tradisional mulai sepi. Orang beralih ke supermarket. Sedih. Tapi hidup berubah.,86,44,1,50.1648,0.043887,0.40625,0.59375,0.501648,0.045978,0.382812,0.609375,0.006206,0.036637,0.004707,1,50.3448,7.99303,212.073,0.976673,1,0.442762,1,4,16,0.015625,-0.012876,0.004501,0.007657,C-accelerated,134912.22,134300.0,2967.34,2500.0,0.9308
2026-03-30T05:40:55Z,2724667016,594,Dia memasak untuk panti asuhan. Anak-anak senang. Dia lebih senang.,67,44,1,50.177,0.048132,0.351562,0.625,0.50177,0.044433,0.367188,0.59375,0.006292,0.037652,0.004731,1,50.5096,7.991703,249.681,0.582225,1,0.194731,1,4,16,0.015625,-0.00145,-0.002339,0.002592,C-accelerated,134695.33,134700.0,633.44,600.0,0.2227
2026-03-30T05:40:55Z,2724667016,595,Matahari tenggelam. Warna jingga. Cantik. Bersyukur melihatnya.,63,44,1,49.5361,0.040997,0.382812,0.609375,0.495361,0.045138,0.382812,0.617188,0.006139,0.030668,0.004674,1,50.0549,7.99136,262.761,0.355812,1,0.89381,1,4,16,0.015625,0.00367,-0.008224,0.005588,C-accelerated,139706.89,136050.0,7796.13,8500.0,3.1239
2026-03-30T05:40:55Z,2724667016,596,Ibu mengajarkan doa sebelum tidur. Anak hapal. Ibu bangga.,58,44,1,49.9756,0.046599,0.390625,0.609375,0.499756,0.046033,0.335938,0.617188,0.006242,0.033516,0.004702,1,50.3723,7.991612,256.64,0.459388,1,0.095205,1,4,16,0.015625,-0.000543,0.010466,-0.013343,C-accelerated,134980.22,134950.0,1560.34,2200.0,0.8151
2026-03-30T05:40:55Z,2724667016,597,Dia berhenti mengeluh. Mulai bersyukur. Hidup lebih ringan.,59,44,1,49.6887,0.039648,0.40625,0.585938,0.496887,0.047081,0.398438,0.617188,0.006193,0.029558,0.00471,1,50.0458,7.992254,235.555,0.803514,1,0.328421,1,4,16,0.015625,0.005272,0.018325,-0.003237,C-accelerated,133428.44,132900.0,1564.59,2200.0,0.8277
2026-03-30T05:40:55Z,2724667016,598,Anak main layangan. Putus. Layangan hilang. Nangis. Dibeliin baru. Senang lagi.,79,44,1,50.1709,0.049342,0.375,0.648438,0.501709,0.041752,0.40625,0.601562,0.00626,0.031246,0.004723,1,50.2228,7.99196,244.166,0.676194,1,0.216929,1,4,16,0.015625,-0.009218,0.015515,0.001339,C-accelerated,134740.44,134200.0,1656.77,2100.0,0.7824
2026-03-30T05:40:55Z,2724667016,599,Dia mengunjungi makam orang tua. Bersihkan. Tabur bunga. Doa. Rindu.,68,44,1,50.3235,0.045424,0.414062,0.625,0.503235,0.041576,0.40625,0.585938,0.006297,0.029212,0.004759,1,50.3235,7.991972,244.655,0.668155,1,0.504501,1,4,16,0.015625,-0.002203,-0.012333,0.002558,C-accelerated,142536.0,138800.0,8296.88,10775.0,3.8815
2026-03-30T05:40:55Z,2724667016,600,Ibu membuat wedang jahe. Hangat. Hujan di luar. Nikmat.,55,44,1,50.0305,0.041883,0.382812,0.601562,0.500305,0.044596,0.398438,0.625,0.006144,0.032952,0.004672,1,50.4089,7.990937,274.304,0.193938,1,0.260553,1,4,16,0.015625,-0.010508,0.002149,0.000387,C-accelerated,140317.11,141000.0,2904.64,3675.0,1.3032
2026-03-30T05:40:55Z,2724667016,601,Dia belajar menerima kegagalan. Sulit. Tapi belajar. Bangkit lagi.,66,44,1,49.762,0.047747,0.367188,0.664062,0.49762,0.043351,0.414062,0.609375,0.006308,0.029361,0.004706,1,50.0092,7.992287,236.02,0.797444,1,0.871236,1,4,16,0.015625,0.003981,-0.004618,-0.001738,C-accelerated,142107.56,139000.0,8733.45,10500.0,3.777
2026-03-30T05:40:55Z,2724667016,602,Anak pertama kali naik sepeda tanpa roda bantu. Jatuh. Bangun. Bisa. Tertawa.,77,44,1,50.1038,0.045074,0.421875,0.601562,0.501038,0.042795,0.382812,0.617188,0.006219,0.029958,0.00473,1,50.3937,7.991972,243.025,0.694671,1,0.91647,1,4,16,0.015625,-0.006973,0.00316,0.007784,C-accelerated,134346.22,134300.0,961.64,1175.0,0.4375
2026-03-30T05:40:55Z,2724667016,603,Dia membantu korban bencana. Sedikit. Tulus. Mereka tersenyum.,62,44,1,49.3408,0.04246,0.390625,0.601562,0.493408,0.043656,0.359375,0.617188,0.006343,0.031205,0.004794,1,50.0671,7.99125,264.436,0.329158,1,0.863734,1,4,16,0.015625,0.002939,0.018271,0.001223,C-accelerated,134254.0,133750.0,1865.0,2400.0,0.8972
2026-03-30T05:40:55Z,2724667016,604,Ibu menyanyi sambil memasak. Anak ikut bernyanyi. Rumah penuh lagu.,67,44,1,50.4028,0.043366,0.390625,0.625,0.504028,0.045711,0.390625,0.625,0.006317,0.027876,0.004763,1,49.6124,7.992013,245.353,0.656554,1,0.073051,1,4,16,0.015625,-0.004387,-0.004264,0.018606,C-accelerated,133802.0,133400.0,1401.31,1400.0,0.5247
2026-03-30T05:40:55Z,2724667016,605,Dia melihat matahari terbit di pantai. Sepi. Damai. Bersyukur hidup.,68,44,1,50.2808,0.043264,0.375,0.609375,0.502808,0.041978,0.390625,0.617188,0.006289,0.031036,0.004762,1,50.0305,7.991673,251.055,0.55806,1,0.548052,1,4,16,0.015625,-0.010452,-0.004724,-0.00714,C-accelerated,133928.22,133600.0,1380.43,1700.0,0.6362
2026-03-30T05:40:55Z,2724667016,606,"Anak bertanya kenapa harus berbagi. Ibu tersenyum. ""Karena berbagi membuat kita kaya.""",86,44,1,50.116,0.041017,0.40625,0.59375,0.50116,0.047793,0.359375,0.625,0.006173,0.03404,0.004675,1,49.6704,7.991987,242.956,0.695788,1,0.300899,1,4,16,0.015625,-0.006748,-0.009446,-0.008023,C-accelerated,139459.78,136300.0,7465.87,6875.0,2.522
2026-03-30T05:40:55Z,2724667016,607,Dia menulis jurnal syukur setiap malam. Tiga hal baik. Tidur lebih nyenyak.,75,44,1,49.6948,0.046867,0.382812,0.617188,0.496948,0.038026,0.398438,0.59375,0.006297,0.030273,0.004718,1,50.2655,7.992487,228.829,0.879257,1,0.501462,1,4,16,0.015625,-0.004778,-0.004644,-0.00306,C-accelerated,134222.67,134700.0,1301.46,2075.0,0.7702
2026-03-30T05:40:55Z,2724667016,608,Ibu mengajarkan anak membaca. Sabar. Ulang terus. Akhirnya lancar. Ibu bangga.,78,44,1,50.6897,0.051671,0.382812,0.648438,0.506897,0.043461,0.390625,0.617188,0.006205,0.032226,0.004675,1,49.8627,7.990931,275.095,0.184909,1,0.323724,1,4,16,0.015625,-0.00522,-0.002828,0.005589,C-accelerated,135382.0,134900.0,2174.28,2475.0,0.9173
2026-03-30T05:40:55Z,2724667016,609,Dia melepas balon ke langit. Harapan. Doa. Semoga sampai.,57,44,1,50.2014,0.041018,0.398438,0.617188,0.502014,0.038599,0.398438,0.601562,0.00624,0.030268,0.004725,1,50.1465,7.991348,261.574,0.375207,1,0.60998,1,4,16,0.015625,0.003793,-0.002387,-0.002077,C-accelerated,133791.56,133300.0,1767.44,2500.0,0.9377
2026-03-30T05:40:55Z,2724667016,610,Hujan deras. Banjir. Warga evakuasi. Bersatu. Bertahan. Hidup terus.,68,44,1,49.9146,0.043937,0.390625,0.625,0.499146,0.040832,0.40625,0.625,0.006224,0.037526,0.004727,1,50.0549,7.991592,258.106,0.433887,1,0.330786,1,4,16,0.015625,0.017318,-0.001069,0.011367,C-accelerated,133757.56,133600.0,1111.09,1175.0,0.4397
2026-03-30T05:40:55Z,2724667016,611,Dia membuat kue untuk tetangga yang sakit. Dikirim. Tetangga terharu.,69,44,1,50.708,0.043151,0.382812,0.59375,0.50708,0.04536,0.398438,0.640625,0.006325,0.036476,0.004726,1,49.9146,7.991214,267.02,0.289957,1,0.95438,1,4,16,0.015625,-0.002174,-0.002028,0.009937,C-accelerated,135038.44,134700.0,2028.17,2600.0,0.9651
2026-03-30T05:40:55Z,2724667016,612,Ibu memeluk anak yang sedih. Tidak bicara. Cukup peluk. Sembuh.,63,44,1,49.7375,0.041847,0.390625,0.609375,0.497375,0.045305,0.398438,0.609375,0.006236,0.034216,0.00472,1,50.0031,7.990186,298.321,0.032269,0,0.01852,1,4,16,0.015625,0.00317,0.005418,0.004335,C-accelerated,133681.33,133200.0,1522.88,2300.0,0.8634
2026-03-30T05:40:55Z,2724667016,613,Dia belajar memaafkan diri sendiri. Masa lalu pergi. Hari ini baru.,67,44,1,49.2126,0.046809,0.375,0.609375,0.492126,0.043809,0.398438,0.59375,0.006224,0.029416,0.004692,1,49.765,7.991743,251.846,0.54407,1,0.643773,1,4,16,0.015625,0.016126,0.002169,0.007185,C-accelerated,138032.22,135200.0,6836.78,7275.0,2.6905
2026-03-30T05:40:55Z,2724667016,614,Anak menangis karena mainan rusak. Ibu perbaiki. Mainan hidup lagi. Anak senang.,80,44,1,50.3601,0.04667,0.390625,0.65625,0.503601,0.045196,0.382812,0.59375,0.006208,0.032594,0.004663,1,49.7253,7.99063,285.359,0.092815,1,0.321392,1,4,16,0.015625,0.004393,0.00812,0.002948,C-accelerated,135344.67,133500.0,6346.71,2475.0,0.927
2026-03-30T05:40:55Z,2724667016,615,Dia memberi pujian tulus. Orang lain senang. Dia senang.,56,44,1,49.8413,0.039612,0.40625,0.617188,0.498413,0.043106,0.390625,0.625,0.006251,0.029038,0.004673,1,50.0488,7.991518,258.339,0.429871,1,0.977181,1,4,16,0.015625,0.001749,0.010709,-0.013122,C-accelerated,134528.67,134600.0,1527.05,1800.0,0.6686
2026-03-30T05:40:55Z,2724667016,616,Ibu menceritakan masa kecilnya. Lucu. Nakal. Anak tertawa. Ibu juga.,68,44,1,49.8108,0.03923,0.414062,0.578125,0.498108,0.046515,0.367188,0.609375,0.006232,0.032891,0.004703,1,49.7925,7.991071,271.372,0.229844,1,0.042754,1,4,16,0.015625,0.004175,0.001954,-0.010432,C-accelerated,137486.22,137500.0,1620.96,1100.0,0.4
2026-03-30T05:40:55Z,2724667016,617,Dia berjalan di alam. Udara segar. Burung bernyanyi. Tuhan baik.,64,44,1,49.8413,0.044025,0.382812,0.609375,0.498413,0.044274,0.40625,0.632812,0.006325,0.027485,0.004769,1,49.9084,7.991841,248.611,0.600918,1,0.409516,1,4,16,0.015625,-0.000849,0.00453,-0.000604,C-accelerated,138235.78,137350.0,3742.33,6250.0,2.2752
2026-03-30T05:40:55Z,2724667016,618,Anak belajar salat. Rakaat pertama. Kedua. Selesai. Ibu bangga.,63,44,1,49.5605,0.046923,0.390625,0.65625,0.495605,0.041048,0.390625,0.585938,0.006272,0.029135,0.004696,1,50.116,7.991582,256.733,0.45776,1,0.352565,1,4,16,0.015625,-0.004552,0.004854,0.003038,C-accelerated,133885.11,133800.0,904.05,1200.0,0.4484
2026-03-30T05:40:55Z,2724667016,619,Dia membuat teh untuk teman yang lelah. Teman tenang. Persahabatan sederhana.,77,44,1,50.3784,0.038521,0.390625,0.59375,0.503784,0.0499,0.375,0.617188,0.006281,0.032963,0.004748,1,50.3143,7.992373,233.949,0.823653,1,0.235204,1,4,16,0.015625,-0.0069,0.00325,0.002003,C-accelerated,135287.56,134200.0,2535.5,3000.0,1.1177
2026-03-30T05:40:55Z,2724667016,620,Ibu memandikan anak. Air hangat. Busa sabun. Tertawa. Bermain.,62,44,1,50.0671,0.043837,0.398438,0.625,0.500671,0.042925,0.382812,0.601562,0.006262,0.03068,0.004737,1,49.3286,7.991181,266.019,0.304854,1,0.319071,1,4,16,0.015625,0.011652,0.001095,0.002365,C-accelerated,133824.0,133650.0,1284.7,1900.0,0.7108
2026-03-30T05:40:55Z,2724667016,621,Dia memberi makan burung gereja. Burung datang setiap hari. Kicauan pagi.,73,44,1,50.2319,0.047635,0.382812,0.632812,0.502319,0.047051,0.351562,0.609375,0.006224,0.03029,0.004706,1,50.1007,7.99278,218.17,0.954182,1,0.882511,1,4,16,0.015625,-0.001032,-0.010856,0.006466,C-accelerated,135361.33,135150.0,1840.78,2575.0,0.9526
2026-03-30T05:40:55Z,2724667016,622,Hujan malam. Tidur nyenyak. Mimpi indah. Bangun segar.,54,44,1,49.8901,0.038777,0.398438,0.585938,0.498901,0.039605,0.414062,0.59375,0.006205,0.027392,0.004708,1,49.6552,7.992115,242.118,0.709073,1,0.357525,1,4,16,0.015625,0.002781,-0.004871,-0.001357,C-accelerated,138782.89,135200.0,8804.73,3800.0,1.4053
2026-03-30T05:40:55Z,2724667016,623,Dia menerima kekurangan diri. Tidak sempurna. Tapi berharga.,60,44,1,50.2991,0.042959,0.40625,0.609375,0.502991,0.044389,0.398438,0.617188,0.006146,0.031272,0.004652,1,49.5941,7.991619,252.451,0.533354,1,0.599997,1,4,16,0.015625,0.002857,-0.007595,-0.006558,C-accelerated,135895.11,135000.0,2951.64,3575.0,1.3241
2026-03-30T05:40:55Z,2724667016,624,Ibu mengajarkan sopan santun. Tolong. Maaf. Terima kasih. Kunci hidup bersama.,78,44,1,49.8535,0.041175,0.375,0.585938,0.498535,0.041636,0.390625,0.609375,0.006157,0.029293,0.004684,1,49.9268,7.990585,284.172,0.101193,1,0.763917,1,4,16,0.015625,-0.004758,-0.005537,-0.002641,C-accelerated,134751.11,134750.0,1289.65,1000.0,0.3711
2026-03-30T05:40:55Z,2724667016,625,Dia membantu nenek membawa belanjaan. Nenek berterima kasih. Dia senang.,72,44,1,49.7498,0.046105,0.398438,0.625,0.497498,0.040535,0.398438,0.59375,0.006188,0.028831,0.004668,1,50.296,7.992834,220.311,0.943167,1,0.13441,1,4,16,0.015625,0.002798,0.003381,0.001929,C-accelerated,154395.78,166150.0,15142.55,27775.0,8.3584
2026-03-30T05:40:55Z,2724667016,626,Anak bertemu teman baru di taman. Main bersama. Senja datang. Berpisah. Besok ketemu lagi.,90,44,1,49.7314,0.049212,0.398438,0.632812,0.497314,0.051789,0.359375,0.65625,0.006186,0.0327,0.004696,1,49.8749,7.991351,262.761,0.355812,1,0.266661,1,4,16,0.015625,-0.003389,-0.009071,-0.017772,C-accelerated,135815.33,135500.0,1932.94,2150.0,0.7934
2026-03-30T05:40:55Z,2724667016,627,Dia menulis puisi sederhana. Tentang ibu. Tentang rumah. Tentang rindu.,71,44,1,50.1587,0.047041,0.398438,0.609375,0.501587,0.05375,0.359375,0.617188,0.00617,0.02948,0.004707,1,49.2035,7.991117,269.137,0.259723,1,0.570503,1,4,16,0.015625,-0.001185,-0.006805,0.011183,C-accelerated,140536.22,137700.0,6877.89,7600.0,2.7596
2026-03-30T05:40:55Z,2724667016,628,Ibu membuat kolak pisang. Hangat. Manis. Sempurna di hujan sore.,64,44,1,50.4456,0.050126,0.367188,0.625,0.504456,0.044007,0.398438,0.632812,0.006208,0.031117,0.004749,1,49.9359,7.991755,251.217,0.555183,1,0.586804,1,4,16,0.015625,0.005622,-0.001137,0.001984,C-accelerated,143038.89,138800.0,10271.07,11275.0,4.0616
2026-03-30T05:40:55Z,2724667016,629,Dia belajar mencintai proses. Tidak terburu hasil. Nikmati perjalanan.,70,44,1,49.9939,0.042674,0.40625,0.648438,0.499939,0.044468,0.390625,0.609375,0.006287,0.0399,0.004778,1,49.7375,7.992517,227.223,0.893967,1,0.856244,1,4,16,0.015625,0.010711,0.009916,-1.2e-05,C-accelerated,247347.56,181550.0,122830.28,164875.0,45.4076
2026-03-30T05:40:55Z,2724667016,630,"Anak memeluk ayah sebelum berangkat kerja. ""Ayah, cepat pulang."" Ayah tersenyum.",80,44,1,50.708,0.049732,0.390625,0.640625,0.50708,0.042257,0.398438,0.601562,0.006227,0.03135,0.004701,1,50.0793,7.990817,281.239,0.124341,1,0.155416,1,4,16,0.015625,0.012414,0.002505,-0.000806,C-accelerated,134844.22,134600.0,1161.81,1375.0,0.5108
2026-03-30T05:40:55Z,2724667016,631,Dia melihat orang tua berbagi makanan. Sederhana. Penuh cinta. Inspirasi.,73,44,1,49.5544,0.043582,0.390625,0.617188,0.495544,0.045509,0.382812,0.617188,0.006223,0.03294,0.004665,1,49.7437,7.991084,268.975,0.261984,1,0.495412,1,4,16,0.015625,0.00199,0.00398,0.001108,C-accelerated,144155.56,140200.0,9240.17,12550.0,4.4757
2026-03-30T05:40:55Z,2724667016,632,Ibu menjemput anak sekolah. Hujan. Satu payung berdua. Basah. Tapi hangat.,74,44,1,50.0427,0.048331,0.390625,0.640625,0.500427,0.048919,0.398438,0.671875,0.006241,0.030852,0.004678,1,50.2838,7.991608,255.22,0.484334,1,0.856244,1,4,16,0.015625,-0.00635,0.001482,0.0063,C-accelerated,135130.0,134600.0,2153.32,3375.0,1.2537
2026-03-30T05:40:55Z,2724667016,633,Dia berdamai dengan masa lalu. Maafkan. Lepaskan. Melangkah.,60,44,1,49.7559,0.047599,0.367188,0.59375,0.497559,0.048137,0.375,0.601562,0.006252,0.028595,0.0047,1,50.0793,7.990872,277.19,0.16237,1,0.671354,1,4,16,0.015625,-0.001553,-0.004841,0.004708,C-accelerated,135654.89,135600.0,1966.8,2000.0,0.7375
2026-03-30T05:40:55Z,2724667016,634,Anak belajar mengucap terima kasih. Untuk makanan. Untuk mainan. Untuk cinta.,77,44,1,50.2441,0.041567,0.390625,0.59375,0.502441,0.040498,0.390625,0.601562,0.006225,0.031857,0.004672,1,50.354,7.990546,289.338,0.068589,1,0.12015,1,4,16,0.015625,0.006565,0.006972,0.007055,C-accelerated,135045.56,134600.0,1769.78,1200.0,0.4458
2026-03-30T05:40:55Z,2724667016,635,Dia membuat sarapan kejutan untuk pasangan. Bangun tidur tersenyum. Hari baik dimulai.,86,44,1,49.3164,0.042343,0.398438,0.625,0.493164,0.040618,0.382812,0.59375,0.006219,0.030296,0.00473,1,49.823,7.99268,223.616,0.922394,1,0.984786,1,4,16,0.015625,-0.005232,0.010973,-0.001085,C-accelerated,138989.78,134850.0,8897.85,6775.0,2.5121
2026-03-30T05:40:55Z,2724667016,636,Ibu merawat tanaman. Disiram. Diberi pupuk. Tumbuh subur. Seperti anak-anaknya.,79,44,1,50.5676,0.043899,0.351562,0.632812,0.505676,0.039952,0.40625,0.601562,0.006275,0.03091,0.004742,1,50.0183,7.992591,225.385,0.909238,1,0.685315,1,4,16,0.015625,0.012623,-0.000724,0.012574,C-accelerated,143192.22,140050.0,7896.77,9675.0,3.4541
2026-03-30T05:40:55Z,2724667016,637,Dia memberi tanpa mengharap kembali. Ikhlas. Ringan. Bahagia.,61,44,1,50.0732,0.042651,0.351562,0.59375,0.500732,0.044724,0.359375,0.625,0.006121,0.031975,0.004709,1,50.1953,7.991713,252.707,0.528817,1,0.437116,1,4,16,0.015625,0.01449,0.003791,0.001142,C-accelerated,134300.44,134000.0,1525.55,1575.0,0.5877
2026-03-30T05:40:55Z,2724667016,638,Anak bermain hujan. Lomba-lompat. Tersiram air. Ibu memanggil mandi. Hangatkan badan.,85,44,1,50.5737,0.041288,0.40625,0.609375,0.505737,0.042111,0.382812,0.617188,0.006222,0.029871,0.004749,1,50.0336,7.992179,237.137,0.78246,1,0.355039,1,4,16,0.015625,0.006665,-0.00667,0.008044,C-accelerated,134654.22,134500.0,1540.34,1500.0,0.5576
2026-03-30T05:40:55Z,2724667016,639,Dia mengunjungi teman lama. Bawa oleh-oleh. Cerita nostalgia. Tertawa. Kangen.,78,44,1,49.5605,0.040815,0.382812,0.59375,0.495605,0.043953,0.382812,0.617188,0.006358,0.028206,0.004729,1,50.0092,7.991474,259.107,0.416687,1,0.454178,1,4,16,0.015625,-0.003125,-0.001569,-0.004959,C-accelerated,135148.22,135000.0,2039.45,2075.0,0.7685
2026-03-30T05:40:55Z,2724667016,640,Ibu membuat acar. Pendamping makan. Segar. Nikmat. Semua suka.,62,44,1,49.8596,0.049018,0.382812,0.632812,0.498596,0.040764,0.40625,0.585938,0.006194,0.033871,0.004746,1,49.9451,7.992622,223.965,0.919914,1,0.529162,1,4,16,0.015625,-0.008903,-0.003462,0.003194,C-accelerated,134183.56,133950.0,1181.03,1300.0,0.4853
2026-03-30T05:40:55Z,2724667016,641,Dia belajar dari kesalahan. Tidak mengulangi. Lebih baik. Bersyukur.,68,44,1,50.0183,0.041322,0.40625,0.601562,0.500183,0.046502,0.382812,0.640625,0.006255,0.028688,0.004667,1,49.588,7.991124,270.138,0.246076,1,0.660957,1,4,16,0.015625,-0.005188,-0.001092,0.008197,C-accelerated,134516.44,134350.0,2041.64,2875.0,1.07
2026-03-30T05:40:55Z,2724667016,642,Anak bertemu kakek tua di jalan. Tersenyum. Membalas senyum. Kebaikan kecil.,76,44,1,50.4211,0.042779,0.398438,0.609375,0.504211,0.043803,0.382812,0.601562,0.006182,0.030187,0.004685,1,49.6582,7.991916,245.795,0.649141,1,0.198033,1,4,16,0.015625,0.008424,-0.008217,0.002811,C-accelerated,134956.89,134800.0,1317.12,1200.0,0.4451
2026-03-30T05:40:55Z,2724667016,643,Dia menikmati secangkir kopi di pagi hari. Sunyi. Sendiri. Bahagia.,67,44,1,49.8779,0.042729,0.390625,0.59375,0.498779,0.048352,0.335938,0.640625,0.006232,0.027666,0.004672,1,50.5646,7.992702,223.244,0.924977,1,0.19147,1,4,16,0.015625,-0.010762,-0.009397,-0.004167,C-accelerated,133547.56,133200.0,1278.06,1500.0,0.5631
2026-03-30T05:40:55Z,2724667016,644,Ibu menidurkan anak dengan lagu. Suara lembut. Anak terlelap. Malam tenang.,75,44,1,50.0061,0.039698,0.414062,0.585938,0.500061,0.047113,0.320312,0.609375,0.006157,0.031732,0.004697,1,50.0427,7.99038,293.969,0.04707,0,0.793166,1,4,16,0.015625,-0.001927,-0.00282,-0.00027,C-accelerated,138728.22,134800.0,7866.85,7425.0,2.7541
2026-03-30T05:40:55Z,2724667016,645,Dia berbagi makanan dengan tetangga. Lebaran. Semua makan. Semua senang.,72,44,1,50.2502,0.042667,0.398438,0.609375,0.502502,0.04024,0.398438,0.601562,0.006129,0.030107,0.004723,1,49.6063,7.991816,250.961,0.559703,1,0.471609,1,4,16,0.015625,0.005583,0.007623,-0.001631,C-accelerated,135080.0,134500.0,3192.37,3600.0,1.3383
2026-03-30T05:40:55Z,2724667016,646,Anak belajar mengikat tali sepatu sendiri. Susah. Terus coba. Bisa. Bangga.,75,44,1,49.9329,0.050253,0.382812,0.648438,0.499329,0.039872,0.390625,0.578125,0.006253,0.033186,0.004754,1,50.0305,7.992162,239.092,0.754879,1,0.603317,1,4,16,0.015625,0.004534,0.003919,-0.015458,C-accelerated,134276.89,133900.0,2267.12,2200.0,0.8215
2026-03-30T05:40:55Z,2724667016,647,Dia merenung di tepi danau. Air tenang. Pikiran tenang. Damai.,62,44,1,49.1516,0.04134,0.382812,0.617188,0.491516,0.04157,0.367188,0.609375,0.006277,0.034176,0.00473,1,50.1434,7.991323,261.946,0.369079,1,0.414952,1,4,16,0.015625,0.004257,-0.001261,-0.016647,C-accelerated,141134.44,137100.0,8372.03,8775.0,3.2002
2026-03-30T05:40:55Z,2724667016,648,Ibu mengajarkan anak berpuasa. Lapar. Haus. Tapi belajar. Besok kuat lagi.,74,44,1,49.939,0.042417,0.382812,0.617188,0.49939,0.043974,0.375,0.617188,0.006235,0.029921,0.004705,1,49.9268,7.993143,209.047,0.983894,1,0.681814,1,4,16,0.015625,-0.008147,0.010793,-0.006675,C-accelerated,134444.22,134800.0,1559.45,2100.0,0.7789
2026-03-30T05:40:55Z,2724667016,649,Dia memberi tempat duduk di kereta. Ibu hamil tersenyum. Lelah hilang.,70,44,1,50.238,0.043108,0.398438,0.632812,0.50238,0.042089,0.398438,0.609375,0.006223,0.029674,0.004661,1,49.942,7.992465,229.667,0.871067,1,0.874992,1,4,16,0.015625,0.012982,9.2e-05,0.000574,C-accelerated,134892.89,135000.0,1831.17,2700.0,1.0
2026-03-30T05:40:55Z,2724667016,650,Anak melihat kupu-kupu pertama. Cantik. Terbang. Ingin mengejar. Ibu pegang tangannya.,86,44,1,49.5117,0.044,0.351562,0.617188,0.495117,0.041386,0.390625,0.585938,0.006241,0.028612,0.004716,1,50.3021,7.991828,246.703,0.633777,1,0.388201,1,4,16,0.015625,0.006623,-5.4e-05,0.006546,C-accelerated,143076.89,139100.0,8927.7,11150.0,4.0079
2026-03-30T05:40:55Z,2724667016,651,Dia membuat taman baca kecil. Buku sumbangan. Anak-anak datang. Membaca. Senang.,80,44,1,50.1831,0.045643,0.40625,0.59375,0.501831,0.040624,0.414062,0.59375,0.006164,0.029501,0.004617,1,50.4791,7.992055,241.117,0.724615,1,0.852503,1,4,16,0.015625,-0.001882,-0.001733,-0.005615,C-accelerated,134256.67,134200.0,810.05,800.0,0.2981
2026-03-30T05:40:55Z,2724667016,652,Ibu memasak sayur asam. Segar. Pedas. Nikmat. Makan bersama.,60,44,1,49.9451,0.041858,0.398438,0.617188,0.499451,0.045588,0.375,0.601562,0.006279,0.029538,0.004762,1,49.8962,7.991905,246.167,0.642861,1,0.38298,1,4,16,0.015625,-0.005583,-0.000984,0.008465,C-accelerated,134435.33,134100.0,1339.97,1200.0,0.4474
2026-03-30T05:40:55Z,2724667016,653,Dia belajar berkata tidak. Tidak enak. Tapi perlu. Mulai belajar.,65,44,1,50.2075,0.044746,0.40625,0.609375,0.502075,0.044661,0.359375,0.617188,0.006283,0.031756,0.00479,1,49.8077,7.991873,245.795,0.649141,1,0.52294,1,4,16,0.015625,-0.006228,0.008215,0.003688,C-accelerated,135480.44,134500.0,3227.19,3300.0,1.2268
2026-03-30T05:40:55Z,2724667016,654,Anak main petak umpet dengan teman. Sembunyi. Dicari. Ketemu. Tertawa.,70,44,1,49.469,0.042443,0.390625,0.632812,0.49469,0.044377,0.390625,0.59375,0.006171,0.029894,0.004675,1,49.8962,7.99078,282.519,0.113798,1,0.564044,1,4,16,0.015625,0.003311,-0.002467,0.010629,C-accelerated,143671.11,139550.0,9320.89,9325.0,3.3411
2026-03-30T05:40:55Z,2724667016,655,Dia melihat bintang jatuh. Berharap. Berdoa. Semoga terkabul.,61,44,1,50.1953,0.045596,0.367188,0.617188,0.501953,0.040759,0.398438,0.59375,0.006187,0.034287,0.004703,1,49.8627,7.993153,208.047,0.985828,1,0.401443,1,4,16,0.015625,0.00384,0.00721,-0.004212,C-accelerated,133403.78,132900.0,1723.41,2400.0,0.9029
2026-03-30T05:40:55Z,2724667016,656,Ibu merajut selimut. Satu jahitan setiap malam. Cinta dalam setiap benang.,74,44,1,49.9207,0.041728,0.414062,0.601562,0.499207,0.04794,0.320312,0.609375,0.006157,0.033339,0.004686,1,50.0336,7.991716,251.008,0.558882,1,0.285576,1,4,16,0.015625,-0.002637,-0.000923,0.012198,C-accelerated,135803.11,134600.0,3482.67,3800.0,1.4116
2026-03-30T05:40:55Z,2724667016,657,Dia menemukan uang di jalan. Cari pemilik. Dikembalikan. Lega.,62,44,1,50.2014,0.042447,0.414062,0.59375,0.502014,0.038747,0.414062,0.625,0.006262,0.030681,0.004667,1,50.0366,7.991453,262.458,0.360717,1,0.774848,1,4,16,0.015625,0.006622,-0.008426,0.001003,C-accelerated,135484.67,135700.0,1784.38,2500.0,0.9211
2026-03-30T05:40:55Z,2724667016,658,Anak belajar menggambar. Lingkaran. Kotak. Orang-orangan. Ibu simpan di kulkas.,79,44,1,49.53,0.049026,0.40625,0.632812,0.4953,0.043753,0.367188,0.59375,0.006232,0.032575,0.004737,1,50.1953,7.992201,237.091,0.783096,1,0.541719,1,4,16,0.015625,0.000142,-0.009263,0.007253,C-accelerated,137460.67,135250.0,6156.06,3900.0,1.4418
2026-03-30T05:40:55Z,2724667016,659,Dia membantu teman yang kesulitan. Sekarang giliran dia. Teman membantu. Saling.,80,44,1,50.5188,0.049365,0.359375,0.617188,0.505188,0.040078,0.421875,0.625,0.006269,0.029652,0.004786,1,49.8047,7.992979,213.306,0.973057,1,0.874992,1,4,16,0.015625,0.001236,-0.007421,-0.000299,C-accelerated,139142.22,136750.0,5999.71,4200.0,1.5356
2026-03-30T05:40:55Z,2724667016,660,Ibu membacakan buku sebelum tidur. Anak mendengar. Tertidur. Ibu lanjut bekerja.,80,44,1,49.4812,0.045295,0.359375,0.609375,0.494812,0.045797,0.390625,0.625,0.006156,0.028203,0.004653,1,49.8657,7.99142,262.156,0.365649,1,0.051767,1,4,16,0.015625,-0.007731,0.001465,-1e-05,C-accelerated,138396.89,137750.0,3494.51,4600.0,1.6697
2026-03-30T05:40:55Z,2724667016,661,Dia melihat matahari terbenam di sawah. Indah. Sepi. Bersyukur.,63,44,1,50.0305,0.040269,0.390625,0.578125,0.500305,0.045548,0.382812,0.625,0.006239,0.030402,0.004698,1,49.5758,7.991981,245.12,0.660436,1,0.573746,1,4,16,0.015625,-0.002853,0.012102,-0.001554,C-accelerated,134466.0,134300.0,1296.77,1300.0,0.484
2026-03-30T05:40:55Z,2724667016,662,Anak menangis karena kehilangan mainan. Ibu cari. Dapat. Peluk.,63,44,1,49.9329,0.04223,0.390625,0.59375,0.499329,0.04661,0.398438,0.625,0.006144,0.029362,0.004691,1,50.1129,7.991323,266.252,0.301356,1,0.626779,1,4,16,0.015625,0.008555,-0.006126,-0.0075,C-accelerated,134166.22,133800.0,1421.88,1300.0,0.4858
2026-03-30T05:40:55Z,2724667016,663,Dia membuat kue ulang tahun untuk ibu. Tidak bagus. Tapi dari hati. Ibu terharu.,80,44,1,50.7263,0.040562,0.398438,0.601562,0.507263,0.041296,0.40625,0.609375,0.006232,0.027701,0.004725,1,49.7894,7.991339,264.25,0.332074,1,0.162467,1,4,16,0.015625,-0.006793,-0.005588,-0.004552,C-accelerated,133350.67,133100.0,1034.31,1500.0,0.5635
2026-03-30T05:40:55Z,2724667016,664,Ibu mengajar ngaji. Perlahan. Ikhlas. Anak bisa baca. Bangga.,61,44,1,50.2014,0.043292,0.390625,0.609375,0.502014,0.045974,0.367188,0.617188,0.006289,0.031506,0.004706,1,50.415,7.992453,230.388,0.86373,1,0.908908,1,4,16,0.015625,-0.001224,0.011007,0.005658,C-accelerated,141431.56,137900.0,8584.46,9875.0,3.5805
2026-03-30T05:40:55Z,2724667016,665,Dia berjalan kaki ke tempat kerja. Hemat. Sehat. Lihat kehidupan.,65,44,1,49.5911,0.041798,0.398438,0.601562,0.495911,0.040074,0.367188,0.585938,0.006207,0.029384,0.004689,1,49.9115,7.990719,278.656,0.147766,1,0.108146,1,4,16,0.015625,-0.002678,-0.005341,0.004304,C-accelerated,133778.22,133400.0,1619.88,2300.0,0.8621
2026-03-30T05:40:55Z,2724667016,666,Anak bermain dengan kardus bekas. Imajinasi. Jadi robot. Jadi mobil. Jadi istana.,81,44,1,50.1404,0.040127,0.40625,0.609375,0.501404,0.044004,0.382812,0.617188,0.006273,0.031186,0.00473,1,50.0214,7.992401,231.436,0.852607,1,0.069317,1,4,16,0.015625,-0.005958,0.001429,0.006709,C-accelerated,134987.33,134800.0,1351.2,1500.0,0.5564
2026-03-30T05:40:55Z,2724667016,667,Dia menyisihkan rezeki untuk orang tua. Tiap bulan. Tidak banyak. Tulus.,72,44,1,51.0498,0.039517,0.421875,0.59375,0.510498,0.044788,0.40625,0.632812,0.006221,0.02807,0.004734,1,50.0275,7.990968,276.073,0.174145,1,0.541719,1,4,16,0.015625,0.009635,-0.008543,0.005473,C-accelerated,140020.89,137200.0,6420.38,6650.0,2.4235
2026-03-30T05:40:55Z,2724667016,669,Dia belajar membuat tempe sendiri. Fermentasi. Coba. Gagal. Coba lagi. Berhasil.,80,44,1,50.2808,0.042295,0.40625,0.625,0.502808,0.044353,0.382812,0.609375,0.006303,0.030766,0.004713,1,50.1068,7.990503,287.616,0.078369,1,0.030804,1,4,16,0.015625,-0.011514,-0.004683,-0.004792,C-accelerated,134398.44,134300.0,1640.58,2000.0,0.7446
2026-03-30T05:40:55Z,2724667016,668,"Ibu memeluk anak yang takut disuntik. ""Sabar, bentar lagi."" Anak berani.",72,44,1,50.592,0.045352,0.40625,0.617188,0.50592,0.041556,0.375,0.601562,0.006104,0.030512,0.004595,1,49.8108,7.992759,219.194,0.94914,1,0.596686,1,4,16,0.015625,0.007624,-3e-05,0.009933,C-accelerated,137008.0,136800.0,3051.98,4450.0,1.6265
2026-03-30T05:40:55Z,2724667016,670,Anak melihat pelangi pertama. Kagum. Warna-warni. Tunjuk-tunjuk. Ibu jelaskan.,78,44,1,49.9268,0.045705,0.390625,0.617188,0.499268,0.041849,0.382812,0.609375,0.006277,0.030723,0.004738,1,50.2411,7.992537,227.386,0.892533,1,0.95438,1,4,16,0.015625,-0.006986,-0.001232,0.005376,C-accelerated,136124.67,135650.0,2207.95,3275.0,1.2072
2026-03-30T05:40:55Z,2724667016,671,Dia merapikan foto-foto lama. Kenangan. Tertawa. Menangis. Bersyukur.,69,44,1,50.1831,0.042539,0.382812,0.625,0.501831,0.044447,0.382812,0.585938,0.006237,0.033125,0.004684,1,50.1526,7.991503,260.317,0.396159,1,0.451308,1,4,16,0.015625,0.011167,-0.005204,-0.012614,C-accelerated,134528.89,134900.0,1508.42,2500.0,0.9266
2026-03-30T05:40:55Z,2724667016,672,Ibu membuat lontong sayur. Rumit. Tapi enak. Semua makan kenyang.,65,44,1,50.0732,0.042257,0.382812,0.625,0.500732,0.039997,0.375,0.609375,0.006198,0.03164,0.004762,1,50.2136,7.99152,261.62,0.374439,1,0.837576,1,4,16,0.015625,0.004839,0.010068,-0.005164,C-accelerated,134553.33,134700.0,1550.53,2800.0,1.0393
2026-03-30T05:40:55Z,2724667016,673,Dia memberi senyum pada kasir yang lelah. Kasir tersenyum balik. Lelah berkurang.,81,44,1,50.5432,0.041335,0.421875,0.617188,0.505432,0.045319,0.382812,0.59375,0.006213,0.028191,0.004751,1,49.8566,7.991603,257.059,0.45207,1,0.27706,1,4,16,0.015625,-0.019216,-0.020213,-0.012559,C-accelerated,140388.22,137600.0,6805.74,9850.0,3.5792
2026-03-30T05:40:55Z,2724667016,674,Anak belajar menanam biji kacang. Siram. Tumbuh. Daun pertama. Kagum.,69,44,1,49.7131,0.041246,0.398438,0.625,0.497131,0.042711,0.398438,0.609375,0.006264,0.031244,0.004689,1,49.9695,7.99208,241.024,0.726042,1,0.620035,1,4,16,0.015625,0.003746,-0.005022,0.001529,C-accelerated,143273.56,141400.0,5856.12,6000.0,2.1216
2026-03-30T05:40:55Z,2724667016,675,Dia berenang di sungai. Segar. Bebas. Ingat masa kecil.,55,44,1,49.8291,0.042857,0.398438,0.625,0.498291,0.043333,0.367188,0.59375,0.006235,0.030617,0.00472,1,49.7162,7.989829,309.027,0.011584,0,0.647195,1,4,16,0.015625,-0.006819,0.000654,-0.010385,C-accelerated,133356.89,133200.0,949.88,975.0,0.366
2026-03-30T05:40:55Z,2724667016,676,Ibu mengajarkan anak menyapu. Bersih. Rapi. Tanggung jawab pertama.,67,44,1,50.2563,0.041914,0.375,0.601562,0.502563,0.045367,0.359375,0.625,0.006166,0.032575,0.004693,1,50.0946,7.991217,262.598,0.35845,1,0.606644,1,4,16,0.015625,-0.001175,-0.004521,-0.008324,C-accelerated,133574.0,133200.0,1263.53,1275.0,0.4786
2026-03-30T05:40:55Z,2724667016,677,"Dia menulis catatan kecil untuk dirimu. ""Kamu hebat. Semangat."" Baca lagi saat sedih.",85,44,1,50.2014,0.038376,0.367188,0.617188,0.502014,0.043905,0.375,0.625,0.006222,0.035162,0.004716,1,49.6277,7.993264,204.742,0.990891,1,0.333162,1,4,16,0.015625,0.013449,-0.004903,0.002626,C-accelerated,139453.33,135000.0,8897.7,10500.0,3.8889
2026-03-30T05:40:55Z,2724667016,678,Anak belajar bersepeda tanpa roda bantu. Ayah pegang. Lepas. Bisa. Ayah bangga.,79,44,1,49.8901,0.044062,0.382812,0.617188,0.498901,0.045457,0.390625,0.617188,0.006344,0.037587,0.004752,1,49.826,7.990687,287.36,0.079912,1,0.557621,1,4,16,0.015625,0.001048,-0.000113,-0.012294,C-accelerated,152575.11,140200.0,33270.98,12725.0,4.5382
2026-03-30T05:40:55Z,2724667016,679,Dia membagi makanan untuk tetangga yang kurang mampu. Pintu diketuk. Senyum. Terima kasih.,90,44,1,49.762,0.043273,0.40625,0.609375,0.49762,0.048086,0.398438,0.609375,0.006196,0.030294,0.004695,1,49.6948,7.990897,279.936,0.135795,1,0.038545,1,4,16,0.015625,0.007103,0.006974,-0.004832,C-accelerated,134539.33,134400.0,1397.5,1975.0,0.7347
2026-03-30T05:40:55Z,2724667016,680,Ibu membuat telur ceplok kesukaan ayah. Matahari. Kuning. Ayah suka.,68,44,1,50.2441,0.048855,0.34375,0.625,0.502441,0.043375,0.382812,0.601562,0.006239,0.029378,0.004724,1,50.3906,7.990879,278.656,0.147766,1,0.468678,1,4,16,0.015625,-0.002602,0.003378,-0.00658,C-accelerated,133989.33,134300.0,1724.95,2500.0,0.9308
2026-03-30T05:40:55Z,2724667016,681,Dia duduk di masjid setelah subuh. Baca Quran. Dzikir. Tenang.,62,44,1,50.0244,0.043694,0.367188,0.617188,0.500244,0.041131,0.398438,0.59375,0.00616,0.037105,0.004735,1,49.9603,7.990808,281.309,0.123748,1,0.360022,1,4,16,0.015625,0.007633,-0.005223,-0.00074,C-accelerated,134180.89,133900.0,1390.7,1900.0,0.7095
2026-03-30T05:40:55Z,2724667016,682,Anak bermain dengan bayangan. Tangan jadi kelinci. Jadi burung. Ibu tertawa.,76,44,1,49.8657,0.038893,0.390625,0.585938,0.498657,0.046457,0.351562,0.59375,0.006227,0.028685,0.004691,1,49.7803,7.991993,240.768,0.729949,1,0.260553,1,4,16,0.015625,0.00203,0.001622,0.001946,C-accelerated,139448.67,135300.0,9535.1,3900.0,1.4412
2026-03-30T05:40:55Z,2724667016,683,Dia menikmati hujan dari jendela. Teh hangat. Buku. Sempurna.,61,44,1,49.7864,0.043812,0.382812,0.617188,0.497864,0.041898,0.40625,0.601562,0.006298,0.033258,0.004718,1,49.6429,7.990267,296.18,0.038967,0,0.852503,1,4,16,0.015625,0.00836,0.003793,0.010986,C-accelerated,134812.22,133900.0,2373.95,3275.0,1.2229
2026-03-30T05:40:55Z,2724667016,684,Ibu menggendong anak yang demam. Malam. Jalan. Doa. Anak tertidur. Ibu terjaga.,79,44,1,49.9756,0.040594,0.390625,0.640625,0.499756,0.043782,0.375,0.59375,0.006205,0.028952,0.004646,1,49.9359,7.991844,247.215,0.625029,1,0.89381,1,4,16,0.015625,-0.005718,-0.00454,-0.0121,C-accelerated,134677.11,134700.0,1773.32,2900.0,1.0765
2026-03-30T05:40:55Z,2724667016,685,Dia belajar dari kritik. Sakit. Tapi membangun. Lebih baik.,59,44,1,49.9939,0.044092,0.398438,0.617188,0.499939,0.041495,0.34375,0.617188,0.006296,0.032676,0.00473,1,50.0641,7.992076,241.001,0.726398,1,0.227767,1,4,16,0.015625,0.000193,0.006262,-0.004037,C-accelerated,135048.44,134500.0,1679.67,2700.0,1.0037
2026-03-30T05:40:55Z,2724667016,686,"Anak melihat bulan purnama. Besar. Bulat. Kuning. ""Itu bola, Bu?"" Ibu tersenyum.",80,44,1,50.7935,0.038236,0.398438,0.609375,0.507935,0.046425,0.390625,0.625,0.006232,0.031621,0.0047,1,49.9695,7.991798,249.937,0.577734,1,0.796843,1,4,16,0.015625,0.01146,0.013339,-0.01339,C-accelerated,145898.0,140700.0,10667.98,15775.0,5.6059
2026-03-30T05:40:55Z,2724667016,687,Dia membantu tetangga memindahkan barang. Capek. Tapi senang. Solidaritas.,74,44,1,50.0,0.043201,0.390625,0.59375,0.5,0.040677,0.390625,0.585938,0.006259,0.030647,0.004731,1,49.3317,7.991725,251.59,0.5486,1,0.209914,1,4,16,0.015625,-0.001147,0.010189,0.010332,C-accelerated,134780.0,134700.0,1925.14,2400.0,0.8909
2026-03-30T05:40:55Z,2724667016,688,Ibu mengajari anak memasak sederhana. Nasi goreng. Gosong. Tapi dimakan. Enak.,78,44,1,50.4944,0.042353,0.40625,0.601562,0.504944,0.046115,0.390625,0.640625,0.006374,0.030987,0.004742,1,49.9878,7.991515,260.201,0.398118,1,0.414952,1,4,16,0.015625,0.005297,0.001117,-0.002655,C-accelerated,141808.22,137300.0,8926.75,7300.0,2.6584
2026-03-30T05:40:55Z,2724667016,689,Dia memberi hadiah kecil untuk teman. Tidak spesial. Tulus. Teman senang.,73,44,1,50.0,0.046219,0.367188,0.601562,0.5,0.047901,0.382812,0.617188,0.006215,0.033446,0.004711,1,49.884,7.993056,211.537,0.978115,1,0.370117,1,4,16,0.015625,0.000912,0.003347,-0.001298,C-accelerated,135726.0,135600.0,799.45,900.0,0.3319
2026-03-30T05:40:55Z,2724667016,690,Anak bermain pasir di pantai. Membangun istana. Ombak datang. Hancur. Tertawa.,78,44,1,48.9929,0.046805,0.367188,0.617188,0.489929,0.046754,0.34375,0.59375,0.006212,0.029255,0.004762,1,50.3632,7.992212,236.788,0.787204,1,0.097111,1,4,16,0.015625,-9e-05,0.017012,-0.006723,C-accelerated,138692.0,136150.0,6116.93,5775.0,2.1208
2026-03-30T05:40:55Z,2724667016,691,Dia berdoa di tempat sunyi. Sendiri dengan Tuhan. Curhat. Tenang.,65,44,1,50.3418,0.04301,0.359375,0.617188,0.503418,0.043638,0.375,0.601562,0.006207,0.027277,0.004621,1,49.9359,7.991211,268.742,0.265233,1,0.973379,1,4,16,0.015625,0.00362,-0.015212,-0.007039,C-accelerated,141827.11,134400.0,20529.19,5600.0,2.0833
2026-03-30T05:40:55Z,2724667016,692,Ibu membelikan es krim setelah berenang. Lelah hilang. Dingin. Manis. Sempurna.,79,44,1,50.3479,0.04574,0.390625,0.625,0.503479,0.040084,0.390625,0.585938,0.006117,0.031758,0.00469,1,50.1282,7.991641,255.942,0.471631,1,0.058408,1,4,16,0.015625,0.00582,0.003741,0.002434,C-accelerated,134032.67,133600.0,1760.15,2675.0,1.0011
2026-03-30T05:40:55Z,2724667016,693,Dia belajar menabung. Sisihkan setiap hari. Kecil. Konsisten. Terkumpul.,72,44,1,49.6704,0.045403,0.398438,0.664062,0.496704,0.045874,0.390625,0.648438,0.00622,0.030137,0.004685,1,49.939,7.991053,272.0,0.221829,1,0.576998,1,4,16,0.015625,0.012574,-0.000744,0.004314,C-accelerated,135997.56,135400.0,2872.15,4100.0,1.514
2026-03-30T05:40:55Z,2724667016,694,Anak bertemu kucing liar. Diberi makan. Kucing datang setiap hari. Berteman.,76,44,1,50.177,0.041778,0.40625,0.625,0.50177,0.037863,0.414062,0.617188,0.006343,0.032698,0.004736,1,50.1221,7.99121,264.832,0.322999,1,0.890041,1,4,16,0.015625,-0.007318,0.00096,-0.005674,C-accelerated,140049.78,137700.0,7403.38,4775.0,1.7338
2026-03-30T05:40:55Z,2724667016,695,Dia mengunjungi orang tua di kampung. Bawa buah tangan. Ibu masak kesukaan. Hangat.,83,44,1,50.2747,0.045119,0.40625,0.617188,0.502747,0.049058,0.390625,0.625,0.006288,0.0326,0.00474,1,50.2533,7.990849,276.212,0.172642,1,0.404123,1,4,16,0.015625,0.0056,-0.005009,0.007083,C-accelerated,134433.56,134500.0,1519.64,2400.0,0.8922
2026-03-30T05:40:55Z,2724667016,696,Ibu menyiapkan bekal sekolah. Nasi. Sayur. Lauk. Cinta dalam kotak makan.,73,44,1,50.5188,0.040657,0.382812,0.59375,0.505188,0.049191,0.382812,0.640625,0.006204,0.030881,0.004687,1,49.649,7.991343,263.412,0.34534,1,0.7712,1,4,16,0.015625,0.005243,-0.001725,-0.001174,C-accelerated,134394.0,134650.0,1758.67,2875.0,1.0676
2026-03-30T05:40:55Z,2724667016,697,Dia melihat laut lepas. Luas. Tak terbatas. Merasa kecil. Bersyukur.,68,44,1,49.6948,0.042637,0.40625,0.640625,0.496948,0.03943,0.375,0.601562,0.006261,0.030764,0.004737,1,50.354,7.990994,277.795,0.156227,1,0.486411,1,4,16,0.015625,0.014812,0.0001,0.010419,C-accelerated,138039.11,136100.0,5076.97,6650.0,2.4431
2026-03-30T05:40:55Z,2724667016,698,Anak belajar mengucap maaf. Salah. Minta maaf. Teman maafkan. Main lagi.,72,44,1,49.8169,0.043394,0.390625,0.609375,0.498169,0.042438,0.382812,0.648438,0.006238,0.03368,0.004734,1,50.1801,7.992188,239.511,0.748754,1,0.890041,1,4,16,0.015625,0.009582,0.008353,-0.000855,C-accelerated,134006.44,133800.0,1072.5,1300.0,0.4858
2026-03-30T05:40:55Z,2724667016,699,Dia menulis catatan syukur setiap pagi. Tiga hal. Semangat mulai hari.,70,44,1,49.585,0.049429,0.390625,0.65625,0.49585,0.044096,0.359375,0.609375,0.006224,0.029033,0.004663,1,50.2563,7.991965,242.607,0.701353,1,0.796843,1,4,16,0.015625,-0.006839,-0.002582,-0.007532,C-accelerated,133635.33,133300.0,1029.31,1600.0,0.6002
2026-03-30T05:40:55Z,2724667016,700,Ibu mengajarkan anak bersedekah. Sedikit. Ikhlas. Berkah.,57,44,1,48.8586,0.047289,0.351562,0.601562,0.488586,0.045112,0.328125,0.59375,0.006236,0.027468,0.004665,1,50.0824,7.990735,283.45,0.106559,1,0.48046,1,4,16,0.015625,0.001783,-0.00076,0.004201,C-accelerated,137326.67,134900.0,5988.49,7300.0,2.7057
2026-03-30T05:40:55Z,2724667016,701,Dia membantu orang buta membaca. Baca koran. Dunia sampai padanya.,66,44,1,49.8596,0.04002,0.382812,0.59375,0.498596,0.043029,0.390625,0.617188,0.006229,0.029275,0.004694,1,50.1434,7.992214,238.627,0.761598,1,0.992393,1,4,16,0.015625,0.004404,0.003097,0.004754,C-accelerated,133704.89,133200.0,1946.67,1900.0,0.7132
2026-03-30T05:40:55Z,2724667016,702,Anak bermain dengan adik. Jagain. Temani. Ibu bisa masak. Tenang.,65,44,1,49.585,0.040723,0.390625,0.601562,0.49585,0.041558,0.382812,0.585938,0.006186,0.029899,0.004643,1,49.7162,7.991975,244.305,0.673904,1,0.731413,1,4,16,0.015625,-0.011377,-0.000236,-0.015435,C-accelerated,135215.78,135300.0,1110.13,1300.0,0.4804
2026-03-30T05:40:55Z,2724667016,703,Dia menikmati angin sore. Rambut tertiup. Segar. Lelah pergi.,61,44,1,50.6714,0.046535,0.375,0.609375,0.506714,0.040908,0.398438,0.601562,0.006257,0.028229,0.004708,1,50.0244,7.990792,280.774,0.128348,1,0.198033,1,4,16,0.015625,0.004188,0.004467,-0.006515,C-accelerated,136004.89,135700.0,2440.59,2500.0,0.9211
2026-03-30T05:40:55Z,2724667016,704,Ibu membuat sup ayam untuk anak sakit. Hangat. Pulih. Sembuh.,61,44,1,50.647,0.042937,0.34375,0.609375,0.50647,0.050622,0.390625,0.640625,0.006166,0.02978,0.004641,1,49.9939,7.991961,246.54,0.636548,1,0.38298,1,4,16,0.015625,-0.006337,-0.001024,0.011784,C-accelerated,136880.44,137200.0,2119.78,2300.0,0.8382
2026-03-30T05:40:55Z,2724667016,705,Dia belajar berkebun. Tanam. Rawat. Panen. Makan hasil sendiri. Bangga.,71,44,1,50.1831,0.045497,0.382812,0.609375,0.501831,0.040893,0.375,0.601562,0.00618,0.027347,0.004662,1,50.5524,7.992573,224.477,0.916173,1,0.745804,1,4,16,0.015625,0.002515,0.002198,-0.001157,C-accelerated,133241.56,132700.0,1683.19,1900.0,0.7159
2026-03-30T05:40:55Z,2724667016,706,Anak pertama kali naik kereta. Lihat pemandangan. Sawah. Gunung. Kagum.,71,44,1,49.8352,0.0468,0.351562,0.59375,0.498352,0.048786,0.367188,0.632812,0.006186,0.035037,0.004697,1,50.2899,7.992461,230.179,0.865887,1,0.717116,1,4,16,0.015625,0.007529,0.001219,-0.000743,C-accelerated,134636.67,134400.0,1605.18,1475.0,0.5487
2026-03-30T05:40:55Z,2724667016,707,Dia menyapa tetangga baru. Bantu perkenalkan lingkungan. Mereka berterima kasih.,80,44,1,49.6582,0.042159,0.375,0.640625,0.496582,0.04332,0.375,0.648438,0.006335,0.028659,0.004739,1,49.7711,7.99168,252.521,0.532117,1,0.201376,1,4,16,0.015625,0.003378,-0.004659,0.01439,C-accelerated,135784.44,135600.0,1928.6,2100.0,0.7743
2026-03-30T05:40:55Z,2724667016,708,Ibu menceritakan kisah nabi. Anak dengar. Ambil hikmah. Tidur.,62,44,1,49.2432,0.044559,0.359375,0.617188,0.492432,0.047168,0.335938,0.609375,0.006253,0.029135,0.004742,1,49.6277,7.99231,235.788,0.800492,1,0.104023,1,4,16,0.015625,-0.015061,-0.000224,0.00564,C-accelerated,135386.44,135200.0,2366.66,2750.0,1.017
2026-03-30T05:40:55Z,2724667016,709,Dia belajar melukis dengan cat air. Warna menyatu. Indah. Hati senang.,70,44,1,49.9634,0.042923,0.375,0.601562,0.499634,0.043562,0.382812,0.640625,0.006244,0.033392,0.004745,1,50.4364,7.99222,236.02,0.797444,1,0.156807,1,4,16,0.015625,0.001657,0.001209,-0.00493,C-accelerated,136964.44,136550.0,2143.5,3500.0,1.2816
2026-03-30T05:40:55Z,2724667016,710,Anak bermain ayunan. Tinggi. Tertawa. Minta dorong lagi. Ibu dorong.,68,44,1,50.116,0.045335,0.40625,0.601562,0.50116,0.04658,0.382812,0.648438,0.006197,0.028639,0.004699,1,50.1678,7.992019,242.769,0.698761,1,0.42595,1,4,16,0.015625,-0.005075,-0.002293,0.00191,C-accelerated,136950.67,135500.0,4823.7,3000.0,1.107
2026-03-30T05:40:55Z,2724667016,711,Dia mengembalikan dompet yang ditemukan di taksi. Pemilik haru. Memberi hadiah. Ditolak.,88,44,1,49.9573,0.047344,0.351562,0.664062,0.499573,0.043545,0.382812,0.632812,0.006209,0.028687,0.004677,1,50.3967,7.991206,267.066,0.289273,1,0.852503,1,4,16,0.015625,0.0128,0.016439,0.004457,C-accelerated,133811.56,133350.0,1826.02,1400.0,0.5249
2026-03-30T05:40:55Z,2724667016,712,"Ibu memeluk anak yang gagal ujian. ""Tidak apa. Coba lagi."" Kuat.",64,44,1,49.8657,0.046159,0.390625,0.640625,0.498657,0.047483,0.382812,0.625,0.006189,0.029588,0.004663,1,50.2625,7.99166,253.684,0.511496,1,0.333162,1,4,16,0.015625,-0.002833,0.004299,-0.002011,C-accelerated,133718.89,134300.0,1675.77,2700.0,1.0052
2026-03-30T05:40:55Z,2724667016,713,Dia melihat langit malam. Bintang bersinar. Tak terhitung. Tuhan Maha Besar.,76,44,1,50.0488,0.045677,0.390625,0.632812,0.500488,0.04121,0.414062,0.585938,0.006251,0.030065,0.004714,1,50.0946,7.991258,265.833,0.307667,1,0.268719,1,4,16,0.015625,0.010055,0.000572,0.01248,C-accelerated,136510.22,136300.0,900.63,800.0,0.2935
2026-03-30T05:40:55Z,2724667016,714,Anak bermain dengan teman berbeda agama. Saling menghormati. Main bersama. Bahagia.,83,44,1,49.9817,0.046399,0.382812,0.632812,0.499817,0.040729,0.390625,0.59375,0.006291,0.031384,0.004743,1,49.7101,7.991151,268.346,0.270808,1,0.942992,1,4,16,0.015625,0.009199,-0.00477,0.003832,C-accelerated,139908.44,136500.0,7716.85,5300.0,1.9414
2026-03-30T05:40:55Z,2724667016,715,Dia memberi makan burung di halaman. Burung datang. Bawa teman. Ramai.,70,44,1,49.4751,0.047673,0.34375,0.609375,0.494751,0.044721,0.390625,0.609375,0.006183,0.031742,0.004708,1,49.6094,7.991001,274.234,0.194748,1,0.92404,1,4,16,0.015625,0.0145,-0.004151,0.001316,C-accelerated,137848.89,136000.0,5215.45,3075.0,1.1305
2026-03-30T05:40:55Z,2724667016,716,Ibu mengajarkan anak berkata jujur. Walaupun pahit. Lebih baik dari dusta.,74,44,1,50.4089,0.042466,0.375,0.617188,0.504089,0.043967,0.382812,0.640625,0.006169,0.033813,0.004692,1,50.0854,7.991653,254.15,0.503253,1,0.289899,1,4,16,0.015625,-0.009431,0.001332,0.001755,C-accelerated,134724.22,135050.0,1397.13,2300.0,0.8515
2026-03-30T05:40:55Z,2724667016,717,Dia belajar menerima pujian. Malu. Tapi senang. Terima kasih.,61,44,1,49.7192,0.045173,0.375,0.617188,0.497192,0.048561,0.359375,0.601562,0.006237,0.027294,0.004746,1,49.5178,7.992676,223.267,0.924818,1,0.807902,1,4,16,0.015625,-0.009961,0.004807,0.014339,C-accelerated,136302.22,136000.0,2369.86,2700.0,0.9926
2026-03-30T05:40:55Z,2724667016,719,Dia menikmati hari tanpa rencana. Ikuti kata hati. Berpetualang. Menyenangkan.,78,44,1,50.3418,0.04291,0.398438,0.617188,0.503418,0.043386,0.398438,0.609375,0.006197,0.030735,0.004658,1,49.7681,7.99296,216.122,0.963098,1,0.557621,1,4,16,0.015625,-0.001528,0.003052,0.003824,C-accelerated,137183.33,135100.0,5410.27,4900.0,1.8135
2026-03-30T05:40:55Z,2724667016,718,Anak main petak umpet. Sembunyi baik-baik. Tidak ditemukan. Menunggu lama. Teman pulang. Bingung.,97,44,1,49.8535,0.049021,0.382812,0.648438,0.498535,0.046,0.382812,0.609375,0.006217,0.0318,0.004631,1,50.5188,7.99185,246.423,0.638525,1,0.961977,1,4,16,0.015625,0.002729,0.000879,4.7e-05,C-accelerated,138744.44,138800.0,3409.42,3600.0,1.2968
2026-03-30T05:40:55Z,2724667016,720,Ibu membuat wedang ronde. Hangat. Kenyal. Jahe. Hujan sore. Sempurna.,69,44,1,50.5676,0.046144,0.390625,0.601562,0.505676,0.034688,0.429688,0.609375,0.006219,0.03382,0.004691,1,49.6826,7.991814,246.842,0.631397,1,0.323724,1,4,16,0.015625,0.00158,-0.008424,-0.006638,C-accelerated,134677.11,134700.0,1618.18,2300.0,0.8537
2026-03-30T05:40:55Z,2724667016,721,Dia belajar bahasa baru. Sulit. Tapi serius. Bisa sedikit. Bangga.,66,44,1,50.2441,0.045688,0.359375,0.640625,0.502441,0.042385,0.390625,0.601562,0.006234,0.031498,0.004741,1,50.0,7.99155,256.244,0.466319,1,0.049515,1,4,16,0.015625,-0.002507,-0.004091,0.003644,C-accelerated,141561.56,136300.0,10689.67,12975.0,4.7597
2026-03-30T05:40:55Z,2724667016,722,Anak melihat kebun binatang pertama. Gajah besar. Jerapah tinggi. Lucu.,71,44,1,49.9756,0.038644,0.40625,0.59375,0.499756,0.043079,0.390625,0.632812,0.006269,0.034555,0.00473,1,50.3723,7.991586,256.896,0.454913,1,1.0,1,4,16,0.015625,-0.023876,0.012247,-0.002918,C-accelerated,141152.89,137700.0,9390.47,5175.0,1.8791
2026-03-30T05:40:55Z,2724667016,724,Он открыл дверь. Кошка сидела там. Посмотрела на него. И ушла. Он ждал. Она не вернулась.,89,44,1,50.1892,0.044224,0.398438,0.601562,0.501892,0.044181,0.40625,0.617188,0.006237,0.032114,0.004659,1,49.6368,7.991839,247.005,0.628614,1,0.871236,1,4,16,0.015625,-0.004404,-0.007815,-0.007749,C-accelerated,135148.22,134500.0,1891.57,2300.0,0.855
2026-03-30T05:40:55Z,2724667016,723,Dia membantu korban bencana. Relawan. Cape,42,44,1,49.9756,0.046281,0.367188,0.648438,0.499756,0.042746,0.367188,0.601562,0.006277,0.034713,0.004802,1,49.8108,7.991461,259.107,0.416687,1,0.340356,1,4,16,0.015625,-0.003465,0.015178,-0.004764,C-accelerated,137261.56,136800.0,2705.88,3375.0,1.2336
2026-03-30T05:40:55Z,2724667016,725,Дождь кончился. Она закрыла зонт. Посмотрела на небо. Радуга. Улыбнулась. Это был единственный хороший момент за день.,118,44,1,50.2747,0.044136,0.382812,0.59375,0.502747,0.042462,0.398438,0.609375,0.006225,0.036012,0.004708,1,49.5789,7.99147,259.27,0.413905,1,0.171244,1,4,16,0.015625,0.0025,-0.008812,-0.001144,C-accelerated,140964.22,137400.0,8723.17,6950.0,2.5291
2026-03-30T05:40:55Z,2724667016,726,"Каждое утро он отправлял ей ""доброе утро"". Три года. Она никогда не отвечала. Он продолжал. Это был его ритуал.",111,44,1,50.1892,0.039689,0.398438,0.625,0.501892,0.045968,0.414062,0.632812,0.0062,0.031611,0.00466,1,50.2441,7.991043,272.861,0.211128,1,0.72783,1,4,16,0.015625,0.00289,-0.001127,-0.004207,C-accelerated,138327.33,136600.0,5289.46,4175.0,1.5282
2026-03-30T05:40:55Z,2724667016,727,Чай остыл. Она вскипятила новый. Он всё не возвращался. Телефон молчал. Она вылила чай. В седьмой раз.,102,44,1,50.0732,0.04027,0.421875,0.609375,0.500732,0.040577,0.382812,0.578125,0.006238,0.029407,0.004707,1,50.1617,7.990916,280.355,0.132033,1,0.560828,1,4,16,0.015625,0.002093,-0.007463,-0.004102,C-accelerated,134518.44,133400.0,2463.46,4600.0,1.7241
2026-03-30T05:40:55Z,2724667016,728,"На старой фотографии кто-то похожий на меня. Но не я. Мама сказала, это тётя. Тётя давно умерла. Я никогда её не видел.",119,44,1,49.5483,0.041851,0.382812,0.609375,0.495483,0.040331,0.375,0.59375,0.006219,0.028329,0.004712,1,50.0061,7.990894,275.351,0.182048,1,0.912688,1,4,16,0.015625,-0.002722,-0.000657,0.002966,C-accelerated,139632.44,136900.0,7361.28,3675.0,1.3422
2026-03-30T05:40:55Z,2724667016,729,"Луна была полной. Я смотрел один. Вспомнил, как мы обещали смотреть вместе. С кем ты смотришь сейчас?",101,44,1,49.9756,0.049871,0.375,0.632812,0.499756,0.041649,0.40625,0.617188,0.006178,0.036168,0.004669,1,49.9817,7.992457,229.574,0.871995,1,0.674834,1,4,16,0.015625,0.020814,-0.013866,0.000258,C-accelerated,135027.56,134400.0,2120.3,2750.0,1.0231
2026-03-30T05:40:55Z,2724667016,730,"Ключ не подходил к замку. Я пробовал много раз. Сосед сказал, что здесь никто не живёт. Но я видел свет в окне.",111,44,1,49.9756,0.047671,0.382812,0.632812,0.499756,0.044644,0.390625,0.625,0.006176,0.029527,0.00471,1,49.8108,7.992077,239.604,0.747383,1,0.330786,1,4,16,0.015625,0.001187,0.007293,-0.003353,C-accelerated,139058.0,136300.0,6193.36,4600.0,1.6875
2026-03-30T05:40:55Z,2724667016,731,"Она посадила цветок. Поливала каждый день. Цветок не цвёл. Ей сказали, что он искусственный. Она продолжала поливать.",117,44,1,49.823,0.042949,0.390625,0.609375,0.49823,0.044967,0.390625,0.59375,0.006204,0.033562,0.004707,1,49.9634,7.99149,259.386,0.411922,1,0.213401,1,4,16,0.015625,-0.004321,0.000132,0.00566,C-accelerated,135249.78,134300.0,1927.5,3500.0,1.3031
2026-03-30T05:40:55Z,2724667016,732,Последний поезд метро. Я успел. В вагоне был только один человек. Он улыбнулся мне. Я вышел.,92,44,1,50.1953,0.046106,0.359375,0.609375,0.501953,0.037518,0.390625,0.617188,0.00633,0.030519,0.00478,1,50.116,7.992315,235.136,0.808888,1,0.124765,1,4,16,0.015625,-0.008964,0.004048,-0.010091,C-accelerated,136366.0,135950.0,2081.19,2400.0,0.8827
2026-03-30T05:40:55Z,2724667016,733,Отец учил меня кататься на велосипеде. Он держал сзади. Я оглянулся. Он уже отпустил. Я уехал далеко.,101,44,1,50.0305,0.045923,0.382812,0.601562,0.500305,0.039335,0.414062,0.625,0.006279,0.030152,0.004796,1,50.0122,7.991584,254.289,0.500782,1,0.685315,1,4,16,0.015625,0.006495,0.002142,0.0061,C-accelerated,141878.22,138100.0,9572.38,9000.0,3.2585
2026-03-30T05:40:55Z,2724667016,735,Каждый день она смотрелась в зеркало. Лицо в зеркале становилось всё моложе. Ей стало страшно. Она перестала смотреться.,120,44,1,49.4812,0.044669,0.375,0.625,0.494812,0.04615,0.382812,0.625,0.006217,0.029206,0.004671,1,49.939,7.99042,289.664,0.066853,1,0.567269,1,4,16,0.015625,0.004585,0.001172,0.006507,C-accelerated,136313.78,136100.0,1829.74,1100.0,0.4041
2026-03-30T05:40:55Z,2724667016,734,Кошка умерла. Я похоронил её под деревом. На следующий год дерево зацвело. Белыми цветами. Кошка тоже была белой.,113,44,1,49.8291,0.04737,0.398438,0.632812,0.498291,0.043123,0.40625,0.59375,0.006242,0.028504,0.004708,1,49.9268,7.991242,267.043,0.289615,1,0.127124,1,4,16,0.015625,0.00457,-0.007675,0.006144,C-accelerated,134296.89,133400.0,2633.96,1600.0,0.5997
2026-03-30T05:40:55Z,2724667016,736,"Он ждал письмо, которое никогда не придёт. Почтальон проходил мимо каждый день. Качал головой. Он продолжал ждать.",114,44,1,49.8352,0.041692,0.414062,0.601562,0.498352,0.040261,0.414062,0.59375,0.006217,0.031006,0.004704,1,49.7284,7.991783,247.913,0.613017,1,0.246678,1,4,16,0.015625,-0.006659,0.005424,0.001985,C-accelerated,135630.67,135500.0,1150.86,1375.0,0.5074
2026-03-30T05:40:55Z,2724667016,737,Еда была готова. Приборы на столе. Телеvisor работал. Никто не ел. Все ушли.,76,44,1,49.8718,0.04121,0.375,0.59375,0.498718,0.044536,0.390625,0.609375,0.006244,0.029292,0.004653,1,50.0854,7.991729,251.543,0.549423,1,0.977181,1,4,16,0.015625,-0.002545,-0.002915,0.005224,C-accelerated,134956.89,134300.0,1780.76,2300.0,0.8563
2026-03-30T05:40:55Z,2724667016,738,"Она купила два мороженых. Одно мне, одно себе. Моё растаяло. Её тоже.",69,44,1,49.7192,0.043953,0.359375,0.601562,0.497192,0.044525,0.382812,0.59375,0.006255,0.02942,0.004729,1,50.177,7.9919,247.098,0.627022,1,0.657505,1,4,16,0.015625,0.00225,-0.006121,-0.001205,C-accelerated,137324.89,135100.0,7856.48,3600.0,1.3323
2026-03-30T05:40:55Z,2724667016,739,"Дерево за окном срубили. Я грустил неделю. Потом увидел, что теперь видно дальние горы.",87,44,1,48.9441,0.046184,0.359375,0.601562,0.489441,0.042507,0.359375,0.609375,0.006229,0.035341,0.004708,1,50.4211,7.99141,258.944,0.419474,1,0.078554,1,4,16,0.015625,-0.002108,0.004466,-0.001319,C-accelerated,135165.78,135100.0,928.24,900.0,0.3331
2026-03-30T05:40:55Z,2724667016,740,"Он бросал курить сто раз. Каждый раз срывался. Врач сказал, что если не бросит, не проживёт и года. Он сказал: значит, так тому и быть.",135,44,1,49.9023,0.042151,0.390625,0.65625,0.499023,0.047037,0.382812,0.601562,0.006224,0.032222,0.004698,1,49.5972,7.99113,267.997,0.275779,1,0.287732,1,4,16,0.015625,-0.009869,0.005135,0.004252,C-accelerated,133986.67,133600.0,1270.12,1700.0,0.6362
2026-03-30T05:40:55Z,2724667016,741,Она не спала всю ночь. Ждала рассвета. Рассвело. Ждала заката. Так прошла вся жизнь.,84,44,1,50.6042,0.040397,0.398438,0.617188,0.506042,0.044369,0.390625,0.625,0.006253,0.031289,0.004725,1,49.9176,7.992241,237.743,0.774104,1,0.859987,1,4,16,0.015625,-0.008215,-0.014658,-0.009147,C-accelerated,134658.44,134500.0,1729.03,2300.0,0.855
2026-03-30T05:40:55Z,2724667016,742,Ребёнок плакал. Мать успокаивала. Отец был на работе. Луна смотрела.,68,44,1,49.5483,0.045759,0.359375,0.640625,0.495483,0.041174,0.390625,0.609375,0.006274,0.029641,0.004741,1,50.116,7.992311,233.67,0.827026,1,0.526046,1,4,16,0.015625,0.003855,0.007703,-0.003163,C-accelerated,139816.89,134800.0,13038.33,5525.0,2.0493
2026-03-30T05:40:55Z,2724667016,743,Он писал много стихов. Их никто не читал. Он читал их сам. Читал и плакал. Стихи были о ней.,92,44,1,50.3296,0.041439,0.398438,0.59375,0.503296,0.049126,0.320312,0.59375,0.006207,0.038324,0.004715,1,50.3021,7.992062,240.116,0.739779,1,0.142014,1,4,16,0.015625,-0.00513,0.004489,0.005104,C-accelerated,134249.11,133700.0,1829.05,2375.0,0.8882
2026-03-30T05:40:55Z,2724667016,744,Она потеряла ключи. Не могла войти в дом. Сидела на лестнице и ждала. Ждала дотемна. Никто не пришёл открыть.,109,44,1,49.884,0.044625,0.40625,0.625,0.49884,0.047573,0.390625,0.617188,0.006207,0.031863,0.004654,1,49.7833,7.992318,236.207,0.794987,1,0.340356,1,4,16,0.015625,0.003096,0.006699,-0.000567,C-accelerated,137334.67,134900.0,5809.52,3900.0,1.4455
2026-03-30T05:40:55Z,2724667016,745,Дождь шёл три дня. На четвёртый закончился. На пятый она снова взяла зонт. Зонт не пригодился. Она улыбнулась.,110,44,1,49.5483,0.036859,0.40625,0.59375,0.495483,0.047276,0.367188,0.625,0.006199,0.029413,0.004667,1,50.2289,7.990527,287.034,0.081911,1,0.281296,1,4,16,0.015625,-0.017812,-0.011332,-0.003462,C-accelerated,139182.22,136500.0,7168.18,5800.0,2.1245
2026-03-30T05:40:55Z,2724667016,746,Он позвонил матери. Мать спросила: кто это? Он сказал: я твой сын. Мать сказала: я тебя не знаю.,96,44,1,50.3967,0.04376,0.351562,0.609375,0.503967,0.043091,0.398438,0.65625,0.006219,0.027955,0.004665,1,50.2167,7.991594,255.43,0.480641,1,0.782161,1,4,16,0.015625,-0.007112,-0.006469,0.013582,C-accelerated,140445.56,137500.0,6989.78,9575.0,3.4818
2026-03-30T05:40:55Z,2724667016,747,Она разбирала старые вещи. Нашла письмо. Оно не было отправлено. Получательницей была она сама. Дата стояла десять лет назад.,125,44,1,50.4822,0.046014,0.414062,0.632812,0.504822,0.046539,0.390625,0.617188,0.006289,0.029198,0.004757,1,50.3204,7.991925,245.935,0.64679,1,0.89381,1,4,16,0.015625,-0.004213,0.002968,-0.005674,C-accelerated,137492.44,136400.0,3361.59,3675.0,1.3471
2026-03-30T05:40:55Z,2724667016,748,"Рыбка умерла. Он смыл её в унитаз. Теперь каждый раз, когда он ходил в туалет, он вспоминал о ней.",98,44,1,49.7131,0.037871,0.390625,0.578125,0.497131,0.043156,0.390625,0.609375,0.006174,0.032224,0.004696,1,50.177,7.991561,256.756,0.457353,1,0.984786,1,4,16,0.015625,-0.004545,-0.005129,-0.00904,C-accelerated,136285.78,135900.0,1974.25,2200.0,0.8094
2026-03-30T05:40:55Z,2724667016,749,Она научилась есть одна. Ходить к врачу одной. Встречать праздники одной. Стареть одной.,88,44,1,49.4995,0.040931,0.398438,0.625,0.494995,0.045152,0.390625,0.617188,0.006193,0.028808,0.00474,1,49.9207,7.990652,283.357,0.107267,1,0.852503,1,4,16,0.015625,-0.010648,0.003855,0.014261,C-accelerated,134806.89,135200.0,1390.87,2275.0,0.8413
2026-03-30T05:40:55Z,2724667016,750,Он увидел её в толпе. Она тоже увидела его. Никто не остановился. Каждый пошёл дальше своей дорогой.,100,44,1,50.0671,0.040853,0.414062,0.617188,0.500671,0.041513,0.382812,0.609375,0.006279,0.028903,0.004772,1,49.6765,7.990314,294.388,0.045436,0,0.977181,1,4,16,0.015625,0.003533,0.003532,0.000195,C-accelerated,137889.33,136200.0,7879.01,5075.0,1.8631
2026-03-30T05:40:55Z,2724667016,751,Луна шла за мной. Я останавливался — она останавливалась. Я бежал — она бежала. Потом я вернулся домой. А она осталась снаружи.,127,44,1,50.1221,0.042718,0.40625,0.609375,0.501221,0.043217,0.40625,0.609375,0.006244,0.031168,0.004734,1,50.0214,7.992058,243.514,0.686802,1,0.049515,1,4,16,0.015625,-0.007,-0.010418,0.003216,C-accelerated,143539.78,140700.0,7751.09,8775.0,3.1183
2026-03-30T05:40:55Z,2724667016,752,Она завела кошку. Кошка ушла. Завела собаку. Собака тоже ушла. Больше она никого не заводила.,93,44,1,50.0793,0.050705,0.382812,0.632812,0.500793,0.043584,0.40625,0.601562,0.006209,0.03069,0.004712,1,49.7772,7.992231,239.93,0.742556,1,0.274959,1,4,16,0.015625,0.01137,-0.000361,0.000615,C-accelerated,137704.67,136900.0,3214.67,3850.0,1.4061
2026-03-30T05:40:55Z,2724667016,753,Каждый день он ходил в одно и то же кафе. Садился на одно и то же место. Заказывал один и тот же кофе. Читал одну и ту же газету. Пока кафе не закрылось.,153,44,1,50.946,0.043483,0.382812,0.617188,0.50946,0.039616,0.421875,0.609375,0.00622,0.030884,0.004706,1,49.8138,7.99235,234.577,0.815922,1,0.630162,1,4,16,0.015625,-0.000833,0.00352,-0.000166,C-accelerated,140737.78,141400.0,2242.89,2575.0,0.9105
2026-03-30T05:40:55Z,2724667016,754,"Она написала письмо. Без адреса. Без получателя. Не отправила. Сожгла. Пепел взлетел, как бабочки.",98,44,1,50.1709,0.046404,0.359375,0.625,0.501709,0.046905,0.390625,0.617188,0.00626,0.03028,0.004734,1,49.9207,7.990505,285.871,0.08937,1,0.507551,1,4,16,0.015625,-0.005996,-0.009768,-0.00406,C-accelerated,145022.44,138200.0,15397.13,9275.0,3.3556
2026-03-30T05:40:55Z,2724667016,755,"Дождь стучал по стеклу. Она считала капли. Досчитав до ста, заснула. Проснулась — дождь всё ещё шёл.",100,44,1,50.9399,0.046161,0.34375,0.609375,0.509399,0.041159,0.390625,0.617188,0.00633,0.029766,0.004719,1,49.9054,7.992588,225.548,0.907951,1,0.133174,1,4,16,0.015625,0.006069,-0.002846,-0.001155,C-accelerated,139749.33,139100.0,4683.77,4575.0,1.6445
2026-03-30T05:40:55Z,2724667016,756,"Он ждал очень долго. Так долго, что забыл, кого ждёт. Забыл, что ждёт. Но продолжал ждать.",90,44,1,50.8179,0.04429,0.367188,0.625,0.508179,0.042499,0.414062,0.609375,0.00631,0.031262,0.004727,1,49.7589,7.993413,200.739,0.994885,1,0.294266,1,4,16,0.015625,0.001116,-2.1e-05,-0.004699,C-accelerated,144775.78,139600.0,11306.34,12700.0,4.5487
2026-03-30T05:40:55Z,2724667016,757,"Она купила цветы. Дома оказалось, что нет вазы. Поставила их в кружку. Цветы расцвели. Кружка была рада.",104,44,1,50.2319,0.04695,0.328125,0.617188,0.502319,0.042761,0.398438,0.601562,0.006033,0.031322,0.004625,1,50.3174,7.991799,248.029,0.611006,1,0.213401,1,4,16,0.015625,-0.003568,-0.004912,-0.008831,C-accelerated,140129.33,136300.0,10460.68,5375.0,1.9718
2026-03-30T05:40:55Z,2724667016,758,"Он тренировался улыбаться перед зеркалом. Тренировался всю жизнь. Когда он умер, на его лице не было никакого выражения.",120,44,1,50.3662,0.041061,0.390625,0.632812,0.503662,0.044826,0.40625,0.609375,0.006247,0.027537,0.004692,1,50.0153,7.990832,280.564,0.130181,1,0.507551,1,4,16,0.015625,-0.006616,-0.005473,-0.011212,C-accelerated,138257.11,135650.0,6509.93,3300.0,1.2164
2026-03-30T05:40:55Z,2724667016,759,"Она прошла долгий путь, чтобы увидеть дерево. Дерево срубили. Она долго стояла на том месте.",92,44,1,49.8535,0.037196,0.390625,0.609375,0.498535,0.045384,0.390625,0.640625,0.006173,0.029773,0.004705,1,49.8901,7.991519,259.898,0.403228,1,0.516756,1,4,16,0.015625,0.011876,0.002829,0.015313,C-accelerated,136358.67,135400.0,2984.42,1100.0,0.4062
2026-03-30T05:40:55Z,2724667016,760,Кошка грелась на подоконнике на солнце. Она была здесь. Солнце было здесь. Я тоже был здесь. Этого достаточно.,110,44,1,50.2197,0.039607,0.367188,0.617188,0.502197,0.039751,0.382812,0.59375,0.006207,0.029766,0.004678,1,49.7345,7.989942,304.163,0.018761,0,0.811598,1,4,16,0.015625,-0.000953,-0.002583,2.5e-05,C-accelerated,140112.67,137500.0,7444.99,4800.0,1.7455
2026-03-30T05:40:55Z,2724667016,761,"Каждый день он вёл дневник. Записывал, что ел. Что пил. Какая была погода. Никогда не писал о своих чувствах.",109,44,1,50.8545,0.04219,0.390625,0.601562,0.508545,0.041414,0.398438,0.625,0.006244,0.031001,0.004696,1,50.1434,7.991833,249.612,0.583449,1,0.516756,1,4,16,0.015625,0.006496,-0.010272,0.01492,C-accelerated,136253.33,135900.0,2558.8,2300.0,0.8462
2026-03-30T05:40:55Z,2724667016,762,Она вязала шарф. Распускала. Вязала заново. Распускала. Вязала заново. Зима кончилась.,86,44,1,49.9756,0.041189,0.414062,0.625,0.499756,0.043123,0.398438,0.625,0.006267,0.033766,0.004712,1,49.9908,7.990533,286.08,0.08799,1,0.09057,1,4,16,0.015625,0.00467,-0.004679,-0.003144,C-accelerated,134129.11,134150.0,1338.7,2300.0,0.8572
2026-03-30T05:40:55Z,2724667016,763,"Он научился чинить часы. Но не мог починить своё время. Оно шло то слишком быстро, то слишком медленно.",103,44,1,50.1038,0.042504,0.390625,0.601562,0.501038,0.044327,0.359375,0.609375,0.006163,0.031504,0.004666,1,50.0031,7.992261,236.067,0.796831,1,0.367577,1,4,16,0.015625,-0.010177,-0.007312,0.001132,C-accelerated,135488.67,134900.0,1933.16,2400.0,0.8895
2026-03-30T05:40:55Z,2724667016,764,Она сварила кашу. Каша остыла. Она подогрела её. Она снова остыла. Он всё не возвращался. Она съела одна.,105,44,1,50.4822,0.04713,0.390625,0.632812,0.504822,0.045472,0.390625,0.640625,0.006119,0.030064,0.004644,1,49.9847,7.992205,237.324,0.779906,1,0.72783,1,4,16,0.015625,-0.011082,0.006368,-0.009435,C-accelerated,135336.44,135100.0,1222.59,1100.0,0.4071
2026-03-30T05:40:55Z,2724667016,765,"Дождь кончился. Он сложил зонт. Увидел радугу. Вспомнил, что она любила радугу. Отправил ей фото. Она уже не была его контактом.",128,44,1,49.9878,0.04664,0.390625,0.601562,0.499878,0.044054,0.382812,0.609375,0.006205,0.032598,0.004728,1,50.6073,7.990743,281.449,0.122568,1,0.640359,1,4,16,0.015625,0.000525,-0.000885,0.009253,C-accelerated,145224.67,138750.0,14896.26,11700.0,4.2162
2026-03-30T05:40:55Z,2724667016,766,Каждый день он кормил птиц. Птицы прилетали. Ели. Улетали. Он тоже уходил.,74,44,1,48.7976,0.047087,0.375,0.625,0.487976,0.045866,0.351562,0.570312,0.006199,0.031753,0.004694,1,49.4202,7.991663,253.638,0.51232,1,0.42043,1,4,16,0.015625,-0.002904,0.009092,-0.00267,C-accelerated,142916.44,140000.0,8006.35,8875.0,3.1696
2026-03-30T05:40:55Z,2724667016,767,Она завела кактус. Забывала поливать. Он выживал. Она стала поливать — он умер.,79,44,1,50.0549,0.046775,0.375,0.617188,0.500549,0.043104,0.375,0.601562,0.006237,0.035593,0.004707,1,50.0214,7.991257,263.319,0.346828,1,0.097111,1,4,16,0.015625,0.00096,0.00805,0.006018,C-accelerated,140864.67,139700.0,3187.04,4800.0,1.718
2026-03-30T05:40:55Z,2724667016,768,Он ждал последний автобус. Автобус подошёл. Он не сел. Автобус уехал. Он остался ждать.,87,44,1,49.5483,0.04115,0.382812,0.585938,0.495483,0.041531,0.398438,0.609375,0.006183,0.031967,0.004719,1,49.7833,7.991703,252.963,0.52428,1,0.630162,1,4,16,0.015625,0.007265,0.00691,-0.002449,C-accelerated,149209.33,147250.0,7197.66,7275.0,2.4703
2026-03-30T05:40:55Z,2724667016,769,Она научилась готовить. Готовила для себя. Готовила для кошки. Кошка умерла. Она готовила для никого.,101,44,1,50.6775,0.040151,0.390625,0.625,0.506775,0.037738,0.398438,0.59375,0.006295,0.028741,0.004701,1,50.47,7.991337,262.831,0.354683,1,0.316761,1,4,16,0.015625,0.010809,-0.009377,-0.007133,C-accelerated,138514.22,135700.0,5814.21,7475.0,2.7542
2026-03-30T05:40:55Z,2724667016,770,Он написал на песке слово. Волна смыла. Он написал снова. Волна снова смыла. Он писал весь день.,96,44,1,49.6582,0.041268,0.398438,0.585938,0.496582,0.043736,0.390625,0.617188,0.00624,0.029417,0.004703,1,50.0488,7.991277,266.554,0.296839,1,0.183492,1,4,16,0.015625,-0.006255,-0.007412,0.006643,C-accelerated,135669.11,135100.0,1699.92,2400.0,0.8882
2026-03-30T05:40:55Z,2724667016,771,"Она открыла окно. Ветер влетел. Занавески зашевелились. Она тоже хотела пошевелиться, но не могла.",98,44,1,49.5178,0.044976,0.367188,0.625,0.495178,0.042748,0.398438,0.617188,0.006149,0.031962,0.004679,1,49.6704,7.991626,256.64,0.459388,1,0.626779,1,4,16,0.015625,-0.007294,-0.001871,0.000619,C-accelerated,135890.0,135700.0,1195.35,1250.0,0.4606
2026-03-30T05:40:55Z,2724667016,772,Он писал письма далеко. Отправлял. Ответа не было. Продолжал писать. Продолжал отправлять. Пока почта не закрылась.,115,44,1,49.4507,0.047605,0.375,0.648438,0.494507,0.041654,0.382812,0.59375,0.006179,0.033844,0.004669,1,50.3601,7.99102,271.884,0.2233,1,0.688822,1,4,16,0.015625,-0.00793,0.009347,0.002373,C-accelerated,139767.78,139300.0,3111.96,3100.0,1.1127
2026-03-30T05:40:55Z,2724667016,773,Она посадила дерево. Поливала каждый день. Дерево выросло. Она постарела. Дерево продолжало расти.,98,44,1,49.4263,0.046214,0.390625,0.601562,0.494263,0.044329,0.359375,0.59375,0.006267,0.027481,0.004699,1,50.0671,7.990825,281.495,0.122177,1,0.551233,1,4,16,0.015625,0.006518,-0.002845,-0.0033,C-accelerated,134371.33,134500.0,1418.18,1175.0,0.4368
2026-03-30T05:40:55Z,2724667016,774,Он смотрел в зеркало на себя. Не узнавал. Спрашивал: кто ты? Зеркало молчало.,77,44,1,50.0488,0.039976,0.328125,0.601562,0.500488,0.049466,0.34375,0.640625,0.006278,0.030265,0.00468,1,50.0519,7.991304,264.529,0.327704,1,0.695857,1,4,16,0.015625,-0.003068,0.003168,-0.00102,C-accelerated,140439.56,138700.0,7452.19,6450.0,2.3252
2026-03-30T05:40:55Z,2724667016,775,Она научилась молчать. В тишине она слышала много звуков. Среди звуков она снова обретала тишину.,97,44,1,50.4456,0.044706,0.382812,0.609375,0.504456,0.04901,0.382812,0.625,0.006139,0.029308,0.004658,1,49.942,7.992251,234.461,0.817369,1,0.992393,1,4,16,0.015625,0.005871,0.006464,0.002226,C-accelerated,136123.33,135800.0,1306.04,1300.0,0.4786
2026-03-30T05:40:55Z,2724667016,776,Каждый день он проходил мимо двери. Дверь всегда была закрыта. Однажды она открылась. Внутри никого не было. Он вошёл и не вышел.,129,44,1,50.5615,0.044548,0.398438,0.640625,0.505615,0.040181,0.414062,0.632812,0.006144,0.029174,0.00466,1,50.6195,7.991788,250.845,0.561757,1,0.867483,1,4,16,0.015625,-0.001765,-0.003219,-0.000417,C-accelerated,145914.67,142450.0,9873.34,11525.0,4.0453
2026-03-30T05:40:55Z,2724667016,777,Она считала овец. Досчитала до тысячи. Не заснула. Встала считать звёзды. Звёзды тоже не спали.,95,44,1,49.1882,0.04841,0.367188,0.609375,0.491882,0.041009,0.398438,0.617188,0.006256,0.029844,0.004729,1,49.8688,7.990059,305.722,0.016122,0,0.294266,1,4,16,0.015625,0.0033,0.006986,0.007076,C-accelerated,134384.67,134200.0,997.38,1400.0,0.5216
2026-03-30T05:40:55Z,2724667016,778,Он собирал много бутылок. Пустых. Прозрачных. Смотрел сквозь них на свет. Ничего не видел. Но ему нравилось.,108,44,1,49.9695,0.04294,0.359375,0.601562,0.499695,0.045443,0.382812,0.617188,0.006296,0.035279,0.004788,1,50.2991,7.990375,292.829,0.051768,1,0.337947,1,4,16,0.015625,0.003352,0.007083,0.008408,C-accelerated,136806.0,134100.0,6876.87,3900.0,1.4541
2026-03-30T05:40:55Z,2724667016,779,Она научилась прощаться. С прошлым. С собой. С самим прощанием.,63,44,1,50.0122,0.041604,0.375,0.617188,0.500122,0.044409,0.390625,0.625,0.00626,0.030765,0.004715,1,50.2075,7.991801,250.24,0.572417,1,0.431512,1,4,16,0.015625,-0.003923,0.001974,-0.002063,C-accelerated,134849.56,135000.0,1487.73,2000.0,0.7407
2026-03-30T05:40:55Z,2724667016,780,Дождь бил по листьям. Листья падали. Дождь бил по земле. Земля становилась грязной. Дождь бил по нему. Он промокал.,115,44,1,49.7742,0.046968,0.34375,0.640625,0.497742,0.043675,0.382812,0.601562,0.006274,0.030971,0.004751,1,50.0305,7.990448,290.199,0.064079,1,0.538566,1,4,16,0.015625,-0.011229,0.003359,-0.000367,C-accelerated,139294.89,137600.0,4159.85,5475.0,1.9895
2026-03-30T05:40:55Z,2724667016,781,"Ему снилось, что он проснулся. Просыпался — и понимал, что всё ещё во сне. Просыпался снова — и снова оказывался во сне. Так и не мог проснуться по-настоящему.",159,44,1,49.7864,0.041852,0.382812,0.617188,0.497864,0.036653,0.398438,0.59375,0.006273,0.029862,0.004677,1,49.292,7.991508,258.362,0.42947,1,0.908908,1,4,16,0.015625,0.003932,-0.002235,0.006937,C-accelerated,134657.78,134600.0,1608.78,1900.0,0.7058
2026-03-30T05:40:55Z,2724667016,782,"Каждый день она смотрелась в зеркало. Однажды зеркало разбилось. Она собрала себя заново. Получилось лучше, чем было.",117,44,1,49.7314,0.044403,0.398438,0.648438,0.497314,0.041963,0.398438,0.601562,0.006113,0.030622,0.004652,1,49.6674,7.991977,242.676,0.700243,1,0.360022,1,4,16,0.015625,0.004397,0.00799,0.010793,C-accelerated,147340.89,139500.0,19786.07,11500.0,4.1219
2026-03-30T05:40:55Z,2724667016,783,"Он посадил целый сад цветов. Когда они расцвели, она ушла. Когда они завяли, ушёл он.",85,44,1,50.4944,0.043486,0.40625,0.625,0.504944,0.04135,0.375,0.601562,0.006262,0.030017,0.004682,1,50.2625,7.990167,300.928,0.02546,0,0.886275,1,4,16,0.015625,-0.005764,-0.001985,0.004978,C-accelerated,134954.67,134800.0,1608.74,2375.0,0.8809
2026-03-30T05:40:55Z,2724667016,784,Она написала стихотворение. Всего одну строку. Сама не поняла. Другим показала. Другие тоже не поняли. Стихотворение было довольно.,131,44,1,49.8474,0.047732,0.367188,0.632812,0.498474,0.043367,0.40625,0.632812,0.006188,0.030877,0.004698,1,49.6613,7.992529,228.154,0.885597,1,0.570503,1,4,16,0.015625,0.000327,-0.008716,-0.004689,C-accelerated,145132.89,140300.0,11169.63,14800.0,5.2744
2026-03-30T05:40:55Z,2724667016,785,"Он завёл птицу. Птица говорила. Говорила ""здравствуй"". Говорила ""прощай"". Говорила ""есть хочу"". Потом говорила только ""прощай"".",127,44,1,50.4395,0.046699,0.375,0.640625,0.504395,0.04252,0.34375,0.617188,0.006251,0.034391,0.004694,1,50.2014,7.991712,252.195,0.537889,1,0.908908,1,4,16,0.015625,0.004983,-0.006149,-0.005365,C-accelerated,138177.11,137300.0,3207.79,3275.0,1.1926
2026-03-30T05:40:55Z,2724667016,787,Он смотрел фильм. Там один человек ждал другого всю жизнь. Он заплакал. Плакал о себе.,86,44,1,49.3896,0.041809,0.328125,0.609375,0.493896,0.042924,0.382812,0.601562,0.006206,0.035282,0.004815,1,50.2197,7.98967,320.966,0.003163,0,0.266661,1,4,16,0.015625,0.008077,0.001524,0.004894,C-accelerated,136648.44,136000.0,4092.24,3400.0,1.25
2026-03-30T05:40:55Z,2724667016,786,Она научилась варить кофе. Горький. Добавляла сахар. Всё равно горький. Перестала добавлять. Горький — так горький.,115,44,1,50.4517,0.045066,0.398438,0.617188,0.504517,0.04604,0.390625,0.632812,0.006318,0.030845,0.004809,1,49.9146,7.990121,302.348,0.022301,0,0.303132,1,4,16,0.015625,0.002869,-0.005264,-0.000585,C-accelerated,135260.67,135050.0,1486.06,1800.0,0.6664
2026-03-30T05:40:55Z,2724667016,788,"Она мыла руки в реке. Вода была холодная. Вспомнила, как мыла руки в детстве. Тогда вода тоже была холодной.",108,44,1,50.0305,0.046419,0.414062,0.617188,0.500305,0.045621,0.390625,0.601562,0.006259,0.031137,0.004716,1,49.7864,7.991813,249.169,0.591184,1,0.643773,1,4,16,0.015625,0.011864,0.0012,0.009441,C-accelerated,136054.89,135500.0,1857.71,1700.0,0.6273
2026-03-30T05:40:55Z,2724667016,789,Каждый день он ходил одной дорогой. Видел одни и те же деревья. Встречал одних и тех же людей. Говорил одни и те же слова. Менялся только он сам.,145,44,1,50.0244,0.044269,0.398438,0.617188,0.500244,0.045101,0.375,0.617188,0.006307,0.033429,0.004769,1,50.0946,7.991387,264.064,0.335003,1,0.973379,1,4,16,0.015625,0.009341,0.004952,0.002163,C-accelerated,139738.0,136700.0,6570.13,6150.0,2.2495
2026-03-30T05:40:55Z,2724667016,791,Он научился чинить вещи. Починит — сломается. Снова починит — снова сломается. Потом перестал чинить. Ломается — и пусть.,121,44,1,49.6033,0.048877,0.351562,0.609375,0.496033,0.042331,0.398438,0.640625,0.00624,0.02893,0.004655,1,50.1984,7.99234,233.693,0.826747,1,0.367577,1,4,16,0.015625,0.004035,0.012186,0.005788,C-accelerated,143448.89,140700.0,6387.42,6000.0,2.1322
2026-03-30T05:40:55Z,2724667016,790,Она купила блокнот. Хотела что-то писать. Открыла первую страницу. Пусто. Закрыла. Так и остался пустым.,104,44,1,50.3723,0.042979,0.40625,0.671875,0.503723,0.044847,0.367188,0.625,0.006187,0.031517,0.004721,1,50.3174,7.991816,249.356,0.58793,1,0.541719,1,4,16,0.015625,0.007457,-0.000427,-0.007739,C-accelerated,134654.44,134300.0,1500.97,2100.0,0.7818
2026-03-30T05:40:55Z,2724667016,792,Она сварила суп. Пересолила. Добавила воды. Стал пресным. Добавила соли. Получилась огромная кастрюля. Одной не съесть.,119,44,1,49.7803,0.045877,0.390625,0.609375,0.497803,0.045648,0.398438,0.609375,0.006176,0.032453,0.004658,1,50.3296,7.992683,223.244,0.924977,1,0.357525,1,4,16,0.015625,0.007099,0.00103,-0.006836,C-accelerated,143739.78,141000.0,9124.43,6525.0,2.3138
2026-03-30T05:40:55Z,2724667016,793,Он смотрел в окно. Пошёл дождь. Дождь кончился. Стемнело. Рассвело. Он всё смотрел.,83,44,1,50.2319,0.044894,0.40625,0.609375,0.502319,0.040138,0.40625,0.601562,0.006228,0.029515,0.004693,1,49.7467,7.990917,276.678,0.167697,1,0.342776,1,4,16,0.015625,0.014,-0.004187,-0.01003,C-accelerated,134715.56,134900.0,1523.06,2400.0,0.8895
2026-03-30T05:40:55Z,2724667016,794,"Она научилась врать. Врала другим. Врала себе. Потом перестала понимать, где правда.",84,44,1,50.1221,0.045402,0.390625,0.625,0.501221,0.045159,0.359375,0.617188,0.006223,0.032351,0.004717,1,50.1587,7.991002,275.654,0.178705,1,0.037222,1,4,16,0.015625,0.00497,0.00483,-0.003255,C-accelerated,134590.67,134600.0,1661.78,2475.0,0.9194
2026-03-30T05:40:55Z,2724667016,795,"Он завёл собаку. Собака состарилась, перестала ходить. Он носил её на руках греться на солнце. Собака умерла. Он всё ещё носил.",127,44,1,49.8657,0.044141,0.382812,0.65625,0.498657,0.045409,0.359375,0.601562,0.006324,0.030723,0.004762,1,49.7772,7.990329,293.69,0.048187,0,0.409516,1,4,16,0.015625,-0.008564,-0.00386,-0.000132,C-accelerated,141516.22,141200.0,3372.06,4250.0,1.505
2026-03-30T05:40:55Z,2724667016,796,Каждый день она писала одно слово. Исписала всю тетрадь. Сложила слова вместе — получилась фраза. Она не заметила. Тетрадь потерялась.,134,44,1,49.6155,0.044086,0.398438,0.671875,0.496155,0.042003,0.398438,0.617188,0.006292,0.030857,0.004755,1,49.4629,7.992658,223.36,0.924177,1,0.867483,1,4,16,0.015625,-0.008617,-0.003864,0.003179,C-accelerated,145170.44,142050.0,8604.57,14850.0,5.227
2026-03-30T05:40:55Z,2724667016,797,Он научился ждать. Ждать автобус. Ждать человека. Ждать времени. Ждать смерти. Смерть тоже ждала его.,101,44,1,49.3896,0.046074,0.398438,0.617188,0.493896,0.04414,0.398438,0.617188,0.006256,0.029286,0.004691,1,50.708,7.991528,258.572,0.425864,1,0.580258,1,4,16,0.015625,0.012981,-0.001725,0.003725,C-accelerated,135814.89,136000.0,1652.48,2300.0,0.8456
2026-03-30T05:40:55Z,2724667016,798,Она посадила виноград. Виноград созрел. Кислый. На следующий год стал сладкий. Она ела одна. Не могла съесть всё.,113,44,1,50.3052,0.046735,0.398438,0.632812,0.503052,0.041053,0.382812,0.59375,0.006174,0.033283,0.004667,1,49.765,7.992074,239.837,0.74394,1,0.388201,1,4,16,0.015625,-0.008033,-0.001322,0.005681,C-accelerated,135224.89,135000.0,2064.38,3075.0,1.1389
2026-03-30T05:40:55Z,2724667016,799,Он разговаривал со стеной. Стена слушала. Стена не отвечала. Он продолжал говорить. Говорил много лет. Стена рухнула.,117,44,1,50.4272,0.04444,0.414062,0.617188,0.504272,0.042228,0.414062,0.625,0.006196,0.032698,0.004629,1,49.9115,7.991761,250.589,0.566271,1,0.448449,1,4,16,0.015625,0.005858,-0.010063,-0.005499,C-accelerated,138751.56,136500.0,6021.17,4650.0,1.7033
2026-03-30T05:40:55Z,2724667016,800,Она научилась варить лапшу. Простую. Добавляла яйцо. Добавляла зелень. Добавляла мясо. Добавляла слишком много. Получалась еда из остатков.,139,44,1,49.3103,0.045644,0.367188,0.609375,0.493103,0.040543,0.390625,0.578125,0.00621,0.028209,0.004658,1,50.0702,7.993047,212.561,0.975291,1,0.961977,1,4,16,0.015625,0.007736,-0.001063,-0.003784,C-accelerated,141236.0,137100.0,10369.57,5600.0,2.0423
2026-03-30T05:40:55Z,2724667016,801,Он смотрел на закат. Красиво. Пришёл на следующий день — уже не так красиво. На третий день не пришёл.,102,44,1,49.8657,0.04062,0.390625,0.609375,0.498657,0.040479,0.398438,0.59375,0.006256,0.030621,0.004762,1,50.1007,7.991833,248.681,0.599704,1,0.753033,1,4,16,0.015625,0.003317,0.000659,0.003934,C-accelerated,136824.89,136000.0,3126.01,3700.0,1.3603
2026-03-30T05:40:55Z,2724667016,802,Она купила туфли. Не подошли по размеру. Натёрли мозоли. Продолжала носить. Ноги привыкли. Туфли привыкли.,106,44,1,49.8047,0.042947,0.398438,0.578125,0.498047,0.038928,0.382812,0.585938,0.006208,0.032754,0.004718,1,50.5737,7.991109,270.627,0.239566,1,0.340356,1,4,16,0.015625,-0.002752,0.00141,0.0006,C-accelerated,135231.33,134400.0,2612.66,4200.0,1.5625
2026-03-30T05:40:55Z,2724667016,803,Он научился молчать. Молчать среди людей. Молчать в одиночестве. Молчать в самой тишине.,88,44,1,50.0061,0.045192,0.382812,0.632812,0.500061,0.045549,0.390625,0.601562,0.006214,0.028593,0.004693,1,50.0427,7.99157,256.919,0.454507,1,0.526046,1,4,16,0.015625,-0.000466,0.004948,-0.012349,C-accelerated,134662.89,134550.0,2419.89,2900.0,1.0777
2026-03-30T05:40:55Z,2724667016,804,"Она завела черепаху. Черепаха жила долго. Она умерла. Черепаха осталась. Черепаха не знала, что её больше нет.",110,44,1,49.7253,0.038156,0.390625,0.59375,0.497253,0.039204,0.390625,0.578125,0.006276,0.028098,0.004738,1,50.4913,7.992436,227.852,0.888365,1,0.890041,1,4,16,0.015625,0.006746,-0.001032,-0.009176,C-accelerated,140894.22,137600.0,7069.54,8000.0,2.907
2026-03-30T05:40:55Z,2724667016,805,Он написал много писем. Не отправил. Сложил в ящик. Однажды сжёг. Огонь был тёплым.,83,44,1,50.5249,0.047251,0.359375,0.632812,0.505249,0.04947,0.335938,0.640625,0.006234,0.033074,0.004713,1,50.4608,7.992018,242.63,0.700983,1,0.958178,1,4,16,0.015625,-0.003278,0.010141,0.015392,C-accelerated,139638.89,135800.0,8345.42,8375.0,3.0836
2026-03-30T05:40:55Z,2724667016,806,Она научилась забывать. Забывать вчерашний день. Забывать себя. Забывать само забытьё. В итоге помнила всё.,107,44,1,49.4629,0.039059,0.398438,0.632812,0.494629,0.045068,0.398438,0.625,0.006187,0.031995,0.004733,1,50.1709,7.992292,233.6,0.827864,1,0.023545,1,4,16,0.015625,0.008448,-0.009045,0.00991,C-accelerated,138016.44,136900.0,3711.53,4400.0,1.607
2026-03-30T05:40:55Z,2724667016,807,Каждый день он ходил к морю. Смотрел на волны. Считал волны. Волны никого не ждали. Он тоже не ждал.,100,44,1,49.7742,0.040302,0.398438,0.601562,0.497742,0.043445,0.375,0.632812,0.006278,0.031991,0.00477,1,49.7925,7.992719,220.684,0.941063,1,0.244738,1,4,16,0.015625,0.001161,-0.000502,0.001134,C-accelerated,134871.11,135100.0,1448.77,1900.0,0.7032
2026-03-30T05:40:55Z,2724667016,808,Она посадила яблоню. Яблоки созрели. Сладкие. Хотела угостить его. Не нашла его.,80,44,1,49.4446,0.044066,0.359375,0.59375,0.494446,0.043489,0.375,0.59375,0.006249,0.03147,0.004747,1,50.4517,7.990882,275.77,0.17743,1,0.513678,1,4,16,0.015625,0.004676,-0.011411,-0.002927,C-accelerated,136732.0,136400.0,1720.08,1800.0,0.6598
2026-03-30T05:40:55Z,2724667016,809,Он научился готовить. Готовил для себя. Готовил для кота. Кот умер. Готовил для пустоты.,88,44,1,49.9268,0.042144,0.375,0.59375,0.499268,0.044339,0.375,0.59375,0.006242,0.028918,0.004658,1,49.6979,7.991139,268.532,0.268176,1,0.396114,1,4,16,0.015625,-0.004351,-0.001845,0.006288,C-accelerated,134852.0,134500.0,1774.05,2400.0,0.8922
2026-03-30T05:40:55Z,2724667016,810,Она увидела в зеркале мать. Мать постарела. Она тоже постарела. Зеркало не постарело.,85,44,1,50.2136,0.039833,0.40625,0.601562,0.502136,0.045099,0.390625,0.617188,0.006155,0.032851,0.004729,1,50.3265,7.991622,255.407,0.481052,1,0.445601,1,4,16,0.015625,0.006419,0.003038,-0.011547,C-accelerated,143804.44,138250.0,10478.95,13200.0,4.774
2026-03-30T05:40:55Z,2724667016,811,"Он завёл бамбук. Листья пожелтели. Полил — пожелтели ещё сильнее. Спросил у людей — сказали, что перелил. Перестал поливать. Бамбук засох.",138,44,1,49.9146,0.044326,0.390625,0.625,0.499146,0.044861,0.390625,0.632812,0.006118,0.027513,0.004603,1,49.6552,7.992249,236.02,0.797444,1,0.931616,1,4,16,0.015625,0.012674,0.012419,0.005756,C-accelerated,134810.44,134800.0,1079.82,900.0,0.3338
2026-03-30T05:40:55Z,2724667016,812,"Она научилась ходить. Шаг за шагом. Доходила сюда. Доходила туда. Дошла до того момента, когда уже не могла идти. Оглянулась назад — оказалось, что отошла недалеко.",164,44,1,50.2502,0.043486,0.398438,0.648438,0.502502,0.048788,0.390625,0.617188,0.006167,0.032034,0.004619,1,50.7355,7.993164,209.094,0.983799,1,0.355039,1,4,16,0.015625,-0.00171,-0.005913,-2.3e-05,C-accelerated,137939.56,137300.0,2472.41,2775.0,1.0106
2026-03-30T05:40:55Z,2724667016,813,Он прочитал много книг. Запоминал. Забывал. Снова читал. Снова забывал. В итоге ничего не помнил. Но чувствовал себя наполненным.,129,44,1,49.3958,0.046448,0.375,0.609375,0.493958,0.042782,0.375,0.59375,0.006168,0.030642,0.004636,1,50.0092,7.990799,279.959,0.135584,1,0.03679,1,4,16,0.015625,0.01031,-0.004992,-0.00643,C-accelerated,139451.78,136800.0,6351.54,6050.0,2.2113
2026-03-30T05:40:55Z,2724667016,815,Он посадил сливу. Зимой она зацвела. Красиво. Снег падал на цветы. Цветы не падали. Он падал.,93,44,1,50.354,0.044579,0.414062,0.617188,0.50354,0.045259,0.367188,0.640625,0.006315,0.031618,0.004773,1,49.765,7.991337,261.783,0.371756,1,0.116777,1,4,16,0.015625,-0.004758,-0.007211,0.004121,C-accelerated,135379.56,135400.0,1617.41,2700.0,0.997
2026-03-30T05:40:55Z,2724667016,814,Она научилась варить кашу. Простую. С мясом. С луком. Слишком много всего. Забыла положить крупу.,97,44,1,49.5667,0.0443,0.398438,0.609375,0.495667,0.047459,0.382812,0.601562,0.006189,0.031991,0.004717,1,50.3143,7.991277,264.739,0.324444,1,0.593384,1,4,16,0.015625,-0.002931,0.001679,0.003104,C-accelerated,133751.78,133100.0,1484.65,2500.0,0.9391
2026-03-30T05:40:55Z,2724667016,816,"Каждый день она смотрела новости. Плохих было больше, чем хороших. Выключала. Включала снова. Выключала. Включала. Не могла остановиться.",137,44,1,49.8474,0.041179,0.40625,0.640625,0.498474,0.046251,0.390625,0.625,0.006139,0.029529,0.004595,1,49.9359,7.991869,245.329,0.656943,1,0.314462,1,4,16,0.015625,-0.001946,0.001883,0.01472,C-accelerated,136293.33,136300.0,1743.55,1700.0,0.6236
2026-03-30T05:40:55Z,2724667016,817,Он научился чинить велосипеды. Починил. Поехал. Колесо спустило. Пришёл пешком. Снова чинил.,92,44,1,49.9207,0.040979,0.398438,0.601562,0.499207,0.04868,0.390625,0.617188,0.006265,0.032773,0.004694,1,49.5422,7.992144,238.557,0.762597,1,0.177289,1,4,16,0.015625,0.003874,0.00404,-0.001395,C-accelerated,134489.33,134000.0,1981.65,2875.0,1.0728
2026-03-30T05:40:55Z,2724667016,818,"Она купила хлорофитум. Поставила на подоконник. Солнца было много — он быстро рос. Отрезала веточку, поставила в воду. Пустила корни. Так и росло: резала и сажала.",163,44,1,50.2808,0.045916,0.390625,0.640625,0.502808,0.04367,0.390625,0.640625,0.006304,0.03295,0.004701,1,49.9634,7.990777,281.937,0.118505,1,0.309897,1,4,16,0.015625,-0.009489,0.002743,0.003275,C-accelerated,135730.22,135300.0,1899.48,2100.0,0.7761
2026-03-30T05:40:55Z,2724667016,819,Он научился пить чай. Горький. С послевкусием. Снова горький. Снова послевкусие. Как жизнь. Похоже или нет — всё равно пил чай.,127,44,1,49.8291,0.044269,0.367188,0.609375,0.498291,0.043749,0.414062,0.632812,0.00621,0.028799,0.004677,1,49.9512,7.989811,309.097,0.011502,0,0.596686,1,4,16,0.015625,0.008158,-0.003979,-0.010932,C-accelerated,142679.78,139700.0,8054.06,10300.0,3.6865
2026-03-30T05:40:55Z,2724667016,820,Она посадила подсолнухи. Они поворачивались к солнцу. Солнце уходило — они опускали головы. Наутро снова поднимали.,115,44,1,49.3164,0.044879,0.382812,0.585938,0.493164,0.039932,0.390625,0.570312,0.006228,0.032478,0.004686,1,49.704,7.991099,270.208,0.24514,1,0.222301,1,4,16,0.015625,0.003889,0.002246,0.013499,C-accelerated,134864.67,134900.0,2347.99,3075.0,1.1397
2026-03-30T05:40:55Z,2724667016,821,Он научился ждать. Ждал весну. Весна пришла. Ждал лето. Лето пришло. Ждал осень. Осень пришла. Ждал зиму. Зима пришла. Ждал весну.,130,44,1,49.7131,0.048218,0.359375,0.617188,0.497131,0.04627,0.382812,0.632812,0.006229,0.029617,0.004715,1,49.5178,7.991348,264.343,0.330615,1,0.657505,1,4,16,0.015625,-0.003058,-0.008327,0.008462,C-accelerated,135142.89,134500.0,2084.65,2600.0,0.9665
2026-03-30T05:40:55Z,2724667016,822,Она завела кошку. Кошка драла диван. Ругала. В следующий раз снова драла. Перестала ругать. Диван развалился. Купили новый. Кошка продолжила драть.,147,44,1,50.061,0.044255,0.390625,0.617188,0.50061,0.04533,0.398438,0.640625,0.006212,0.029253,0.004724,1,50.1526,7.993648,192.081,0.998757,1,0.272868,1,4,16,0.015625,-0.004547,0.000761,0.012993,C-accelerated,138091.78,137300.0,2424.17,3700.0,1.3474
2026-03-30T05:40:55Z,2724667016,823,"Он научился варить кофе. В турке. В фильтре. В эспрессо-машине. Попробовал всё. В итоге вернулся к растворимому. Экономил время. Сэкономленное время тратил на то, чтобы просто сидеть и смотреть в стену.",202,44,1,49.4324,0.038728,0.398438,0.601562,0.494324,0.043363,0.40625,0.617188,0.006269,0.029304,0.004768,1,49.8291,7.992214,238.161,0.768223,1,0.161038,1,4,16,0.015625,0.003287,0.004588,-0.001228,C-accelerated,135985.11,135900.0,1430.53,2100.0,0.7726
2026-03-30T05:40:55Z,2724667016,824,"Каждый день она смотрелась в зеркало. Однажды зеркало сказало ""доброе утро"". Она испугалась. Потом привыкла. Зеркало перестало говорить. Ей стало не хватать.",157,44,1,49.9573,0.043534,0.382812,0.617188,0.499573,0.04423,0.390625,0.609375,0.006194,0.031462,0.004645,1,50.0549,7.991382,261.015,0.384469,1,0.1486,1,4,16,0.015625,-0.002497,-0.001258,-0.003881,C-accelerated,150589.11,149400.0,11083.88,17050.0,5.7062
2026-03-30T05:40:55Z,2724667016,825,Он посадил дуб. Листья пожелтели. Опали. Он собрал их в кучу. Прыгал по ним. Хруст-хруст. Как будто осень разговаривала.,120,44,1,49.115,0.04409,0.382812,0.59375,0.49115,0.048459,0.359375,0.617188,0.006255,0.029668,0.004714,1,50.1495,7.992495,230.365,0.86397,1,0.969577,1,4,16,0.015625,-0.019549,-0.012019,-0.01249,C-accelerated,134487.33,134200.0,1771.92,2900.0,1.0805
2026-03-30T05:40:55Z,2724667016,826,Она научилась готовить. Готовила для семьи. Семья ушла. Готовила для себя. Себя не стало. Готовила для воспоминаний.,116,44,1,49.7742,0.045952,0.390625,0.617188,0.497742,0.041606,0.414062,0.59375,0.006231,0.030493,0.00471,1,50.0336,7.990628,284.265,0.100515,1,0.401443,1,4,16,0.015625,-0.015298,-0.007102,0.003373,C-accelerated,134024.0,133500.0,2105.56,2700.0,1.0112
2026-03-30T05:40:55Z,2724667016,827,"Он завёл попугая. Учил говорить. Говори ""здравствуй"". Говори ""прощай"". Говори ""люблю"". Попугай научился только ""здравствуй"". Этого было достаточно.",147,44,1,50.7568,0.041015,0.398438,0.617188,0.507568,0.044623,0.335938,0.601562,0.00624,0.029926,0.004676,1,49.7131,7.991566,257.222,0.449231,1,0.037222,1,4,16,0.015625,0.010629,0.007681,0.002573,C-accelerated,136220.22,135800.0,2668.4,3300.0,1.215
2026-03-30T05:40:55Z,2724667016,828,Она научилась молчать. Молчать в шуме. Молчать в тишине. В тишине услышала себя. Услышала — и успокоилась.,106,44,1,49.8413,0.043982,0.34375,0.609375,0.498413,0.044133,0.382812,0.625,0.006191,0.029938,0.004666,1,50.3754,7.990597,287.383,0.079771,1,0.037222,1,4,16,0.015625,-0.002349,0.005786,-0.008704,C-accelerated,141492.44,139800.0,6290.45,6075.0,2.1727
2026-03-30T05:40:55Z,2724667016,829,"Он смотрел фильм про старика. Старик умер. Он заплакал. Плакал оттого, что сам когда-нибудь умрёт. Поплакал — и продолжил жить.",127,44,1,49.5117,0.041535,0.398438,0.59375,0.495117,0.040548,0.398438,0.601562,0.006156,0.031125,0.004705,1,50.1343,7.991697,253.033,0.523043,1,0.486411,1,4,16,0.015625,-0.00599,-0.007523,0.004277,C-accelerated,136398.0,136200.0,2049.71,2600.0,0.9545
2026-03-30T05:40:55Z,2724667016,830,Она посадила огород. Капусту. Морковь. Помидоры. Черви тоже ели. Она делилась с червями. Черви делились с ней. Всем хватало.,124,44,1,50.1831,0.045381,0.375,0.617188,0.501831,0.044005,0.390625,0.617188,0.006204,0.031621,0.004688,1,50.1221,7.990425,289.036,0.070233,1,0.735002,1,4,16,0.015625,-0.002759,0.00845,-0.003094,C-accelerated,139915.33,136750.0,7950.52,4300.0,1.5722
2026-03-30T05:40:55Z,2724667016,831,"Он научился чинить часы. Починил время. Не смог починить себя. Внутри него время шло то бешено быстро, то почти останавливалось.",128,44,1,49.176,0.042649,0.367188,0.601562,0.49176,0.041228,0.40625,0.578125,0.006269,0.026246,0.004635,1,50.1984,7.991971,244.399,0.672374,1,0.647195,1,4,16,0.015625,-0.005571,0.007803,0.005613,C-accelerated,135078.22,134800.0,1869.83,2350.0,0.8717
2026-03-30T05:40:55Z,2724667016,832,Она купила красные туфли. Слишком красные. Не решалась надеть. Лежали в шкафу. Выцвели. Перестали быть красными. Можно было надеть. Но уже не хотелось.,151,44,1,49.7864,0.043528,0.398438,0.601562,0.497864,0.048786,0.335938,0.617188,0.006323,0.030201,0.004768,1,50.2167,7.992132,235.904,0.798971,1,0.474549,1,4,16,0.015625,0.00688,0.009258,-0.002021,C-accelerated,141046.89,137900.0,7144.6,7175.0,2.6015
2026-03-30T05:40:55Z,2724667016,833,Каждый день он писал по стихотворению. Написал триста шестьдесят пять. Сжёг. На следующий год написал новые. Снова сжёг. Пепел пошёл на удобрение для цветов. Цветы выросли красивые.,181,44,1,50.4333,0.04459,0.367188,0.625,0.504333,0.039929,0.390625,0.609375,0.006294,0.029007,0.004668,1,50.6561,7.99207,243.049,0.694298,1,0.596686,1,4,16,0.015625,0.007327,8.6e-05,0.005311,C-accelerated,143187.56,139300.0,8813.31,10200.0,3.6612
2026-03-30T05:40:55Z,2724667016,834,Она научилась варить уху. Рыба была живая. Убила. Сварила. Выпила. Рыба умерла. Она осталась жить. Рыба жила теперь внутри неё.,127,44,1,50.6592,0.039031,0.398438,0.617188,0.506592,0.039214,0.398438,0.632812,0.006136,0.031465,0.004609,1,50.2869,7.991709,253.871,0.508198,1,0.977181,1,4,16,0.015625,-0.00465,0.003957,0.002167,C-accelerated,138054.44,135100.0,7165.07,4975.0,1.8412
2026-03-30T05:40:55Z,2724667016,835,Он посадил иву у реки. Ветки свисали вниз. Под ней сидели рыбаки. Кто-то ловил рыбу. Кто-то нет. Все сидели.,108,44,1,50.238,0.047917,0.375,0.648438,0.50238,0.04046,0.40625,0.59375,0.006258,0.028473,0.004689,1,49.6857,7.992275,233.996,0.823087,1,0.07537,1,4,16,0.015625,0.003069,-0.011423,-0.001894,C-accelerated,135721.78,135300.0,1879.92,1300.0,0.4804
2026-03-30T05:40:55Z,2724667016,836,Она завела кролика. Кролик ел морковку. Она давала морковку. Кролик ел. Она радовалась. Кролик умер. Она плакала. Кролик не знал об этом.,137,44,1,50.4395,0.042999,0.375,0.640625,0.504395,0.044706,0.40625,0.632812,0.006234,0.034415,0.004691,1,49.9542,7.991004,273.629,0.201862,1,0.321392,1,4,16,0.015625,0.009824,0.00319,-0.013871,C-accelerated,144283.33,141900.0,7669.08,11675.0,4.1138
2026-03-30T05:40:55Z,2724667016,837,Он научился забывать. Забывать номера телефонов. Забывать дни рождения. Забывать дорогу домой. Помнил только её имя. Этого хватало.,131,44,1,49.8108,0.047217,0.382812,0.65625,0.498108,0.046392,0.390625,0.632812,0.006333,0.034775,0.004754,1,50.1587,7.991939,242.886,0.696905,1,0.238986,1,4,16,0.015625,-0.001982,-0.002028,0.003351,C-accelerated,136182.67,136000.0,2626.25,3600.0,1.3235
2026-03-30T05:40:55Z,2724667016,838,Она купила прозрачную вазу. Ставила туда розы. Розы вяли. Ставила лилии. Лилии вяли. Ставила сухоцветы. Они стояли вечно.,121,44,1,50.4028,0.04725,0.40625,0.625,0.504028,0.047951,0.328125,0.601562,0.006179,0.030263,0.004717,1,50.1404,7.990988,272.605,0.214275,1,0.285576,1,4,16,0.015625,-0.006016,0.008156,0.001316,C-accelerated,136629.56,136400.0,1273.87,1200.0,0.4399
2026-03-30T05:40:55Z,2724667016,839,Он научился играть в шахматы. Играл с соседом. Сосед уехал. Играл сам с собой. Проигрывал и выигрывал сам себе. Перестал играть.,128,44,1,50.1343,0.04164,0.375,0.59375,0.501343,0.04004,0.40625,0.609375,0.006301,0.030505,0.004773,1,50.0793,7.992727,222.825,0.927808,1,0.544881,1,4,16,0.015625,-0.000361,-0.004154,-0.007528,C-accelerated,141541.78,137500.0,9473.75,10800.0,3.9273
2026-03-30T05:40:55Z,2724667016,840,Она посадила вьюнки. Они оплели всю стену. Утром цветы распускались. К вечеру закрывались. Каждое утро появлялись новые цветы. Старых уже не было.,146,44,1,50.2563,0.043957,0.382812,0.640625,0.502563,0.045251,0.382812,0.617188,0.006201,0.03045,0.004705,1,50.2258,7.99259,224.966,0.912487,1,0.992393,1,4,16,0.015625,0.003193,0.00895,-0.001329,C-accelerated,138930.0,137500.0,5039.71,5400.0,1.9636
2026-03-30T05:40:55Z,2724667016,841,Он держал аквариум. Рыбки были красные. Чёрные. Пёстрые. Кормил. Менял воду. Они умирали одна за другой. Последняя прожила дольше всех. Тоже умерла.,148,44,1,50.1709,0.044804,0.367188,0.609375,0.501709,0.044698,0.390625,0.609375,0.006218,0.027954,0.004711,1,50.1007,7.992426,231.529,0.851592,1,0.041786,1,4,16,0.015625,0.002689,0.008281,-0.002559,C-accelerated,138935.78,135500.0,9059.22,5425.0,2.0018
2026-03-30T05:40:55Z,2724667016,842,Она научилась петь. Пела для птиц. Птицы улетали. Пела для себя. Она засыпала. Пела для воздуха. У воздуха не было ушей.,120,44,1,49.3591,0.045043,0.40625,0.632812,0.493591,0.043863,0.375,0.625,0.006243,0.03182,0.004751,1,49.6826,7.991892,248.82,0.597273,1,0.055916,1,4,16,0.015625,-0.004076,0.004678,-0.002965,C-accelerated,135761.78,135600.0,1037.29,900.0,0.3319
2026-03-30T05:40:55Z,2724667016,843,Он смотрел на снег. Снег шёл сильный. Весь мир стал белым. На следующий день снег перестал. Мир стал грязным. Он скучал по снегу. Снег по нему не скучал.,153,44,1,50.0549,0.044711,0.367188,0.609375,0.500549,0.041388,0.351562,0.609375,0.00625,0.03055,0.004695,1,49.3988,7.992571,226.711,0.898386,1,0.763917,1,4,16,0.015625,-0.005774,-0.012828,-0.007181,C-accelerated,142170.89,140100.0,5660.45,6175.0,2.2038
2026-03-30T05:40:55Z,2724667016,844,Она научилась варить фасолевый суп. Добавляла сахар. Слишком сладко. Добавляла воду. Слишком пресно. Добавляла фасоль. Слишком много. Одной не съесть. Убирала в холодильник. Доест завтра.,187,44,1,50.3662,0.044942,0.390625,0.632812,0.503662,0.038706,0.421875,0.609375,0.006203,0.032103,0.004674,1,50.0153,7.991357,266.973,0.290641,1,0.352565,1,4,16,0.015625,0.001417,0.008508,-0.012715,C-accelerated,141408.44,140500.0,3787.29,3500.0,1.2456
2026-03-30T05:40:55Z,2724667016,845,Он посадил финиковую пальму из косточки. Прошло десять лет. Пальма выросла. Плодов не дала. Он всё равно был рад.,113,44,1,49.9329,0.043047,0.382812,0.648438,0.499329,0.047291,0.367188,0.601562,0.006202,0.03076,0.004722,1,50.1221,7.991818,249.472,0.585894,1,0.10201,1,4,16,0.015625,-0.000871,-0.009198,0.00762,C-accelerated,140269.11,136300.0,8247.42,5700.0,2.091
2026-03-30T05:40:55Z,2724667016,846,Каждый день она проходила десять тысяч шагов. Ходила так три года. Похудела. Стала здоровее. Стала счастливее. Зачем начала ходить — забыла. Но продолжала ходить.,162,44,1,49.5605,0.042205,0.375,0.585938,0.495605,0.047065,0.382812,0.625,0.006278,0.0322,0.004756,1,50.1038,7.99171,253.382,0.516856,1,0.541719,1,4,16,0.015625,-0.002551,-0.006025,0.002056,C-accelerated,134213.33,133700.0,1339.4,1675.0,0.6264
2026-03-30T05:40:55Z,2724667016,847,Он научился чинить компьютеры. Включаешь. Выключаешь. Синий экран. Перезагружаешь. Сломался. Покупаешь новый. Новый тоже сломается. Старый лежит в углу.,152,44,1,50.1587,0.042984,0.40625,0.640625,0.501587,0.044692,0.398438,0.625,0.006222,0.029531,0.004669,1,50.1862,7.991454,261.015,0.384469,1,0.409516,1,4,16,0.015625,-0.007918,-0.003696,-0.002185,C-accelerated,140235.11,136900.0,8013.13,6650.0,2.4288
2026-03-30T05:40:55Z,2724667016,848,Она купила дневник. В первый день написала три страницы. Во второй — две. На третий — одну. Дальше были пустые страницы. Потом дневник потерялся. Потом нашёлся. Она снова начала писать.,185,44,1,50.2197,0.04414,0.398438,0.632812,0.502197,0.042342,0.40625,0.59375,0.006234,0.03245,0.00463,1,50.5188,7.992226,236.253,0.79437,1,0.155416,1,4,16,0.015625,-0.000389,0.01114,-0.001654,C-accelerated,178589.33,165300.0,39433.47,35150.0,10.6322
2026-03-30T05:40:55Z,2724667016,849,Он посадил мяту в горшке. Заваривал чай. Освежало. Комары кусали — натирал место укуса. Тоже освежало. Мята разрасталась. Отдавал соседям. Соседи в ответ приносили другие растения.,180,44,1,49.8413,0.045095,0.382812,0.609375,0.498413,0.047193,0.390625,0.65625,0.006239,0.028956,0.004659,1,50.0427,7.991859,247.471,0.620635,1,0.984786,1,4,16,0.015625,-0.008038,0.001083,-0.003105,C-accelerated,136103.11,136300.0,1846.12,3300.0,1.2106
2026-03-30T05:40:55Z,2724667016,850,Она завела собаку. Каждый день выгуливала. Собака выгуливала её. Собака состарилась. Перестала ходить. Она носила собаку на руках греться на солнце. Собака умерла. Она выгуливала себя сама.,189,44,1,49.585,0.041038,0.40625,0.59375,0.49585,0.048119,0.320312,0.632812,0.006172,0.028429,0.004689,1,49.7803,7.992056,242.583,0.701722,1,0.10201,1,4,16,0.015625,0.006443,0.005221,-0.004817,C-accelerated,134828.22,134250.0,1811.98,2700.0,1.0056
2026-03-30T05:40:55Z,2724667016,851,"Он научился молчать. Молчать во время ссор. Молчать, когда его не понимали. В молчании его наконец поняли. В понимании он продолжил молчать.",140,44,1,50.5676,0.041256,0.382812,0.617188,0.505676,0.044105,0.398438,0.640625,0.006237,0.030747,0.004721,1,49.649,7.991947,244.678,0.66777,1,0.626779,1,4,16,0.015625,-0.014626,-0.011001,-0.013364,C-accelerated,143652.22,137900.0,12238.5,16000.0,5.8013
2026-03-30T05:40:55Z,2724667016,852,Она прочитала книгу. Там мужчина ждал женщину всю жизнь. Дождался. Женщина умерла. Книга закрылась. Она заплакала.,114,44,1,49.4263,0.04264,0.390625,0.625,0.494263,0.042472,0.398438,0.625,0.006223,0.042864,0.004686,1,49.9084,7.991601,256.151,0.467953,1,0.227767,1,4,16,0.015625,0.004882,0.002176,-0.006695,C-accelerated,138299.33,136050.0,6924.09,3800.0,1.3965
2026-03-30T05:40:55Z,2724667016,853,Он посадил кукурузу. Кукуруза созрела. Сварил. Вкусно. Оставил несколько початков на семена. На следующий год посадил снова. Так каждый год. Каждый год вкусно.,159,44,1,49.6826,0.047264,0.382812,0.640625,0.496826,0.046573,0.382812,0.632812,0.006259,0.030529,0.00473,1,49.7833,7.992092,240.442,0.734885,1,0.414952,1,4,16,0.015625,0.008519,0.002441,-0.003861,C-accelerated,134739.11,134600.0,1581.96,2100.0,0.7801
2026-03-30T05:40:55Z,2724667016,854,Она научилась варить лапшу. С бульоном. С овощами. С мясом. Вкусно. Ела одна. Не доедала. Выливала. Жалко. В следующий раз варила меньше.,137,44,1,50.47,0.046264,0.390625,0.625,0.5047,0.0436,0.34375,0.601562,0.00629,0.030011,0.004693,1,50.412,7.99236,233.484,0.829254,1,0.815297,1,4,16,0.015625,0.0009,0.001217,0.00512,C-accelerated,136493.78,136400.0,1059.02,975.0,0.3574
2026-03-30T05:40:55Z,2724667016,855,Каждый день он поливал цветы. Цветы распускались. Вяли. Снова распускались. Он старел. Уже не мог поливать. Цветы ждали. Он не приходил.,136,44,1,50.293,0.0395,0.390625,0.601562,0.50293,0.044986,0.40625,0.625,0.006356,0.031247,0.004783,1,49.9603,7.992822,217.565,0.956974,1,0.819,1,4,16,0.015625,-0.002636,0.009968,-0.005277,C-accelerated,138125.11,138400.0,3175.58,4575.0,1.6528
2026-03-30T05:40:55Z,2724667016,856,Она купила мягкие тапочки. Удобные. Носила долго. Прохудились. Жалко выбросить. Зашила. Снова носила. Снова прохудились. Снова зашила. В конце концов одни нитки остались.,170,44,1,49.2798,0.04345,0.351562,0.617188,0.492798,0.044006,0.398438,0.585938,0.006151,0.028881,0.004684,1,49.707,7.990153,299.834,0.02815,0,0.871236,1,4,16,0.015625,0.00815,0.01266,-7.8e-05,C-accelerated,152891.56,150300.0,15247.66,25675.0,8.5413
2026-03-30T05:40:55Z,2724667016,857,Он посадил виноград. Лоза оплела всю беседку. Летом сидел в тени. Осенью ел виноград. Зимой лоза засыхала. Весной снова прорастала. Так год за годом.,149,44,1,50.0061,0.04464,0.390625,0.601562,0.500061,0.039397,0.359375,0.585938,0.006237,0.032732,0.004749,1,49.9817,7.991677,252.148,0.538713,1,0.800525,1,4,16,0.015625,-0.009551,-0.000238,0.001844,C-accelerated,136356.67,135800.0,2680.28,3000.0,1.1046
2026-03-30T05:40:55Z,2724667016,858,"Она завела хомяка. Он бегал в колесе. Бежал, бежал. Колесо останавливалось — он останавливался. Колесо крутилось — он бежал снова. Он умер. Колесо осталось.",156,44,1,50.0244,0.045773,0.375,0.601562,0.500244,0.048189,0.382812,0.640625,0.006256,0.033482,0.004719,1,49.8077,7.991423,260.852,0.387186,1,0.127124,1,4,16,0.015625,0.01266,-0.001319,-0.008686,C-accelerated,135113.78,135050.0,1543.84,2300.0,0.8515
2026-03-30T05:40:55Z,2724667016,859,Он научился варить кофе каждое утро. Нюхал — ароматно. Пил — горько. Привык к горечи. Если не горько — уже не кофе. Кофе знал об этом.,134,44,1,49.9634,0.046166,0.375,0.703125,0.499634,0.04402,0.375,0.617188,0.006225,0.034265,0.004647,1,49.9908,7.992601,223.802,0.921078,1,0.837576,1,4,16,0.015625,0.009962,0.00351,-0.001681,C-accelerated,134902.22,134500.0,1696.57,2475.0,0.9201
2026-03-30T05:40:55Z,2724667016,860,Она посадила розы с шипами. Срывала цветы — кололась. Кровь шла. Цветы красивые — стоило того. В следующий раз снова кололась. Всё равно стоило. Цветы завяли. Шипы остались.,173,44,1,49.4202,0.045252,0.40625,0.609375,0.494202,0.039779,0.398438,0.59375,0.006256,0.029951,0.004727,1,50.6073,7.991415,259.572,0.408754,1,0.920254,1,4,16,0.015625,0.001193,-0.000162,-0.000155,C-accelerated,139588.89,135150.0,9943.53,4875.0,1.8036
2026-03-30T05:40:55Z,2724667016,861,Он посмотрел старый чёрно-белый фильм. Все актёры в том фильме уже умерли. Он смотрел на них молодыми. Они когда-то были молодыми. Он тоже был молодым.,151,44,1,50.3662,0.043847,0.382812,0.601562,0.503662,0.038706,0.421875,0.609375,0.006197,0.03086,0.004733,1,50.5463,7.99042,291.107,0.059587,1,0.448449,1,4,16,0.015625,-0.003384,0.000122,0.004417,C-accelerated,142176.67,137000.0,10467.3,11150.0,4.0693
2026-03-30T05:40:55Z,2724667016,862,"Она научилась готовить для дочери. Дочь говорила ""вкусно"". Готовила для зятя. Зять говорил ""вкусно"". Готовила для внука. Внук говорил ""вкусно"". Все уехали. Она готовила для себя. Было невкусно.",193,44,1,49.7681,0.042257,0.398438,0.601562,0.497681,0.041136,0.390625,0.585938,0.006227,0.029275,0.004705,1,49.7345,7.99245,228.852,0.879035,1,0.603317,1,4,16,0.015625,-0.013157,-0.011875,-0.006478,C-accelerated,140431.56,138100.0,5150.22,6050.0,2.1904
2026-03-30T05:40:55Z,2724667016,863,"Он завёл скворца. Скворец умел подражать. Подражал телефону. Подражал звонку в дверь. Подражал соседям, когда те ссорились. Подражал плачу ребёнка. Потом замолчал. Умер. Стало тихо.",181,44,1,49.6216,0.045909,0.398438,0.625,0.496216,0.04546,0.367188,0.632812,0.006256,0.028493,0.004684,1,50.2655,7.991225,269.254,0.258114,1,0.409516,1,4,16,0.015625,0.001925,0.000564,-0.002893,C-accelerated,138496.67,137550.0,3062.9,4100.0,1.4904
2026-03-30T05:40:55Z,2724667016,864,Она купила рыбку. Посадила в таз. Каждый день меняла воду. Кормила. Рыбка выросла. Таз стал мал. Пересадила в аквариум. Рыбка выросла ещё. Пересадила в бассейн. Рыбка выросла. Она состарилась. Рыбка тоже. Они старели вместе.,224,44,1,49.8596,0.044746,0.367188,0.609375,0.498596,0.046635,0.351562,0.617188,0.006231,0.028929,0.004648,1,50.2716,7.990696,282.961,0.110315,1,0.468678,1,4,16,0.015625,-0.00968,-0.002096,-0.007369,C-accelerated,135149.11,134900.0,952.06,1200.0,0.4448
2026-03-30T05:40:55Z,2724667016,865,Он посадил люффу. Она оплела весь забор. Выросло много плодов. Не съесть. Раздавал соседям. У соседей тоже урожай. Приносили обратно. Делал из люффы мочалки. Мылся ими много лет. Люффа всё не кончалась.,202,44,1,49.7253,0.042831,0.375,0.585938,0.497253,0.044726,0.359375,0.632812,0.006283,0.035681,0.004718,1,49.9329,7.990864,278.516,0.149115,1,0.590089,1,4,16,0.015625,-0.005503,0.005678,0.002975,C-accelerated,139072.89,136400.0,7376.96,6550.0,2.401
2026-03-30T05:40:55Z,2724667016,866,"Каждый день она смотрела на закат. С одного места. В одно время. Облака были разные. Цвета были разные. Настроение было разное. Закат был тот же. Она была разная. Закат ждал, когда она постареет.",195,44,1,49.7864,0.039169,0.382812,0.601562,0.497864,0.045895,0.390625,0.664062,0.006212,0.031503,0.004767,1,50.3387,7.993366,202.345,0.993516,1,0.856244,1,4,16,0.015625,-0.01161,-0.014291,0.003255,C-accelerated,138835.33,138300.0,2151.55,800.0,0.2892
2026-03-30T05:40:55Z,2724667016,867,"Он научился чинить велосипеды. Чинил соседям. Чинил друзьям. Чинил незнакомцам. Не брал денег. Брал ""спасибо"". ""Спасибо"" стало мало. Стал брать улыбку. Улыбки хватало.",167,44,1,49.7559,0.045927,0.390625,0.601562,0.497559,0.044632,0.421875,0.59375,0.006307,0.029784,0.00475,1,50.3632,7.992209,238.673,0.76093,1,0.692336,1,4,16,0.015625,-0.007169,0.00207,-0.001567,C-accelerated,135009.78,134600.0,1295.01,1100.0,0.4086
2026-03-30T05:40:55Z,2724667016,868,Dia membuka pintu. Kucing itu duduk di sana. Ia menatapnya. Lalu pergi. Dia menunggu. Kucing itu tak kembali.,109,44,1,49.231,0.045049,0.40625,0.625,0.49231,0.039716,0.40625,0.59375,0.006207,0.029043,0.004633,1,50.2533,7.991632,254.127,0.503665,1,0.778502,1,4,16,0.015625,0.000482,0.004639,0.008869,C-accelerated,152018.67,143550.0,21217.6,18575.0,6.4699
2026-03-30T05:40:55Z,2724667016,870,Dia berkirim kabar setiap pagi. Tiga tahun. Tak pernah dibalas. Dia terus melakukannya. Itu ritualnya.,102,44,1,49.5239,0.044754,0.398438,0.609375,0.495239,0.041721,0.375,0.609375,0.006231,0.031413,0.004657,1,49.8993,7.99232,233.67,0.827026,1,0.980983,1,4,16,0.015625,-0.003195,-0.009241,0.009194,C-accelerated,133278.67,132800.0,1698.26,1800.0,0.6777
2026-03-30T05:40:55Z,2724667016,869,Hujan reda. Dia menutup payung. Menengadah ke langit. Pelangi. Dia tersenyum. Itu satu-satunya hal baik hari ini.,113,44,1,50.0366,0.038939,0.398438,0.585938,0.500366,0.036512,0.398438,0.625,0.006201,0.030268,0.0047,1,50.4089,7.991058,269.393,0.256192,1,0.495412,1,4,16,0.015625,0.008127,-0.010495,0.00047,C-accelerated,134093.78,133600.0,1595.47,1650.0,0.6175
2026-03-30T05:40:55Z,2724667016,871,Tehnya dingin. Dia memanaskan lagi. Dia belum pulang. Telepon tak dijawab. Tehnya dibuang. Ini kali ketujuh.,108,44,1,50.647,0.045868,0.398438,0.640625,0.50647,0.042175,0.390625,0.585938,0.006222,0.031006,0.004733,1,49.9115,7.991797,250.799,0.562578,1,0.17274,1,4,16,0.015625,-0.008373,-0.004772,0.006975,C-accelerated,136068.22,135600.0,2867.43,3100.0,1.1431
2026-03-30T05:40:55Z,2724667016,872,Foto lama seseorang mirip saya. Tapi bukan saya. Ibu bilang itu bibi. Bibi sudah lama pergi. Saya tak pernah melihatnya.,120,44,1,49.7498,0.041293,0.398438,0.617188,0.497498,0.043178,0.375,0.59375,0.006283,0.030696,0.004718,1,50.3296,7.992292,236.276,0.794061,1,0.742198,1,4,16,0.015625,0.01439,0.007366,-0.001869,C-accelerated,136805.33,134000.0,7035.47,3775.0,1.4086
2026-03-30T05:40:55Z,2724667016,874,Kunci tak bisa masuk. Sudah dicoba berkali-kali. Tetangga bilang rumah itu kosong. Tapi saya melihat lampu menyala.,115,44,1,49.7131,0.045153,0.390625,0.609375,0.497131,0.045343,0.382812,0.625,0.006323,0.034394,0.004821,1,49.4202,7.992472,230.481,0.862763,1,0.830134,1,4,16,0.015625,0.002088,0.000633,0.008762,C-accelerated,134336.67,133800.0,1907.79,1775.0,0.6633
2026-03-30T05:40:55Z,2724667016,873,Bulan purnama. Saya menonton sendiri. Teringat janji kita menonton bersama. Dengan siapa kau menonton sekarang?,111,44,1,50.5066,0.044006,0.390625,0.617188,0.505066,0.045309,0.367188,0.617188,0.006198,0.029357,0.00476,1,50.3967,7.991385,262.924,0.353181,1,0.289899,1,4,16,0.015625,0.005102,-0.000359,0.013295,C-accelerated,133980.0,134300.0,1420.49,2200.0,0.8191
2026-03-30T05:40:55Z,2724667016,875,Dia menanam bunga. Menyiram setiap hari. Bunga tak kunjung mekar. Orang bilang itu bunga palsu. Dia tetap menyiram.,115,44,1,50.7507,0.043294,0.359375,0.609375,0.507507,0.045819,0.390625,0.65625,0.006148,0.029418,0.004657,1,50.3021,7.992533,226.06,0.903824,1,0.492402,1,4,16,0.015625,0.018104,-0.00298,-0.00258,C-accelerated,138527.11,136300.0,6248.3,5575.0,2.0451
2026-03-30T05:40:55Z,2724667016,876,Kereta terakhir. Saya naik. Gerbong hanya satu orang. Dia tersenyum pada saya. Saya turun.,90,44,1,50.354,0.042319,0.390625,0.609375,0.50354,0.043868,0.414062,0.617188,0.006206,0.033574,0.004729,1,50.0946,7.989571,314.263,0.006686,0,0.246678,1,4,16,0.015625,-0.000949,-0.01324,-0.006419,C-accelerated,142515.78,140700.0,4698.07,4800.0,1.7058
2026-03-30T05:40:55Z,2724667016,877,Ayah mengajar naik sepeda. Memegang dari belakang. Saya menoleh. Dia sudah melepas. Saya melaju jauh.,101,44,1,49.4995,0.041348,0.390625,0.625,0.494995,0.036458,0.398438,0.578125,0.006257,0.030824,0.004775,1,50.0031,7.991615,255.663,0.476543,1,0.028655,1,4,16,0.015625,-0.006969,-0.019371,-0.002249,C-accelerated,134390.0,134700.0,1578.43,2375.0,0.8816
2026-03-30T05:40:55Z,2724667016,878,Kucing mati. Dikubur di bawah pohon. Tahun berikutnya pohon berbunga. Putih. Kucing itu juga putih dulu.,104,44,1,50.7263,0.042759,0.390625,0.601562,0.507263,0.042142,0.367188,0.601562,0.006195,0.030153,0.004686,1,49.8993,7.992598,226.362,0.901325,1,0.958178,1,4,16,0.015625,-0.006888,0.012581,-0.000643,C-accelerated,138325.33,135200.0,7117.71,5700.0,2.108
2026-03-30T05:40:55Z,2724667016,879,Dia bercermin setiap hari. Wajah di cermin makin muda. Dia takut. Lalu berhenti bercermin.,90,44,1,50.1465,0.044578,0.414062,0.632812,0.501465,0.042933,0.40625,0.609375,0.006151,0.028611,0.00467,1,49.7894,7.992021,244.957,0.663144,1,0.681814,1,4,16,0.015625,0.000567,-0.005091,0.015191,C-accelerated,135877.78,135800.0,1874.02,3300.0,1.215
2026-03-30T05:40:55Z,2724667016,880,Dia menanti surat yang takkan datang. Pak pos lewat setiap hari. Menggeleng. Dia terus menanti.,95,44,1,50.2258,0.041422,0.390625,0.625,0.502258,0.039706,0.398438,0.585938,0.006314,0.029429,0.004763,1,49.9207,7.991814,248.378,0.60496,1,0.590089,1,4,16,0.015625,-0.007242,-0.004984,0.000383,C-accelerated,138505.11,138800.0,1624.36,1000.0,0.3602
2026-03-30T05:40:55Z,2724667016,881,Masakan sudah siap. Sendok garpu terhampar. TV menyala. Tak ada yang makan. Semua pergi.,88,44,1,49.7131,0.05027,0.359375,0.632812,0.497131,0.04509,0.335938,0.617188,0.006262,0.029171,0.004695,1,50.116,7.992461,228.084,0.88624,1,0.576998,1,4,16,0.015625,0.003062,0.000549,0.010906,C-accelerated,139966.44,136300.0,7821.81,7800.0,2.8613
2026-03-30T05:40:55Z,2724667016,882,Dia beli dua eskrim. Satu untukku. Satu untuknya. Punyaku meleleh. Punyanya juga.,81,44,1,49.4995,0.04494,0.390625,0.609375,0.494995,0.051246,0.390625,0.609375,0.006235,0.028324,0.004636,1,49.6094,7.990177,300.951,0.025406,0,0.149944,1,4,16,0.015625,0.001216,-1.5e-05,0.011033,C-accelerated,138843.33,135400.0,9044.53,5700.0,2.1049
2026-03-30T05:40:55Z,2724667016,883,Pohon di luar jendela ditebang. Seminggu bersedih. Lalu sadar bisa melihat gunung di kejauhan.,94,44,1,49.6948,0.04707,0.398438,0.601562,0.496948,0.042086,0.382812,0.601562,0.00626,0.028881,0.004704,1,49.7345,7.990918,274.444,0.192324,1,0.830134,1,4,16,0.015625,0.003785,-0.001117,0.003848,C-accelerated,133801.78,133550.0,1503.98,2900.0,1.0857
2026-03-30T05:40:55Z,2724667016,884,Dia berhenti merokok seratus kali. Gagal terus. Doktor bilang kalau lanjut tak akan bertahan setahun. Dia bilang: mati ya mati saja.,132,44,1,50.2014,0.047814,0.390625,0.601562,0.502014,0.047091,0.390625,0.625,0.006307,0.032504,0.004768,1,49.939,7.990184,298.182,0.032674,0,0.871236,1,4,16,0.015625,0.003557,0.003024,0.004097,C-accelerated,137424.0,137700.0,3117.56,4900.0,1.7792
2026-03-30T05:40:55Z,2724667016,886,Bayi menangis. Ibu menenangkan. Ayah lembur. Bulan menyaksikan.,63,44,1,50.1343,0.045785,0.390625,0.601562,0.501343,0.039416,0.398438,0.59375,0.006257,0.030294,0.004687,1,50.415,7.991483,260.806,0.387963,1,0.268719,1,4,16,0.015625,0.000565,0.001803,-0.005477,C-accelerated,136386.22,134050.0,6008.55,2100.0,0.7833
2026-03-30T05:40:55Z,2724667016,885,Dia tak tidur semalaman. Menanti fajar. Fajar tiba. Menanti senja. Begitulah sepanjang hidup.,93,44,1,50.0854,0.045599,0.375,0.617188,0.500854,0.049239,0.351562,0.648438,0.006237,0.028939,0.004732,1,50.2869,7.990933,276.817,0.166233,1,0.688822,1,4,16,0.015625,-0.006257,0.014176,0.008876,C-accelerated,139211.56,136200.0,7430.41,5900.0,2.1659
2026-03-30T05:40:55Z,2724667016,887,Dia menulis banyak puisi. Tak ada yang membaca. Dia baca sendiri. Membaca sambil menangis. Puisi itu tentang dia.,113,44,1,50.2625,0.041019,0.398438,0.59375,0.502625,0.045442,0.390625,0.640625,0.006244,0.032071,0.004765,1,49.7498,7.992212,239.651,0.746696,1,0.42043,1,4,16,0.015625,0.007843,0.003661,-0.009149,C-accelerated,134994.67,134900.0,1703.91,2400.0,0.8895
2026-03-30T05:40:55Z,2724667016,888,Dia kehilangan kunci. Tak bisa masuk rumah. Duduk di tangga menanti. Menanti sampai gelap. Tak ada yang datang membukakan.,122,44,1,49.6216,0.047391,0.375,0.640625,0.496216,0.047531,0.398438,0.664062,0.006198,0.028135,0.00474,1,50.1801,7.991862,245.865,0.647966,1,0.576998,1,4,16,0.015625,0.005543,-0.012195,0.000727,C-accelerated,136182.44,135600.0,1999.58,2400.0,0.885
2026-03-30T05:40:55Z,2724667016,891,Dia membereskan barang lama. Menemukan surat. Tak pernah dikirim. Penerimanya dirinya sendiri. Tanggal sepuluh tahun lalu.,122,44,1,49.9939,0.044059,0.382812,0.617188,0.499939,0.04894,0.359375,0.625,0.006156,0.028867,0.004694,1,50.0061,7.991246,266.182,0.302403,1,0.580258,1,4,16,0.015625,0.004658,0.006158,0.000544,C-accelerated,141492.22,137400.0,11404.66,5100.0,1.8559
2026-03-30T05:40:55Z,2724667016,890,Dia telepon ibu. Ibu tanya siapa. Dia bilang saya anakmu. Ibu bilang saya tak kenal kamu.,89,44,1,50.5676,0.046309,0.414062,0.625,0.505676,0.044982,0.367188,0.632812,0.006184,0.033012,0.004679,1,50.0519,7.991005,271.535,0.227749,1,0.37523,1,4,16,0.015625,0.013986,-0.003102,-0.000969,C-accelerated,134557.78,134400.0,1560.0,2175.0,0.8092
2026-03-30T05:40:55Z,2724667016,889,Hujan tiga hari. Hari keempat reda. Hari kelima dia bawa payung. Payung tak kepakai. Dia tersenyum.,99,44,1,50.0,0.043201,0.414062,0.601562,0.5,0.045659,0.390625,0.609375,0.00622,0.031828,0.00465,1,49.9847,7.989191,326.225,0.001698,0,0.745804,1,4,16,0.015625,-0.001837,-0.018652,-0.005472,C-accelerated,142636.67,140550.0,6310.35,5675.0,2.0189
2026-03-30T05:40:55Z,2724667016,892,"Ikan mati. Dia buang ke toilet. Setiap kali ke toilet, dia teringat ikan itu.",77,44,1,50.0732,0.040858,0.390625,0.601562,0.500732,0.044586,0.382812,0.601562,0.006174,0.028433,0.004684,1,50.2869,7.991983,244.212,0.675431,1,0.489402,1,4,16,0.015625,-0.004457,-0.005078,0.014414,C-accelerated,136603.56,136100.0,2263.69,3050.0,1.1205
2026-03-30T05:40:55Z,2724667016,894,Dia melihatnya di keramaian. Dia juga melihatnya. Tak ada yang berhenti. Masing-masing terus berjalan.,102,44,1,49.585,0.044291,0.367188,0.609375,0.49585,0.044708,0.382812,0.617188,0.006188,0.029018,0.004642,1,49.3134,7.992151,239.418,0.750122,1,0.837576,1,4,16,0.015625,0.00022,-0.01374,-0.009285,C-accelerated,136934.22,136100.0,2310.3,1200.0,0.4409
2026-03-30T05:40:55Z,2724667016,893,Dia belajar makan sendiri. Pergi ke doktor sendiri. Rayakan hari raya sendiri. Tua sendiri.,91,44,1,49.7559,0.041175,0.414062,0.617188,0.497559,0.049437,0.328125,0.609375,0.006177,0.032356,0.004662,1,49.9939,7.992424,232.017,0.846188,1,0.756656,1,4,16,0.015625,-0.000198,0.002079,-0.002189,C-accelerated,143277.11,140100.0,7365.95,7750.0,2.7659
2026-03-30T05:40:55Z,2724667016,895,Bulan mengikuti saya. Saya berhenti dia berhenti. Saya lari dia lari. Sampai di rumah. Dia tetap di luar.,105,44,1,49.5728,0.045005,0.375,0.59375,0.495728,0.03963,0.382812,0.625,0.006149,0.029886,0.004646,1,50.1343,7.991389,260.852,0.387186,1,0.532287,1,4,16,0.015625,0.009748,0.007868,0.008642,C-accelerated,134765.78,134400.0,1347.14,1100.0,0.4092
2026-03-30T05:40:55Z,2724667016,896,Dia pelihara kucing. Kucing pergi. Pelihara anjing. Anjing pergi. Tak pelihara lagi.,84,44,1,50.1038,0.04131,0.398438,0.609375,0.501038,0.040352,0.414062,0.625,0.006147,0.033534,0.00468,1,49.884,7.991661,256.593,0.460202,1,0.988589,1,4,16,0.015625,-0.004338,0.000749,0.010868,C-accelerated,137435.33,135400.0,5143.75,4500.0,1.6617
2026-03-30T05:40:55Z,2724667016,897,Setiap hari dia ke kafe yang sama. Duduk di tempat sama. Pesan kopi sama. Baca koran sama. Sampai kafe tutup.,109,44,1,49.9512,0.044621,0.390625,0.632812,0.499512,0.04431,0.34375,0.609375,0.006249,0.033443,0.004766,1,50.2045,7.992079,239.744,0.74532,1,0.852503,1,4,16,0.015625,-0.003768,0.007061,-0.004414,C-accelerated,135133.33,134700.0,2679.14,3275.0,1.2157
2026-03-30T05:40:55Z,2724667016,898,Dia menulis surat. Tanpa alamat. Tanpa penerima. Tak dikirim. Dibakar. Abunya beterbangan seperti kupu-kupu.,108,44,1,49.8901,0.042699,0.390625,0.59375,0.498901,0.043725,0.367188,0.601562,0.006215,0.033477,0.00474,1,49.7559,7.992121,238.883,0.757914,1,0.451308,1,4,16,0.015625,0.001414,0.005317,-0.00485,C-accelerated,133281.56,132800.0,1486.8,2500.0,0.9413
2026-03-30T05:40:55Z,2724667016,899,Hujan mengetuk kaca. Dia menghitung titik. Seratus titik lalu tertidur. Bangun hujan masih turun.,97,44,1,49.4751,0.04567,0.375,0.632812,0.494751,0.039873,0.398438,0.585938,0.006241,0.030837,0.004691,1,49.9756,7.991774,248.564,0.601727,1,0.763917,1,4,16,0.015625,-0.008804,0.004914,-0.000451,C-accelerated,140658.22,139350.0,5746.54,7800.0,2.7987
2026-03-30T05:40:55Z,2724667016,900,Dia menanti lama sekali. Sampai lupa siapa yang dinanti. Lupa bahwa dia menanti. Tapi tetap menanti.,100,44,1,50.7935,0.044858,0.40625,0.648438,0.507935,0.043651,0.382812,0.59375,0.006206,0.032595,0.004695,1,50.1984,7.991572,255.756,0.474905,1,0.992393,1,4,16,0.015625,0.009659,-0.005434,-0.001069,C-accelerated,137169.11,135700.0,4741.2,1700.0,0.6264
2026-03-30T05:40:55Z,2724667016,901,Dia membeli bunga. Sampai rumah tak ada vas. Masukkan ke gelas. Bunga mekar. Gelas senang.,90,44,1,50.6348,0.04367,0.390625,0.609375,0.506348,0.043209,0.40625,0.601562,0.006223,0.029792,0.004633,1,50.5676,7.991812,250.193,0.573235,1,0.270788,1,4,16,0.015625,0.012059,0.004185,0.006284,C-accelerated,141756.67,135500.0,14636.09,8300.0,3.0627
2026-03-30T05:40:55Z,2724667016,902,"Dia berlatih senyum di depan cermin. Seumur hidup berlatih. Saat mati, wajahnya tanpa ekspresi.",95,44,1,50.0366,0.0487,0.390625,0.617188,0.500366,0.045521,0.398438,0.65625,0.006258,0.030157,0.004795,1,50.058,7.992268,234.764,0.813595,1,0.742198,1,4,16,0.015625,-0.010652,0.002396,0.002912,C-accelerated,144258.44,138850.0,11184.19,13100.0,4.7173
2026-03-30T05:40:55Z,2724667016,903,Dia berjalan jauh melihat pohon. Pohon itu ditebang. Dia berdiri lama di tempat itu.,84,44,1,49.5483,0.042372,0.375,0.609375,0.495483,0.042731,0.398438,0.609375,0.006288,0.03008,0.004737,1,49.9939,7.99053,288.175,0.075083,1,0.778502,1,4,16,0.015625,-0.003448,-0.010428,0.006708,C-accelerated,144688.22,141150.0,10924.39,13400.0,4.7467
2026-03-30T05:40:55Z,2724667016,904,Kucing berjemur di ambang jendela. Dia di situ. Matahari di situ. Saya di situ. Cukup.,86,44,1,50.116,0.044742,0.390625,0.609375,0.50116,0.045209,0.398438,0.609375,0.00613,0.030699,0.004663,1,50.1678,7.992632,223.244,0.924977,1,0.454178,1,4,16,0.015625,-0.011207,-0.001176,0.010296,C-accelerated,136342.44,136300.0,1328.44,1800.0,0.6603
2026-03-30T05:40:55Z,2724667016,905,Setiap hari dia menulis diari. Makan apa. Minum apa. Cuaca bagaimana. Tak pernah menulis perasaan.,98,44,1,49.7864,0.044567,0.398438,0.601562,0.497864,0.043198,0.398438,0.617188,0.006258,0.030958,0.004794,1,49.9451,7.991788,250.799,0.562578,1,0.901355,1,4,16,0.015625,-0.001892,0.004835,-0.007297,C-accelerated,133254.22,133000.0,1143.87,1000.0,0.3759
2026-03-30T05:40:55Z,2724667016,906,Dia merajut syal. Dibuka. Dirajut ulang. Dibuka. Dirajut ulang. Musim dingin berlalu.,85,44,1,50.1648,0.045936,0.367188,0.640625,0.501648,0.044844,0.398438,0.617188,0.006179,0.031362,0.004673,1,49.8901,7.99155,256.71,0.458167,1,0.560828,1,4,16,0.015625,-0.008296,-0.013173,-0.000546,C-accelerated,143312.89,136400.0,15309.44,7275.0,2.6668
2026-03-30T05:40:55Z,2724667016,907,Dia belajar memperbaiki jam. Tapi tak bisa memperbaiki waktunya sendiri. Kadang terlalu cepat. Kadang terlalu lambat.,117,44,1,50.5493,0.047465,0.40625,0.625,0.505493,0.044787,0.390625,0.59375,0.006154,0.029302,0.004688,1,50.0763,7.991471,259.596,0.408358,1,0.606644,1,4,16,0.015625,0.001456,-0.006241,-0.001274,C-accelerated,134754.22,133500.0,2625.49,2600.0,0.9738
2026-03-30T05:40:55Z,2724667016,908,Dia masak bubur. Bubur dingin. Dipanaskan. Dingin lagi. Dia belum pulang. Dia makan sendiri.,92,44,1,49.1577,0.043142,0.320312,0.617188,0.491577,0.03793,0.40625,0.585938,0.006273,0.028785,0.004733,1,49.9329,7.991318,265.949,0.305907,1,0.871236,1,4,16,0.015625,0.010782,-0.003498,0.000422,C-accelerated,141915.11,132900.0,27817.51,3050.0,1.1475
2026-03-30T05:40:55Z,2724667016,909,Hujan reda. Dia lipat payung. Lihat pelangi. Ingat dia suka pelangi. Kirim fotonya. Dia sudah bukan kontak.,107,44,1,50.4272,0.048039,0.40625,0.59375,0.504272,0.050289,0.375,0.632812,0.006213,0.033664,0.004791,1,50.531,7.991082,274.281,0.194208,1,0.833854,1,4,16,0.015625,-0.003584,0.002841,-0.002372,C-accelerated,134336.67,134200.0,911.44,900.0,0.3353
2026-03-30T05:40:55Z,2724667016,910,Setiap hari dia beri makan burung. Burung datang. Makan. Terbang. Dia juga pergi.,81,44,1,50.2991,0.039754,0.375,0.59375,0.502991,0.043979,0.398438,0.625,0.00617,0.030705,0.004668,1,50.3418,7.993059,211.514,0.978176,1,0.606644,1,4,16,0.015625,0.011017,-0.008805,0.004937,C-accelerated,141285.11,138450.0,8890.59,4800.0,1.7335
2026-03-30T05:40:55Z,2724667016,911,Dia pelihara kaktus. Lupa menyiram. Kaktus bertahan. Dia rajin menyiram. Kaktus mati.,85,44,1,50.7874,0.040823,0.398438,0.640625,0.507874,0.041827,0.40625,0.59375,0.006181,0.030928,0.004692,1,49.8749,7.991773,249.891,0.578551,1,0.451308,1,4,16,0.015625,0.019705,0.003179,-0.005004,C-accelerated,136852.67,135900.0,4184.33,3600.0,1.3245
2026-03-30T05:40:55Z,2724667016,912,Dia menanti bis terakhir. Bis tiba. Dia tak naik. Bis pergi. Dia terus menanti.,79,44,1,50.3967,0.043245,0.382812,0.640625,0.503967,0.046394,0.398438,0.617188,0.006224,0.030025,0.004654,1,50.4913,7.992766,220.451,0.942385,1,0.633553,1,4,16,0.015625,0.001749,0.008751,0.015239,C-accelerated,135608.0,134500.0,4169.66,2400.0,0.8922
2026-03-30T05:40:55Z,2724667016,913,Dia belajar memasak. Masak untuk diri sendiri. Masak untuk kucing. Kucing mati. Masak untuk tak ada siapa-siapa.,112,44,1,50.2808,0.042238,0.40625,0.617188,0.502808,0.043583,0.367188,0.609375,0.006213,0.031965,0.004714,1,49.5636,7.991444,261.085,0.383307,1,0.151298,1,4,16,0.015625,0.002284,-0.005014,0.00054,C-accelerated,134422.67,134350.0,1280.55,2100.0,0.7815
2026-03-30T05:40:55Z,2724667016,914,Dia menulis kata di pasir. Ombak menghapus. Dia tulis lagi. Ombak hapus lagi. Dia menulis sepanjang hari.,105,44,1,50.3113,0.043293,0.375,0.609375,0.503113,0.049056,0.359375,0.632812,0.006235,0.031775,0.004746,1,49.9817,7.992697,224.454,0.916346,1,0.767556,1,4,16,0.015625,0.006724,0.001272,-0.00759,C-accelerated,135250.22,136000.0,1871.83,3475.0,1.2776
2026-03-30T05:40:55Z,2724667016,915,রাতের ট্রেনে Ivan whispered a secret while the desert wind said سلام.,69,44,1,50.3174,0.044607,0.375,0.632812,0.503174,0.045955,0.382812,0.625,0.0062,0.031337,0.004692,1,49.6948,7.991983,243.444,0.687931,1,0.717116,1,4,16,0.015625,0.002166,0.000833,-0.001415,C-accelerated,143598.44,141300.0,6144.91,5550.0,1.9639
2026-03-30T05:40:55Z,2724667016,916,Marie walked through the old bazaar and someone wrote любовь on the wall.,73,44,1,50.9399,0.037764,0.421875,0.609375,0.509399,0.044112,0.398438,0.640625,0.006333,0.032264,0.004666,1,50.1801,7.991312,262.854,0.354308,1,0.031175,1,4,16,0.015625,-0.004252,-0.004949,-0.006466,C-accelerated,135967.78,135300.0,2599.78,3300.0,1.2195
2026-03-30T05:40:55Z,2724667016,917,নদীর ধারে Ahmed found a map and said هذا الطريق طويل.,53,44,1,49.9512,0.045363,0.390625,0.617188,0.499512,0.043528,0.398438,0.59375,0.006253,0.031924,0.004724,1,49.8932,7.992235,237.254,0.780866,1,0.42595,1,4,16,0.015625,0.012317,-0.005419,0.001641,C-accelerated,145722.0,143200.0,7574.59,7800.0,2.7235
2026-03-30T05:40:55Z,2724667016,918,In the quiet village Luka heard the word дружба echo through the hills.,71,44,1,49.5789,0.039895,0.414062,0.609375,0.495789,0.038558,0.382812,0.609375,0.006193,0.030278,0.004708,1,49.8535,7.992814,218.287,0.953629,1,0.448449,1,4,16,0.015625,0.002669,0.005251,0.0072,C-accelerated,142454.22,137400.0,15717.74,9750.0,3.548
2026-03-30T05:40:55Z,2724667016,919,Sofia opened the book and read μια ιστορία about a forgotten king.,66,44,1,50.4578,0.046513,0.390625,0.625,0.504578,0.050749,0.375,0.664062,0.006142,0.029661,0.00471,1,50.2686,7.990457,291.34,0.058478,1,0.314462,1,4,16,0.015625,-0.007545,-0.001046,0.003229,C-accelerated,135552.67,135600.0,1489.82,1800.0,0.6637
2026-03-30T05:40:55Z,2724667016,920,রাতের বৃষ্টি fell softly while Farid murmured حلم صغير.,55,44,1,49.7253,0.042518,0.398438,0.601562,0.497253,0.044028,0.375,0.609375,0.006292,0.029654,0.004725,1,50.5127,7.992495,227.782,0.888997,1,0.630162,1,4,16,0.015625,-0.00296,-0.006171,-0.008874,C-accelerated,148954.67,143850.0,13090.49,15575.0,5.4136
2026-03-30T05:40:55Z,2724667016,921,On a broken bridge Mikhail wrote надежда beside the river.,58,44,1,49.7131,0.045751,0.390625,0.578125,0.497131,0.043998,0.40625,0.585938,0.006252,0.028835,0.004689,1,50.0549,7.991962,246.819,0.631794,1,0.357525,1,4,16,0.015625,-0.008135,0.000605,0.008649,C-accelerated,141289.11,138850.0,7565.86,7700.0,2.7728
2026-03-30T05:40:55Z,2724667016,922,The market smelled of spices and someone said سلام يا صديقي.,60,44,1,49.8962,0.043095,0.375,0.585938,0.498962,0.04002,0.398438,0.585938,0.006244,0.030254,0.004727,1,50.0031,7.990586,287.197,0.080907,1,0.152661,1,4,16,0.015625,-0.000526,0.007674,-0.00672,C-accelerated,136916.67,136150.0,2758.32,3200.0,1.1752
2026-03-30T05:40:55Z,2724667016,923,Arif looked at the stars and whispered স্বপ্ন still lives.,58,44,1,50.3113,0.048252,0.390625,0.632812,0.503113,0.048695,0.382812,0.648438,0.006134,0.028599,0.004714,1,49.9359,7.991118,271.628,0.226557,1,0.409516,1,4,16,0.015625,0.00622,0.006108,0.002295,C-accelerated,134146.67,133850.0,1883.35,1700.0,0.635
2026-03-30T05:40:55Z,2724667016,924,Elena carried a letter that said amour and never opened it.,59,44,1,49.4629,0.040744,0.375,0.585938,0.494629,0.046443,0.375,0.59375,0.006299,0.030542,0.004748,1,50.0092,7.990729,282.682,0.112505,1,0.372668,1,4,16,0.015625,-0.014376,-0.003413,0.006718,C-accelerated,144598.67,143200.0,7649.64,11925.0,4.1638
2026-03-30T05:40:55Z,2724667016,925,পুরোনো ঘরে Nikolai heard a clock ticking как время.,51,44,1,49.6521,0.046124,0.398438,0.601562,0.496521,0.045907,0.390625,0.625,0.006267,0.033234,0.004721,1,49.8413,7.991642,252.567,0.531292,1,0.760284,1,4,16,0.015625,0.000319,-0.003297,-0.00862,C-accelerated,135163.11,136100.0,1628.83,3200.0,1.1756
2026-03-30T05:40:55Z,2724667016,926,A traveler named Yusuf said الطريق طويل but smiled.,51,44,1,50.4944,0.038828,0.40625,0.59375,0.504944,0.044846,0.375,0.625,0.006184,0.033115,0.004662,1,50.0366,7.991494,258.921,0.419873,1,0.328421,1,4,16,0.015625,-0.007581,-0.002747,0.002368,C-accelerated,143715.11,140700.0,7087.24,7075.0,2.5142
2026-03-30T05:40:55Z,2724667016,927,নদীর ওপারে someone sang canción antigua in the fog.,51,44,1,50.7324,0.046822,0.382812,0.640625,0.507324,0.037945,0.421875,0.617188,0.00628,0.030038,0.004669,1,50.2869,7.991798,252.055,0.540362,1,0.309897,1,4,16,0.015625,-0.000218,0.006023,0.004668,C-accelerated,136490.22,136000.0,1790.19,2500.0,0.9191
2026-03-30T05:40:55Z,2724667016,928,Camille wrote liberté on the sand beside the sea.,49,44,1,50.061,0.04534,0.375,0.585938,0.50061,0.044811,0.40625,0.625,0.006166,0.028164,0.004656,1,49.5575,7.991959,243.305,0.690184,1,0.256534,1,4,16,0.015625,0.000736,0.00082,-0.006295,C-accelerated,135532.89,135200.0,1749.73,1600.0,0.5917
2026-03-30T05:40:55Z,2724667016,929,রাতের বাতাস carried the word мир across the hills.,50,44,1,49.9084,0.041127,0.398438,0.585938,0.499084,0.041737,0.398438,0.601562,0.006224,0.031991,0.004692,1,50.2808,7.990496,286.569,0.084834,1,0.495412,1,4,16,0.015625,0.018104,0.006298,-0.00048,C-accelerated,137296.0,137200.0,987.22,1100.0,0.4009
2026-03-30T05:40:55Z,2724667016,930,Hassan opened a small café and wrote مرحبا above the door.,58,44,1,50.4333,0.044192,0.40625,0.625,0.504333,0.048914,0.390625,0.625,0.006132,0.031375,0.004693,1,50.1495,7.991502,258.083,0.43429,1,0.720681,1,4,16,0.015625,-0.00857,0.002795,0.008315,C-accelerated,142159.11,141800.0,6917.2,6275.0,2.2126
2026-03-30T05:40:55Z,2724667016,931,In a silent alley Marta heard echoing шаги.,43,44,1,49.7742,0.041052,0.398438,0.585938,0.497742,0.042882,0.390625,0.609375,0.006174,0.027589,0.004621,1,50.351,7.992023,242.048,0.710169,1,0.647195,1,4,16,0.015625,0.000335,0.005587,-0.003989,C-accelerated,134325.33,134050.0,1457.82,1600.0,0.5968
2026-03-30T05:40:55Z,2724667016,932,Rahim found an old coin and whispered بركة.,43,44,1,49.0479,0.045375,0.367188,0.59375,0.490479,0.042522,0.359375,0.617188,0.006204,0.033367,0.004669,1,49.8993,7.991634,252.823,0.526755,1,0.300899,1,4,16,0.015625,0.005785,0.010676,0.001752,C-accelerated,152328.22,139350.0,27853.95,14275.0,5.122
2026-03-30T05:40:55Z,2724667016,933,লাল সূর্য rose as Anna spoke quietly about жизнь.,49,44,1,50.1648,0.043887,0.351562,0.601562,0.501648,0.047408,0.390625,0.632812,0.00626,0.032611,0.004684,1,50.4242,7.992337,233.972,0.82337,1,0.492402,1,4,16,0.015625,0.001715,0.001984,0.005571,C-accelerated,140400.67,139950.0,2780.74,3675.0,1.313
2026-03-30T05:40:55Z,2724667016,934,A shepherd in Anatolia said rüzgar brings stories.,50,44,1,49.7742,0.044379,0.34375,0.617188,0.497742,0.044099,0.382812,0.632812,0.006258,0.032804,0.004662,1,49.9573,7.991958,242.863,0.697276,1,0.385585,1,4,16,0.015625,-0.016913,-0.003117,-0.001378,C-accelerated,134776.44,134000.0,1858.18,2400.0,0.8955
2026-03-30T05:40:55Z,2724667016,935,Sofia read a dusty diary that ended with שלום.,46,44,1,49.6765,0.043493,0.375,0.609375,0.496765,0.040152,0.398438,0.585938,0.006281,0.031129,0.00467,1,49.9054,7.991839,250.147,0.574054,1,0.760284,1,4,16,0.015625,-0.002849,0.002707,0.001629,C-accelerated,136578.44,136500.0,1032.47,700.0,0.2564
2026-03-30T05:40:55Z,2724667016,936,নদীর জলে reflected the word свобода.,36,44,1,50.2258,0.046652,0.382812,0.609375,0.502258,0.043269,0.382812,0.632812,0.006183,0.030513,0.004664,1,49.9634,7.992093,241.722,0.715262,1,0.819,1,4,16,0.015625,0.004599,-0.011961,0.000191,C-accelerated,137478.0,137100.0,3265.38,4575.0,1.6685
2026-03-30T05:40:55Z,2724667016,937,Karim walked through ruins saying يا زمن.,41,44,1,50.1343,0.045209,0.359375,0.59375,0.501343,0.048101,0.390625,0.609375,0.006249,0.030077,0.004675,1,49.9512,7.992358,232.925,0.835832,1,0.674834,1,4,16,0.015625,-0.002582,-0.000397,-0.000704,C-accelerated,144287.78,136300.0,16696.89,7450.0,2.7329
2026-03-30T05:40:55Z,2724667016,938,Mateo painted esperanza on a broken wall.,41,44,1,49.9329,0.042813,0.382812,0.609375,0.499329,0.047902,0.34375,0.640625,0.006159,0.033613,0.004731,1,50.2563,7.992354,232.925,0.835832,1,0.554422,1,4,16,0.015625,-0.002875,-0.005599,-0.001507,C-accelerated,133231.33,133000.0,1165.0,1600.0,0.6015
2026-03-30T05:40:55Z,2724667016,939,রাতের আকাশ whispered тайна.,27,44,1,49.7986,0.045745,0.375,0.640625,0.497986,0.036464,0.398438,0.601562,0.00626,0.030893,0.004695,1,49.9817,7.992476,230.319,0.864451,1,0.388201,1,4,16,0.015625,-0.003534,-0.005721,-0.004721,C-accelerated,138562.44,138100.0,2216.2,2475.0,0.8961
2026-03-30T05:40:55Z,2724667016,940,Nadia brewed tea and said حياتنا قصيرة.,39,44,1,50.7019,0.041499,0.398438,0.609375,0.507019,0.041808,0.359375,0.609375,0.006232,0.030534,0.004713,1,50.3113,7.991422,260.852,0.387186,1,0.856244,1,4,16,0.015625,0.001892,-0.000668,0.013384,C-accelerated,133327.78,133300.0,1910.08,2500.0,0.9377
2026-03-30T05:40:55Z,2724667016,941,Old Pavel wrote память in his notebook.,39,44,1,49.8047,0.045544,0.367188,0.632812,0.498047,0.041351,0.398438,0.585938,0.006227,0.035083,0.004662,1,50.5981,7.990762,281.775,0.119848,1,0.67832,1,4,16,0.015625,-0.004798,-0.000161,0.001788,C-accelerated,145172.22,138500.0,13243.28,14875.0,5.37
2026-03-30T05:40:55Z,2724667016,942,Selim looked at the moon and murmured gece uzun.,48,44,1,49.6155,0.048475,0.359375,0.601562,0.496155,0.039524,0.40625,0.585938,0.006263,0.03411,0.004767,1,50.0092,7.990948,275.933,0.175656,1,0.501462,1,4,16,0.015625,0.00881,0.002189,-0.004352,C-accelerated,134808.22,134750.0,1987.9,3200.0,1.1874
2026-03-30T05:40:55Z,2724667016,943,Elena and Farid argued about destino.,37,44,1,49.7314,0.042985,0.398438,0.585938,0.497314,0.045075,0.398438,0.585938,0.006252,0.030246,0.004727,1,50.4944,7.992213,237.417,0.778624,1,0.298677,1,4,16,0.015625,0.005505,0.002789,-0.001044,C-accelerated,142015.56,139500.0,6985.53,6550.0,2.3477
2026-03-30T05:40:55Z,2724667016,944,The train stopped where someone wrote שלום עולם.,48,44,1,49.9268,0.044134,0.398438,0.59375,0.499268,0.044799,0.382812,0.65625,0.006326,0.029786,0.004723,1,49.5148,7.991251,265.647,0.310492,1,0.38298,1,4,16,0.015625,-0.005612,0.009522,0.008509,C-accelerated,211363.11,177700.0,85936.53,73125.0,20.5754
2026-03-30T05:40:55Z,2724667016,946,Fatima smiled and whispered سلام عليكم.,39,44,1,49.8169,0.042673,0.390625,0.59375,0.498169,0.044768,0.390625,0.609375,0.006255,0.029414,0.004674,1,50.0122,7.991037,272.465,0.216004,1,0.7712,1,4,16,0.015625,0.004299,-0.001654,-0.003146,C-accelerated,134730.22,134300.0,1976.01,2600.0,0.968
2026-03-30T05:40:55Z,2724667016,947,Pierre looked at the sky and thought about avenir.,50,44,1,50.354,0.04742,0.375,0.632812,0.50354,0.045469,0.382812,0.601562,0.006251,0.032875,0.004761,1,50.0763,7.991595,257.99,0.435899,1,0.183492,1,4,16,0.015625,-0.010602,0.001625,-3.4e-05,C-accelerated,136950.22,136500.0,1676.19,2100.0,0.7692
2026-03-30T05:40:55Z,2724667016,945,নদীর পাড়ে Ivan found a violin and played мелодия.,49,44,1,49.8901,0.043341,0.40625,0.609375,0.498901,0.043736,0.40625,0.648438,0.006281,0.031874,0.004727,1,49.8932,7.992127,239.255,0.752506,1,0.300899,1,4,16,0.015625,0.001834,-0.006767,0.00392,C-accelerated,135900.89,135500.0,1545.33,2475.0,0.9133
2026-03-30T05:40:55Z,2724667016,948,A lost traveler said الطريق المجهول.,36,44,1,50.0977,0.049013,0.382812,0.625,0.500977,0.045596,0.382812,0.609375,0.006224,0.034074,0.004738,1,50.3754,7.991964,243.398,0.688682,1,0.811598,1,4,16,0.015625,-0.002874,0.007768,0.001732,C-accelerated,139550.22,136700.0,6488.47,5600.0,2.0483
2026-03-30T05:40:55Z,2724667016,949,রাতে Nadia heard distant песня.,31,44,1,49.9756,0.04527,0.367188,0.601562,0.499756,0.045375,0.375,0.632812,0.006311,0.029629,0.0047,1,50.119,7.991685,255.034,0.487619,1,0.258538,1,4,16,0.015625,-0.003106,-0.000812,-2.6e-05,C-accelerated,137952.0,138500.0,1530.06,900.0,0.3249
2026-03-30T05:40:55Z,2724667016,950,Lukas found an old photo labelled familia.,42,44,1,50.3113,0.045673,0.367188,0.601562,0.503113,0.043851,0.390625,0.648438,0.006201,0.028166,0.004752,1,49.9115,7.992302,234.833,0.812717,1,0.448449,1,4,16,0.015625,0.001238,-0.004407,0.00604,C-accelerated,136255.78,136000.0,2643.07,3675.0,1.3511
2026-03-30T05:40:55Z,2724667016,951,Yusuf crossed the dunes saying sabır.,37,44,1,49.3286,0.047348,0.351562,0.585938,0.493286,0.04311,0.390625,0.601562,0.00626,0.032683,0.004748,1,50.4547,7.991112,268.509,0.268505,1,0.738597,1,4,16,0.015625,-0.008184,-0.001728,0.00094,C-accelerated,135439.33,135700.0,1839.98,3100.0,1.1422
2026-03-30T05:40:55Z,2724667016,952,Ahmed opened a chest marked سر.,31,44,1,49.4995,0.042035,0.367188,0.59375,0.494995,0.045677,0.390625,0.609375,0.00626,0.032485,0.00475,1,49.9146,7.991007,275.654,0.178705,1,0.142014,1,4,16,0.015625,-0.008002,0.002593,-0.006746,C-accelerated,138020.67,135050.0,7879.76,3800.0,1.4069
2026-03-30T05:40:55Z,2724667016,953,The wind carried слова through the valley.,42,44,1,50.0854,0.046888,0.359375,0.617188,0.500854,0.043654,0.414062,0.617188,0.006242,0.031096,0.004673,1,49.7772,7.991055,274.397,0.192861,1,0.760284,1,4,16,0.015625,0.001711,0.00452,0.010247,C-accelerated,134964.0,134700.0,1135.8,1600.0,0.5939
2026-03-30T05:40:55Z,2724667016,954,Sara wrote historia pequeña on a postcard.,42,44,1,49.5422,0.046245,0.351562,0.617188,0.495422,0.043886,0.398438,0.601562,0.006262,0.033024,0.004757,1,50.2197,7.991489,259.037,0.417881,1,0.07537,1,4,16,0.015625,0.007478,0.001624,-0.003459,C-accelerated,133727.33,133950.0,1476.61,2300.0,0.8585
2026-03-30T05:40:55Z,2724667016,955,Rahman walked slowly under étoiles.,35,44,1,49.8108,0.042486,0.414062,0.609375,0.498108,0.047988,0.382812,0.640625,0.006316,0.029422,0.004816,1,50.2655,7.991556,257.408,0.445991,1,0.897581,1,4,16,0.015625,0.001112,-0.006499,0.003113,C-accelerated,134636.0,134100.0,1552.64,2375.0,0.8855
2026-03-30T05:40:55Z,2724667016,956,Mikhail heard someone shout друг from afar.,43,44,1,49.8047,0.04593,0.398438,0.609375,0.498047,0.046875,0.34375,0.601562,0.006277,0.034277,0.004733,1,50.0031,7.991744,249.821,0.579776,1,0.345206,1,4,16,0.015625,9.9e-05,-0.004929,0.002709,C-accelerated,134558.44,134500.0,1542.63,1600.0,0.5948
2026-03-30T05:40:55Z,2724667016,957,Karim whispered سر صغير.,24,44,1,49.2249,0.045612,0.367188,0.625,0.492249,0.042674,0.390625,0.632812,0.006272,0.035449,0.004742,1,49.707,7.990572,289.455,0.067965,1,0.969577,1,4,16,0.015625,-0.000884,0.003797,-0.013055,C-accelerated,149413.56,147700.0,7468.68,7550.0,2.5559
2026-03-30T05:40:55Z,2724667016,958,নদীর ধারে Sofia wrote memoria.,30,44,1,50.3601,0.038841,0.398438,0.609375,0.503601,0.0474,0.390625,0.617188,0.006217,0.033706,0.004691,1,49.6979,7.991296,264.506,0.328067,1,0.37523,1,4,16,0.015625,0.003263,-0.002272,0.00347,C-accelerated,143429.56,138400.0,13124.82,7200.0,2.6012
2026-03-30T05:40:55Z,2724667016,959,Pavel read a line about судьба.,31,44,1,50.4395,0.041441,0.414062,0.609375,0.504395,0.043888,0.414062,0.617188,0.006244,0.0283,0.004696,1,50.1312,7.99211,239.977,0.741863,1,0.294266,1,4,16,0.015625,-0.007826,0.006891,-0.013642,C-accelerated,140183.33,137200.0,6802.81,5075.0,1.8495
2026-03-30T05:40:55Z,2724667016,960,Nadia brewed coffee saying قهوة مرة.,36,44,1,49.9451,0.046448,0.367188,0.609375,0.499451,0.049364,0.382812,0.648438,0.006245,0.028809,0.004721,1,50.592,7.991356,262.97,0.352431,1,0.149944,1,4,16,0.015625,0.005287,0.008595,-0.002688,C-accelerated,136185.11,135600.0,2331.35,2575.0,0.9495
2026-03-30T05:40:55Z,2724667016,961,Luka followed a path called esperanza.,38,44,1,49.5972,0.046333,0.390625,0.609375,0.495972,0.04811,0.335938,0.625,0.006205,0.030392,0.004762,1,50.2625,7.99204,242.327,0.705775,1,0.782161,1,4,16,0.015625,0.004486,-0.009222,0.004485,C-accelerated,136540.89,137000.0,2334.42,3400.0,1.2409
2026-03-30T05:40:55Z,2724667016,962,The old diary ended with fin.,29,44,1,50.1526,0.046825,0.359375,0.609375,0.501526,0.046416,0.382812,0.625,0.006208,0.033244,0.004632,1,49.6277,7.99221,235.322,0.80651,1,0.158208,1,4,16,0.015625,0.001982,-0.004293,-0.001102,C-accelerated,135562.44,135750.0,1461.61,1275.0,0.4696
2026-03-30T05:40:55Z,2724667016,963,Ahmed heard whispers saying سلام.,33,44,1,50.1343,0.041925,0.40625,0.609375,0.501343,0.043258,0.382812,0.59375,0.00631,0.030876,0.004781,1,49.9451,7.991965,244.236,0.67505,1,0.763917,1,4,16,0.015625,0.001976,-0.006389,-0.005811,C-accelerated,141908.44,139500.0,7315.42,7225.0,2.5896
2026-03-30T05:40:55Z,2724667016,964,Elena wrote amour perdu.,24,44,1,50.3845,0.044409,0.367188,0.617188,0.503845,0.041351,0.398438,0.601562,0.006236,0.03416,0.004659,1,50.1648,7.992445,228.666,0.880809,1,0.034286,1,4,16,0.015625,0.005101,-0.005138,-0.007875,C-accelerated,153251.78,139000.0,32422.1,9100.0,3.2734
2026-03-30T05:40:55Z,2724667016,965,রাতের নদী carried echoes of любовь.,35,44,1,49.5544,0.042665,0.375,0.617188,0.495544,0.048649,0.390625,0.648438,0.006301,0.0326,0.004727,1,49.6979,7.992673,222.871,0.927497,1,0.863734,1,4,16,0.015625,0.008535,-0.005833,0.004838,C-accelerated,135926.22,136100.0,1394.19,2275.0,0.8358
2026-03-30T05:40:55Z,2724667016,966,Hassan whispered قصة قصيرة.,27,44,1,49.9023,0.040829,0.398438,0.601562,0.499023,0.043793,0.34375,0.601562,0.006296,0.029409,0.004627,1,50.4028,7.990878,274.816,0.188063,1,0.706458,1,4,16,0.015625,0.006628,0.001632,0.002056,C-accelerated,139931.11,138300.0,6323.77,5975.0,2.1602
2026-03-30T05:40:55Z,2724667016,967,Marie watched birds over rivière calme.,39,44,1,49.7864,0.043319,0.382812,0.609375,0.497864,0.044855,0.382812,0.601562,0.006253,0.029945,0.00472,1,50.4272,7.991853,246.796,0.63219,1,0.796843,1,4,16,0.015625,-0.006349,-0.012281,-0.010244,C-accelerated,138256.22,135900.0,5567.99,5850.0,2.1523
2026-03-30T05:40:55Z,2724667016,968,Ivan drew карта forgotten long ago.,35,44,1,50.4822,0.042725,0.382812,0.625,0.504822,0.043258,0.382812,0.601562,0.006186,0.028433,0.004674,1,49.7467,7.991173,267.159,0.287909,1,0.796843,1,4,16,0.015625,0.004816,-0.009833,0.00915,C-accelerated,142879.33,139500.0,9420.14,9850.0,3.5305
2026-03-30T05:40:55Z,2724667016,969,Karim followed نجم بعيد.,24,44,1,49.5728,0.044354,0.375,0.625,0.495728,0.045751,0.390625,0.617188,0.00628,0.030131,0.004742,1,49.9908,7.991979,245.446,0.654998,1,0.144621,1,4,16,0.015625,-0.007933,0.012594,-0.009114,C-accelerated,135486.67,135100.0,1645.48,3300.0,1.2213
2026-03-30T05:40:55Z,2724667016,970,Sofia heard música from the square.,35,44,1,50.2197,0.042048,0.398438,0.617188,0.502197,0.052307,0.367188,0.617188,0.006231,0.030098,0.004696,1,49.9054,7.991964,243.817,0.681893,1,0.166812,1,4,16,0.015625,0.004966,-0.012879,0.003339,C-accelerated,135687.33,135900.0,1160.15,1400.0,0.5151
2026-03-30T05:40:55Z,2724667016,971,Pavel looked for правда.,24,44,1,49.3652,0.046822,0.367188,0.59375,0.493652,0.046206,0.34375,0.617188,0.006248,0.029158,0.004567,1,50.2808,7.991272,266.903,0.29167,1,0.124765,1,4,16,0.015625,-0.002285,-0.008761,-0.015965,C-accelerated,141113.11,137500.0,9489.25,8400.0,3.0545
2026-03-30T05:40:55Z,2724667016,972,Nadia crossed puente viejo.,27,44,1,49.7742,0.041445,0.398438,0.601562,0.497742,0.03961,0.390625,0.601562,0.006182,0.028183,0.004644,1,49.7986,7.992238,234.345,0.818808,1,0.279173,1,4,16,0.015625,-0.005833,0.000166,-0.002181,C-accelerated,145330.89,140100.0,13581.12,7000.0,2.4982
2026-03-30T05:40:55Z,2724667016,973,Rahim read a line saying أمل.,29,44,1,49.9268,0.044026,0.40625,0.632812,0.499268,0.049008,0.375,0.609375,0.006317,0.033404,0.004708,1,49.8718,7.992192,237.137,0.78246,1,0.529162,1,4,16,0.015625,-0.006148,0.012006,0.002084,C-accelerated,133960.22,133500.0,1500.43,2800.0,1.0487
2026-03-30T05:40:55Z,2724667016,974,Elena remembered infancia.,26,44,1,50.3113,0.042245,0.367188,0.617188,0.503113,0.04423,0.382812,0.617188,0.00624,0.02954,0.004686,1,49.9084,7.992525,226.944,0.896393,1,0.486411,1,4,16,0.015625,-0.004867,0.005491,0.002151,C-accelerated,135117.11,135500.0,1103.04,1775.0,0.655
2026-03-30T05:40:55Z,2724667016,975,Yusuf heard the desert say سراب.,32,44,1,50.4639,0.043733,0.390625,0.59375,0.504639,0.046788,0.382812,0.625,0.006221,0.028288,0.004716,1,49.8016,7.991545,257.385,0.446396,1,0.203063,1,4,16,0.015625,-0.003818,0.000872,-0.00776,C-accelerated,135282.44,135650.0,1920.63,3500.0,1.2901
2026-03-30T05:40:55Z,2724667016,976,Mikhail followed дорога.,24,44,1,50.1465,0.044471,0.398438,0.625,0.501465,0.043386,0.335938,0.601562,0.006138,0.030259,0.00467,1,50.2289,7.991577,257.268,0.448421,1,0.404123,1,4,16,0.015625,-0.01208,0.009075,-0.001636,C-accelerated,134157.33,134200.0,1248.2,1700.0,0.6334
2026-03-30T05:40:55Z,2724667016,977,Camille painted rêve bleu.,26,44,1,50.647,0.042625,0.367188,0.617188,0.50647,0.047332,0.367188,0.617188,0.006254,0.035234,0.004785,1,49.5728,7.991404,261.178,0.38176,1,0.042268,1,4,16,0.015625,0.011009,0.014101,0.002876,C-accelerated,133932.0,134300.0,1527.54,2400.0,0.8935
2026-03-30T05:40:55Z,2724667016,978,Hassan waited near باب قديم.,28,44,1,49.9756,0.042297,0.382812,0.585938,0.499756,0.044974,0.40625,0.59375,0.006212,0.028799,0.004633,1,49.6826,7.992146,238.697,0.760596,1,0.305376,1,4,16,0.015625,0.003195,-0.006949,0.000658,C-accelerated,137448.67,136100.0,4360.55,1400.0,0.5143
2026-03-30T05:40:55Z,2724667016,979,Lukas watched the nacht sky.,28,44,1,49.762,0.046277,0.375,0.601562,0.49762,0.042191,0.382812,0.609375,0.006198,0.036446,0.004689,1,50.119,7.992301,234.694,0.81447,1,0.660957,1,4,16,0.015625,-0.005997,0.002214,0.009998,C-accelerated,136280.22,136000.0,2188.89,2900.0,1.0662
2026-03-30T05:40:55Z,2724667016,980,Sara told a cuento antiguo.,27,44,1,50.2014,0.046653,0.382812,0.679688,0.502014,0.046304,0.398438,0.632812,0.006267,0.026985,0.004796,1,50.1678,7.9926,225.175,0.910873,1,0.347648,1,4,16,0.015625,0.020169,0.012049,-0.003975,C-accelerated,139608.89,136200.0,7398.04,7350.0,2.6982
2026-03-30T05:40:55Z,2724667016,981,Nadia whispered حب صغير.,24,44,1,49.6155,0.042958,0.382812,0.617188,0.496155,0.042913,0.40625,0.617188,0.006262,0.032334,0.00471,1,49.7772,7.990144,299.788,0.02827,0,0.688822,1,4,16,0.015625,-0.004538,-0.00206,-0.003583,C-accelerated,138618.67,136200.0,6108.62,7775.0,2.8543
2026-03-30T05:40:55Z,2724667016,982,Ivan searched for смысл.,24,44,1,50.2563,0.04258,0.40625,0.671875,0.502563,0.038212,0.398438,0.59375,0.006159,0.02928,0.004679,1,49.6155,7.991731,250.496,0.567911,1,0.626779,1,4,16,0.015625,-0.000369,-0.006708,0.014561,C-accelerated,135050.0,135100.0,1441.9,2100.0,0.7772
2026-03-30T05:40:55Z,2724667016,983,Sofia carried esperanza.,24,44,1,49.3469,0.046526,0.382812,0.609375,0.493469,0.04271,0.398438,0.609375,0.00625,0.029198,0.004661,1,50.5066,7.991832,247.284,0.623832,1,0.468678,1,4,16,0.015625,-0.027355,-0.006735,-0.001387,C-accelerated,134836.67,134900.0,1303.96,1500.0,0.556
2026-03-30T05:40:55Z,2724667016,984,Karim dreamed of سفر طويل.,26,44,1,50.3113,0.047071,0.390625,0.617188,0.503113,0.038649,0.40625,0.59375,0.006161,0.029706,0.004704,1,50.1129,7.991394,264.227,0.33244,1,0.158208,1,4,16,0.015625,0.000156,0.000281,0.009705,C-accelerated,137605.78,135000.0,7139.92,7100.0,2.6296
2026-03-30T05:40:55Z,2724667016,985,Pierre walked through forêt sombre.,35,44,1,49.4324,0.044578,0.390625,0.632812,0.494324,0.045067,0.375,0.609375,0.006251,0.029167,0.004744,1,50.1373,7.991746,251.776,0.545306,1,0.437116,1,4,16,0.015625,-0.02169,-0.004488,-0.007527,C-accelerated,135114.22,135200.0,1380.59,1700.0,0.6287
2026-03-30T05:40:55Z,2724667016,986,Rahim saw قمر بعيد.,19,44,1,49.9207,0.04631,0.367188,0.632812,0.499207,0.04748,0.375,0.609375,0.006292,0.031498,0.004717,1,49.8444,7.992408,232.972,0.83529,1,0.980983,1,4,16,0.015625,-0.003445,-0.006979,-0.005217,C-accelerated,134939.78,134700.0,1072.65,1100.0,0.4083
2026-03-30T05:40:55Z,2724667016,987,Elena read destino extraño.,27,44,1,49.5361,0.040694,0.390625,0.648438,0.495361,0.046502,0.382812,0.632812,0.006183,0.028534,0.004724,1,50.2045,7.992596,226.595,0.899372,1,0.706458,1,4,16,0.015625,-0.001352,-0.01332,-0.014217,C-accelerated,137738.44,137800.0,3185.08,4600.0,1.6691
2026-03-30T05:40:55Z,2724667016,988,Pavel wrote жизнь коротка.,26,44,1,49.6521,0.044095,0.375,0.585938,0.496521,0.040581,0.40625,0.59375,0.006301,0.030265,0.00477,1,50.1007,7.991121,267.997,0.275779,1,0.431512,1,4,16,0.015625,0.000238,-0.010929,0.002408,C-accelerated,135344.89,135000.0,1674.6,2000.0,0.7407
2026-03-30T05:40:55Z,2724667016,989,Yusuf crossed صحراء صامتة.,26,44,1,49.7253,0.043483,0.34375,0.601562,0.497253,0.045129,0.359375,0.609375,0.006273,0.028142,0.004672,1,49.9329,7.992158,238.068,0.769536,1,0.067868,1,4,16,0.015625,0.00096,0.005086,0.005547,C-accelerated,133914.0,133200.0,1935.9,3275.0,1.2294
2026-03-30T05:40:55Z,2724667016,990,Marie heard vent froid.,23,44,1,50.4456,0.041624,0.40625,0.625,0.504456,0.041417,0.40625,0.609375,0.006178,0.028327,0.004699,1,49.53,7.992023,241.466,0.719235,1,0.650625,1,4,16,0.015625,-0.010974,0.010461,-0.011162,C-accelerated,139004.22,136500.0,6258.12,5150.0,1.8864
2026-03-30T05:40:55Z,2724667016,991,Nadia whispered سلام.,21,44,1,49.6033,0.042026,0.40625,0.609375,0.496033,0.04809,0.359375,0.625,0.006183,0.029422,0.004675,1,50.0977,7.99122,264.762,0.324082,1,0.307631,1,4,16,0.015625,0.000245,0.007623,-0.003079,C-accelerated,135347.33,135300.0,2325.94,4275.0,1.5798
2026-03-30T05:40:55Z,2724667016,992,Ivan followed дорога тумана.,28,44,1,49.9146,0.044893,0.40625,0.601562,0.499146,0.045062,0.414062,0.664062,0.00628,0.030887,0.004706,1,50.2533,7.990859,279.75,0.137491,1,0.946787,1,4,16,0.015625,0.002935,0.008429,0.006887,C-accelerated,140037.33,136650.0,7293.09,7375.0,2.6985
2026-03-30T05:40:55Z,2724667016,993,Karim said حلم بعيد.,20,44,1,50.4456,0.041012,0.390625,0.640625,0.504456,0.044255,0.375,0.640625,0.006274,0.031414,0.004706,1,50.0763,7.991654,253.172,0.520568,1,0.901355,1,4,16,0.015625,-0.001668,0.006578,0.000104,C-accelerated,135579.56,135800.0,1571.86,2200.0,0.81
2026-03-30T05:40:55Z,2724667016,994,Sofia painted cielo rojo.,25,44,1,49.9146,0.044024,0.414062,0.617188,0.499146,0.043752,0.382812,0.617188,0.006344,0.029354,0.004774,1,50.5341,7.992675,223.616,0.922394,1,0.495412,1,4,16,0.015625,0.005557,0.003015,-0.001118,C-accelerated,139501.33,137850.0,5967.82,4400.0,1.5959
2026-03-30T05:40:55Z,2724667016,995,Rahman listened to viento suave.,32,44,1,50.0061,0.039324,0.382812,0.59375,0.500061,0.04421,0.421875,0.640625,0.006219,0.029819,0.004695,1,50.0549,7.991845,248.657,0.600108,1,0.636952,1,4,16,0.015625,-0.00558,-0.005532,0.007539,C-accelerated,136219.33,135700.0,3137.7,3975.0,1.4646
2026-03-30T05:40:55Z,2724667016,997,Hassan opened باب المدينة.,26,44,1,50.0,0.046722,0.382812,0.617188,0.5,0.04056,0.40625,0.632812,0.006188,0.033944,0.004684,1,49.9969,7.990541,287.732,0.077675,1,0.060337,1,4,16,0.015625,0.00219,-0.003941,-0.006914,C-accelerated,134963.78,133900.0,3133.26,4300.0,1.6057
2026-03-30T05:40:55Z,2724667016,996,Pavel looked at ночь тихая.,27,44,1,49.7742,0.041835,0.390625,0.601562,0.497742,0.047352,0.382812,0.609375,0.006193,0.028763,0.004753,1,49.5789,7.992788,220.079,0.944453,1,0.912688,1,4,16,0.015625,0.002406,-0.001967,-0.006584,C-accelerated,135098.44,134650.0,1771.55,2075.0,0.7705
2026-03-30T05:40:55Z,2724667016,998,Elena saw estrella perdida.,27,44,1,49.7437,0.045962,0.390625,0.601562,0.497437,0.044421,0.382812,0.617188,0.006311,0.028807,0.004736,1,49.9298,7.990822,278.563,0.148664,1,0.033485,1,4,16,0.015625,0.004141,-0.000614,-0.003199,C-accelerated,146135.78,140150.0,12887.05,9800.0,3.4963
2026-03-30T05:40:55Z,2724667016,999,Yusuf followed طريق قديم.,25,44,1,49.7681,0.042728,0.382812,0.601562,0.497681,0.043117,0.390625,0.601562,0.006184,0.031389,0.004628,1,49.6826,7.990808,281.309,0.123748,1,0.859987,1,4,16,0.015625,-0.000324,0.005917,0.002761,C-accelerated,145682.22,139000.0,13689.15,15975.0,5.7464
2026-03-30T05:40:55Z,2724667016,1000,Ivan wrote судьба.,18,44,1,50.1953,0.045836,0.390625,0.671875,0.501953,0.041707,0.320312,0.625,0.006149,0.027791,0.004692,1,49.5148,7.990403,291.503,0.057711,1,0.107103,1,4,16,0.015625,6.3e-05,0.012777,-0.001551,C-accelerated,134724.0,134600.0,1745.97,2200.0,0.8172
2026-03-30T05:40:55Z,2724667016,1001,Sofia remembered enfance.,25,44,1,50.1221,0.041253,0.398438,0.601562,0.501221,0.044799,0.375,0.609375,0.006299,0.028941,0.004766,1,50.473,7.990814,283.264,0.107979,1,0.390828,1,4,16,0.015625,-0.008465,0.007986,-0.000792,C-accelerated,134923.11,134400.0,2033.3,2675.0,0.9952
2026-03-30T05:40:55Z,2724667016,1002,Karim watched قافلة تمر.,24,44,1,49.6948,0.04212,0.398438,0.601562,0.496948,0.041216,0.375,0.609375,0.006355,0.027502,0.004772,1,50.0916,7.992842,219.287,0.948662,1,0.660957,1,4,16,0.015625,0.002762,0.009124,-0.003775,C-accelerated,139134.0,136500.0,6571.36,5975.0,2.1886
2026-03-30T05:40:55Z,2724667016,1003,Nadia heard мелодия ветра.,26,44,1,49.646,0.049419,0.375,0.625,0.49646,0.044952,0.398438,0.59375,0.006322,0.032965,0.004753,1,50.3632,7.99179,252.218,0.537477,1,0.437116,1,4,16,0.015625,0.002637,0.020189,0.004712,C-accelerated,134866.67,134900.0,1533.07,1400.0,0.5189
2026-03-30T05:40:55Z,2724667016,1004,Pierre walked beside rivière.,29,44,1,50.1099,0.043264,0.398438,0.65625,0.501099,0.047679,0.398438,0.625,0.006231,0.029216,0.004685,1,49.7589,7.990795,278.423,0.15002,1,0.67832,1,4,16,0.015625,-0.003381,-0.004227,0.004391,C-accelerated,133056.0,132600.0,1638.46,2700.0,1.0181
2026-03-30T05:40:55Z,2724667016,1005,Rahim whispered سر الحياة.,26,44,1,49.939,0.044352,0.390625,0.601562,0.49939,0.043865,0.390625,0.648438,0.006248,0.031621,0.004708,1,49.9786,7.991197,269.58,0.253641,1,0.307631,1,4,16,0.015625,-0.0114,-0.008389,-0.000437,C-accelerated,147159.56,140800.0,15607.37,12000.0,4.2614
2026-03-30T05:40:55Z,2724667016,1006,Elena wrote sueño eterno.,25,44,1,49.4141,0.038435,0.390625,0.59375,0.494141,0.041593,0.390625,0.585938,0.006256,0.02952,0.004741,1,49.9939,7.991203,267.066,0.289273,1,0.713557,1,4,16,0.015625,0.007341,0.011218,0.005659,C-accelerated,142377.33,140400.0,5190.96,4400.0,1.567
2026-03-30T05:40:55Z,2724667016,1007,Pavel followed путь.,20,44,1,50.2563,0.044668,0.367188,0.632812,0.502563,0.045167,0.390625,0.609375,0.006249,0.032884,0.004742,1,49.8077,7.992971,214.26,0.969959,1,0.996196,1,4,16,0.015625,0.00701,0.002296,-0.004649,C-accelerated,136819.11,136000.0,2975.92,3400.0,1.25
2026-03-30T05:40:55Z,2724667016,1008,Sofia watched mar azul.,23,44,1,50.177,0.045125,0.40625,0.625,0.50177,0.048595,0.328125,0.640625,0.006172,0.034095,0.004737,1,49.6124,7.992875,216.983,0.959532,1,0.660957,1,4,16,0.015625,0.000918,0.00312,0.008062,C-accelerated,134667.78,134500.0,1912.97,2400.0,0.8922
2026-03-30T05:40:55Z,2724667016,1009,Karim crossed صحراء.,20,44,1,49.1699,0.049331,0.335938,0.609375,0.491699,0.046872,0.382812,0.617188,0.00623,0.034301,0.004693,1,49.8108,7.992657,223.476,0.92337,1,0.519843,1,4,16,0.015625,-0.001486,0.004042,0.003479,C-accelerated,135785.78,135100.0,2400.97,2600.0,0.9623
2026-03-30T05:40:55Z,2724667016,1010,Ivan heard голос ночи.,22,44,1,50.116,0.043323,0.40625,0.601562,0.50116,0.047563,0.414062,0.640625,0.006141,0.029559,0.004706,1,50.7507,7.990834,279.517,0.139633,1,0.471609,1,4,16,0.015625,-0.005478,-0.0125,0.007515,C-accelerated,140288.67,135500.0,11392.92,8075.0,2.9797
2026-03-30T05:40:55Z,2724667016,1011,Marie looked at ciel gris.,26,44,1,49.7925,0.040389,0.390625,0.617188,0.497925,0.043689,0.390625,0.617188,0.006196,0.032854,0.004677,1,50.1068,7.992067,241.466,0.719235,1,0.613323,1,4,16,0.015625,0.006147,-0.008525,0.000204,C-accelerated,133978.44,133500.0,1275.6,1275.0,0.4775
2026-03-30T05:40:55Z,2724667016,1012,Nadia wrote سلام مرة أخرى.,26,44,1,49.9023,0.041294,0.40625,0.601562,0.499023,0.037809,0.414062,0.601562,0.006204,0.033936,0.004763,1,49.9084,7.991107,267.951,0.276446,1,0.437116,1,4,16,0.015625,0.000473,-0.010008,-0.005097,C-accelerated,142200.22,138900.0,8457.72,13150.0,4.7336
2026-03-30T05:40:55Z,2724667016,1013,Yusuf dreamed of بيت بعيد.,26,44,1,49.8413,0.046419,0.390625,0.625,0.498413,0.042984,0.398438,0.59375,0.006221,0.031024,0.004698,1,49.9939,7.990787,283.194,0.108514,1,0.423185,1,4,16,0.015625,-0.006027,-0.004372,0.003723,C-accelerated,136688.89,135900.0,3869.05,2200.0,0.8094
2026-03-30T05:40:55Z,2724667016,1014,Lukas saw licht faint.,22,44,1,50.4578,0.045181,0.382812,0.617188,0.504578,0.039227,0.382812,0.609375,0.006307,0.030462,0.004788,1,49.9817,7.991897,247.447,0.621035,1,0.819,1,4,16,0.015625,0.008034,0.007794,0.006822,C-accelerated,134304.22,134100.0,1034.6,1400.0,0.522
2026-03-30T05:40:55Z,2724667016,1015,Ahmed found a stone marked قدر.,31,44,1,49.9878,0.044388,0.375,0.625,0.499878,0.044172,0.359375,0.632812,0.006195,0.031077,0.004672,1,50.1282,7.991607,253.103,0.521806,1,0.804212,1,4,16,0.015625,0.016399,0.00082,0.004784,C-accelerated,133830.89,133600.0,830.66,900.0,0.3368
2026-03-30T05:40:55Z,2724667016,1016,Elena watched luna llena.,25,44,1,49.3103,0.044598,0.367188,0.625,0.493103,0.039192,0.367188,0.585938,0.006301,0.031753,0.004719,1,49.5789,7.992421,231.994,0.846448,1,0.103013,1,4,16,0.015625,-0.015307,-0.000239,0.003916,C-accelerated,139480.89,136600.0,6902.37,8100.0,2.9649
2026-03-30T05:40:55Z,2724667016,1017,Pavel heard тихий ветер.,24,44,1,50.3357,0.042215,0.40625,0.601562,0.503357,0.039253,0.375,0.625,0.006259,0.03589,0.004757,1,50.0763,7.991012,270.208,0.24514,1,0.123599,1,4,16,0.015625,-0.004177,-0.000404,-0.00374,C-accelerated,136623.11,135800.0,2798.36,3400.0,1.2518
2026-03-30T05:40:55Z,2724667016,1018,Nadia whispered قصة قديمة.,26,44,1,50.1709,0.052152,0.375,0.609375,0.501709,0.04309,0.390625,0.617188,0.006241,0.0343,0.004727,1,49.6216,7.991071,271.814,0.224185,1,0.163906,1,4,16,0.015625,0.005664,-0.002914,0.002239,C-accelerated,135331.33,135800.0,1151.74,1875.0,0.6904
2026-03-30T05:40:55Z,2724667016,1019,Karim walked camino largo.,26,44,1,50.5615,0.041649,0.40625,0.609375,0.505615,0.044666,0.382812,0.65625,0.006276,0.028804,0.004752,1,50.0519,7.993343,203.322,0.992537,1,0.901355,1,4,16,0.015625,0.002241,0.003614,0.015694,C-accelerated,133957.78,133800.0,932.21,1000.0,0.3737
2026-03-30T05:40:55Z,2724667016,1021,Ivan crossed река.,18,44,1,50.5981,0.045054,0.398438,0.601562,0.505981,0.042774,0.414062,0.671875,0.006314,0.03,0.004749,1,50.4578,7.992076,242.141,0.708708,1,0.044746,1,4,16,0.015625,0.00985,0.012408,-0.007787,C-accelerated,136548.22,135900.0,1892.02,2000.0,0.7358
2026-03-30T05:40:55Z,2724667016,1020,Sofia wrote memoria eterna.,27,44,1,49.6643,0.049533,0.375,0.617188,0.496643,0.044245,0.398438,0.601562,0.006214,0.032349,0.004656,1,50.0488,7.991596,257.152,0.450448,1,0.973379,1,4,16,0.015625,0.009334,-0.013722,-0.010309,C-accelerated,134178.89,133600.0,2075.51,2600.0,0.9731
2026-03-30T05:40:55Z,2724667016,1022,Rahim saw نجمة بعيدة.,21,44,1,49.6582,0.044909,0.375,0.617188,0.496582,0.045489,0.390625,0.59375,0.006177,0.032814,0.004731,1,49.9237,7.991155,270.487,0.241416,1,0.20476,1,4,16,0.015625,-0.008666,-0.004837,-0.001953,C-accelerated,134858.0,134100.0,2068.26,1500.0,0.5593
2026-03-30T05:40:55Z,2724667016,1023,Marie followed chemin perdu.,28,44,1,50.7874,0.037715,0.375,0.609375,0.507874,0.042584,0.414062,0.632812,0.006187,0.032245,0.004678,1,50.0977,7.991455,261.132,0.382533,1,0.529162,1,4,16,0.015625,-0.004801,0.004219,-0.001919,C-accelerated,136962.67,136450.0,2745.21,3675.0,1.3466
2026-03-30T05:40:55Z,2724667016,1025,Lukas read ein alte Geschichte.,31,44,1,50.8545,0.042077,0.40625,0.59375,0.508545,0.039697,0.414062,0.640625,0.006343,0.030532,0.004761,1,49.881,7.99071,281.1,0.125533,1,0.06859,1,4,16,0.015625,-0.004067,-0.002489,-0.00031,C-accelerated,145816.89,139900.0,13705.47,18000.0,6.4332
2026-03-30T05:40:55Z,2724667016,1024,Yusuf listened to صمت الليل.,28,44,1,49.9512,0.042933,0.40625,0.609375,0.499512,0.042272,0.375,0.601562,0.006226,0.029555,0.004755,1,50.1312,7.991733,251.939,0.542422,1,0.519843,1,4,16,0.015625,0.005978,0.003967,0.007755,C-accelerated,143830.0,137700.0,14948.29,14800.0,5.374
2026-03-30T05:40:55Z,2724667016,1026,Nadia watched ciel sombre.,26,44,1,49.7498,0.051332,0.390625,0.617188,0.497498,0.043585,0.375,0.617188,0.006254,0.03398,0.004713,1,50.1556,7.991746,248.774,0.598084,1,0.717116,1,4,16,0.015625,-0.006313,-0.012378,0.008508,C-accelerated,134938.0,135000.0,1558.55,1900.0,0.7037
2026-03-30T05:40:55Z,2724667016,1027,Karim whispered أمل جديد.,25,44,1,50.5981,0.039638,0.414062,0.625,0.505981,0.04161,0.398438,0.625,0.00622,0.029907,0.004681,1,50.0916,7.991206,264.204,0.332805,1,0.510609,1,4,16,0.015625,-0.000714,0.007613,0.007802,C-accelerated,139582.89,137300.0,5689.71,7175.0,2.6129
2026-03-30T05:40:55Z,2724667016,1029,Elena watched ola grande.,25,44,1,49.8474,0.046302,0.398438,0.632812,0.498474,0.044141,0.359375,0.59375,0.006292,0.030307,0.004815,1,50.0244,7.992243,236.835,0.786575,1,0.706458,1,4,16,0.015625,-0.001901,-0.001351,-0.00053,C-accelerated,139969.78,136100.0,9986.1,5300.0,1.9471
2026-03-30T05:40:55Z,2724667016,1028,Ivan drew карта странствий.,27,44,1,50.0122,0.040992,0.375,0.601562,0.500122,0.041466,0.375,0.617188,0.0062,0.033012,0.004753,1,50.0641,7.991883,246.656,0.634569,1,0.905131,1,4,16,0.015625,-0.004128,0.002124,0.000629,C-accelerated,133936.0,133800.0,1085.11,1300.0,0.4858
2026-03-30T05:40:55Z,2724667016,1030,Pavel followed звезда.,22,44,1,50.2991,0.043169,0.398438,0.640625,0.502991,0.044955,0.367188,0.609375,0.006146,0.031535,0.004638,1,50.174,7.991835,247.354,0.622634,1,0.576998,1,4,16,0.015625,0.008723,0.003432,-0.004308,C-accelerated,135090.22,135200.0,1554.9,2100.0,0.7766
2026-03-30T05:40:55Z,2724667016,1031,Sofia saw mare quieto.,22,44,1,49.4202,0.041984,0.367188,0.601562,0.494202,0.044315,0.367188,0.601562,0.006225,0.028366,0.004629,1,49.6094,7.991168,268.695,0.265886,1,0.133174,1,4,16,0.015625,0.006762,-0.001322,-0.013533,C-accelerated,141778.22,137750.0,8525.43,9150.0,3.3212
2026-03-30T05:40:55Z,2724667016,1033,Yusuf remembered familia.,25,44,1,50.1587,0.041229,0.382812,0.59375,0.501587,0.045892,0.367188,0.601562,0.006257,0.030382,0.004669,1,50.4333,7.991316,264.111,0.334269,1,0.211652,1,4,16,0.015625,-0.006186,0.01068,-0.002652,C-accelerated,133770.44,134100.0,1617.35,2600.0,0.9694
2026-03-30T05:40:55Z,2724667016,1032,Rahim crossed طريق الرمل.,25,44,1,49.8352,0.037918,0.390625,0.625,0.498352,0.050268,0.367188,0.625,0.006215,0.03112,0.00475,1,50.3143,7.992056,241.885,0.71272,1,0.513678,1,4,16,0.015625,-0.005555,0.004706,-0.001208,C-accelerated,141502.0,137100.0,10746.65,7425.0,2.7079
2026-03-30T05:40:55Z,2724667016,1034,Marie heard chanson triste.,27,44,1,49.53,0.037789,0.414062,0.585938,0.4953,0.048547,0.359375,0.617188,0.006249,0.030589,0.004756,1,49.9451,7.992073,239.744,0.74532,1,0.19147,1,4,16,0.015625,0.001293,0.006651,4.4e-05,C-accelerated,134368.22,134100.0,1354.46,2000.0,0.7457
2026-03-30T05:40:55Z,2724667016,1035,Karim looked at شمس حمراء.,26,44,1,50.0793,0.045269,0.351562,0.609375,0.500793,0.042867,0.40625,0.601562,0.006318,0.029845,0.004713,1,50.2289,7.991739,249.775,0.580593,1,0.213401,1,4,16,0.015625,-0.001583,-0.006128,-8e-06,C-accelerated,143345.56,139700.0,8238.77,8475.0,3.0333
2026-03-30T05:40:55Z,2724667016,1036,Ivan saw путь домой.,20,44,1,50.1648,0.044406,0.40625,0.59375,0.501648,0.042675,0.375,0.625,0.006233,0.032327,0.004736,1,49.7253,7.991191,269.58,0.253641,1,0.352565,1,4,16,0.015625,-0.010088,-0.000771,-0.00604,C-accelerated,134280.0,134100.0,1507.85,2300.0,0.8576
2026-03-30T05:40:55Z,2724667016,1037,Sofia wrote historia perdida.,29,44,1,50.0671,0.041536,0.40625,0.585938,0.500671,0.047301,0.375,0.625,0.006243,0.030759,0.004686,1,50.1953,7.992106,240.14,0.739431,1,0.830134,1,4,16,0.015625,-0.007956,-0.007865,0.002181,C-accelerated,136270.89,135600.0,2366.64,2900.0,1.0693
2026-03-30T05:40:55Z,2724667016,1038,Nadia heard سلام بعيد.,22,44,1,49.9451,0.048398,0.367188,0.625,0.499451,0.042715,0.398438,0.609375,0.006303,0.029201,0.004744,1,50.1831,7.991419,259.805,0.404804,1,0.225935,1,4,16,0.015625,-0.009736,0.003479,-0.003304,C-accelerated,137727.78,138100.0,2152.27,2000.0,0.7241
2026-03-30T05:40:55Z,2724667016,1039,Pavel watched ночь падает.,26,44,1,50.1099,0.047559,0.390625,0.609375,0.501099,0.04576,0.390625,0.601562,0.006279,0.030024,0.004714,1,49.8352,7.991472,257.943,0.436704,1,0.785824,1,4,16,0.015625,0.000991,0.003866,0.005449,C-accelerated,135394.22,134700.0,2474.8,2600.0,0.9651
2026-03-30T05:40:55Z,2724667016,1040,Elena crossed puente roto.,26,44,1,49.9634,0.042319,0.40625,0.609375,0.499634,0.043332,0.40625,0.601562,0.006316,0.029418,0.004755,1,49.5544,7.991762,250.822,0.562167,1,0.48046,1,4,16,0.015625,-0.000739,0.0031,0.005278,C-accelerated,140768.67,138600.0,6241.54,9750.0,3.5173
2026-03-30T05:40:55Z,2724667016,1041,Rahim whispered قصة.,20,44,1,49.2737,0.042424,0.390625,0.601562,0.492737,0.03866,0.398438,0.578125,0.006255,0.029981,0.004704,1,49.9359,7.990699,282.333,0.115289,1,0.91647,1,4,16,0.015625,-0.006691,0.00566,0.001655,C-accelerated,135132.89,134800.0,2121.2,2500.0,0.9273
2026-03-30T05:40:55Z,2724667016,1042,Yusuf saw قافلة الليل.,22,44,1,50.3662,0.046136,0.382812,0.640625,0.503662,0.040933,0.40625,0.617188,0.006229,0.03049,0.004635,1,50.2563,7.992553,223.197,0.925296,1,0.576998,1,4,16,0.015625,0.010973,-0.003466,0.002492,C-accelerated,134850.89,135000.0,1676.0,2800.0,1.037
2026-03-30T05:40:55Z,2724667016,1043,Marie watched étoiles.,22,44,1,50.5615,0.046589,0.382812,0.609375,0.505615,0.048534,0.375,0.625,0.006244,0.030517,0.004708,1,50.2899,7.991274,265.367,0.314754,1,0.151298,1,4,16,0.015625,-0.002472,0.000886,0.010944,C-accelerated,152678.67,147050.0,16167.17,26350.0,8.9595
2026-03-30T05:40:55Z,2724667016,1044,Lukas heard wind erzählen.,26,44,1,50.5066,0.041999,0.390625,0.671875,0.505066,0.044822,0.398438,0.648438,0.006261,0.030101,0.004797,1,49.8871,7.990022,304.209,0.018677,0,0.647195,1,4,16,0.015625,0.007137,0.002129,0.008981,C-accelerated,134311.11,134000.0,1686.91,1900.0,0.709
2026-03-30T05:40:55Z,2724667016,1045,Ivan whispered судьба странная.,31,44,1,50.1282,0.037579,0.40625,0.601562,0.501282,0.04078,0.398438,0.65625,0.006287,0.029856,0.004692,1,50.3143,7.992769,219.613,0.946959,1,0.793166,1,4,16,0.015625,0.003388,0.017805,-0.003636,C-accelerated,146206.67,141000.0,11523.4,7375.0,2.6152
2026-03-30T05:40:55Z,2724667016,1046,Nadia walked under قمر.,23,44,1,50.6226,0.046593,0.398438,0.632812,0.506226,0.042828,0.40625,0.625,0.006271,0.032928,0.00473,1,49.884,7.99135,262.947,0.352806,1,0.630162,1,4,16,0.015625,0.003262,0.005179,0.004166,C-accelerated,135926.22,136600.0,1817.37,2700.0,0.9883
2026-03-30T05:40:55Z,2724667016,1047,Karim crossed desierto.,23,44,1,50.7935,0.044591,0.398438,0.632812,0.507935,0.047752,0.398438,0.640625,0.00619,0.029157,0.004662,1,49.8444,7.991389,262.063,0.367172,1,0.720681,1,4,16,0.015625,-0.002239,0.003506,-0.006641,C-accelerated,135939.11,134600.0,3414.44,3400.0,1.263
2026-03-30T05:40:55Z,2724667016,1048,Sofia read historia secreta.,28,44,1,50.177,0.043577,0.398438,0.617188,0.50177,0.04327,0.390625,0.609375,0.006199,0.027377,0.004722,1,49.53,7.991701,252.66,0.529642,1,0.076156,1,4,16,0.015625,-0.002208,0.00042,0.00495,C-accelerated,134560.22,134800.0,1509.49,2300.0,0.8531
2026-03-30T05:40:55Z,2724667016,1049,Pavel watched дорога тиха.,26,44,1,50.3357,0.046319,0.359375,0.625,0.503357,0.042709,0.390625,0.609375,0.006269,0.031564,0.004749,1,49.9451,7.991972,245.097,0.660823,1,0.599997,1,4,16,0.015625,0.00585,0.017273,0.009067,C-accelerated,135718.22,135000.0,2017.1,1675.0,0.6204
2026-03-30T05:40:55Z,2724667016,1050,Elena saw mar oscuro.,21,44,1,50.3357,0.041012,0.390625,0.59375,0.503357,0.045718,0.40625,0.609375,0.00628,0.030575,0.004734,1,49.649,7.9916,255.779,0.474495,1,0.630162,1,4,16,0.015625,0.002393,0.005347,0.001427,C-accelerated,135451.33,135500.0,1423.43,1800.0,0.6642
2026-03-30T05:40:55Z,2724667016,1051,Yusuf followed سر.,18,44,1,50.8667,0.045807,0.398438,0.601562,0.508667,0.041492,0.359375,0.625,0.00621,0.029826,0.004689,1,49.9359,7.992359,233.228,0.832288,1,0.804212,1,4,16,0.015625,0.002674,-0.007154,-0.019092,C-accelerated,142554.44,139300.0,8275.25,7200.0,2.5844
2026-03-30T05:40:55Z,2724667016,1052,Marie heard vent doux.,22,44,1,49.8718,0.044514,0.390625,0.609375,0.498718,0.037958,0.40625,0.617188,0.00623,0.03419,0.004728,1,50.0763,7.992579,226.223,0.902484,1,0.510609,1,4,16,0.015625,-0.008745,-0.00996,-0.003676,C-accelerated,134753.33,135000.0,1987.85,2800.0,1.037
2026-03-30T05:40:55Z,2724667016,1053,Rahim wrote أمل.,16,44,1,50.7874,0.039758,0.390625,0.59375,0.507874,0.04434,0.367188,0.625,0.006303,0.028835,0.004773,1,50.2167,7.992134,239.791,0.74463,1,0.248627,1,4,16,0.015625,0.003244,-0.006392,0.006031,C-accelerated,148296.67,137300.0,27768.59,8475.0,3.0863
2026-03-30T05:40:55Z,2724667016,1054,Lukas crossed alter weg.,24,44,1,50.0061,0.041415,0.414062,0.632812,0.500061,0.04185,0.398438,0.625,0.006258,0.032105,0.004751,1,49.6857,7.991,276.771,0.16672,1,0.782161,1,4,16,0.015625,0.013549,0.007858,-0.000373,C-accelerated,136010.89,135250.0,3496.1,3600.0,1.3309
2026-03-30T05:40:55Z,2724667016,1055,Nadia whispered قصة الليل.,26,44,1,50.4761,0.050198,0.390625,0.640625,0.504761,0.042176,0.390625,0.632812,0.006296,0.03054,0.004802,1,49.4263,7.993042,212.98,0.974054,1,0.42043,1,4,16,0.015625,-0.013419,-0.002886,-0.009704,C-accelerated,141824.22,135900.0,16226.75,4750.0,1.7476
2026-03-30T05:40:55Z,2724667016,1056,Ivan watched небо темное.,25,44,1,50.5005,0.041383,0.414062,0.617188,0.505005,0.043583,0.398438,0.648438,0.00627,0.030161,0.004728,1,50.1343,7.991165,270.836,0.236807,1,0.171244,1,4,16,0.015625,-0.006771,-0.001724,-0.009019,C-accelerated,134565.56,134400.0,1417.87,2100.0,0.7812
2026-03-30T05:40:55Z,2724667016,1057,Karim walked camino solo.,25,44,1,50.1831,0.047657,0.398438,0.609375,0.501831,0.045758,0.375,0.617188,0.006187,0.035522,0.004685,1,49.8932,7.990528,286.848,0.08307,1,0.510609,1,4,16,0.015625,0.001854,0.001825,-0.0022,C-accelerated,141104.22,136850.0,8153.41,10900.0,3.9825
2026-03-30T05:40:55Z,2724667016,1058,Sofia wrote rêve ancien.,24,44,1,50.0427,0.04483,0.390625,0.59375,0.500427,0.042324,0.390625,0.59375,0.006262,0.027333,0.004721,1,49.9542,7.990481,287.337,0.080054,1,0.004231,0,4,16,0.015625,0.001164,0.005468,-0.007044,C-accelerated,134576.44,134300.0,1149.44,1200.0,0.4468
2026-03-30T05:40:55Z,2724667016,1059,Pavel heard шорох.,18,44,1,50.1282,0.045479,0.390625,0.664062,0.501282,0.045479,0.359375,0.617188,0.00622,0.02789,0.0047,1,50.1678,7.99185,249.658,0.582633,1,0.912688,1,4,16,0.015625,0.008934,-0.006461,-0.015862,C-accelerated,143239.56,139100.0,10427.13,5250.0,1.8871
2026-03-30T05:40:55Z,2724667016,1060,Elena watched mar calma.,24,44,1,50.2686,0.040858,0.390625,0.625,0.502686,0.045001,0.390625,0.648438,0.006228,0.031992,0.004676,1,50.0153,7.991091,270.371,0.242963,1,0.706458,1,4,16,0.015625,-0.005649,-0.004831,-0.015122,C-accelerated,135913.78,135650.0,2439.61,2900.0,1.0689
2026-03-30T05:40:55Z,2724667016,1061,Yusuf followed طريق النجوم.,27,44,1,50.3296,0.037513,0.390625,0.601562,0.503296,0.043439,0.359375,0.609375,0.006223,0.031917,0.004706,1,50.0305,7.991405,263.645,0.341632,1,0.804212,1,4,16,0.015625,-0.011475,-0.001393,0.001901,C-accelerated,139573.33,136900.0,5349.9,7375.0,2.6936
2026-03-30T05:40:55Z,2724667016,1062,Rahim read قصة قصيرة.,21,44,1,50.2319,0.042064,0.390625,0.609375,0.502319,0.041951,0.398438,0.59375,0.006268,0.029666,0.004678,1,49.8291,7.991579,256.128,0.468361,1,0.778502,1,4,16,0.015625,-0.004534,0.001413,-0.005845,C-accelerated,135448.0,135500.0,1153.8,900.0,0.3321
2026-03-30T05:40:55Z,2724667016,1063,Marie painted ciel bleu.,24,44,1,50.061,0.04312,0.40625,0.609375,0.50061,0.042316,0.40625,0.617188,0.006121,0.02772,0.004633,1,49.6826,7.991125,266.787,0.293387,1,0.87875,1,4,16,0.015625,-0.00162,0.016274,0.004266,C-accelerated,135630.67,135400.0,2567.53,3675.0,1.3571
2026-03-30T05:40:55Z,2724667016,1064,Lukas heard nacht wind.,23,44,1,49.9573,0.050925,0.375,0.617188,0.499573,0.044348,0.382812,0.601562,0.006321,0.029511,0.00476,1,50.1984,7.991759,251.055,0.55806,1,0.573746,1,4,16,0.015625,0.004496,-0.006891,-5e-06,C-accelerated,162255.11,155000.0,24995.4,24825.0,8.0081
2026-03-30T05:40:55Z,2724667016,1065,Ivan found письмо.,18,44,1,50.4822,0.045983,0.390625,0.617188,0.504822,0.04307,0.398438,0.601562,0.006219,0.033862,0.004698,1,50.3052,7.992673,223.43,0.923693,1,0.495412,1,4,16,0.015625,-0.006321,0.008025,-0.008612,C-accelerated,140300.44,140500.0,4041.97,6400.0,2.2776
2026-03-30T05:40:55Z,2724667016,1066,Nadia saw قمر ساطع.,19,44,1,49.1516,0.042991,0.375,0.578125,0.491516,0.048436,0.359375,0.601562,0.006203,0.029901,0.004744,1,50.2716,7.991942,246.935,0.629807,1,0.285576,1,4,16,0.015625,0.009846,-0.010184,-0.003382,C-accelerated,145384.44,144100.0,7463.38,8000.0,2.7759
2026-03-30T05:40:55Z,2724667016,1067,Karim crossed puente.,21,44,1,50.354,0.037921,0.382812,0.59375,0.50354,0.044333,0.40625,0.609375,0.006265,0.032353,0.004715,1,50.2655,7.991789,251.613,0.548188,1,0.950583,1,4,16,0.015625,0.00649,-0.002823,0.011403,C-accelerated,145459.78,141000.0,11516.04,10500.0,3.7234
2026-03-30T05:40:55Z,2724667016,1068,Sofia wrote historia vieja.,27,44,1,50.5005,0.040989,0.398438,0.59375,0.505005,0.041955,0.367188,0.601562,0.006195,0.031203,0.004671,1,49.8322,7.991238,264.623,0.326253,1,0.21516,1,4,16,0.015625,-0.000409,0.017456,0.006357,C-accelerated,146735.33,135300.0,29435.56,7475.0,2.7624
2026-03-30T05:40:55Z,2724667016,1069,Pavel heard звук ветра.,23,44,1,50.3906,0.046425,0.375,0.601562,0.503906,0.043135,0.40625,0.617188,0.006225,0.029402,0.004708,1,50.3815,7.991671,255.313,0.482692,1,0.647195,1,4,16,0.015625,-0.002331,-0.005489,0.002721,C-accelerated,135060.44,134600.0,1611.59,1700.0,0.6315
2026-03-30T05:40:55Z,2724667016,1070,Elena watched ola blanca.,25,44,1,50.1343,0.042803,0.367188,0.609375,0.501343,0.04592,0.398438,0.625,0.006264,0.032769,0.004749,1,49.7284,7.990401,293.574,0.048658,0,0.316761,1,4,16,0.015625,0.000252,-0.004059,-0.013817,C-accelerated,134882.44,135200.0,1256.5,1300.0,0.4808
2026-03-30T05:40:55Z,2724667016,1071,Yusuf followed طريق طويل.,25,44,1,49.6521,0.042543,0.40625,0.601562,0.496521,0.039726,0.398438,0.59375,0.00622,0.029931,0.004723,1,49.6185,7.992087,242.607,0.701353,1,0.235204,1,4,16,0.015625,-0.004104,0.000901,0.007138,C-accelerated,137060.22,136000.0,3643.11,3500.0,1.2868
2026-03-30T05:40:55Z,2724667016,1072,Rahim whispered سلام الليل.,27,44,1,50.6042,0.042097,0.367188,0.609375,0.506042,0.042051,0.398438,0.617188,0.006251,0.02812,0.004766,1,49.9329,7.991411,262.202,0.364889,1,0.448449,1,4,16,0.015625,0.001399,-0.007122,-0.005287,C-accelerated,133538.22,132900.0,1495.97,2700.0,1.0158
2026-03-30T05:40:55Z,2724667016,1073,Marie saw étoile.,17,44,1,50.47,0.039091,0.382812,0.617188,0.5047,0.046929,0.367188,0.648438,0.00624,0.029789,0.004681,1,49.8505,7.99204,241.978,0.711264,1,0.20476,1,4,16,0.015625,-0.00399,0.004325,-0.00838,C-accelerated,135461.11,135300.0,862.88,800.0,0.2956
2026-03-30T05:40:55Z,2724667016,1074,Lukas crossed wald dunkel.,26,44,1,49.6094,0.047792,0.359375,0.601562,0.496094,0.044495,0.390625,0.625,0.006258,0.03551,0.004777,1,50.3357,7.991739,252.265,0.536652,1,0.830134,1,4,16,0.015625,-0.015355,0.00438,0.005543,C-accelerated,133970.44,133800.0,966.85,900.0,0.3363
2026-03-30T05:40:55Z,2724667016,1075,Ivan heard голос.,17,44,1,49.7803,0.04269,0.359375,0.601562,0.497803,0.042455,0.382812,0.585938,0.006178,0.032586,0.004635,1,49.9451,7.99164,256.058,0.469587,1,0.699384,1,4,16,0.015625,-0.000331,-0.000987,0.002545,C-accelerated,135063.33,134700.0,2022.6,2800.0,1.0393
2026-03-30T05:40:55Z,2724667016,1076,Nadia read قصة غريبة.,21,44,1,49.8291,0.046198,0.375,0.601562,0.498291,0.043112,0.367188,0.617188,0.00628,0.029201,0.004708,1,50.1007,7.991822,248.611,0.600918,1,0.931616,1,4,16,0.015625,-0.021014,0.011816,0.008204,C-accelerated,134571.11,134300.0,1593.88,2200.0,0.8191
2026-03-30T05:40:55Z,2724667016,1077,Karim walked camino gris.,25,44,1,49.6643,0.050164,0.34375,0.640625,0.496643,0.040249,0.382812,0.601562,0.00623,0.027503,0.004647,1,49.8016,7.991868,246.819,0.631794,1,0.713557,1,4,16,0.015625,0.000293,0.001279,-0.011567,C-accelerated,135603.11,135000.0,2415.54,1800.0,0.6667
2026-03-30T05:40:55Z,2724667016,1078,Sofia wrote mémoire.,20,44,1,49.1455,0.040939,0.359375,0.59375,0.491455,0.040986,0.375,0.625,0.006254,0.031672,0.004714,1,49.9573,7.991211,269.696,0.252054,1,0.742198,1,4,16,0.015625,0.00592,0.001441,-0.001338,C-accelerated,135535.78,135800.0,1356.2,1800.0,0.6627
2026-03-30T05:40:55Z,2724667016,1079,Pavel saw ночь.,15,44,1,49.6765,0.047104,0.34375,0.625,0.496765,0.043152,0.367188,0.601562,0.006247,0.032751,0.004726,1,50.2148,7.991184,268.905,0.262956,1,0.462847,1,4,16,0.015625,-5.2e-05,-0.002802,0.004911,C-accelerated,140717.78,137200.0,7089.78,8100.0,2.9519
2026-03-30T05:40:55Z,2724667016,1080,Elena watched cielo claro.,26,44,1,49.823,0.043181,0.390625,0.640625,0.49823,0.045168,0.367188,0.609375,0.006157,0.027478,0.004723,1,50.3052,7.992015,242.7,0.699873,1,0.097111,1,4,16,0.015625,-0.007302,0.005033,-0.007869,C-accelerated,133093.56,132500.0,1605.03,2800.0,1.0566
2026-03-30T05:40:55Z,2724667016,1081,Yusuf followed طريق الرمال.,27,44,1,49.7437,0.041318,0.398438,0.585938,0.497437,0.047342,0.390625,0.617188,0.006209,0.028971,0.004686,1,50.412,7.992223,235.974,0.798055,1,0.931616,1,4,16,0.015625,0.008486,-0.004537,-0.000309,C-accelerated,140017.11,134800.0,12573.74,6475.0,2.4017
2026-03-30T05:40:55Z,2724667016,1082,Rahim whispered سر الليل.,25,44,1,50.1282,0.044116,0.382812,0.601562,0.501282,0.045426,0.375,0.617188,0.00613,0.027713,0.004653,1,50.2777,7.992103,242.188,0.707976,1,0.335549,1,4,16,0.015625,0.009484,0.002008,0.007442,C-accelerated,134655.56,134200.0,1330.72,2000.0,0.7452
2026-03-30T05:40:55Z,2724667016,1083,Marie painted rivière.,22,44,1,50.0977,0.052262,0.351562,0.65625,0.500977,0.041753,0.398438,0.609375,0.006333,0.02844,0.004824,1,49.8413,7.9915,258.129,0.433485,1,0.942992,1,4,16,0.015625,0.00573,0.008012,-0.008904,C-accelerated,150704.44,137200.0,28059.13,16700.0,6.086
2026-03-30T05:40:55Z,2724667016,1084,Lukas heard wind kalt.,22,44,1,49.7986,0.042593,0.40625,0.625,0.497986,0.037254,0.414062,0.617188,0.006317,0.032224,0.00471,1,50.0885,7.991683,251.543,0.549423,1,0.465758,1,4,16,0.015625,-0.004294,0.005424,-0.012689,C-accelerated,139450.22,138150.0,5541.12,6900.0,2.4973
2026-03-30T05:40:55Z,2724667016,1085,Ivan wrote тайна.,17,44,1,49.7131,0.047026,0.382812,0.609375,0.497131,0.045845,0.382812,0.601562,0.006314,0.030008,0.004713,1,49.8505,7.991497,260.131,0.399295,1,0.462847,1,4,16,0.015625,0.00581,0.004755,0.005255,C-accelerated,139742.67,136850.0,6600.8,7225.0,2.6398
2026-03-30T05:40:55Z,2724667016,1086,Nadia saw شمس.,14,44,1,50.0793,0.040275,0.390625,0.625,0.500793,0.043453,0.40625,0.625,0.006215,0.029284,0.004684,1,50.3662,7.991033,273.047,0.208858,1,0.008148,0,4,16,0.015625,-7e-05,0.010565,-0.011433,C-accelerated,135144.22,135300.0,1610.58,2400.0,0.8869
2026-03-30T05:40:55Z,2724667016,1087,Karim crossed valle.,20,44,1,50.293,0.044602,0.390625,0.640625,0.50293,0.045846,0.367188,0.632812,0.006218,0.030017,0.004616,1,49.9908,7.992533,227.596,0.890671,1,0.107103,1,4,16,0.015625,-0.00354,-0.012603,-0.003566,C-accelerated,139759.11,134100.0,15547.39,4900.0,1.827
2026-03-30T05:40:55Z,2724667016,1088,Sofia wrote histoire.,21,44,1,50.2136,0.042743,0.382812,0.59375,0.502136,0.041383,0.421875,0.625,0.006198,0.036645,0.004748,1,50.2899,7.990745,276.98,0.164535,1,0.096154,1,4,16,0.015625,-0.002078,-0.000462,0.000432,C-accelerated,134614.89,134300.0,1161.02,1500.0,0.5585
2026-03-30T05:40:55Z,2724667016,1090,Elena watched luna roja.,24,44,1,50.1709,0.039244,0.40625,0.609375,0.501709,0.0407,0.40625,0.617188,0.006253,0.031018,0.004736,1,50.1556,7.992465,227.945,0.887518,1,0.216929,1,4,16,0.015625,0.00118,0.000739,0.001379,C-accelerated,134211.11,134200.0,1278.86,2300.0,0.8569
2026-03-30T05:40:55Z,2724667016,1089,Pavel heard тишина.,19,44,1,49.7803,0.042105,0.40625,0.625,0.497803,0.047501,0.375,0.625,0.006177,0.031831,0.004673,1,50.5249,7.991799,250.24,0.572417,1,0.428726,1,4,16,0.015625,-0.006082,-0.002177,-0.016679,C-accelerated,140208.22,137050.0,6949.43,8200.0,2.9916
2026-03-30T05:40:55Z,2724667016,1091,Yusuf followed طريق النور.,26,44,1,49.9512,0.045046,0.34375,0.59375,0.499512,0.041955,0.367188,0.585938,0.00619,0.034195,0.004731,1,49.9054,7.991979,244.422,0.671991,1,0.912688,1,4,16,0.015625,0.002205,-0.006951,0.009427,C-accelerated,140638.0,139400.0,4639.6,2275.0,0.816
2026-03-30T05:40:55Z,2724667016,1092,Rahim whispered أمل الليل.,26,44,1,49.6704,0.042361,0.367188,0.609375,0.496704,0.042764,0.375,0.625,0.006231,0.030269,0.004744,1,50.0244,7.99205,239.628,0.74704,1,0.544881,1,4,16,0.015625,0.000298,-0.008363,0.024084,C-accelerated,133959.56,134000.0,1592.02,2100.0,0.7836
2026-03-30T05:40:55Z,2724667016,1093,Marie saw ciel.,15,44,1,49.4019,0.04421,0.375,0.609375,0.494019,0.04407,0.375,0.585938,0.006306,0.030778,0.004768,1,49.9772,7.991901,246.167,0.642861,1,0.526046,1,4,16,0.015625,0.010693,0.000611,-0.002878,C-accelerated,135487.56,135600.0,962.09,700.0,0.2581
2026-03-30T05:40:55Z,2724667016,1094,Lukas crossed berg still.,25,44,1,49.5789,0.04299,0.390625,0.578125,0.495789,0.046629,0.382812,0.617188,0.006277,0.031613,0.004704,1,50.3113,7.991302,265.204,0.317253,1,0.367577,1,4,16,0.015625,0.010025,0.008996,0.002204,C-accelerated,141129.56,136200.0,10403.01,6150.0,2.2577
2026-03-30T05:40:55Z,2724667016,1095,Ivan heard слово.,17,44,1,49.9023,0.041958,0.398438,0.601562,0.499023,0.041901,0.414062,0.625,0.006221,0.028186,0.004652,1,49.939,7.992033,243.7,0.683784,1,0.738597,1,4,16,0.015625,-0.010227,-0.004115,0.013916,C-accelerated,140175.56,137500.0,6100.63,8400.0,3.0545
2026-03-30T05:40:55Z,2724667016,1096,Nadia saw بحر.,14,44,1,50.4761,0.044765,0.40625,0.65625,0.504761,0.043719,0.382812,0.609375,0.006213,0.029344,0.004694,1,50.3697,7.991058,274.769,0.188593,1,0.00506,0,4,16,0.015625,0.003966,-0.002541,0.01047,C-accelerated,134914.22,133700.0,2650.4,3800.0,1.4211
2026-03-30T05:40:55Z,2724667016,1097,Karim walked campo.,19,44,1,49.7253,0.041554,0.414062,0.640625,0.497253,0.040094,0.414062,0.601562,0.0062,0.030786,0.004656,1,49.8993,7.991966,244.911,0.663917,1,0.28343,1,4,16,0.015625,-0.002358,0.003757,-0.008661,C-accelerated,134342.67,134000.0,1290.53,1900.0,0.709
2026-03-30T05:40:55Z,2724667016,1098,Sofia wrote mémoire douce.,26,44,1,50.824,0.047314,0.359375,0.617188,0.50824,0.041905,0.398438,0.609375,0.006219,0.037128,0.004758,1,50.058,7.992533,225.245,0.91033,1,0.756656,1,4,16,0.015625,-0.004437,-0.001915,0.005713,C-accelerated,143122.89,138450.0,10260.59,13475.0,4.8664
2026-03-30T05:40:55Z,2724667016,1099,Pavel watched ночь длинная.,27,44,1,50.0183,0.04582,0.382812,0.632812,0.500183,0.045789,0.367188,0.617188,0.006235,0.032836,0.00472,1,49.8383,7.989962,305.164,0.017028,0,0.026637,1,4,16,0.015625,0.000626,0.008412,-0.000817,C-accelerated,139929.11,136950.0,7264.8,6375.0,2.3275
2026-03-30T05:40:55Z,2724667016,1100,Elena saw estrella roja.,24,44,1,50.4883,0.047189,0.382812,0.601562,0.504883,0.044592,0.351562,0.59375,0.00624,0.032956,0.00475,1,50.2655,7.991404,263.761,0.339785,1,0.139443,1,4,16,0.015625,0.00033,0.003435,0.001793,C-accelerated,139102.22,136800.0,4990.79,8275.0,3.0245
2026-03-30T05:40:55Z,2724667016,1101,Yusuf crossed صحراء الليل.,26,44,1,49.762,0.045727,0.375,0.609375,0.49762,0.044608,0.398438,0.625,0.00631,0.030513,0.004768,1,50.1465,7.992822,220.195,0.943813,1,0.13441,1,4,16,0.015625,-0.002724,-0.013132,0.004972,C-accelerated,134874.67,134600.0,1260.29,1900.0,0.7058
2026-03-30T05:40:55Z,2724667016,1102,Rahim whispered قصة قديمة.,26,44,1,49.8901,0.038937,0.40625,0.601562,0.498901,0.046882,0.382812,0.625,0.006242,0.033157,0.004667,1,49.176,7.991687,249.612,0.583449,1,0.28343,1,4,16,0.015625,-0.010244,0.011862,-0.000367,C-accelerated,134740.89,134600.0,1147.41,1300.0,0.4829
2026-03-30T05:40:55Z,2724667016,1103,Marie heard chanson.,20,44,1,49.6765,0.045255,0.375,0.601562,0.496765,0.047607,0.335938,0.632812,0.006234,0.031121,0.00467,1,49.7192,7.992066,242.001,0.710899,1,0.060337,1,4,16,0.015625,-0.006522,0.002898,-0.003756,C-accelerated,140376.0,138600.0,5748.29,4275.0,1.5422
2026-03-30T05:40:55Z,2724667016,1104,Lukas saw licht fern.,21,44,1,50.0916,0.048274,0.367188,0.617188,0.500916,0.042976,0.375,0.617188,0.006251,0.032724,0.004703,1,50.1831,7.992255,235.811,0.800188,1,0.753033,1,4,16,0.015625,0.000226,-0.004939,0.001858,C-accelerated,141342.0,137700.0,9521.19,6600.0,2.3965
2026-03-30T05:40:55Z,2724667016,1105,Ivan whispered судьба пути.,27,44,1,50.0793,0.04781,0.390625,0.617188,0.500793,0.041922,0.398438,0.59375,0.006339,0.031409,0.004807,1,49.6155,7.99047,290.455,0.062785,1,0.065045,1,4,16,0.015625,0.010672,0.001387,0.005622,C-accelerated,133593.78,133000.0,1660.64,2000.0,0.7519
2026-03-30T05:40:55Z,2724667016,1106,Nadia watched قمر بعيد.,23,44,1,50.0366,0.048079,0.375,0.601562,0.500366,0.043376,0.398438,0.625,0.006151,0.03355,0.004687,1,49.9542,7.992613,223.616,0.922394,1,0.233329,1,4,16,0.015625,0.006866,-0.005186,-0.000431,C-accelerated,134884.67,134700.0,1163.24,1175.0,0.4362
2026-03-30T05:40:55Z,2724667016,1107,Karim crossed puente viejo.,27,44,1,50.3906,0.046966,0.375,0.601562,0.503906,0.046875,0.367188,0.648438,0.006268,0.033763,0.004768,1,49.7131,7.991433,259.596,0.408358,1,0.342776,1,4,16,0.015625,0.009418,-0.002964,-0.002256,C-accelerated,151848.0,137150.0,33655.06,11800.0,4.3019
2026-03-30T05:40:55Z,2724667016,1108,Sofia wrote histoire calme.,27,44,1,50.0427,0.046026,0.367188,0.617188,0.500427,0.047825,0.398438,0.617188,0.006285,0.032696,0.004745,1,49.9573,7.991592,255.849,0.473268,1,1.0,1,4,16,0.015625,0.007548,-0.000117,-0.00667,C-accelerated,141584.67,139400.0,7246.09,8200.0,2.9412
2026-03-30T05:40:55Z,2724667016,1109,Pavel heard ветер.,18,44,1,50.3784,0.048534,0.367188,0.632812,0.503784,0.042071,0.414062,0.601562,0.006227,0.03592,0.004733,1,50.3082,7.991945,244.399,0.672374,1,0.138172,1,4,16,0.015625,-0.001372,-0.008746,7.3e-05,C-accelerated,135005.11,134100.0,2321.55,2300.0,0.8576
2026-03-30T05:40:55Z,2724667016,1110,Elena saw mar azul.,19,44,1,49.9573,0.048782,0.359375,0.625,0.499573,0.049635,0.382812,0.632812,0.006308,0.033183,0.004731,1,49.8596,7.99204,242.304,0.706142,1,0.439934,1,4,16,0.015625,0.0097,-0.013808,0.008478,C-accelerated,140865.11,138700.0,6016.76,9200.0,3.3165
2026-03-30T05:40:55Z,2724667016,1111,Yusuf followed طريق.,20,44,1,50.177,0.041134,0.398438,0.609375,0.50177,0.043806,0.367188,0.601562,0.006257,0.031259,0.004713,1,50.116,7.992279,235.834,0.799884,1,0.551233,1,4,16,0.015625,0.004969,0.00904,-0.004257,C-accelerated,135748.89,135800.0,1458.8,800.0,0.2946
2026-03-30T05:40:55Z,2724667016,1112,Rahim whispered سلام.,21,44,1,49.7925,0.04101,0.398438,0.609375,0.497925,0.045054,0.382812,0.59375,0.006387,0.032172,0.004754,1,50.1617,7.992827,219.543,0.947328,1,0.782161,1,4,16,0.015625,-0.002581,-0.004563,0.007306,C-accelerated,133267.56,133200.0,1792.16,3100.0,1.1637
2026-03-30T05:40:55Z,2724667016,1113,Marie watched étoile.,21,44,1,50.2014,0.045557,0.382812,0.632812,0.502014,0.039839,0.398438,0.617188,0.006268,0.029422,0.004727,1,50.5371,7.992254,236.858,0.78626,1,0.159618,1,4,16,0.015625,-0.002155,0.013472,0.004183,C-accelerated,134971.78,135100.0,1035.26,1100.0,0.4071
2026-03-30T05:40:55Z,2724667016,1114,Lukas heard nacht.,18,44,1,49.8718,0.039545,0.398438,0.59375,0.498718,0.040013,0.40625,0.632812,0.006259,0.027657,0.004694,1,50.3021,7.991703,251.869,0.543658,1,0.977181,1,4,16,0.015625,0.00351,0.003714,-0.004856,C-accelerated,134705.56,134400.0,1215.93,1300.0,0.4836
2026-03-30T05:40:55Z,2724667016,1115,Ivan followed дорога.,21,44,1,50.1099,0.048167,0.367188,0.59375,0.501099,0.044116,0.398438,0.59375,0.006199,0.030396,0.00471,1,50.0702,7.991232,265.204,0.317253,1,0.95438,1,4,16,0.015625,-0.002851,-0.00396,-0.00797,C-accelerated,144213.11,135600.0,24293.25,6375.0,2.3507
2026-03-30T05:40:55Z,2724667016,1116,Nadia saw بحر هادئ.,19,44,1,50.0977,0.042679,0.40625,0.609375,0.500977,0.04568,0.367188,0.59375,0.006237,0.032621,0.004736,1,50.2838,7.990786,283.52,0.106031,1,0.738597,1,4,16,0.015625,0.007407,0.010097,0.004986,C-accelerated,133931.33,133350.0,1680.14,2500.0,0.9374
2026-03-30T05:40:55Z,2724667016,1117,Karim walked camino rojo.,25,44,1,50.1343,0.044206,0.390625,0.617188,0.501343,0.042039,0.398438,0.617188,0.006274,0.03563,0.004769,1,50.1678,7.992166,240.093,0.740127,1,0.856244,1,4,16,0.015625,-0.008578,0.008347,0.010021,C-accelerated,140756.89,136750.0,10040.2,6100.0,2.2303
2026-03-30T05:40:55Z,2724667016,1118,Sofia wrote mémoire longue.,27,44,1,50.177,0.039994,0.40625,0.601562,0.50177,0.042244,0.40625,0.59375,0.006213,0.028901,0.004687,1,50.0671,7.99107,270.487,0.241416,1,0.626779,1,4,16,0.015625,-8.6e-05,-0.003402,0.003957,C-accelerated,133339.11,132900.0,1712.12,2000.0,0.7524
2026-03-30T05:40:55Z,2724667016,1119,Pavel heard шепот.,18,44,1,50.3784,0.04595,0.390625,0.625,0.503784,0.046353,0.398438,0.617188,0.006224,0.027345,0.004629,1,50.2777,7.99083,277.306,0.161176,1,0.252559,1,4,16,0.015625,-2.5e-05,0.009279,-0.003816,C-accelerated,136998.67,137100.0,2173.18,2400.0,0.8753
2026-03-30T05:40:55Z,2724667016,1120,Elena watched luna clara.,25,44,1,49.2432,0.040547,0.40625,0.59375,0.492432,0.041523,0.382812,0.59375,0.006309,0.033848,0.004816,1,49.9969,7.9917,251.776,0.545306,1,0.206468,1,4,16,0.015625,0.007377,0.001368,-0.0083,C-accelerated,135070.89,135100.0,2026.01,3350.0,1.2398
2026-03-30T05:40:55Z,2724667016,1121,Yusuf crossed طريق الرمال.,26,44,1,49.6033,0.042991,0.40625,0.617188,0.496033,0.048896,0.367188,0.601562,0.00622,0.031678,0.004758,1,50.3235,7.99077,282.985,0.110134,1,0.67832,1,4,16,0.015625,0.00944,0.006864,-0.006626,C-accelerated,137945.78,135600.0,5220.49,7075.0,2.6088
2026-03-30T05:40:55Z,2724667016,1122,Rahim whispered سر.,19,44,1,49.5483,0.042831,0.398438,0.609375,0.495483,0.042226,0.375,0.601562,0.006239,0.029075,0.004712,1,49.3896,7.991333,264.25,0.332074,1,0.688822,1,4,16,0.015625,0.004451,-0.008003,-0.002427,C-accelerated,144646.44,141700.0,7351.44,8400.0,2.964
2026-03-30T05:40:55Z,2724667016,1123,Marie heard chanson douce.,26,44,1,49.5667,0.045688,0.34375,0.617188,0.495667,0.040569,0.351562,0.609375,0.006215,0.030756,0.004705,1,50.3143,7.990249,295.482,0.041389,0,0.845033,1,4,16,0.015625,0.002196,0.008891,0.004186,C-accelerated,133315.56,132700.0,1822.24,2200.0,0.8289
2026-03-30T05:40:55Z,2724667016,1124,Lukas crossed berg.,19,44,1,50.0427,0.043028,0.398438,0.65625,0.500427,0.045463,0.398438,0.609375,0.006247,0.035268,0.004754,1,49.8108,7.990982,274.583,0.190719,1,0.342776,1,4,16,0.015625,-0.007097,-0.00413,-0.007528,C-accelerated,133719.33,133000.0,1561.11,3000.0,1.1278
2026-03-30T05:40:55Z,2724667016,1125,Ivan watched небо.,18,44,1,49.9268,0.044895,0.398438,0.625,0.499268,0.046604,0.375,0.640625,0.006319,0.029572,0.004765,1,50.1587,7.991256,265.414,0.314042,1,0.268719,1,4,16,0.015625,-0.003818,0.005973,-0.006554,C-accelerated,134132.22,133700.0,1366.02,2000.0,0.7479
2026-03-30T05:40:55Z,2724667016,1126,Nadia saw نجمة.,15,44,1,49.8352,0.046882,0.382812,0.601562,0.498352,0.047226,0.382812,0.59375,0.006243,0.030634,0.004755,1,50.0781,7.991997,244.189,0.675813,1,0.045256,1,4,16,0.015625,-0.002306,0.008262,-0.009957,C-accelerated,137799.56,135100.0,7070.0,5100.0,1.8875
2026-03-30T05:40:55Z,2724667016,1127,Karim walked campo verde.,25,44,1,50.8118,0.045106,0.382812,0.679688,0.508118,0.042505,0.375,0.609375,0.006184,0.028665,0.00472,1,50.3113,7.990775,280.029,0.134952,1,0.538566,1,4,16,0.015625,0.000482,-0.007157,-0.0017,C-accelerated,139946.0,137350.0,6073.51,6775.0,2.4663
2026-03-30T05:40:55Z,2724667016,1128,Sofia wrote histoire douce.,27,44,1,50.5981,0.04094,0.398438,0.617188,0.505981,0.052621,0.351562,0.640625,0.006265,0.029216,0.00474,1,49.472,7.990836,278.051,0.153677,1,0.867483,1,4,16,0.015625,-0.000907,-0.015762,1.2e-05,C-accelerated,134143.11,133400.0,2135.72,2800.0,1.0495
2026-03-30T05:40:55Z,2724667016,1129,Pavel heard ветер тихий.,24,44,1,50.708,0.045799,0.390625,0.632812,0.50708,0.044852,0.375,0.625,0.006179,0.027344,0.004693,1,49.8535,7.991477,255.313,0.482692,1,0.362529,1,4,16,0.015625,-0.004054,-0.013257,-0.012678,C-accelerated,134940.89,134800.0,1168.22,1800.0,0.6677
2026-03-30T05:40:55Z,2724667016,1130,Elena watched mar tranquilo.,28,44,1,50.1282,0.045479,0.351562,0.617188,0.501282,0.044514,0.390625,0.617188,0.006204,0.031893,0.00467,1,50.2106,7.991454,261.411,0.3779,1,0.180371,1,4,16,0.015625,0.014835,0.009656,0.006705,C-accelerated,150391.56,147800.0,10544.54,17675.0,5.9794
2026-03-30T05:40:55Z,2724667016,1131,Yusuf crossed طريق الليل.,25,44,1,50.0732,0.048243,0.3125,0.617188,0.500732,0.045705,0.359375,0.59375,0.006155,0.036879,0.004686,1,49.8566,7.991874,246.051,0.644827,1,0.620035,1,4,16,0.015625,-0.020536,0.008587,-0.008149,C-accelerated,137723.56,136000.0,4342.05,3350.0,1.2316
2026-03-30T05:40:55Z,2724667016,1132,Rahim whispered قصة سرية.,25,44,1,49.8901,0.04494,0.375,0.617188,0.498901,0.045163,0.390625,0.617188,0.006178,0.033073,0.004728,1,50.3693,7.992331,234.228,0.820241,1,0.385585,1,4,16,0.015625,-0.009076,0.009904,-0.008719,C-accelerated,135326.22,134900.0,1813.81,2275.0,0.8432
2026-03-30T05:40:55Z,2724667016,1133,Marie saw ciel clair.,21,44,1,50.6714,0.046872,0.40625,0.617188,0.506714,0.049812,0.390625,0.609375,0.006291,0.029538,0.004774,1,49.8901,7.99106,268.137,0.273785,1,0.054703,1,4,16,0.015625,0.005912,-0.004358,-0.006177,C-accelerated,134836.67,135000.0,1528.59,2300.0,0.8519
2026-03-30T05:40:55Z,2724667016,1134,Lukas heard wind ruhig.,23,44,1,50.2441,0.047298,0.382812,0.625,0.502441,0.042665,0.398438,0.640625,0.006278,0.029992,0.004707,1,50.0427,7.991787,248.937,0.595245,1,0.60998,1,4,16,0.015625,0.000752,0.003151,0.005222,C-accelerated,134059.78,134100.0,1696.31,1700.0,0.6339
2026-03-30T05:40:55Z,2724667016,1136,Nadia saw قمر الليل.,20,44,1,49.8535,0.044235,0.390625,0.640625,0.498535,0.046546,0.382812,0.671875,0.00623,0.029898,0.004711,1,50.0885,7.99051,288.454,0.073482,1,0.738597,1,4,16,0.015625,0.008505,-0.007793,0.00181,C-accelerated,141083.56,138400.0,8365.24,6850.0,2.4747
2026-03-30T05:40:55Z,2724667016,1135,Ivan wrote путь жизни.,22,44,1,50.4822,0.039489,0.398438,0.585938,0.504822,0.042378,0.375,0.609375,0.006194,0.030303,0.004685,1,49.7742,7.991429,260.852,0.387186,1,0.292077,1,4,16,0.015625,-0.003534,0.00185,-0.00604,C-accelerated,138375.11,136500.0,7371.9,4475.0,1.6392
2026-03-30T05:40:55Z,2724667016,1137,Karim crossed puente largo.,27,44,1,50.5188,0.044035,0.382812,0.609375,0.505188,0.045932,0.390625,0.609375,0.006166,0.030034,0.004729,1,50.2563,7.991292,266.81,0.293043,1,0.942992,1,4,16,0.015625,-0.003582,0.002504,0.016389,C-accelerated,134389.56,134400.0,1731.32,2900.0,1.0789
2026-03-30T05:40:55Z,2724667016,1138,Sofia wrote mémoire ancienne.,29,44,1,49.6582,0.039725,0.414062,0.585938,0.496582,0.047055,0.359375,0.648438,0.006248,0.029776,0.004729,1,49.5728,7.991399,263.575,0.342743,1,0.935407,1,4,16,0.015625,0.004038,0.006592,-0.007095,C-accelerated,134790.0,134900.0,1353.47,1500.0,0.556
2026-03-30T05:40:55Z,2724667016,1139,Pavel heard ночь тихая.,23,44,1,50.354,0.043824,0.375,0.625,0.50354,0.044708,0.382812,0.640625,0.006212,0.031482,0.004677,1,50.0519,7.992641,224.105,0.918906,1,0.688822,1,4,16,0.015625,-0.012404,0.011419,0.016857,C-accelerated,139636.89,138200.0,5390.64,3375.0,1.2211
2026-03-30T05:40:55Z,2724667016,1140,Elena saw estrella blanca.,26,44,1,49.939,0.045193,0.390625,0.625,0.49939,0.044801,0.382812,0.617188,0.006283,0.032829,0.004753,1,50.1526,7.991012,271.791,0.224481,1,0.121291,1,4,16,0.015625,-0.009995,0.00585,-0.00109,C-accelerated,146982.89,141000.0,14011.64,20550.0,7.2872
2026-03-30T05:40:55Z,2724667016,1141,Yusuf followed طريق النجوم.,27,44,1,49.6948,0.038264,0.421875,0.59375,0.496948,0.042413,0.367188,0.601562,0.006238,0.033523,0.004761,1,50.5096,7.991659,253.638,0.51232,1,0.048965,1,4,16,0.015625,0.012302,-0.001737,0.009138,C-accelerated,135192.67,135400.0,1931.66,2700.0,0.997
2026-03-30T05:40:55Z,2724667016,1142,Rahim whispered سلام الليل.,27,44,1,49.2554,0.046884,0.351562,0.609375,0.492554,0.049679,0.367188,0.601562,0.006218,0.032579,0.004765,1,49.9634,7.991471,258.316,0.430272,1,0.209914,1,4,16,0.015625,0.008335,-0.006211,0.006624,C-accelerated,141004.22,136500.0,9605.69,7300.0,2.674
2026-03-30T05:40:55Z,2724667016,1143,Marie heard chanson lente.,26,44,1,49.7681,0.04483,0.398438,0.609375,0.497681,0.042223,0.40625,0.585938,0.006201,0.029533,0.004693,1,50.0671,7.99115,269.37,0.256512,1,0.886275,1,4,16,0.015625,-0.000787,-0.001714,-0.00652,C-accelerated,133343.33,132700.0,1644.6,2800.0,1.055
2026-03-30T05:40:55Z,2724667016,1144,Lukas crossed tal still.,24,44,1,50.6775,0.042178,0.375,0.609375,0.506775,0.042661,0.398438,0.609375,0.006236,0.028803,0.004714,1,49.8322,7.991072,274.444,0.192324,1,0.583526,1,4,16,0.015625,-0.001781,-0.00446,0.013045,C-accelerated,134923.56,135200.0,1185.33,1175.0,0.4345
2026-03-30T05:40:55Z,2724667016,1145,Ivan watched дорога.,20,44,1,50.1892,0.040119,0.398438,0.59375,0.501892,0.045614,0.359375,0.632812,0.006217,0.033214,0.004683,1,50.1984,7.991177,268.23,0.272459,1,0.468678,1,4,16,0.015625,-0.002245,-0.007333,-0.007504,C-accelerated,135503.78,135500.0,2032.37,2200.0,0.8118
2026-03-30T05:40:55Z,2724667016,1146,Nadia saw بحر أزرق.,19,44,1,49.707,0.046261,0.375,0.625,0.49707,0.045586,0.359375,0.640625,0.006203,0.033948,0.004652,1,50.1007,7.989923,307.561,0.013435,0,0.946787,1,4,16,0.015625,-0.011462,0.014333,0.000366,C-accelerated,140950.89,137000.0,8851.45,6700.0,2.4453
2026-03-30T05:40:55Z,2724667016,1147,Karim walked campo gris.,24,44,1,49.9573,0.042939,0.390625,0.609375,0.499573,0.044305,0.390625,0.625,0.006236,0.032103,0.00468,1,50.0427,7.992524,226.176,0.902868,1,0.27706,1,4,16,0.015625,-0.011252,0.001091,0.001757,C-accelerated,136468.89,136700.0,2295.92,3650.0,1.335
2026-03-30T05:40:55Z,2724667016,1148,Sofia wrote histoire secrète.,29,44,1,49.9756,0.043836,0.398438,0.640625,0.499756,0.042946,0.390625,0.59375,0.006221,0.029675,0.004663,1,50.174,7.991773,251.59,0.5486,1,0.054105,1,4,16,0.015625,-0.001866,-0.007688,-0.003329,C-accelerated,133681.11,133400.0,1604.58,1700.0,0.6372
2026-03-30T05:40:55Z,2724667016,1149,Pavel heard шорох ветра.,24,44,1,50.6592,0.048085,0.421875,0.671875,0.506592,0.043722,0.414062,0.617188,0.006281,0.032051,0.004762,1,49.4415,7.990389,291.805,0.056309,1,0.626779,1,4,16,0.015625,0.008233,0.001074,0.011263,C-accelerated,134706.67,134100.0,1911.74,2150.0,0.8016
2026-03-30T05:40:55Z,2724667016,1150,Elena saw luna grande.,22,44,1,50.6226,0.043786,0.375,0.632812,0.506226,0.041436,0.398438,0.601562,0.006243,0.029957,0.004687,1,50.1007,7.991193,268.719,0.265559,1,0.406814,1,4,16,0.015625,-0.002908,-0.001432,-0.007206,C-accelerated,166448.44,142700.0,46384.18,41900.0,14.6811
2026-03-30T05:40:55Z,2724667016,1151,Yusuf crossed طريق الرمل.,25,44,1,50.177,0.04882,0.40625,0.640625,0.50177,0.042503,0.382812,0.601562,0.006185,0.0343,0.0047,1,49.5453,7.992246,235.857,0.79958,1,0.345206,1,4,16,0.015625,0.00367,0.000807,0.007825,C-accelerated,134980.0,134500.0,2555.2,3200.0,1.1896
2026-03-30T05:40:55Z,2724667016,1152,Rahim whispered قصة طويلة.,26,44,1,50.061,0.044566,0.359375,0.585938,0.50061,0.042842,0.351562,0.617188,0.006273,0.026266,0.004732,1,50.3723,7.991058,269.091,0.260368,1,0.248627,1,4,16,0.015625,-0.014206,0.011488,-0.001024,C-accelerated,134105.56,133700.0,1419.2,1975.0,0.7386
2026-03-30T05:40:55Z,2724667016,1153,Marie saw étoile brillante.,27,44,1,49.5056,0.04795,0.367188,0.632812,0.495056,0.049438,0.398438,0.640625,0.006218,0.027216,0.004688,1,50.0427,7.991893,247.191,0.625428,1,0.778502,1,4,16,0.015625,0.003054,0.007673,-0.001182,C-accelerated,136892.89,136900.0,991.67,900.0,0.3287
2026-03-30T05:40:55Z,2724667016,1154,Lukas heard nacht wind.,23,44,1,50.2563,0.039825,0.382812,0.609375,0.502563,0.046365,0.390625,0.601562,0.006262,0.030271,0.004676,1,50.0244,7.991474,260.666,0.390299,1,0.901355,1,4,16,0.015625,-0.00085,0.004231,-0.006024,C-accelerated,140401.78,136800.0,7885.2,8075.0,2.9514
2026-03-30T05:40:55Z,2724667016,1155,Ivan followed путь длинный.,27,44,1,50.4028,0.039644,0.40625,0.609375,0.504028,0.043201,0.421875,0.625,0.006162,0.035885,0.00467,1,50.4425,7.992238,237.184,0.781823,1,0.738597,1,4,16,0.015625,0.005454,0.007146,-0.007777,C-accelerated,139042.0,136750.0,5757.53,7050.0,2.5777
2026-03-30T05:40:55Z,2724667016,1156,Nadia saw نجمة بعيدة.,21,44,1,50.3845,0.041673,0.367188,0.570312,0.503845,0.050828,0.382812,0.632812,0.006313,0.0315,0.004746,1,49.9146,7.992146,239.232,0.752846,1,0.950583,1,4,16,0.015625,0.008575,-0.000783,-0.00193,C-accelerated,133440.0,133100.0,1450.47,1700.0,0.6386
2026-03-30T05:40:55Z,2724667016,1157,Karim crossed puente rojo.,26,44,1,49.4263,0.044199,0.40625,0.609375,0.494263,0.040128,0.390625,0.601562,0.006227,0.029096,0.004728,1,49.7772,7.991717,253.871,0.508198,1,0.507551,1,4,16,0.015625,0.013361,0.003996,0.006146,C-accelerated,135890.22,135900.0,1789.87,2600.0,0.9566
2026-03-30T05:40:55Z,2724667016,1158,Sofia wrote mémoire secrète.,28,44,1,50.1526,0.039476,0.398438,0.609375,0.501526,0.040218,0.375,0.585938,0.006267,0.030742,0.004735,1,49.6704,7.991106,269.161,0.259401,1,0.388201,1,4,16,0.015625,-0.002701,-0.004509,-0.006658,C-accelerated,144255.11,140100.0,10019.46,6325.0,2.2573
2026-03-30T05:40:55Z,2724667016,1159,Pavel heard тишина ночи.,24,44,1,50.5249,0.042152,0.398438,0.601562,0.505249,0.045451,0.390625,0.601562,0.006204,0.031511,0.004719,1,49.8444,7.992268,236.207,0.794987,1,0.468678,1,4,16,0.015625,8.1e-05,-0.00937,0.005923,C-accelerated,140134.67,136600.0,11316.55,5800.0,2.123
2026-03-30T05:40:55Z,2724667016,1160,Elena saw mar oscuro.,21,44,1,49.4568,0.046707,0.382812,0.625,0.494568,0.04534,0.390625,0.632812,0.006198,0.028202,0.0047,1,49.9451,7.991639,255.081,0.486798,1,0.246678,1,4,16,0.015625,-0.001868,-0.013779,0.010594,C-accelerated,134060.44,133800.0,1084.57,1100.0,0.4111
2026-03-30T05:40:55Z,2724667016,1161,Yusuf followed طريق طويل.,25,44,1,49.4873,0.041079,0.375,0.585938,0.494873,0.04611,0.382812,0.601562,0.006192,0.032768,0.004693,1,50.235,7.991871,249.681,0.582225,1,0.852503,1,4,16,0.015625,-0.002162,-0.003056,0.001649,C-accelerated,142241.11,138550.0,9062.21,7500.0,2.7066
2026-03-30T05:40:55Z,2724667016,1162,Rahim whispered سلام بعيد.,26,44,1,49.6704,0.048056,0.359375,0.601562,0.496704,0.045749,0.390625,0.617188,0.006121,0.031939,0.004648,1,49.7406,7.992435,229.481,0.872918,1,0.882511,1,4,16,0.015625,0.003411,0.004314,7.1e-05,C-accelerated,135783.56,135300.0,2035.0,2100.0,0.7761
2026-03-30T05:40:55Z,2724667016,1163,Marie heard chanson triste.,27,44,1,50.5554,0.041937,0.375,0.59375,0.505554,0.045744,0.390625,0.617188,0.00617,0.030029,0.004691,1,49.8413,7.991081,269.487,0.254915,1,0.248627,1,4,16,0.015625,-0.003967,0.000819,-0.000967,C-accelerated,135260.0,134200.0,2877.41,4400.0,1.6393
2026-03-30T05:40:55Z,2724667016,1164,Lukas crossed berg kalt.,24,44,1,50.2747,0.042237,0.398438,0.617188,0.502747,0.04323,0.390625,0.609375,0.006113,0.027931,0.004676,1,49.4324,7.991587,254.639,0.494608,1,0.767556,1,4,16,0.015625,-0.000107,-0.007379,0.007639,C-accelerated,140457.78,137700.0,6376.77,6600.0,2.3965
2026-03-30T05:40:55Z,2724667016,1165,Ivan heard голос ветра.,23,44,1,49.762,0.042741,0.40625,0.59375,0.49762,0.047467,0.375,0.609375,0.00619,0.033795,0.004742,1,50.2655,7.991557,257.92,0.437107,1,0.958178,1,4,16,0.015625,0.002879,0.005262,-0.00316,C-accelerated,134725.11,134650.0,1369.97,2100.0,0.7798
2026-03-30T05:40:55Z,2724667016,1166,Nadia saw قمر بعيد.,19,44,1,49.5178,0.043642,0.382812,0.609375,0.495178,0.048269,0.359375,0.617188,0.006237,0.028329,0.0047,1,50.3113,7.992324,234.391,0.818233,1,0.01232,1,4,16,0.015625,0.006658,0.011799,-0.01241,C-accelerated,136139.33,135700.0,2464.61,2400.0,0.8843
2026-03-30T05:40:55Z,2724667016,1167,Karim walked campo largo.,25,44,1,49.5728,0.042476,0.375,0.601562,0.495728,0.039594,0.382812,0.585938,0.00629,0.030233,0.004713,1,50.5859,7.991673,253.498,0.514794,1,0.965777,1,4,16,0.015625,0.002938,-0.008704,-0.000851,C-accelerated,133369.56,133000.0,1316.03,2000.0,0.7519
2026-03-30T05:40:55Z,2724667016,1168,Sofia wrote histoire perdue.,28,44,1,49.0173,0.039502,0.382812,0.601562,0.490173,0.041239,0.398438,0.59375,0.006365,0.031424,0.004861,1,50.0214,7.99168,255.476,0.479821,1,0.901355,1,4,16,0.015625,-0.008044,0.00718,0.005693,C-accelerated,139928.89,137500.0,6331.0,6175.0,2.2455
2026-03-30T05:40:55Z,2724667016,1169,Pavel saw ночь.,15,44,1,49.408,0.044417,0.375,0.632812,0.49408,0.043801,0.382812,0.625,0.006195,0.030051,0.004638,1,49.5671,7.992114,238.906,0.757578,1,0.774848,1,4,16,0.015625,-0.006346,-0.002335,-0.001041,C-accelerated,136292.0,135700.0,2284.02,3200.0,1.1791
2026-03-30T05:40:55Z,2724667016,1170,Elena watched estrella azul.,28,44,1,50.2563,0.038696,0.40625,0.601562,0.502563,0.047633,0.390625,0.59375,0.006196,0.031024,0.004667,1,49.5087,7.992196,236.509,0.79096,1,0.782161,1,4,16,0.015625,-0.005112,-0.008299,-0.005306,C-accelerated,135200.0,134900.0,1322.17,1800.0,0.6672
2026-03-30T05:40:55Z,2724667016,1171,Yusuf crossed صحراء.,20,44,1,49.9573,0.044883,0.390625,0.625,0.499573,0.048311,0.382812,0.609375,0.006251,0.033941,0.004778,1,50.2289,7.992354,232.785,0.837452,1,0.152661,1,4,16,0.015625,-0.002687,-0.009755,0.011928,C-accelerated,136191.78,135300.0,2986.24,3100.0,1.1456
2026-03-30T05:40:55Z,2724667016,1172,Rahim whispered قصة الليل.,26,44,1,50.1221,0.045507,0.375,0.601562,0.501221,0.040305,0.398438,0.648438,0.00627,0.029422,0.004751,1,49.9359,7.99184,249.309,0.588744,1,0.774848,1,4,16,0.015625,0.003218,-0.0132,-8.4e-05,C-accelerated,135070.44,134900.0,1472.86,1800.0,0.6672
2026-03-30T05:40:55Z,2724667016,1173,Marie heard vent.,17,44,1,49.7742,0.04425,0.367188,0.617188,0.497742,0.044228,0.382812,0.625,0.006244,0.02856,0.004709,1,50.1495,7.991638,255.569,0.478182,1,0.314462,1,4,16,0.015625,-0.014531,-0.003116,-0.009059,C-accelerated,147965.11,146100.0,8723.05,13850.0,4.7399
2026-03-30T05:40:55Z,2724667016,1174,Lukas saw licht.,16,44,1,50.4578,0.043973,0.367188,0.648438,0.504578,0.04449,0.398438,0.617188,0.006255,0.02963,0.004727,1,50.2411,7.990897,275.444,0.181015,1,0.544881,1,4,16,0.015625,0.004185,0.001231,0.006295,C-accelerated,137430.0,136400.0,3301.42,4775.0,1.7504
2026-03-30T05:40:55Z,2724667016,1175,Ivan followed дорога домой.,27,44,1,49.939,0.040189,0.398438,0.59375,0.49939,0.047778,0.390625,0.617188,0.006159,0.032862,0.004671,1,50.1831,7.991049,271.046,0.234068,1,0.852503,1,4,16,0.015625,-0.005347,0.007067,0.00439,C-accelerated,135237.11,135150.0,1906.79,3600.0,1.3319
2026-03-30T05:40:55Z,2724667016,1176,Nadia saw نجمة الليل.,21,44,1,50.5737,0.043668,0.414062,0.632812,0.505737,0.041907,0.414062,0.59375,0.006155,0.033528,0.004665,1,50.4822,7.991218,264.506,0.328067,1,0.38298,1,4,16,0.015625,0.009282,-0.0019,0.001049,C-accelerated,136115.33,136100.0,1519.15,2950.0,1.0838
2026-03-30T05:40:55Z,2724667016,1177,Karim crossed puente gris.,26,44,1,50.0854,0.047963,0.382812,0.601562,0.500854,0.041767,0.382812,0.601562,0.006264,0.033693,0.004696,1,49.5331,7.991371,262.528,0.359583,1,0.42043,1,4,16,0.015625,-0.003793,-0.013483,-0.010115,C-accelerated,134591.56,134500.0,801.57,1000.0,0.3717
2026-03-30T05:40:55Z,2724667016,1178,Sofia wrote mémoire claire.,27,44,1,49.9573,0.05036,0.390625,0.640625,0.499573,0.047615,0.40625,0.601562,0.006248,0.031898,0.004694,1,49.9664,7.990866,278.167,0.152527,1,0.72783,1,4,16,0.015625,0.016124,-0.009006,-0.000868,C-accelerated,137595.78,136150.0,4836.78,3700.0,1.3588
2026-03-30T05:40:55Z,2724667016,1179,Pavel heard ветер ночи.,23,44,1,50.2014,0.040232,0.390625,0.625,0.502014,0.042727,0.390625,0.609375,0.006217,0.028647,0.004687,1,50.1099,7.992178,239.023,0.755893,1,0.969577,1,4,16,0.015625,-0.016383,0.009328,0.003056,C-accelerated,134524.44,134100.0,1448.84,2000.0,0.7457
2026-03-30T05:40:55Z,2724667016,1180,Elena saw mar azul profundo.,28,44,1,49.7681,0.044734,0.367188,0.617188,0.497681,0.043732,0.390625,0.664062,0.006225,0.0319,0.004736,1,50.4639,7.990673,283.45,0.106559,1,0.532287,1,4,16,0.015625,0.003411,0.007052,0.005185,C-accelerated,139374.22,136400.0,7164.62,7500.0,2.7493
2026-03-30T05:40:55Z,2724667016,1181,Yusuf crossed طريق.,19,44,1,50.0854,0.044765,0.351562,0.601562,0.500854,0.04563,0.375,0.632812,0.00628,0.030661,0.004756,1,49.6307,7.992594,222.708,0.92858,1,0.227767,1,4,16,0.015625,-0.000603,-0.013439,-0.006219,C-accelerated,135932.89,136400.0,1523.03,2800.0,1.0264
2026-03-30T05:40:55Z,2724667016,1182,Rahim whispered سلام.,21,44,1,50.47,0.045274,0.398438,0.65625,0.5047,0.044585,0.3125,0.609375,0.006218,0.02994,0.004713,1,49.4843,7.990804,279.61,0.138774,1,0.935407,1,4,16,0.015625,-0.002589,-0.002429,0.005045,C-accelerated,139972.44,136900.0,8379.66,6875.0,2.511
2026-03-30T05:40:55Z,2724667016,1183,Marie saw ciel sombre.,22,44,1,49.3958,0.044186,0.382812,0.59375,0.493958,0.041308,0.414062,0.601562,0.006321,0.031281,0.004728,1,50.4059,7.991335,263.599,0.342373,1,0.710004,1,4,16,0.015625,-0.002316,0.009126,0.002884,C-accelerated,133227.78,133300.0,1565.18,2700.0,1.0128
2026-03-30T05:40:55Z,2724667016,1184,Lukas heard wind kalt.,22,44,1,49.4202,0.038624,0.40625,0.585938,0.494202,0.04385,0.398438,0.609375,0.006324,0.033754,0.004853,1,50.1709,7.99263,225.292,0.909967,1,0.393466,1,4,16,0.015625,-0.002443,-0.006335,-0.000766,C-accelerated,142078.44,138800.0,8266.06,9675.0,3.4852
2026-03-30T05:40:55Z,2724667016,1185,Ivan watched путь.,18,44,1,49.3164,0.047351,0.367188,0.625,0.493164,0.04625,0.367188,0.632812,0.006214,0.032048,0.00472,1,50.4608,7.991681,250.031,0.576099,1,0.123599,1,4,16,0.015625,0.009997,0.01123,0.002492,C-accelerated,133922.89,133500.0,1854.78,2275.0,0.8521
2026-03-30T05:40:55Z,2724667016,1186,Nadia saw بحر الليل.,20,44,1,49.9756,0.0407,0.40625,0.625,0.499756,0.048258,0.375,0.617188,0.006201,0.02913,0.004705,1,49.9573,7.99253,226.362,0.901325,1,0.11457,1,4,16,0.015625,-0.003302,-0.00181,-0.004084,C-accelerated,158416.67,137400.0,36630.32,32400.0,11.7904
2026-03-30T05:40:55Z,2724667016,1187,Karim walked campo oscuro.,26,44,1,49.7009,0.037811,0.375,0.59375,0.497009,0.043302,0.359375,0.59375,0.006265,0.033005,0.004717,1,49.5239,7.991638,253.824,0.509022,1,0.586804,1,4,16,0.015625,0.003409,0.013191,-0.004099,C-accelerated,135087.56,134900.0,1495.96,1700.0,0.6301
2026-03-30T05:40:55Z,2724667016,1188,Sofia wrote histoire bleue.,27,44,1,49.7314,0.041206,0.40625,0.609375,0.497314,0.048764,0.34375,0.617188,0.006278,0.030266,0.004713,1,50.1007,7.990842,277.795,0.156227,1,0.238986,1,4,16,0.015625,0.006979,0.00844,-0.010225,C-accelerated,141476.0,138600.0,7473.67,9575.0,3.4542
2026-03-30T05:40:55Z,2724667016,1189,Pavel heard шепот ветра.,24,44,1,50.1709,0.047591,0.398438,0.617188,0.501709,0.045804,0.382812,0.617188,0.006254,0.034495,0.004743,1,50.1038,7.991908,247.261,0.624231,1,0.345206,1,4,16,0.015625,-0.000585,0.000224,-0.004165,C-accelerated,144074.67,141400.0,7697.79,7975.0,2.82
2026-03-30T05:40:55Z,2724667016,1190,Elena saw luna dorada.,22,44,1,50.2808,0.041796,0.390625,0.601562,0.502808,0.048972,0.390625,0.617188,0.006231,0.029521,0.004736,1,49.9207,7.991962,242.932,0.696161,1,0.859987,1,4,16,0.015625,-0.006547,0.000948,0.005049,C-accelerated,134390.22,134400.0,1957.0,1900.0,0.7068
2026-03-30T05:40:55Z,2724667016,1191,Yusuf crossed طريق النجوم.,26,44,1,50.1709,0.038657,0.40625,0.59375,0.501709,0.042913,0.375,0.609375,0.006245,0.028752,0.00475,1,49.9878,7.990475,289.361,0.068464,1,0.355039,1,4,16,0.015625,-0.003789,-0.006279,-0.005415,C-accelerated,132414.89,131800.0,1435.99,2600.0,0.9863
2026-03-30T05:40:55Z,2724667016,1192,Rahim whispered قصة قصيرة.,26,44,1,49.646,0.046608,0.382812,0.632812,0.49646,0.047299,0.359375,0.617188,0.006227,0.028869,0.00465,1,50.1526,7.990727,282.1,0.117172,1,0.702918,1,4,16,0.015625,0.001559,0.007683,0.004042,C-accelerated,141338.89,138400.0,7221.09,7575.0,2.7366
2026-03-30T05:40:55Z,2724667016,1193,Marie heard chanson.,20,44,1,49.8962,0.040446,0.375,0.59375,0.498962,0.038028,0.40625,0.578125,0.006326,0.028625,0.004674,1,49.9207,7.990301,293.434,0.049229,0,0.912688,1,4,16,0.015625,-0.002906,0.011197,-0.00754,C-accelerated,140466.67,137400.0,6960.72,8275.0,3.0113
2026-03-30T05:40:55Z,2724667016,1194,Lukas crossed tal.,18,44,1,50.2869,0.047016,0.375,0.617188,0.502869,0.041396,0.367188,0.601562,0.00625,0.028577,0.004725,1,49.9878,7.992085,238.557,0.762597,1,0.724253,1,4,16,0.015625,0.004007,0.001047,0.002595,C-accelerated,133323.11,132900.0,1253.9,1300.0,0.4891
2026-03-30T05:40:55Z,2724667016,1195,Ivan saw дорога света.,22,44,1,50.3052,0.040527,0.398438,0.617188,0.503052,0.039839,0.40625,0.601562,0.006242,0.032476,0.004719,1,49.9237,7.991853,247.959,0.612213,1,0.848767,1,4,16,0.015625,0.006082,0.000247,-0.006513,C-accelerated,139620.0,139300.0,2651.63,2400.0,0.8615
2026-03-30T05:40:55Z,2724667016,1197,Karim crossed puente largo.,27,44,1,50.0427,0.044808,0.367188,0.609375,0.500427,0.044915,0.40625,0.609375,0.006163,0.03729,0.004673,1,50.1221,7.991277,265.809,0.308019,1,0.593384,1,4,16,0.015625,-0.000245,0.017445,-0.020244,C-accelerated,135231.11,133900.0,4431.14,3000.0,1.1202
2026-03-30T05:40:55Z,2724667016,1196,Nadia saw نجمة حمراء.,21,44,1,50.0427,0.041722,0.382812,0.601562,0.500427,0.04437,0.390625,0.601562,0.006201,0.02869,0.004662,1,49.6307,7.991202,269.58,0.253641,1,0.183492,1,4,16,0.015625,-0.001693,-0.0063,-0.000358,C-accelerated,148189.11,143400.0,14385.38,17575.0,6.128
2026-03-30T05:40:55Z,2724667016,1198,Sofia wrote mémoire douce.,26,44,1,49.8352,0.04184,0.40625,0.59375,0.498352,0.044028,0.382812,0.609375,0.006271,0.026844,0.004681,1,49.8688,7.993066,210.118,0.981587,1,0.912688,1,4,16,0.015625,-0.001047,0.001091,-0.001523,C-accelerated,140343.11,139100.0,6230.51,4350.0,1.5636
2026-03-30T05:40:55Z,2724667016,1199,Pavel heard ночь холодная.,26,44,1,49.8413,0.045683,0.34375,0.609375,0.498413,0.044122,0.375,0.59375,0.00622,0.033225,0.004692,1,50.1038,7.99201,243.188,0.692056,1,0.901355,1,4,16,0.015625,-0.001357,-0.002102,-0.003198,C-accelerated,147720.89,139750.0,19080.2,13275.0,4.7496
2026-03-30T05:40:55Z,2724667016,1200,Elena saw estrella.,19,44,1,49.4507,0.045053,0.367188,0.609375,0.494507,0.042414,0.398438,0.609375,0.006148,0.028696,0.004676,1,50.5157,7.991611,256.361,0.464279,1,0.793166,1,4,16,0.015625,0.005374,0.006573,-0.006262,C-accelerated,134859.78,134500.0,1539.6,1700.0,0.632
2026-03-30T05:40:55Z,2724667016,1201,Yusuf crossed طريق الرمل.,25,44,1,50.5127,0.043798,0.414062,0.601562,0.505127,0.043667,0.398438,0.585938,0.006263,0.030525,0.004774,1,49.9512,7.992187,237.603,0.776047,1,0.365047,1,4,16,0.015625,-0.0064,-0.006995,0.002644,C-accelerated,178805.33,172200.0,26914.3,35125.0,10.1989
2026-03-30T05:40:55Z,2724667016,1202,Rahim whispered سلام الليل.,27,44,1,49.646,0.046042,0.367188,0.609375,0.49646,0.040523,0.414062,0.578125,0.006275,0.032595,0.004697,1,49.8688,7.992202,237.766,0.773779,1,0.724253,1,4,16,0.015625,0.011219,0.015038,4.3e-05,C-accelerated,138082.22,136900.0,3645.43,3700.0,1.3514
2026-03-30T05:40:55Z,2724667016,1203,Marie saw ciel gris.,20,44,1,50.1282,0.047258,0.359375,0.632812,0.501282,0.04431,0.398438,0.617188,0.006239,0.030622,0.004701,1,50.0336,7.990839,278.609,0.148214,1,0.942992,1,4,16,0.015625,-0.005273,0.003622,-0.003372,C-accelerated,138318.0,138200.0,4405.54,5950.0,2.1527
2026-03-30T05:40:55Z,2724667016,1204,Lukas heard nacht kalt.,23,44,1,50.0,0.041604,0.375,0.601562,0.5,0.042635,0.398438,0.625,0.00622,0.030312,0.004762,1,49.7345,7.991858,248.844,0.596868,1,0.305376,1,4,16,0.015625,0.011974,0.004449,-0.008544,C-accelerated,136634.89,135800.0,2920.47,2600.0,0.9573
2026-03-30T05:40:55Z,2724667016,1205,Ivan wrote судьба пути.,23,44,1,49.9756,0.040793,0.390625,0.609375,0.499756,0.042331,0.40625,0.632812,0.006209,0.02819,0.004685,1,49.9481,7.991937,248.681,0.599704,1,0.145938,1,4,16,0.015625,-0.000202,0.007313,-0.007839,C-accelerated,140320.22,136450.0,8741.5,7275.0,2.6658
2026-03-30T05:40:55Z,2724667016,1206,Nadia saw بحر بعيد.,19,44,1,50.2686,0.04498,0.382812,0.609375,0.502686,0.051568,0.367188,0.625,0.006163,0.027845,0.004663,1,50.2594,7.992109,242.979,0.695416,1,0.738597,1,4,16,0.015625,0.003961,-0.000461,-0.002132,C-accelerated,135798.44,135300.0,1505.77,1300.0,0.4804
2026-03-30T05:40:55Z,2724667016,1207,Karim crossed campo verde.,26,44,1,49.7131,0.042845,0.40625,0.664062,0.497131,0.043453,0.40625,0.65625,0.006314,0.030394,0.004764,1,50.4211,7.991099,269.3,0.257473,1,0.804212,1,4,16,0.015625,-0.007983,0.014555,-0.014082,C-accelerated,135035.78,134700.0,1889.7,2800.0,1.0393
2026-03-30T05:40:55Z,2724667016,1208,Sofia wrote histoire finale.,28,44,1,50.3601,0.04665,0.398438,0.617188,0.503601,0.045143,0.414062,0.648438,0.006229,0.029075,0.004705,1,49.9268,7.992539,226.735,0.898188,1,0.11457,1,4,16,0.015625,-0.002599,0.015472,0.009672,C-accelerated,135871.78,135300.0,1869.59,2000.0,0.7391
2026-03-30T05:40:55Z,2724667016,1209,Pavel heard ветер.,18,44,1,49.762,0.04263,0.390625,0.59375,0.49762,0.045424,0.375,0.640625,0.006255,0.029787,0.004726,1,49.9695,7.992574,225.152,0.911054,1,0.516756,1,4,16,0.015625,0.011895,-0.005622,0.016899,C-accelerated,140630.0,137300.0,7509.6,7275.0,2.6493
2026-03-30T05:40:55Z,2724667016,1210,Elena saw luna.,15,44,1,49.8962,0.04074,0.359375,0.617188,0.498962,0.04695,0.390625,0.601562,0.006321,0.033946,0.004729,1,50.3027,7.991955,244.468,0.671225,1,0.685315,1,4,16,0.015625,0.008448,-0.001101,-0.003201,C-accelerated,134266.89,134500.0,1339.47,1900.0,0.7063
2026-03-30T05:40:55Z,2724667016,1211,Yusuf crossed طريق طويل.,24,44,1,49.9207,0.043199,0.40625,0.625,0.499207,0.041465,0.398438,0.625,0.006137,0.029231,0.004639,1,49.8749,7.992785,219.404,0.948059,1,0.365047,1,4,16,0.015625,0.009044,0.00444,-0.010982,C-accelerated,134456.67,134600.0,1506.42,2500.0,0.9287
2026-03-30T05:40:55Z,2724667016,1212,Rahim whispered قصة قديمة.,26,44,1,50.4517,0.040225,0.40625,0.601562,0.504517,0.044319,0.398438,0.625,0.006222,0.03055,0.004669,1,50.235,7.991553,260.34,0.395767,1,0.837576,1,4,16,0.015625,0.010065,-0.008225,0.000946,C-accelerated,139814.0,136300.0,7823.92,4775.0,1.7517
2026-03-30T05:40:55Z,2724667016,1213,Marie saw étoile dernière.,26,44,1,50.5554,0.040936,0.421875,0.609375,0.505554,0.041284,0.40625,0.609375,0.006262,0.030131,0.004698,1,49.8993,7.992141,239.441,0.74978,1,0.370117,1,4,16,0.015625,0.015273,0.003322,-0.008096,C-accelerated,137229.11,136600.0,2685.26,2600.0,0.9517
2026-03-30T05:40:55Z,2724667016,1214,Lukas heard wind still.,23,44,1,50.3418,0.045268,0.390625,0.601562,0.503418,0.043605,0.398438,0.625,0.006286,0.030846,0.004706,1,50.4181,7.990735,283.264,0.107979,1,0.406814,1,4,16,0.015625,-0.001494,-0.0095,-0.006139,C-accelerated,137368.44,136200.0,3618.6,2800.0,1.0279
2026-03-30T05:40:55Z,2724667016,1215,রাতের নদীর ধারে একজন জেলে নীরবে আকাশের তারা গুনছিল।,51,44,1,49.5605,0.046893,0.351562,0.632812,0.495605,0.049437,0.375,0.671875,0.006131,0.032566,0.004611,1,49.7498,7.991783,248.495,0.60294,1,0.782161,1,4,16,0.015625,-0.000624,0.001915,0.00012,C-accelerated,158449.56,153100.0,17190.46,25875.0,8.4504
2026-03-30T05:40:55Z,2724667016,1216,পুরোনো গ্রামের মাটির পথে হঠাৎ এক অচেনা ভ্রমণকারী এসে দাঁড়াল।,60,44,1,50.2747,0.042112,0.382812,0.585938,0.502747,0.045707,0.390625,0.617188,0.006296,0.03455,0.004803,1,50.2258,7.99143,261.155,0.382146,1,0.901355,1,4,16,0.015625,0.006014,0.002142,0.010533,C-accelerated,146391.78,143300.0,10685.27,6325.0,2.2069
2026-03-30T05:40:55Z,2724667016,1217,সকালবেলার কুয়াশার মধ্যে ছোট্ট ছেলেটি হারানো বাঁশি খুঁজছিল।,58,44,1,50.2869,0.043552,0.390625,0.617188,0.502869,0.042465,0.398438,0.625,0.00624,0.027216,0.004679,1,49.8322,7.990625,286.406,0.085876,1,0.782161,1,4,16,0.015625,0.002086,0.005914,0.02448,C-accelerated,148716.67,138900.0,26770.9,6800.0,2.4478
2026-03-30T05:40:55Z,2724667016,1218,বৃষ্টির শব্দে ঘুম ভেঙে গেল এবং জানালার পাশে একটি চিঠি পাওয়া গেল।,64,44,1,50.1526,0.047351,0.390625,0.640625,0.501526,0.045513,0.414062,0.65625,0.006183,0.033626,0.004699,1,50.2838,7.992054,240.675,0.731364,1,0.468678,1,4,16,0.015625,0.005853,-0.001366,0.004231,C-accelerated,139746.0,139100.0,1756.62,1200.0,0.4313
2026-03-30T05:40:55Z,2724667016,1219,নদীর ওপারে আলো জ্বলছিল কিন্তু কেউ জানত না সেখানে কে থাকে।,57,44,1,49.4995,0.049678,0.390625,0.609375,0.494995,0.047187,0.382812,0.632812,0.006373,0.034899,0.004788,1,49.881,7.991811,251.985,0.541598,1,0.826419,1,4,16,0.015625,-0.001328,0.003647,0.003215,C-accelerated,137283.11,136900.0,1458.36,2400.0,0.8766
2026-03-30T05:40:55Z,2724667016,1220,একজন বৃদ্ধ গাছের নিচে বসে তার পুরোনো দিনের গল্প মনে করছিল।,58,44,1,50.2747,0.043417,0.390625,0.625,0.502747,0.04605,0.390625,0.65625,0.006293,0.03113,0.004794,1,49.9146,7.989762,308.724,0.011946,0,0.462847,1,4,16,0.015625,-0.009824,-0.012161,0.000285,C-accelerated,154498.67,143100.0,23277.61,21250.0,7.4249
2026-03-30T05:40:55Z,2724667016,1221,রাতের আকাশে একটি উল্কা দেখে মেয়েটি চুপচাপ ইচ্ছে করল।,52,44,1,50.0061,0.042382,0.382812,0.59375,0.500061,0.046605,0.367188,0.601562,0.006113,0.029087,0.004685,1,49.8627,7.992366,233.018,0.834747,1,0.004295,0,4,16,0.015625,0.000266,0.002675,0.005797,C-accelerated,140523.78,139400.0,3691.27,3100.0,1.1119
2026-03-30T05:40:55Z,2724667016,1222,ছোট্ট গ্রন্থাগারের ধুলোভরা তাকের মাঝে এক অদ্ভুত বই লুকানো ছিল।,62,44,1,49.7742,0.046149,0.390625,0.59375,0.497742,0.03645,0.390625,0.617188,0.00615,0.031839,0.004678,1,49.9969,7.990859,278.237,0.15184,1,0.67832,1,4,16,0.015625,0.008864,-0.002265,0.00672,C-accelerated,139476.89,139400.0,881.72,900.0,0.3228
2026-03-30T05:40:55Z,2724667016,1223,বনের ভিতরে একটি সরু পথ ছিল যা কেউ কখনো শেষ পর্যন্ত হাঁটেনি।,59,44,1,49.2798,0.045108,0.390625,0.59375,0.492798,0.043505,0.359375,0.59375,0.006282,0.02878,0.004725,1,49.7772,7.992195,236.858,0.78626,1,0.439934,1,4,16,0.015625,0.003155,0.000586,0.003111,C-accelerated,138900.0,139200.0,1208.43,1775.0,0.6376
2026-03-30T05:40:55Z,2724667016,1224,নদীর ধারে পুরোনো নৌকাটি এখনও জলের সাথে দুলছিল।,46,44,1,50.9399,0.043227,0.398438,0.648438,0.509399,0.045285,0.375,0.609375,0.006257,0.030961,0.004753,1,50.2502,7.992041,243.956,0.679618,1,0.116777,1,4,16,0.015625,0.001709,-0.014469,0.00707,C-accelerated,159180.44,146900.0,29643.79,24850.0,8.4581
2026-03-30T05:40:55Z,2724667016,1225,Тихая деревня проснулась когда первый луч солнца коснулся реки.,63,44,1,50.0488,0.045865,0.40625,0.625,0.500488,0.046062,0.375,0.640625,0.006241,0.036128,0.004718,1,49.7681,7.992073,242.56,0.702092,1,0.053513,1,4,16,0.015625,0.00287,0.007956,0.007807,C-accelerated,138640.0,135900.0,8419.06,3575.0,1.3153
2026-03-30T05:40:55Z,2724667016,1226,Старый путник шел по дороге вспоминая забытые города.,53,44,1,49.3225,0.045495,0.359375,0.640625,0.493225,0.049549,0.390625,0.625,0.006226,0.030124,0.004644,1,50.1526,7.991816,248.611,0.600918,1,0.13441,1,4,16,0.015625,-0.003646,0.003047,-8.2e-05,C-accelerated,135445.78,135200.0,1126.27,1000.0,0.3698
2026-03-30T05:40:55Z,2724667016,1227,Ночью в лесу кто-то играл на далекой скрипке.,45,44,1,50.5432,0.045623,0.414062,0.664062,0.505432,0.039795,0.375,0.609375,0.006251,0.028315,0.004696,1,50.3143,7.991805,247.843,0.614222,1,0.037222,1,4,16,0.015625,-0.005235,0.006484,0.00589,C-accelerated,135491.11,135750.0,1388.62,2000.0,0.7366
2026-03-30T05:40:55Z,2724667016,1228,Маленькая девочка нашла письмо спрятанное в старой книге.,57,44,1,50.4883,0.036864,0.390625,0.601562,0.504883,0.041467,0.398438,0.632812,0.006286,0.031053,0.0048,1,50.7538,7.991054,273.047,0.208858,1,0.486411,1,4,16,0.015625,-0.003937,-0.002835,0.001981,C-accelerated,137546.67,134900.0,6007.78,4300.0,1.5938
2026-03-30T05:40:55Z,2724667016,1229,Ветер шептал истории между древними соснами.,44,44,1,50.0854,0.040256,0.390625,0.601562,0.500854,0.041881,0.40625,0.601562,0.006307,0.033557,0.004748,1,50.3723,7.99159,255.197,0.484744,1,0.38298,1,4,16,0.015625,-0.008116,-0.000217,-0.016893,C-accelerated,136406.0,136250.0,2133.28,2500.0,0.9174
2026-03-30T05:40:55Z,2724667016,1230,Одинокий маяк смотрел на темное море.,37,44,1,50.0671,0.04134,0.40625,0.632812,0.500671,0.042735,0.367188,0.617188,0.006215,0.030335,0.004714,1,50.0183,7.991052,272.815,0.211698,1,0.330786,1,4,16,0.015625,-0.00025,0.002363,-0.004964,C-accelerated,141315.11,138250.0,6926.74,7875.0,2.8481
2026-03-30T05:40:55Z,2724667016,1231,Старый художник рисовал небо перед дождем.,42,44,1,49.7864,0.042023,0.382812,0.601562,0.497864,0.047024,0.351562,0.601562,0.006181,0.029834,0.004643,1,50.1038,7.992052,241.652,0.716348,1,0.753033,1,4,16,0.015625,0.009312,0.000466,-0.005945,C-accelerated,134979.33,134200.0,1826.59,3700.0,1.3785
2026-03-30T05:40:55Z,2724667016,1233,В далекой долине раздался звук колокола.,40,44,1,49.2065,0.047742,0.34375,0.609375,0.492065,0.043815,0.375,0.617188,0.006288,0.034906,0.004768,1,49.8138,7.991548,258.199,0.43228,1,0.417685,1,4,16,0.015625,0.010286,0.006744,-0.001732,C-accelerated,144034.89,136750.0,17649.38,8425.0,3.0804
2026-03-30T05:40:55Z,2724667016,1232,Путешественник записывал мысли в потрепанный дневник.,53,44,1,49.9939,0.040741,0.390625,0.609375,0.499939,0.048529,0.390625,0.640625,0.006287,0.034035,0.004698,1,49.8108,7.99142,260.992,0.384857,1,0.233329,1,4,16,0.015625,0.003117,0.002226,-0.000678,C-accelerated,139520.0,136900.0,5879.58,3975.0,1.4518
2026-03-30T05:40:55Z,2724667016,1234,Луна освещала дорогу ведущую к старому мосту.,45,44,1,49.8779,0.044253,0.367188,0.601562,0.498779,0.048774,0.390625,0.609375,0.006232,0.03194,0.004631,1,50.2838,7.992124,242.141,0.708708,1,0.753033,1,4,16,0.015625,0.000427,0.020555,-0.002586,C-accelerated,144321.56,141350.0,7829.17,9325.0,3.2985
2026-03-30T05:40:55Z,2724667016,1235,The quiet town slowly woke as the morning fog lifted from the river.,68,44,1,50.3662,0.039775,0.40625,0.609375,0.503662,0.041604,0.398438,0.601562,0.00629,0.03188,0.004739,1,49.6796,7.991057,270.883,0.236197,1,0.501462,1,4,16,0.015625,-0.002459,0.006572,0.003534,C-accelerated,133463.33,133150.0,1270.4,1600.0,0.6008
2026-03-30T05:40:55Z,2724667016,1236,A traveler sat beside the road writing in a small notebook.,59,44,1,50.3357,0.043724,0.367188,0.640625,0.503357,0.046133,0.398438,0.617188,0.006244,0.029638,0.004654,1,50.0671,7.991565,256.384,0.463871,1,0.557621,1,4,16,0.015625,-0.011039,0.00153,0.002006,C-accelerated,133997.11,133800.0,1690.04,2300.0,0.8595
2026-03-30T05:40:55Z,2724667016,1237,The lighthouse stood alone against the restless sea.,52,44,1,49.8657,0.049518,0.390625,0.625,0.498657,0.042513,0.398438,0.625,0.006284,0.029213,0.004703,1,49.9664,7.992037,241.257,0.722469,1,0.965777,1,4,16,0.015625,0.003807,0.002102,-0.000929,C-accelerated,143234.67,139150.0,10108.56,14850.0,5.336
2026-03-30T05:40:55Z,2724667016,1238,A child discovered an old key hidden beneath a stone.,53,44,1,50.061,0.04323,0.390625,0.625,0.50061,0.042708,0.398438,0.601562,0.006312,0.032396,0.004776,1,50.0641,7.991056,276.166,0.173142,1,0.657505,1,4,16,0.015625,-0.000952,-0.003354,-0.0015,C-accelerated,138654.44,135100.0,8027.36,4000.0,1.4804
2026-03-30T05:40:55Z,2724667016,1239,The forest path seemed to stretch endlessly into the hills.,59,44,1,50.1709,0.043955,0.390625,0.632812,0.501709,0.044974,0.390625,0.632812,0.006144,0.031268,0.004567,1,49.6643,7.991957,243.607,0.685295,1,0.692336,1,4,16,0.015625,-0.017716,-0.004862,-0.001258,C-accelerated,135477.11,136200.0,1962.25,3600.0,1.3216
2026-03-30T05:40:55Z,2724667016,1240,A young musician played a soft melody in the empty square.,58,44,1,49.9207,0.043726,0.375,0.585938,0.499207,0.040769,0.367188,0.625,0.00625,0.029614,0.004748,1,50.2686,7.991702,252.195,0.537889,1,0.674834,1,4,16,0.015625,0.006912,0.00703,-0.004856,C-accelerated,134843.78,134400.0,2185.88,3075.0,1.144
2026-03-30T05:40:55Z,2724667016,1241,The old library smelled of paper and forgotten stories.,55,44,1,50.2258,0.043631,0.359375,0.601562,0.502258,0.041514,0.40625,0.59375,0.006215,0.030176,0.004713,1,49.8779,7.990666,285.428,0.092339,1,0.756656,1,4,16,0.015625,0.019892,-0.002635,0.004152,C-accelerated,133579.56,133350.0,1307.22,1400.0,0.5249
2026-03-30T05:40:55Z,2724667016,1243,The boat drifted gently along the silent lake.,46,44,1,49.3164,0.048495,0.382812,0.664062,0.493164,0.045281,0.367188,0.617188,0.006236,0.02913,0.004717,1,49.8566,7.991985,245.702,0.650706,1,0.958178,1,4,16,0.015625,-0.005546,-0.000373,0.004785,C-accelerated,134434.89,134600.0,1511.35,2200.0,0.8172
2026-03-30T05:40:55Z,2724667016,1242,A storm approached while the village lights flickered.,54,44,1,49.5789,0.043189,0.390625,0.617188,0.495789,0.037606,0.40625,0.609375,0.006238,0.030452,0.004649,1,50.3754,7.991656,254.22,0.502017,1,0.492402,1,4,16,0.015625,0.012227,0.005404,-0.006918,C-accelerated,139712.44,136800.0,6854.97,7600.0,2.7778
2026-03-30T05:40:55Z,2724667016,1244,A letter arrived from a place nobody had heard of.,50,44,1,50.4395,0.045363,0.398438,0.632812,0.504395,0.042057,0.398438,0.601562,0.006185,0.030271,0.00469,1,49.9573,7.989696,311.191,0.009265,0,0.028655,1,4,16,0.015625,0.001757,0.000248,-0.003739,C-accelerated,137220.67,135300.0,7596.89,2975.0,1.0994
2026-03-30T05:40:55Z,2724667016,1245,Le vieux village se réveillait doucement sous le soleil du matin.,65,44,1,50.1648,0.044028,0.390625,0.609375,0.501648,0.043985,0.398438,0.585938,0.006263,0.034914,0.004696,1,50.2747,7.992302,235.881,0.799276,1,0.216929,1,4,16,0.015625,-0.005804,-0.001912,-0.001487,C-accelerated,138601.33,137100.0,3067.12,6100.0,2.2247
2026-03-30T05:40:55Z,2724667016,1246,Un voyageur marchait lentement le long de la rivière calme.,59,44,1,49.2493,0.04294,0.398438,0.59375,0.492493,0.040647,0.359375,0.570312,0.006214,0.027856,0.004663,1,49.765,7.991629,255.919,0.47204,1,0.927827,1,4,16,0.015625,-0.002358,-0.007539,0.003865,C-accelerated,139272.0,136500.0,7133.06,6600.0,2.4176
2026-03-30T05:40:55Z,2724667016,1247,Dans la bibliothèque ancienne un livre mystérieux attendait.,60,44,1,50.238,0.047837,0.375,0.609375,0.50238,0.042191,0.40625,0.609375,0.00619,0.028345,0.004637,1,50.238,7.991421,262.319,0.36299,1,0.316761,1,4,16,0.015625,0.002199,0.00962,-0.012801,C-accelerated,133140.89,132700.0,1429.72,1200.0,0.4521
2026-03-30T05:40:55Z,2724667016,1248,La pluie tombait doucement sur les toits de la ville.,53,44,1,50.1343,0.043291,0.398438,0.617188,0.501343,0.04205,0.398438,0.648438,0.00625,0.035056,0.004761,1,49.9329,7.99109,271.744,0.225073,1,0.576998,1,4,16,0.015625,-0.003823,0.006648,0.004718,C-accelerated,140147.11,135550.0,13696.02,7225.0,2.6651
2026-03-30T05:40:55Z,2724667016,1249,Une fille regardait les étoiles depuis la fenêtre ouverte.,58,44,1,50.3601,0.045574,0.390625,0.625,0.503601,0.039895,0.40625,0.59375,0.006156,0.027758,0.004644,1,50.354,7.991747,252.73,0.528405,1,0.298677,1,4,16,0.015625,0.002041,-0.000767,-0.009843,C-accelerated,134503.78,134100.0,1369.59,1300.0,0.4847
2026-03-30T05:40:55Z,2724667016,1250,Le phare solitaire gardait la mer sombre.,41,44,1,50.885,0.046685,0.390625,0.617188,0.50885,0.042661,0.429688,0.59375,0.006365,0.02953,0.004792,1,50.5066,7.992618,223.616,0.922394,1,0.599997,1,4,16,0.015625,-0.010799,-0.004327,-0.004667,C-accelerated,135510.89,134900.0,1947.22,3100.0,1.149
2026-03-30T05:40:55Z,2724667016,1251,Un musicien jouait une mélodie triste dans la rue vide.,55,44,1,50.3235,0.041254,0.382812,0.640625,0.503235,0.043581,0.40625,0.617188,0.006247,0.032239,0.004731,1,50.3479,7.993256,204.556,0.991123,1,0.060337,1,4,16,0.015625,0.001313,-0.010549,0.002402,C-accelerated,138727.11,136200.0,5920.96,4775.0,1.7529
2026-03-30T05:40:55Z,2724667016,1252,Le vent portait l’odeur des pins dans la vallée.,48,44,1,49.3774,0.044585,0.390625,0.640625,0.493774,0.046316,0.40625,0.609375,0.00625,0.029673,0.004759,1,49.469,7.991408,261.457,0.37713,1,0.713557,1,4,16,0.015625,-0.005424,-0.007283,0.003883,C-accelerated,136315.56,135300.0,2888.79,3000.0,1.1086
2026-03-30T05:40:55Z,2724667016,1253,Un chat noir traversa la place silencieuse.,43,44,1,50.5615,0.046466,0.398438,0.648438,0.505615,0.04596,0.382812,0.609375,0.00623,0.028775,0.004693,1,50.3143,7.992001,242.234,0.707243,1,0.081013,1,4,16,0.015625,-0.002092,0.003652,0.005437,C-accelerated,137729.11,135100.0,7534.75,4900.0,1.8135
2026-03-30T05:40:55Z,2724667016,1254,Le train de nuit disparut dans la brume.,40,44,1,50.0183,0.042179,0.359375,0.601562,0.500183,0.042796,0.398438,0.609375,0.00623,0.030665,0.004729,1,50.0977,7.990927,274.63,0.190186,1,0.800525,1,4,16,0.015625,-0.004137,-0.017918,0.012138,C-accelerated,145003.11,143300.0,6632.06,6275.0,2.1895
2026-03-30T05:40:55Z,2724667016,1255,El pequeño pueblo despertó cuando salió el sol.,47,44,1,49.6094,0.042354,0.382812,0.59375,0.496094,0.039572,0.40625,0.59375,0.006263,0.028949,0.004701,1,50.4028,7.991511,259.363,0.412318,1,0.04424,1,4,16,0.015625,-0.005078,-0.010777,0.00958,C-accelerated,138373.78,135900.0,6974.92,6575.0,2.4191
2026-03-30T05:40:55Z,2724667016,1256,Un viajero caminaba por un camino polvoriento.,46,44,1,50.3845,0.042791,0.382812,0.625,0.503845,0.043399,0.40625,0.617188,0.006205,0.030881,0.004741,1,49.7833,7.992278,235.089,0.80948,1,0.042268,1,4,16,0.015625,-0.001031,-0.005388,-0.00391,C-accelerated,134678.22,133500.0,2681.57,4000.0,1.4981
2026-03-30T05:40:55Z,2724667016,1257,La vieja biblioteca guardaba muchos secretos.,45,44,1,50.4089,0.044655,0.351562,0.609375,0.504089,0.045218,0.390625,0.59375,0.006271,0.031387,0.004767,1,49.9878,7.99229,233.623,0.827585,1,0.538566,1,4,16,0.015625,-0.009532,-0.000856,-0.001034,C-accelerated,132442.22,132000.0,1544.58,2475.0,0.9375
2026-03-30T05:40:55Z,2724667016,1258,Una carta misteriosa apareció bajo la puerta.,45,44,1,50.4028,0.045711,0.390625,0.640625,0.504028,0.044377,0.40625,0.609375,0.006145,0.028563,0.004606,1,50.3143,7.991397,262.993,0.352057,1,0.108146,1,4,16,0.015625,0.001733,0.00894,-0.014147,C-accelerated,134842.0,134600.0,1173.2,1200.0,0.4458
2026-03-30T05:40:55Z,2724667016,1259,El faro iluminaba el mar oscuro.,32,44,1,49.4934,0.04218,0.382812,0.601562,0.494934,0.041542,0.390625,0.585938,0.006218,0.028947,0.004694,1,49.6948,7.992035,242.281,0.706509,1,0.096154,1,4,16,0.015625,0.007861,-0.003161,0.00459,C-accelerated,135860.22,135050.0,2011.7,2400.0,0.8886
2026-03-30T05:40:55Z,2724667016,1261,Un niño encontró una llave antigua en el jardín.,48,44,1,49.2371,0.043918,0.375,0.609375,0.492371,0.043514,0.390625,0.609375,0.006252,0.030487,0.004753,1,49.9237,7.990534,286.196,0.08723,1,0.340356,1,4,16,0.015625,-0.007124,0.017703,0.007357,C-accelerated,135150.0,134700.0,1598.63,1700.0,0.631
2026-03-30T05:40:55Z,2724667016,1260,La lluvia cayó lentamente sobre la ciudad.,42,44,1,50.2808,0.04281,0.40625,0.617188,0.502808,0.048962,0.351562,0.625,0.00623,0.030971,0.004696,1,50.0214,7.990629,282.752,0.111955,1,0.248627,1,4,16,0.015625,-0.001446,-0.000327,0.008618,C-accelerated,141590.44,139300.0,6813.66,8600.0,3.0869
2026-03-30T05:40:55Z,2724667016,1262,El viento movía los árboles del valle.,38,44,1,50.1587,0.044606,0.34375,0.601562,0.501587,0.042594,0.375,0.59375,0.006215,0.033319,0.004741,1,50.1648,7.991467,259.084,0.417085,1,0.305376,1,4,16,0.015625,-0.003705,-0.010866,-0.001505,C-accelerated,135729.33,135300.0,1317.18,2300.0,0.85
2026-03-30T05:40:55Z,2724667016,1263,Una canción suave se escuchaba desde la plaza.,46,44,1,50.0305,0.043656,0.40625,0.640625,0.500305,0.038341,0.40625,0.585938,0.006211,0.032307,0.004724,1,50.2472,7.992105,242.374,0.70504,1,0.171244,1,4,16,0.015625,-0.010935,0.002372,-0.00464,C-accelerated,142396.22,139600.0,7350.48,8575.0,3.0713
2026-03-30T05:40:55Z,2724667016,1264,La luna brillaba sobre el río tranquilo.,40,44,1,49.884,0.042355,0.40625,0.617188,0.49884,0.042344,0.375,0.601562,0.006292,0.032862,0.004748,1,49.8962,7.991005,272.489,0.215715,1,1.0,1,4,16,0.015625,0.004669,0.000812,-0.004458,C-accelerated,135206.0,134100.0,3328.99,2600.0,0.9694
2026-03-30T05:40:55Z,2724667016,1265,Der alte Wald war still unter dem grauen Himmel.,48,44,1,49.8535,0.047298,0.390625,0.648438,0.498535,0.043736,0.398438,0.59375,0.006335,0.031268,0.004737,1,50.4089,7.991866,251.497,0.550246,1,0.02505,1,4,16,0.015625,-0.004947,-0.002133,0.00409,C-accelerated,137491.11,137150.0,3002.01,4775.0,1.7408
2026-03-30T05:40:55Z,2724667016,1266,Ein Reisender folgte dem schmalen Weg durch das Tal.,52,44,1,50.5859,0.041719,0.398438,0.617188,0.505859,0.043002,0.40625,0.625,0.006228,0.029042,0.004723,1,49.9542,7.992462,230.551,0.862036,1,0.89381,1,4,16,0.015625,0.004623,0.001303,0.00116,C-accelerated,139251.56,136400.0,6655.21,9050.0,3.3174
2026-03-30T05:40:55Z,2724667016,1267,Im Dorf läutete eine einsame Glocke.,36,44,1,50.0,0.045208,0.40625,0.617188,0.5,0.043531,0.382812,0.59375,0.006158,0.030893,0.004642,1,49.9481,7.991874,249.705,0.581817,1,0.439934,1,4,16,0.015625,-0.00284,-0.004314,-0.001277,C-accelerated,135058.89,134900.0,1130.99,1300.0,0.4818
2026-03-30T05:40:55Z,2724667016,1268,Der Regen fiel langsam auf das Dach des Hauses.,47,44,1,49.8657,0.047089,0.382812,0.609375,0.498657,0.040631,0.390625,0.617188,0.006181,0.028697,0.004712,1,49.9451,7.991448,257.734,0.440333,1,0.321392,1,4,16,0.015625,-0.001897,-0.011566,0.011158,C-accelerated,151360.0,137300.0,28524.36,14300.0,5.2076
2026-03-30T05:40:55Z,2724667016,1269,Ein Junge fand ein altes Buch im Keller.,40,44,1,49.9512,0.041819,0.398438,0.648438,0.499512,0.04159,0.382812,0.609375,0.006174,0.027458,0.004666,1,49.707,7.990928,274.769,0.188593,1,0.52294,1,4,16,0.015625,-0.005069,0.00281,0.004213,C-accelerated,135064.67,134700.0,1855.56,2400.0,0.8909
2026-03-30T05:40:55Z,2724667016,1270,Der Wind bewegte die Bäume am Fluss.,36,44,1,49.8291,0.04127,0.375,0.59375,0.498291,0.042533,0.390625,0.609375,0.006226,0.029866,0.004691,1,49.4476,7.991819,250.1,0.574872,1,0.211652,1,4,16,0.015625,-0.005403,0.001482,-0.003604,C-accelerated,140683.78,138500.0,5559.95,8075.0,2.9152
2026-03-30T05:40:55Z,2724667016,1271,Eine kleine Lampe brannte im Fenster.,37,44,1,49.2859,0.041467,0.382812,0.585938,0.492859,0.044313,0.367188,0.585938,0.006204,0.032423,0.004723,1,50.3235,7.991861,246.609,0.635361,1,0.050631,1,4,16,0.015625,0.002061,-7.6e-05,-0.00037,C-accelerated,135825.56,135700.0,1190.63,1000.0,0.3685
2026-03-30T05:40:55Z,2724667016,1272,Der Zug fuhr durch die dunkle Nacht.,36,44,1,49.8901,0.040709,0.390625,0.625,0.498901,0.046903,0.375,0.664062,0.006234,0.033078,0.004681,1,50.1892,7.99185,248.89,0.596057,1,0.303132,1,4,16,0.015625,-0.000869,0.000134,0.01541,C-accelerated,134000.67,134000.0,1637.42,2400.0,0.8955
2026-03-30T05:40:55Z,2724667016,1273,Ein Künstler malte die ruhige Landschaft.,41,44,1,49.9146,0.042266,0.382812,0.609375,0.499146,0.044583,0.375,0.609375,0.006278,0.031193,0.004724,1,50.3021,7.991609,255.011,0.48803,1,0.122441,1,4,16,0.015625,-0.004123,0.002567,0.018845,C-accelerated,136748.67,135600.0,3347.38,2475.0,0.9126
2026-03-30T05:40:55Z,2724667016,1274,Der Mond spiegelte sich im See.,31,44,1,50.0305,0.040588,0.40625,0.59375,0.500305,0.039262,0.398438,0.625,0.006151,0.031844,0.004678,1,50.1648,7.991749,248.774,0.598084,1,0.564044,1,4,16,0.015625,0.012718,0.007486,0.004866,C-accelerated,142643.56,140200.0,6641.2,7050.0,2.5143
2026-03-30T05:40:55Z,2724667016,1275,Gece sessizdi ve rüzgar eski sokaklarda dolaşıyordu.,52,44,1,50.0793,0.045005,0.375,0.609375,0.500793,0.046352,0.390625,0.617188,0.006276,0.038049,0.004774,1,50.0183,7.990975,274.118,0.196104,1,0.474549,1,4,16,0.015625,-0.009253,-0.007203,0.002453,C-accelerated,134368.67,134200.0,1151.26,975.0,0.3633
2026-03-30T05:40:55Z,2724667016,1276,Küçük kasaba sabah güneşiyle uyanıyordu.,40,44,1,49.9817,0.041033,0.414062,0.632812,0.499817,0.041541,0.398438,0.601562,0.006276,0.032098,0.004724,1,49.942,7.99239,229.9,0.868729,1,0.664415,1,4,16,0.015625,0.011534,-0.004975,0.005849,C-accelerated,135034.44,135200.0,1661.88,1900.0,0.7027
2026-03-30T05:40:55Z,2724667016,1277,Bir yolcu uzun yolda yalnız yürüyordu.,38,44,1,50.1831,0.045664,0.382812,0.625,0.501831,0.042337,0.382812,0.59375,0.006203,0.029533,0.00472,1,50.2655,7.991188,266.647,0.295456,1,0.312174,1,4,16,0.015625,0.008488,0.002804,0.008891,C-accelerated,151509.33,138200.0,29172.51,12550.0,4.5405
2026-03-30T05:40:55Z,2724667016,1278,Yağmur yavaşça çatıların üzerine düşüyordu.,43,44,1,50.0793,0.043255,0.390625,0.609375,0.500793,0.047147,0.375,0.609375,0.006301,0.031859,0.004741,1,50.5676,7.992118,240.815,0.729241,1,0.532287,1,4,16,0.015625,0.008068,0.000555,0.009588,C-accelerated,135873.78,135600.0,1911.04,3100.0,1.1431
2026-03-30T05:40:55Z,2724667016,1279,Deniz feneri karanlık denize bakıyordu.,39,44,1,49.7986,0.040574,0.414062,0.617188,0.497986,0.045316,0.398438,0.601562,0.006233,0.03015,0.004668,1,49.704,7.991942,247.191,0.625428,1,0.071538,1,4,16,0.015625,0.008807,0.009899,0.00868,C-accelerated,139976.0,136700.0,7257.8,7600.0,2.7798
2026-03-30T05:40:55Z,2724667016,1280,Bir çocuk bahçede eski bir anahtar buldu.,41,44,1,49.6216,0.041455,0.398438,0.601562,0.496216,0.045449,0.390625,0.609375,0.006323,0.032215,0.004733,1,50.2228,7.990974,273.233,0.206603,1,0.489402,1,4,16,0.015625,0.004998,-0.001465,-0.012812,C-accelerated,142278.44,141900.0,3029.35,4575.0,1.6121
2026-03-30T05:40:55Z,2724667016,1281,Rüzgar vadideki ağaçları sallıyordu.,36,44,1,49.9146,0.047564,0.367188,0.617188,0.499146,0.044002,0.375,0.617188,0.006222,0.030747,0.004676,1,50.177,7.989975,309.655,0.010862,0,0.699384,1,4,16,0.015625,0.002755,-0.000745,0.003661,C-accelerated,138688.0,135750.0,9104.62,5000.0,1.8416
2026-03-30T05:40:55Z,2724667016,1282,Eski kütüphanede gizli bir kitap vardı.,39,44,1,49.9878,0.040536,0.398438,0.601562,0.499878,0.04569,0.359375,0.625,0.006178,0.028292,0.004635,1,49.7528,7.991151,267.089,0.288932,1,0.0381,1,4,16,0.015625,-0.000517,-0.002943,-0.012845,C-accelerated,134048.67,133600.0,1775.4,2700.0,1.0105
2026-03-30T05:40:55Z,2724667016,1283,Ay gölün üzerinde parlıyordu.,29,44,1,50.2625,0.04238,0.367188,0.601562,0.502625,0.044402,0.390625,0.632812,0.006271,0.032949,0.004773,1,49.9207,7.993282,205.393,0.990037,1,0.848767,1,4,16,0.015625,-0.000931,-0.013195,0.000293,C-accelerated,147305.56,138950.0,17548.18,15400.0,5.5416
2026-03-30T05:40:55Z,2724667016,1284,Tren gece sisinin içinde kayboldu.,34,44,1,50.0977,0.04967,0.375,0.640625,0.500977,0.044784,0.367188,0.601562,0.006188,0.030994,0.004711,1,49.8627,7.991115,273.071,0.208575,1,0.901355,1,4,16,0.015625,-0.000359,-0.004969,0.009378,C-accelerated,135002.44,135100.0,1393.63,1100.0,0.4071
2026-03-30T05:40:55Z,2724667016,1285,الصحراء كانت هادئة تحت ضوء القمر البعيد.,40,44,1,49.6338,0.04741,0.367188,0.601562,0.496338,0.043322,0.382812,0.59375,0.006216,0.033034,0.004731,1,50.1709,7.992097,241.071,0.725329,1,0.567269,1,4,16,0.015625,0.002209,-0.002919,-0.011925,C-accelerated,141252.89,136800.0,10271.67,10500.0,3.8377
2026-03-30T05:40:55Z,2724667016,1286,مسافر وحيد سار في الطريق الطويل بين الرمال.,43,44,1,49.6887,0.042448,0.382812,0.632812,0.496887,0.04034,0.382812,0.601562,0.006261,0.027701,0.004697,1,49.2798,7.991612,257.222,0.449231,1,0.262578,1,4,16,0.015625,-0.004848,-0.009235,-0.001539,C-accelerated,133906.22,133100.0,2279.93,2600.0,0.9767
2026-03-30T05:40:55Z,2724667016,1287,الريح حملت حكايات قديمة عبر الوادي.,35,44,1,49.8718,0.048384,0.382812,0.59375,0.498718,0.04151,0.359375,0.609375,0.006236,0.02989,0.004728,1,50.2502,7.991377,261.597,0.374823,1,0.13441,1,4,16,0.015625,-0.002762,-0.008303,0.00959,C-accelerated,142820.0,139200.0,10404.39,8075.0,2.9005
2026-03-30T05:40:55Z,2724667016,1288,مدينة صغيرة استيقظت مع شروق الشمس.,34,44,1,50.1282,0.048836,0.375,0.617188,0.501282,0.047126,0.367188,0.601562,0.006205,0.029027,0.004692,1,50.1801,7.991671,253.335,0.517681,1,0.072292,1,4,16,0.015625,0.005197,-0.007839,-0.010777,C-accelerated,133930.22,134000.0,1736.14,2700.0,1.0075
2026-03-30T05:40:55Z,2724667016,1289,رجل عجوز جلس قرب النهر يتذكر الماضي.,36,44,1,49.3896,0.045512,0.382812,0.601562,0.493896,0.040547,0.40625,0.59375,0.006288,0.030118,0.004704,1,49.9084,7.992216,237.324,0.779906,1,0.931616,1,4,16,0.015625,0.005055,0.001403,0.008971,C-accelerated,154867.78,149350.0,17179.51,27025.0,9.0475
2026-03-30T05:40:55Z,2724667016,1290,طفل وجد مفتاحا قديما في الحديقة.,32,44,1,50.3479,0.042554,0.40625,0.609375,0.503479,0.041002,0.414062,0.617188,0.006229,0.029684,0.004718,1,49.8444,7.992968,213.609,0.972104,1,0.685315,1,4,16,0.015625,0.008761,-0.00452,-0.006355,C-accelerated,137517.56,137900.0,2514.39,4000.0,1.4503
2026-03-30T05:40:55Z,2724667016,1291,مكتبة قديمة كانت مليئة بالكتب الغامضة.,38,44,1,50.1343,0.04339,0.382812,0.601562,0.501343,0.046293,0.398438,0.648438,0.006257,0.030386,0.004683,1,50.4028,7.990842,279.401,0.140713,1,0.958178,1,4,16,0.015625,-0.00852,-0.000232,0.002986,C-accelerated,136431.33,136200.0,2238.17,2700.0,0.9912
2026-03-30T05:40:55Z,2724667016,1292,الأمطار سقطت بهدوء فوق البيوت.,30,44,1,49.6765,0.048244,0.375,0.625,0.496765,0.043052,0.390625,0.609375,0.006182,0.030695,0.004683,1,50.4547,7.992028,242.909,0.696533,1,0.756656,1,4,16,0.015625,-0.00614,-0.003122,-0.006218,C-accelerated,136638.67,135800.0,2686.11,3300.0,1.215
2026-03-30T05:40:55Z,2724667016,1293,مصباح صغير كان يضيء النافذة.,28,44,1,50.1343,0.044378,0.398438,0.640625,0.501343,0.042591,0.375,0.617188,0.00632,0.034963,0.004755,1,50.3021,7.990758,282.007,0.117932,1,0.749416,1,4,16,0.015625,0.007539,0.008338,-0.000764,C-accelerated,142574.67,138700.0,9655.55,7500.0,2.7037
2026-03-30T05:40:55Z,2724667016,1294,قارب خشبي تحرك ببطء فوق الماء.,30,44,1,50.1221,0.043678,0.398438,0.609375,0.501221,0.044724,0.382812,0.601562,0.006237,0.030424,0.004753,1,49.6643,7.991556,255.337,0.482282,1,0.830134,1,4,16,0.015625,-0.010436,0.005151,0.000801,C-accelerated,136821.56,136700.0,3236.96,4575.0,1.6734
2026-03-30T05:40:55Z,2724667016,1295,রাতের নৌকাটি ধীরে ধীরে নদীর স্রোতে ভাসছিল।,42,44,1,50.1831,0.047426,0.367188,0.601562,0.501831,0.047022,0.375,0.609375,0.006185,0.028729,0.004682,1,50.1801,7.991833,249.286,0.589151,1,0.837576,1,4,16,0.015625,-0.002951,0.001893,0.00156,C-accelerated,145306.0,142900.0,7339.92,8750.0,3.0616
2026-03-30T05:40:55Z,2724667016,1296,একটি পুরোনো বাড়ির দরজা হঠাৎ বাতাসে খুলে গেল।,44,44,1,49.9939,0.048145,0.375,0.632812,0.499939,0.0408,0.34375,0.609375,0.006231,0.032983,0.00468,1,50.2167,7.99154,257.548,0.443564,1,0.377802,1,4,16,0.015625,-0.005805,0.002968,0.009122,C-accelerated,137474.44,137100.0,1604.06,2100.0,0.7659
2026-03-30T05:40:55Z,2724667016,1298,শহরের শেষে একটি ছোট্ট চায়ের দোকান ছিল।,38,44,1,50.1404,0.045684,0.367188,0.625,0.501404,0.046275,0.390625,0.632812,0.006282,0.031644,0.004733,1,50.4639,7.991481,258.618,0.425064,1,0.406814,1,4,16,0.015625,0.003916,0.000359,0.010154,C-accelerated,138175.11,137700.0,2283.17,2300.0,0.8351
2026-03-30T05:40:55Z,2724667016,1297,ছেলেটি আকাশের দিকে তাকিয়ে দীর্ঘক্ষণ ভাবছিল।,43,44,1,50.2197,0.045533,0.367188,0.632812,0.502197,0.047431,0.351562,0.625,0.006201,0.031893,0.004719,1,49.7955,7.991372,261.783,0.371756,1,0.72783,1,4,16,0.015625,-0.0002,-0.003066,0.0076,C-accelerated,153048.89,142750.0,22864.53,12675.0,4.4396
2026-03-30T05:40:55Z,2724667016,1299,বৃষ্টির পর মাটির গন্ধ চারদিকে ছড়িয়ে পড়ল।,40,44,1,49.6887,0.038822,0.398438,0.609375,0.496887,0.047081,0.367188,0.617188,0.006243,0.032377,0.004767,1,50.1831,7.9918,250.007,0.576508,1,0.274959,1,4,16,0.015625,0.00492,-0.009534,0.009798,C-accelerated,137880.89,137900.0,1007.43,900.0,0.3263
2026-03-30T05:40:55Z,2724667016,1300,একজন কবি নদীর ধারে বসে লিখছিল।,30,44,1,50.6287,0.045733,0.398438,0.625,0.506287,0.043058,0.382812,0.609375,0.006208,0.028764,0.004698,1,50.1892,7.992556,226.362,0.901325,1,0.165354,1,4,16,0.015625,0.006777,-0.004613,4.7e-05,C-accelerated,139978.22,136700.0,8768.02,3275.0,1.1979
2026-03-30T05:40:55Z,2724667016,1301,সন্ধ্যার আলো ধীরে ধীরে মিলিয়ে গেল।,34,44,1,50.1892,0.045352,0.390625,0.664062,0.501892,0.047288,0.382812,0.640625,0.006212,0.029654,0.004719,1,49.7345,7.992181,238.65,0.761264,1,0.742198,1,4,16,0.015625,0.003583,0.003895,-0.001116,C-accelerated,147006.44,138800.0,20615.5,10550.0,3.8004
2026-03-30T05:40:55Z,2724667016,1302,একটি পাখি জানালার পাশে বসেছিল।,30,44,1,49.6521,0.045153,0.359375,0.617188,0.496521,0.045005,0.375,0.601562,0.006168,0.034724,0.004669,1,50.1068,7.991825,249.728,0.581409,1,0.21871,1,4,16,0.015625,-9e-06,-0.005411,0.00438,C-accelerated,135605.78,135200.0,1748.11,1900.0,0.7027
2026-03-30T05:40:55Z,2724667016,1303,পুরোনো সেতুর নিচে জল ধীরে বইছিল।,32,44,1,50.0183,0.040187,0.382812,0.609375,0.500183,0.044015,0.40625,0.609375,0.00619,0.027716,0.004693,1,49.9084,7.992051,242.979,0.695416,1,0.057151,1,4,16,0.015625,0.001447,-0.005381,-0.003448,C-accelerated,134981.11,135000.0,1029.14,1400.0,0.5185
2026-03-30T05:40:55Z,2724667016,1304,গ্রামের পথ ধরে একটি সাইকেল চলছিল।,33,44,1,50.3418,0.045844,0.382812,0.632812,0.503418,0.041395,0.375,0.59375,0.00617,0.029291,0.004616,1,50.3235,7.992458,229.993,0.867786,1,0.181926,1,4,16,0.015625,-0.005097,0.008031,-0.010794,C-accelerated,136516.44,136300.0,1081.62,1100.0,0.4035
2026-03-30T05:40:55Z,2724667016,1305,Туман покрывал реку ранним утром.,33,44,1,49.4934,0.046749,0.382812,0.617188,0.494934,0.038318,0.421875,0.601562,0.006285,0.029044,0.004683,1,49.5911,7.991734,252.847,0.526343,1,0.039448,1,4,16,0.015625,0.00082,-0.001087,0.008203,C-accelerated,138606.0,137400.0,6708.22,5100.0,1.8559
2026-03-30T05:40:55Z,2724667016,1306,Старик рассказывал историю у костра.,36,44,1,50.3113,0.041228,0.390625,0.625,0.503113,0.041643,0.398438,0.625,0.006208,0.029713,0.004764,1,50.0641,7.991988,244.073,0.677717,1,0.513678,1,4,16,0.015625,-0.012328,-0.007491,0.004078,C-accelerated,141302.67,137000.0,10552.42,5875.0,2.1442
2026-03-30T05:40:55Z,2724667016,1307,Путник остановился возле старого моста.,39,44,1,50.2197,0.041328,0.398438,0.625,0.502197,0.049651,0.351562,0.617188,0.006225,0.033235,0.004686,1,49.6948,7.991435,263.133,0.349812,1,0.950583,1,4,16,0.015625,-0.001285,0.018988,0.000917,C-accelerated,134853.33,134900.0,1103.09,1100.0,0.4077
2026-03-30T05:40:55Z,2724667016,1308,Луна медленно поднималась над лесом.,36,44,1,50.0793,0.045353,0.398438,0.625,0.500793,0.045553,0.390625,0.640625,0.006214,0.030873,0.004742,1,50.0793,7.991339,265.996,0.305205,1,0.674834,1,4,16,0.015625,0.008604,-0.00317,0.006209,C-accelerated,140346.89,139700.0,3841.52,5000.0,1.7895
2026-03-30T05:40:55Z,2724667016,1309,Ветер гулял по пустым улицам.,29,44,1,49.5911,0.044932,0.359375,0.617188,0.495911,0.047751,0.382812,0.601562,0.006288,0.028892,0.004734,1,49.8291,7.991682,252.172,0.538301,1,0.554422,1,4,16,0.015625,0.006086,0.000587,0.009241,C-accelerated,141447.11,137700.0,9172.01,10800.0,3.9216
2026-03-30T05:40:55Z,2724667016,1310,Девочка читала книгу у окна.,28,44,1,49.2615,0.039297,0.398438,0.570312,0.492615,0.047954,0.367188,0.617188,0.00631,0.02757,0.004723,1,50.058,7.991849,248.844,0.596868,1,0.193095,1,4,16,0.015625,0.01149,-0.005429,0.004782,C-accelerated,133862.89,134000.0,1697.63,2600.0,0.9701
2026-03-30T05:40:55Z,2724667016,1311,Ночная дорога была тихой и длинной.,35,44,1,49.7986,0.043457,0.390625,0.65625,0.497986,0.04132,0.414062,0.601562,0.006208,0.032837,0.004694,1,50.1831,7.993233,206.208,0.988876,1,0.573746,1,4,16,0.015625,-0.006851,0.016882,0.002665,C-accelerated,141996.22,138500.0,7690.65,9000.0,3.2491
2026-03-30T05:40:55Z,2724667016,1312,Поезд исчез в темном туннеле.,29,44,1,50.0061,0.044178,0.390625,0.617188,0.500061,0.045654,0.359375,0.609375,0.00626,0.029262,0.0047,1,50.2319,7.990471,291.06,0.059811,1,0.330786,1,4,16,0.015625,-0.000221,-0.001357,0.003814,C-accelerated,138960.44,135600.0,8075.94,7175.0,2.6456
2026-03-30T05:40:55Z,2724667016,1313,Колокол звучал над маленькой деревней.,38,44,1,49.5056,0.042375,0.382812,0.609375,0.495056,0.046383,0.398438,0.632812,0.006275,0.033074,0.004763,1,49.6765,7.992118,240.884,0.728176,1,0.406814,1,4,16,0.015625,0.006073,0.000391,-0.003917,C-accelerated,134516.89,133700.0,1888.22,2900.0,1.0845
2026-03-30T05:40:55Z,2724667016,1314,Звезды отражались в спокойном озере.,36,44,1,50.5798,0.043774,0.382812,0.609375,0.505798,0.046304,0.40625,0.617188,0.006257,0.030529,0.004742,1,49.5361,7.992405,229.62,0.871532,1,0.616675,1,4,16,0.015625,-0.014975,0.002663,-0.014545,C-accelerated,134847.11,134500.0,1803.77,2600.0,0.9665
2026-03-30T05:40:55Z,2724667016,1315,The night train moved quietly through the fog.,46,44,1,49.9268,0.043239,0.367188,0.59375,0.499268,0.041287,0.375,0.585938,0.006362,0.034177,0.004824,1,50.4883,7.992524,227.852,0.888365,1,0.328421,1,4,16,0.015625,-0.009734,-0.00166,-0.001221,C-accelerated,135634.22,135300.0,1858.92,2075.0,0.7668
2026-03-30T05:40:55Z,2724667016,1316,A lonely cabin stood beside the frozen lake.,44,44,1,49.9207,0.043133,0.390625,0.601562,0.499207,0.042956,0.390625,0.625,0.006252,0.034219,0.004693,1,49.8199,7.991758,249.844,0.579368,1,0.203063,1,4,16,0.015625,0.003487,-0.007807,-0.00093,C-accelerated,138707.11,136550.0,6127.23,5875.0,2.1512
2026-03-30T05:40:55Z,2724667016,1317,The wind carried leaves across the empty road.,46,44,1,50.5127,0.04408,0.40625,0.609375,0.505127,0.046265,0.382812,0.617188,0.006133,0.029973,0.004642,1,50.2625,7.991044,274.537,0.191253,1,0.046815,1,4,16,0.015625,-0.003008,0.001065,-0.003045,C-accelerated,135592.44,134700.0,2508.81,3875.0,1.4384
2026-03-30T05:40:55Z,2724667016,1318,An old clock ticked inside the silent house.,44,44,1,50.0732,0.042951,0.382812,0.617188,0.500732,0.041195,0.40625,0.617188,0.006206,0.031947,0.00471,1,49.9603,7.990395,292.131,0.05483,1,0.357525,1,4,16,0.015625,-0.002389,-0.004894,-0.009328,C-accelerated,136619.78,137000.0,1637.18,1800.0,0.6569
2026-03-30T05:40:55Z,2724667016,1319,A fisherman waited patiently by the river.,42,44,1,49.8596,0.040139,0.398438,0.609375,0.498596,0.041735,0.398438,0.609375,0.006254,0.030034,0.004708,1,50.4395,7.992097,240.815,0.729241,1,0.171244,1,4,16,0.015625,-0.008548,0.005676,-0.003235,C-accelerated,135722.67,135400.0,2092.17,2000.0,0.7386
2026-03-30T05:40:55Z,2724667016,1320,The sky slowly turned orange at dawn.,37,44,1,50.7996,0.042472,0.382812,0.65625,0.507996,0.04537,0.367188,0.617188,0.006201,0.029183,0.004741,1,50.2258,7.99137,264.064,0.335003,1,0.471609,1,4,16,0.015625,0.007554,0.01061,0.004165,C-accelerated,135647.33,135700.0,1806.26,3300.0,1.2159
2026-03-30T05:40:55Z,2724667016,1321,A small dog followed the traveler down the hill.,48,44,1,50.3601,0.043574,0.382812,0.617188,0.503601,0.041038,0.382812,0.601562,0.006178,0.031845,0.004644,1,50.0397,7.990847,281.891,0.118887,1,0.398773,1,4,16,0.015625,0.014348,-0.006235,0.004363,C-accelerated,141189.56,137200.0,8907.7,7675.0,2.797
2026-03-30T05:40:55Z,2724667016,1322,A lantern flickered in the distant valley.,42,44,1,50.47,0.045777,0.382812,0.585938,0.5047,0.043216,0.390625,0.625,0.006232,0.028807,0.004673,1,49.9451,7.990463,291.619,0.057168,1,0.620035,1,4,16,0.015625,0.003509,0.003818,0.004907,C-accelerated,133889.11,133800.0,1386.01,2400.0,0.8969
2026-03-30T05:40:55Z,2724667016,1323,The rain began to fall over the quiet town.,43,44,1,49.9756,0.043156,0.382812,0.585938,0.499756,0.04215,0.390625,0.609375,0.006212,0.033192,0.004695,1,49.9084,7.991505,260.015,0.40126,1,0.623403,1,4,16,0.015625,0.005081,0.002017,0.012994,C-accelerated,139706.22,139000.0,6885.57,1275.0,0.4586
2026-03-30T05:40:55Z,2724667016,1324,A forgotten path disappeared into the forest.,45,44,1,49.7803,0.046188,0.398438,0.617188,0.497803,0.045919,0.414062,0.625,0.006256,0.029156,0.004671,1,50.4669,7.991553,256.337,0.464687,1,0.087878,1,4,16,0.015625,-0.003891,7.3e-05,-0.002472,C-accelerated,133994.67,133900.0,1190.94,1200.0,0.4481
2026-03-30T05:40:55Z,2724667016,1325,Le vent froid passait entre les maisons anciennes.,50,44,1,50.2747,0.042112,0.390625,0.609375,0.502747,0.044555,0.398438,0.640625,0.006265,0.031381,0.004673,1,50.3571,7.99175,251.334,0.553126,1,0.28343,1,4,16,0.015625,3.7e-05,-0.00971,-0.005812,C-accelerated,139548.22,136950.0,6488.14,8600.0,3.1398
2026-03-30T05:40:55Z,2724667016,1326,Une lumière faible brillait au sommet de la colline.,52,44,1,49.7253,0.041301,0.40625,0.59375,0.497253,0.042652,0.398438,0.59375,0.006283,0.029287,0.004704,1,49.8108,7.990739,283.823,0.103763,1,0.796843,1,4,16,0.015625,0.008036,0.003293,-0.000615,C-accelerated,141694.44,138950.0,7487.97,7675.0,2.7618
2026-03-30T05:40:55Z,2724667016,1327,Un homme lisait tranquillement près du feu.,43,44,1,49.5239,0.043948,0.390625,0.59375,0.495239,0.048152,0.367188,0.632812,0.006169,0.028113,0.004714,1,50.0854,7.990895,276.585,0.168678,1,0.516756,1,4,16,0.015625,-0.001617,-0.003988,-0.003083,C-accelerated,136168.22,136000.0,1056.78,1000.0,0.3676
2026-03-30T05:40:55Z,2724667016,1328,Le chemin étroit descendait vers la rivière.,44,44,1,49.6216,0.040595,0.382812,0.617188,0.496216,0.044043,0.351562,0.585938,0.006329,0.029798,0.004722,1,50.3479,7.993757,190.08,0.999134,1,0.529162,1,4,16,0.015625,-0.001357,-0.003386,0.000737,C-accelerated,135009.78,134650.0,1181.73,1800.0,0.6684
2026-03-30T05:40:55Z,2724667016,1329,La nuit était claire et pleine d’étoiles.,41,44,1,50.5676,0.043286,0.40625,0.625,0.505676,0.040048,0.414062,0.601562,0.006317,0.03155,0.004717,1,49.8474,7.991423,259.898,0.403228,1,0.796843,1,4,16,0.015625,-0.003385,-0.001839,-0.001948,C-accelerated,137136.67,135400.0,5356.83,3400.0,1.2555
2026-03-30T05:40:55Z,2724667016,1330,Un bateau dérivait lentement sur l’eau sombre.,46,44,1,50.0916,0.043778,0.382812,0.625,0.500916,0.047628,0.359375,0.617188,0.006208,0.038311,0.004693,1,49.8688,7.99163,255.639,0.476952,1,0.445601,1,4,16,0.015625,0.00478,0.003138,0.00757,C-accelerated,136653.56,133900.0,6854.54,4200.0,1.5683
2026-03-30T05:40:55Z,2724667016,1331,La vieille tour observait la vallée silencieuse.,48,44,1,50.0061,0.044016,0.382812,0.601562,0.500061,0.04087,0.390625,0.601562,0.006307,0.028062,0.004726,1,50.0366,7.993054,211.421,0.978418,1,0.596686,1,4,16,0.015625,0.001833,-0.005565,0.002245,C-accelerated,135477.78,135500.0,760.9,1000.0,0.369
2026-03-30T05:40:55Z,2724667016,1332,Un écrivain remplissait les pages de son carnet.,48,44,1,49.8413,0.04584,0.351562,0.601562,0.498413,0.035819,0.40625,0.59375,0.006155,0.033837,0.004695,1,50.2899,7.992152,237.696,0.774752,1,0.72783,1,4,16,0.015625,-0.000995,0.007532,-0.00278,C-accelerated,134753.33,135400.0,1705.34,2300.0,0.8493
2026-03-30T05:40:55Z,2724667016,1333,La pluie arrivait depuis les montagnes.,39,44,1,50.3601,0.042656,0.429688,0.625,0.503601,0.043332,0.375,0.617188,0.006294,0.031789,0.004706,1,50.1953,7.990365,292.806,0.051868,1,0.417685,1,4,16,0.015625,0.007367,-0.005431,0.00132,C-accelerated,137594.44,135000.0,8237.79,4200.0,1.5556
2026-03-30T05:40:55Z,2724667016,1334,Une cloche sonnait au loin.,27,44,1,49.3835,0.045749,0.367188,0.609375,0.493835,0.045056,0.351562,0.601562,0.006221,0.029581,0.004672,1,50.2014,7.990136,300.3,0.026977,0,0.946787,1,4,16,0.015625,0.002514,-0.00753,-0.006285,C-accelerated,134836.67,134000.0,2549.3,2800.0,1.0448
2026-03-30T05:40:55Z,2724667016,1335,El viento movía lentamente las hojas del bosque.,48,44,1,50.1282,0.046433,0.390625,0.617188,0.501282,0.045447,0.375,0.609375,0.006262,0.03003,0.004733,1,50.2502,7.990839,278.097,0.153216,1,0.833854,1,4,16,0.015625,-0.010335,-0.00517,-0.004528,C-accelerated,136489.11,136000.0,2125.09,2300.0,0.8456
2026-03-30T05:40:55Z,2724667016,1336,Un pescador esperaba en silencio junto al río.,46,44,1,50.2808,0.041105,0.375,0.609375,0.502808,0.045552,0.40625,0.601562,0.006217,0.028828,0.004651,1,50.1007,7.991868,247.028,0.628216,1,0.471609,1,4,16,0.015625,0.009787,0.008302,0.005685,C-accelerated,139021.56,136800.0,5342.36,5075.0,1.8549
2026-03-30T05:40:55Z,2724667016,1337,La luna iluminaba el camino antiguo.,36,44,1,50.6653,0.043892,0.398438,0.601562,0.506653,0.044076,0.398438,0.625,0.006131,0.030626,0.004593,1,50.2838,7.991854,247.284,0.623832,1,0.417685,1,4,16,0.015625,-0.00727,0.01382,0.008006,C-accelerated,136702.0,134750.0,6695.27,4675.0,1.7347
2026-03-30T05:40:55Z,2724667016,1338,Un viajero descansaba cerca de un árbol.,40,44,1,50.7996,0.046193,0.40625,0.617188,0.507996,0.045768,0.390625,0.648438,0.006258,0.036246,0.004735,1,50.2014,7.99095,274.746,0.188858,1,0.140724,1,4,16,0.015625,-0.008822,-0.005916,0.005431,C-accelerated,137254.44,136600.0,2647.62,2900.0,1.0615
2026-03-30T05:40:55Z,2724667016,1339,La ciudad dormía bajo la lluvia.,32,44,1,49.585,0.039991,0.398438,0.617188,0.49585,0.047259,0.390625,0.609375,0.006172,0.029153,0.004762,1,49.8322,7.991979,244.538,0.670075,1,0.674834,1,4,16,0.015625,0.012097,0.002393,0.005665,C-accelerated,144809.56,139600.0,12138.33,13050.0,4.6741
2026-03-30T05:40:55Z,2724667016,1340,Un perro pequeño corría por la calle vacía.,43,44,1,50.0916,0.042282,0.367188,0.632812,0.500916,0.044758,0.367188,0.609375,0.006189,0.032479,0.004695,1,49.4171,7.991582,253.545,0.513969,1,0.360022,1,4,16,0.015625,-0.005444,0.006948,-0.000183,C-accelerated,135405.11,135100.0,1855.54,900.0,0.3331
2026-03-30T05:40:55Z,2724667016,1341,El tren pasó rápidamente por la estación.,41,44,1,49.823,0.040621,0.40625,0.609375,0.49823,0.04588,0.390625,0.625,0.006196,0.035013,0.004717,1,50.6256,7.992805,219.287,0.948662,1,0.281296,1,4,16,0.015625,-0.004322,-0.007274,0.000514,C-accelerated,137128.44,136700.0,2905.48,5175.0,1.8928
2026-03-30T05:40:55Z,2724667016,1342,Una luz apareció en la colina lejana.,37,44,1,50.2747,0.040743,0.390625,0.632812,0.502747,0.046039,0.367188,0.609375,0.006256,0.031847,0.004802,1,50.1862,7.991387,263.343,0.346456,1,0.72783,1,4,16,0.015625,0.000817,0.001234,0.001954,C-accelerated,140232.0,137350.0,6461.92,5875.0,2.1387
2026-03-30T05:40:55Z,2724667016,1343,El lago estaba tranquilo como un espejo.,40,44,1,50.3906,0.039463,0.40625,0.617188,0.503906,0.045523,0.414062,0.632812,0.006286,0.030761,0.004692,1,50.3235,7.990881,276.445,0.170157,1,0.2205,1,4,16,0.015625,0.001268,0.007779,0.003707,C-accelerated,145204.22,139700.0,12297.09,11525.0,4.1249
2026-03-30T05:40:55Z,2724667016,1344,Las estrellas brillaban sobre la montaña.,41,44,1,50.2319,0.049424,0.382812,0.648438,0.502319,0.044079,0.375,0.59375,0.006197,0.028729,0.0047,1,50.3479,7.990073,306.42,0.015051,0,0.071538,1,4,16,0.015625,5.7e-05,0.011968,0.000202,C-accelerated,147526.89,139300.0,19605.86,10575.0,3.7958
2026-03-30T05:40:55Z,2724667016,1345,Der Morgen begann ruhig im kleinen Dorf.,40,44,1,50.2502,0.044953,0.421875,0.609375,0.502502,0.047861,0.375,0.617188,0.006308,0.029138,0.004732,1,50.0092,7.990332,293.504,0.048943,0,0.237089,1,4,16,0.015625,0.003572,0.009661,0.004793,C-accelerated,140425.56,137850.0,6753.31,8500.0,3.0831
2026-03-30T05:40:55Z,2724667016,1346,Ein Vogel sang auf dem alten Baum.,34,44,1,49.6643,0.043374,0.367188,0.609375,0.496643,0.047257,0.382812,0.617188,0.006193,0.032334,0.00471,1,49.6368,7.991679,251.985,0.541598,1,0.95438,1,4,16,0.015625,-0.006289,0.010437,0.001575,C-accelerated,135058.22,135100.0,1495.74,1900.0,0.7032
2026-03-30T05:40:55Z,2724667016,1347,Der Fluss floss langsam durch das Tal.,38,44,1,49.6216,0.044602,0.414062,0.632812,0.496216,0.043923,0.375,0.59375,0.006138,0.029069,0.004687,1,49.4019,7.992219,236.649,0.789087,1,0.347648,1,4,16,0.015625,0.009794,0.003569,0.0021,C-accelerated,151208.44,141400.0,22044.08,19275.0,6.8158
2026-03-30T05:40:55Z,2724667016,1348,Ein Mann schrieb Notizen in sein Tagebuch.,42,44,1,49.6033,0.044538,0.40625,0.617188,0.496033,0.045617,0.359375,0.617188,0.006263,0.030156,0.004747,1,49.9908,7.990148,301.068,0.025133,0,0.988589,1,4,16,0.015625,0.003405,0.002977,0.011751,C-accelerated,142528.44,136600.0,14282.25,7775.0,2.8459
2026-03-30T05:40:55Z,2724667016,1349,Die Nacht war dunkel und still.,31,44,1,49.7009,0.040585,0.40625,0.625,0.497009,0.042288,0.367188,0.609375,0.006233,0.029492,0.004765,1,50.0,7.992532,226.455,0.900547,1,0.706458,1,4,16,0.015625,0.001167,-0.002862,-0.012546,C-accelerated,138026.44,135800.0,6214.61,5475.0,2.0158
2026-03-30T05:40:55Z,2724667016,1350,Der Wind kam von den Bergen.,28,44,1,50.1038,0.039745,0.382812,0.609375,0.501038,0.041689,0.40625,0.609375,0.006187,0.030967,0.004704,1,49.4263,7.991624,255.988,0.470813,1,0.695857,1,4,16,0.015625,-0.001252,-0.008761,0.010067,C-accelerated,140785.78,139100.0,7184.12,3275.0,1.1772
2026-03-30T05:40:55Z,2724667016,1351,Ein Licht erschien am Ende des Weges.,37,44,1,50.5493,0.046213,0.390625,0.640625,0.505493,0.045673,0.382812,0.617188,0.006316,0.029807,0.004742,1,49.5117,7.991458,261.807,0.371373,1,0.674834,1,4,16,0.015625,0.003447,0.00046,0.000395,C-accelerated,159610.89,137050.0,40512.04,25950.0,9.4673
2026-03-30T05:40:55Z,2724667016,1352,Die Tür des Hauses knarrte leise.,33,44,1,50.4639,0.041529,0.414062,0.609375,0.504639,0.04517,0.367188,0.59375,0.00627,0.029927,0.004716,1,49.826,7.991441,259.014,0.418279,1,0.268719,1,4,16,0.015625,-0.00572,0.01027,0.002095,C-accelerated,134755.78,134400.0,1373.92,2100.0,0.7812
2026-03-30T05:40:55Z,2724667016,1353,Der Mond stand hoch über dem Wald.,34,44,1,49.408,0.046556,0.375,0.640625,0.49408,0.045015,0.398438,0.625,0.006239,0.031334,0.004741,1,50.1801,7.992188,237.51,0.777337,1,0.580258,1,4,16,0.015625,-0.002938,0.006396,0.006559,C-accelerated,134482.22,134300.0,1849.03,2600.0,0.968
2026-03-30T05:40:55Z,2724667016,1354,Der Regen begann plötzlich zu fallen.,37,44,1,49.884,0.043838,0.398438,0.625,0.49884,0.040748,0.390625,0.585938,0.006191,0.029042,0.004694,1,50.4913,7.992861,216.96,0.959632,1,0.050631,1,4,16,0.015625,0.002335,-0.005029,0.002508,C-accelerated,140946.67,137950.0,8100.05,6975.0,2.5281
2026-03-30T05:40:55Z,2724667016,1355,Gece boyunca yağmur durmadan yağdı.,35,44,1,49.8169,0.035406,0.414062,0.609375,0.498169,0.039866,0.382812,0.617188,0.006161,0.032273,0.004684,1,49.9329,7.992074,240.768,0.729949,1,1.0,1,4,16,0.015625,0.002065,-0.007959,0.000892,C-accelerated,140327.33,136300.0,9906.96,3675.0,1.3481
2026-03-30T05:40:55Z,2724667016,1356,Bir yolcu dağın tepesine doğru yürüdü.,38,44,1,50.2441,0.047177,0.390625,0.617188,0.502441,0.043342,0.40625,0.625,0.006234,0.033813,0.004671,1,49.5239,7.991619,256.57,0.46061,1,0.154034,1,4,16,0.015625,0.006568,0.002998,-0.000592,C-accelerated,135216.67,134600.0,2059.79,3500.0,1.3001
2026-03-30T05:40:55Z,2724667016,1357,Kasaba sabah sessizliğinde uyuyordu.,36,44,1,50.2991,0.040796,0.421875,0.59375,0.502991,0.044389,0.359375,0.632812,0.00621,0.029419,0.004662,1,49.8749,7.993226,206.324,0.988701,1,0.554422,1,4,16,0.015625,0.002014,-0.006878,-0.003916,C-accelerated,135822.22,135200.0,1992.51,3000.0,1.1095
2026-03-30T05:40:55Z,2724667016,1358,Bir kuş eski ağacın dalında şarkı söyledi.,42,44,1,50.0244,0.044505,0.359375,0.625,0.500244,0.045228,0.390625,0.625,0.00626,0.029773,0.004812,1,49.6857,7.991154,270.743,0.238031,1,0.713557,1,4,16,0.015625,-0.01028,-0.014448,0.005864,C-accelerated,139031.78,136400.0,7351.91,6100.0,2.2361
2026-03-30T05:40:55Z,2724667016,1359,Deniz sakin ve gri görünüyordu.,31,44,1,49.4507,0.043183,0.367188,0.625,0.494507,0.043743,0.390625,0.601562,0.006144,0.033566,0.004662,1,49.939,7.991056,272.279,0.218322,1,0.867483,1,4,16,0.015625,-0.005363,0.010713,0.000742,C-accelerated,138944.44,136300.0,6385.1,6100.0,2.2377
2026-03-30T05:40:55Z,2724667016,1360,Bir çocuk eski haritayı dikkatle inceledi.,42,44,1,50.0793,0.047359,0.390625,0.65625,0.500793,0.046403,0.34375,0.609375,0.006256,0.031794,0.004688,1,50.0702,7.991299,266.74,0.294076,1,0.671354,1,4,16,0.015625,-0.005259,-0.002362,-0.00858,C-accelerated,134888.67,135100.0,1374.6,2000.0,0.7402
2026-03-30T05:40:55Z,2724667016,1361,Uzaktaki ışık yavaşça kayboldu.,31,44,1,49.3286,0.037882,0.382812,0.578125,0.493286,0.045583,0.351562,0.601562,0.00613,0.032501,0.004714,1,50.296,7.991698,251.217,0.555183,1,0.459947,1,4,16,0.015625,-0.007928,-0.000854,0.00388,C-accelerated,140556.0,140100.0,6215.39,11250.0,4.015
2026-03-30T05:40:55Z,2724667016,1362,Rüzgar boş sokaklardan geçti.,29,44,1,49.2065,0.041992,0.375,0.59375,0.492065,0.048327,0.351562,0.617188,0.006212,0.028578,0.004713,1,50.2899,7.992415,231.436,0.852607,1,0.541719,1,4,16,0.015625,-0.006559,-0.005023,-0.008648,C-accelerated,140267.11,140400.0,3793.17,5600.0,1.9943
2026-03-30T05:40:55Z,2724667016,1363,Ay bulutların arasından çıktı.,30,44,1,49.5239,0.041995,0.414062,0.617188,0.495239,0.039236,0.398438,0.570312,0.006229,0.034273,0.004724,1,49.5911,7.99274,221.917,0.933671,1,0.667881,1,4,16,0.015625,0.009917,0.002247,0.001446,C-accelerated,140573.56,137800.0,6346.32,8475.0,3.0751
2026-03-30T05:40:55Z,2724667016,1364,Küçük tekne gölde ilerledi.,27,44,1,50.6836,0.041178,0.40625,0.601562,0.506836,0.041513,0.414062,0.617188,0.006119,0.029055,0.004674,1,49.588,7.991794,248.355,0.605363,1,0.647195,1,4,16,0.015625,-0.006678,0.01693,-0.000982,C-accelerated,135246.0,135300.0,1092.33,700.0,0.2587
2026-03-30T05:40:55Z,2724667016,1365,المدينة القديمة كانت صامتة في الليل.,36,44,1,49.6887,0.046531,0.382812,0.640625,0.496887,0.042448,0.398438,0.609375,0.006276,0.033412,0.00477,1,49.5972,7.99236,233.181,0.832836,1,0.667881,1,4,16,0.015625,0.001646,0.008545,-0.004027,C-accelerated,138323.33,135700.0,8306.86,3075.0,1.133
2026-03-30T05:40:55Z,2724667016,1366,القمر أضاء الطريق الضيق بين البيوت.,35,44,1,50.3235,0.046359,0.390625,0.625,0.503235,0.051578,0.359375,0.617188,0.006293,0.030649,0.004698,1,50.0458,7.992063,243.607,0.685295,1,0.961977,1,4,16,0.015625,-0.007062,-0.005107,0.008414,C-accelerated,134240.44,134000.0,2445.8,1800.0,0.6716
2026-03-30T05:40:55Z,2724667016,1367,مسافر جلس قرب النار ليستريح.,28,44,1,50.1099,0.041727,0.414062,0.601562,0.501099,0.04344,0.40625,0.59375,0.006213,0.030823,0.004669,1,50.1953,7.990763,283.194,0.108514,1,0.388201,1,4,16,0.015625,-0.008464,0.003371,0.004072,C-accelerated,135278.22,135200.0,949.67,900.0,0.3328
2026-03-30T05:40:55Z,2724667016,1368,الريح مرت عبر الأشجار العالية.,30,44,1,50.1526,0.047341,0.382812,0.625,0.501526,0.041571,0.367188,0.609375,0.006324,0.028258,0.004782,1,50.4059,7.991938,245.329,0.656943,1,0.874992,1,4,16,0.015625,0.000559,-0.00891,0.003026,C-accelerated,135958.44,135800.0,2124.19,2375.0,0.8744
2026-03-30T05:40:55Z,2724667016,1369,كتاب قديم سقط من الرف فجأة.,27,44,1,49.2554,0.041511,0.359375,0.601562,0.492554,0.04416,0.398438,0.585938,0.006295,0.032388,0.004739,1,49.884,7.99231,234.531,0.816502,1,0.434309,1,4,16,0.015625,-0.019172,-0.009907,0.003991,C-accelerated,135188.67,134800.0,1801.13,2800.0,1.0386
2026-03-30T05:40:55Z,2724667016,1370,النجوم كانت واضحة في السماء.,28,44,1,49.707,0.046178,0.375,0.664062,0.49707,0.041259,0.40625,0.609375,0.00623,0.032308,0.004681,1,50.0519,7.991094,272.349,0.217451,1,0.030804,1,4,16,0.015625,-0.001899,0.000554,-0.003783,C-accelerated,140039.11,137200.0,6480.97,7900.0,2.879
2026-03-30T05:40:55Z,2724667016,1371,صوت القطار جاء من بعيد.,23,44,1,49.6887,0.040031,0.398438,0.632812,0.496887,0.046418,0.382812,0.632812,0.006319,0.033322,0.004768,1,50.0885,7.991094,268.695,0.265886,1,0.538566,1,4,16,0.015625,-0.005104,0.007323,-0.014549,C-accelerated,135217.56,135100.0,1410.49,1300.0,0.4811
2026-03-30T05:40:55Z,2724667016,1372,المطر بدأ يهطل فوق القرية.,26,44,1,50.3479,0.041303,0.40625,0.625,0.503479,0.044718,0.398438,0.671875,0.00618,0.033691,0.004644,1,49.9664,7.992626,223.174,0.925455,1,0.564044,1,4,16,0.015625,-0.003269,-0.001852,-0.009903,C-accelerated,136523.11,136500.0,2321.29,3300.0,1.2088
2026-03-30T05:40:55Z,2724667016,1373,الطريق الطويل اختفى بين الجبال.,31,44,1,50.1221,0.041102,0.359375,0.640625,0.501221,0.046635,0.382812,0.59375,0.00623,0.03015,0.004718,1,49.8871,7.991453,259.805,0.404804,1,0.738597,1,4,16,0.015625,0.003783,-0.007944,-0.005677,C-accelerated,135257.11,135300.0,1623.93,2200.0,0.813
2026-03-30T05:40:55Z,2724667016,1374,مصباح صغير أضاء الزقاق المظلم.,30,44,1,49.7253,0.044038,0.382812,0.578125,0.497253,0.039615,0.382812,0.625,0.006252,0.032192,0.004751,1,50.1678,7.992006,243.468,0.687555,1,0.417685,1,4,16,0.015625,-0.005203,-0.007531,0.009314,C-accelerated,136147.33,136300.0,1566.3,2900.0,1.0638
2026-03-30T05:40:55Z,2724667016,1375,Binuksan niya ang pinto. Nakaupo ang pusa. Tiningnan siya. Tapos umalis. Naghintay siya. Hindi na bumalik.,106,44,1,50.1587,0.046244,0.367188,0.601562,0.501587,0.041182,0.390625,0.601562,0.006275,0.03232,0.00472,1,49.9969,7.991107,273.606,0.202139,1,0.248627,1,4,16,0.015625,-0.002529,0.006585,-0.002168,C-accelerated,135482.22,135600.0,967.26,1300.0,0.4794
2026-03-30T05:40:55Z,2724667016,1376,Tumila ang ulan. Isinara niya ang payong. Tumingin sa langit. Bahaghari. Ngumiti siya. Yun lang maganda ngayong araw.,117,44,1,50.3357,0.043985,0.382812,0.617188,0.503357,0.046963,0.375,0.640625,0.006187,0.034432,0.004657,1,49.8352,7.991925,245.004,0.662371,1,0.886275,1,4,16,0.015625,0.002458,0.003656,0.003684,C-accelerated,142840.0,135200.0,16256.74,16775.0,6.2038
2026-03-30T05:40:55Z,2724667016,1377,Nagpa-good morning siya araw-araw. Tatlong taon. Di nag-reply. Ginagawa pa rin. Ritual na niya.,95,44,1,49.9329,0.043706,0.367188,0.609375,0.499329,0.044021,0.398438,0.601562,0.006143,0.028259,0.004629,1,49.6368,7.991633,253.149,0.520981,1,0.125941,1,4,16,0.015625,-0.006864,-0.00065,0.013562,C-accelerated,135453.78,135600.0,1239.71,1800.0,0.6637
2026-03-30T05:40:55Z,2724667016,1378,Nag-expire na ang gift card. Hindi pa rin niya alam kung ano bibilhin. Itatapon na lang.,88,44,1,49.8291,0.046064,0.367188,0.609375,0.498291,0.044258,0.382812,0.617188,0.006225,0.030408,0.00466,1,49.7467,7.990676,282.077,0.117362,1,0.107103,1,4,16,0.015625,-0.007753,0.021269,0.003887,C-accelerated,134952.0,135000.0,1543.38,2075.0,0.7685
2026-03-30T05:40:55Z,2724667016,1379,"Nakahanap siya ng lumang litrato. Kamukha ko. Hindi ako. Si Tita raw, sabi ni Nanay. Matagal nang patay si Tita. Di ko siya nakita.",131,44,1,50.1709,0.041991,0.382812,0.609375,0.501709,0.045648,0.359375,0.609375,0.006243,0.030716,0.004727,1,49.4965,7.992525,228.294,0.884304,1,0.010466,1,4,16,0.015625,0.003329,0.012568,-0.010399,C-accelerated,138025.78,134900.0,8299.84,3000.0,1.1119
2026-03-30T05:40:55Z,2724667016,1380,Puno ng buwan. Mag-isa akong nanood. Naalala ko yung pangako nating manood nang sabay. Sino kasama mo ngayon?,109,44,1,49.9084,0.044006,0.390625,0.609375,0.499084,0.042203,0.375,0.585938,0.006205,0.027406,0.00472,1,50.1282,7.990732,282.496,0.113983,1,0.235204,1,4,16,0.015625,-0.002601,0.00182,-0.004269,C-accelerated,133855.78,133800.0,1500.41,1975.0,0.738
2026-03-30T05:40:55Z,2724667016,1381,"Di kasya ang susi. Pinilit ko pa rin. Sabi ng kapitbahay, walang nakatira dun. Pero may ilaw sa bintana.",104,44,1,49.7375,0.04372,0.40625,0.601562,0.497375,0.044434,0.359375,0.609375,0.00625,0.037836,0.004763,1,49.9542,7.99198,243.119,0.693178,1,0.437116,1,4,16,0.015625,-0.01063,0.004945,-0.008065,C-accelerated,138315.33,136000.0,5542.31,5200.0,1.9118
2026-03-30T05:40:55Z,2724667016,1382,Nagtanim siya ng halaman. Dinidiligan araw-araw. Di namumulaklak. Sabi nila peke lang daw yun. Diniligan pa rin.,112,44,1,50.3357,0.044395,0.390625,0.617188,0.503357,0.041058,0.367188,0.609375,0.006252,0.031494,0.004772,1,50.3265,7.99174,250.287,0.571598,1,0.227767,1,4,16,0.015625,-0.001577,0.005381,-0.004068,C-accelerated,135064.0,134500.0,1597.9,1500.0,0.5576
2026-03-30T05:40:55Z,2724667016,1383,Huling tren ng MRT. Sumakay ako. Isa lang pasahero. Ngumiti siya sa akin. Bumaba ako.,85,44,1,49.646,0.043562,0.382812,0.601562,0.49646,0.042789,0.398438,0.601562,0.006294,0.032622,0.004707,1,50.2533,7.990948,274.63,0.190186,1,0.837576,1,4,16,0.015625,-0.01172,-0.00661,0.006419,C-accelerated,135428.89,135100.0,1708.48,1200.0,0.4441
2026-03-30T05:40:55Z,2724667016,1384,Itinuro ni Tatay mag-bisikleta. Hinawakan ako sa likod. Lumingon ako. Bitaw na pala. Malayo na ako.,99,44,1,49.6643,0.041818,0.359375,0.632812,0.496643,0.049301,0.367188,0.609375,0.006284,0.030295,0.004729,1,50.3021,7.991718,251.404,0.551892,1,0.390828,1,4,16,0.015625,-0.003113,-0.012351,-0.008647,C-accelerated,134898.89,134300.0,1837.94,3400.0,1.2658
2026-03-30T05:40:55Z,2724667016,1385,"Namatay ang pusa. Inilibing sa ilalim ng puno. Sumunod na taon, namulaklak ang puno. Puti. Puti rin yung pusa dati.",115,44,1,50.3845,0.049198,0.375,0.625,0.503845,0.04624,0.375,0.617188,0.006242,0.029273,0.00476,1,50.1862,7.992418,233.809,0.825345,1,0.897581,1,4,16,0.015625,-0.009571,0.000472,0.001854,C-accelerated,137229.33,134700.0,5451.2,4550.0,1.6889
2026-03-30T05:40:55Z,2724667016,1386,Nag-selfie siya sa salamin araw-araw. Parang bumata ang mukha sa salamin. Natakot siya. Tumigil mag-selfie.,107,44,1,50.2502,0.042801,0.390625,0.609375,0.502502,0.046895,0.390625,0.648438,0.006289,0.02904,0.00479,1,49.9207,7.992244,236.532,0.790648,1,0.778502,1,4,16,0.015625,0.001327,0.013041,-0.002463,C-accelerated,134501.78,134900.0,1388.41,2200.0,0.8154
2026-03-30T05:40:55Z,2724667016,1387,Naghihintay siya ng sulat na di darating. Dumadaan ang kartero araw-araw. Ngingiti-ngiti. Naghihintay pa rin.,109,44,1,50.5249,0.048259,0.375,0.632812,0.505249,0.042355,0.40625,0.632812,0.006295,0.030181,0.004733,1,50.0336,7.992289,234.624,0.815342,1,0.969577,1,4,16,0.015625,-0.002205,0.006599,-0.007558,C-accelerated,144148.67,140400.0,9161.31,11975.0,4.2646
2026-03-30T05:40:55Z,2724667016,1388,Lutong na ang pagkain. Kumpleto ang kubyertos. Bukas ang TV. Walang kumain. Umalis lahat.,89,44,1,49.4812,0.041435,0.398438,0.632812,0.494812,0.044605,0.40625,0.617188,0.006226,0.031425,0.004632,1,50.0092,7.990765,281.263,0.124143,1,0.256534,1,4,16,0.015625,-0.000234,-0.000162,0.009544,C-accelerated,134354.67,133750.0,1836.02,2900.0,1.0841
2026-03-30T05:40:55Z,2724667016,1389,Bumili siya ng dalawang ice cream. Isa para sa akin. Isa para sa kanya. Natunaw yung akin. Natunaw din yung kanya.,114,44,1,50.1038,0.043227,0.40625,0.632812,0.501038,0.045053,0.390625,0.625,0.006226,0.032094,0.004786,1,49.9512,7.990833,279.471,0.140065,1,0.254541,1,4,16,0.015625,-0.002834,-0.006362,-0.011655,C-accelerated,133660.44,133600.0,713.39,800.0,0.2994
2026-03-30T05:40:55Z,2724667016,1390,Pinutol ang puno sa labas. Malungkot ako ng isang linggo. Tapos nakita ko yung malayong bundok.,95,44,1,49.8291,0.042421,0.390625,0.625,0.498291,0.041535,0.414062,0.625,0.006199,0.033323,0.004697,1,50.3876,7.991045,273.676,0.201309,1,0.837576,1,4,16,0.015625,0.004897,-0.005016,-0.005304,C-accelerated,134503.33,133600.0,2121.63,2975.0,1.1134
2026-03-30T05:40:55Z,2724667016,1391,"Tumigil siya sa yosi isang daang beses. Bumabalik pa rin. Sabi ng doktor di na raw mabubuhay pag tuloy. Sabi niya, edi mamatay.",127,44,1,50.415,0.041085,0.351562,0.632812,0.50415,0.042857,0.398438,0.601562,0.006173,0.029725,0.004688,1,49.8047,7.991745,252.148,0.538713,1,0.782161,1,4,16,0.015625,0.005622,0.001706,-0.006437,C-accelerated,139428.67,136550.0,6507.64,5250.0,1.9224
2026-03-30T05:40:55Z,2724667016,1392,Di makatulog buong gabi. Naghintay ng madaling araw. Dumating ang madaling araw. Naghintay ng dilim. Yun na yung buhay niya.,124,44,1,50.592,0.038506,0.421875,0.601562,0.50592,0.042046,0.398438,0.632812,0.006221,0.031154,0.004712,1,50.058,7.99219,237.975,0.770846,1,0.352565,1,4,16,0.015625,-0.002691,-0.007255,0.002397,C-accelerated,133956.0,133500.0,1619.77,1300.0,0.4869
2026-03-30T05:40:55Z,2724667016,1393,Umiyak ang bata. Pinatahan ng nanay. Nasa trabaho ang tatay. Nanonood ang buwan.,80,44,1,50.2197,0.042105,0.40625,0.59375,0.502197,0.044096,0.382812,0.617188,0.006233,0.030387,0.004672,1,50.3601,7.990963,274.979,0.186219,1,0.495412,1,4,16,0.015625,-0.020231,0.006752,-0.002362,C-accelerated,135276.89,134400.0,1908.55,3400.0,1.2649
2026-03-30T05:40:55Z,2724667016,1394,Madami siyang sinulat na tula. Walang nagbabasa. Siya lang nagbabasa. Umiiyak habang nagbabasa. Tungkol sa kanya yung tula.,123,44,1,49.8474,0.047068,0.390625,0.609375,0.498474,0.045534,0.390625,0.617188,0.006159,0.02874,0.00466,1,49.9878,7.991029,274.257,0.194478,1,0.845033,1,4,16,0.015625,-0.001688,-0.0082,0.002236,C-accelerated,161304.22,142450.0,38787.83,31075.0,10.9073
2026-03-30T05:40:55Z,2724667016,1395,Nawalan siya ng susi. Di makapasok ng bahay. Naupo sa hagdan naghintay. Naghintay hanggang dilim. Walang dumating magbukas.,123,44,1,50.6165,0.040166,0.390625,0.640625,0.506165,0.045456,0.390625,0.632812,0.00631,0.033233,0.004692,1,50.1495,7.991275,265.367,0.314754,1,0.328421,1,4,16,0.015625,-0.000428,0.010181,0.002116,C-accelerated,139122.22,136200.0,6879.36,4900.0,1.7988
2026-03-30T05:40:55Z,2724667016,1396,Ulan ng tatlong araw. Ikaapat tumila. Ikalima nagdala siya ng payong. Di nagamit. Ngumiti siya.,95,44,1,49.0723,0.04366,0.375,0.59375,0.490723,0.040557,0.398438,0.585938,0.006267,0.032948,0.004726,1,50.3967,7.990502,289.408,0.068214,1,0.345206,1,4,16,0.015625,0.002238,0.001159,-0.004343,C-accelerated,136900.0,136700.0,1919.42,3300.0,1.207
2026-03-30T05:40:55Z,2724667016,1397,"Tinawagan niya si Nanay. Si Nanay nagtanong kung sino siya. Ako po anak ninyo, sabi niya. Di kita kilala, sabi ni Nanay.",120,44,1,50.708,0.040116,0.398438,0.59375,0.50708,0.040305,0.414062,0.617188,0.006132,0.028953,0.00463,1,50.4211,7.991234,264.902,0.321918,1,0.052925,1,4,16,0.015625,-0.004702,0.000333,-0.01178,C-accelerated,138115.78,135550.0,6704.2,5600.0,2.0657
2026-03-30T05:40:55Z,2724667016,1398,Naglinis siya ng lumang gamit. Nakakita ng sulat. Di naipadala. Sarili pala nya ang tatanggap. Sampung taon na ang nakaraan.,124,44,1,49.4019,0.040187,0.382812,0.625,0.494019,0.042885,0.40625,0.625,0.006213,0.029177,0.004658,1,50.2533,7.992754,221.289,0.937518,1,0.468678,1,4,16,0.015625,-0.003967,0.000893,0.008406,C-accelerated,137345.33,136700.0,2813.06,3200.0,1.1704
2026-03-30T05:40:55Z,2724667016,1399,"Namatay ang isda. Ibinuhos sa inidoro. Tuwing magtae siya, naaalala nya yung isda.",82,44,1,50.0122,0.048524,0.382812,0.617188,0.500122,0.043454,0.375,0.625,0.006288,0.031376,0.004743,1,50.3113,7.992237,236.416,0.792203,1,0.692336,1,4,16,0.015625,0.003168,0.012244,0.003107,C-accelerated,141778.22,139600.0,5962.77,8275.0,2.9638
2026-03-30T05:40:55Z,2724667016,1400,Natuto siyang mag-isa. Kumain mag-isa. Magpatingin sa doktor mag-isa. Mag-Pasko mag-isa. Tumanda mag-isa.,105,44,1,50.354,0.044494,0.414062,0.617188,0.50354,0.043737,0.375,0.632812,0.006196,0.03481,0.004713,1,50.1129,7.992527,228.387,0.883437,1,0.510609,1,4,16,0.015625,-0.010362,-0.007326,0.000513,C-accelerated,138726.0,138800.0,2752.84,1700.0,0.6124
2026-03-30T05:40:55Z,2724667016,1401,Nakita niya sa crowd. Nakita rin siya. Di tumigil. Tuloy sa kanya-kanyang lakad.,80,44,1,49.4568,0.045319,0.398438,0.632812,0.494568,0.04607,0.367188,0.601562,0.006236,0.030887,0.004693,1,50.1068,7.990734,281.821,0.119463,1,0.262578,1,4,16,0.015625,0.00022,0.01181,0.007031,C-accelerated,135212.44,135000.0,2304.27,2900.0,1.0741
2026-03-30T05:40:55Z,2724667016,1402,"Sinundan ako ng buwan. Umupo ako, tumigil siya. Tumakbo ako, tumakbo siya. Pagdating ko ng bahay. Naiwan sya sa labas.",118,44,1,50.5493,0.05211,0.375,0.632812,0.505493,0.042019,0.398438,0.617188,0.006227,0.029774,0.004695,1,50.1251,7.990698,282.217,0.116228,1,0.516756,1,4,16,0.015625,0.010589,0.001067,-0.004151,C-accelerated,139850.67,137400.0,6233.52,5700.0,2.0742
2026-03-30T05:40:55Z,2724667016,1403,Nag-alaga siya ng pusa. Nawala yung pusa. Nag-alaga ng aso. Nawala yung aso. Di na nag-alaga.,93,44,1,50.3296,0.043516,0.398438,0.601562,0.503296,0.04184,0.421875,0.617188,0.006206,0.035144,0.004726,1,49.9847,7.992403,230.714,0.860329,1,0.142014,1,4,16,0.015625,0.001115,0.001266,0.00965,C-accelerated,135029.78,134900.0,1176.68,1300.0,0.4818
2026-03-30T05:40:55Z,2724667016,1404,Araw-araw sa parehong cafe. Parehong upuan. Parehong kape. Parehong dyaryo. Hanggang magsara yung cafe.,103,44,1,49.939,0.045676,0.375,0.609375,0.49939,0.044416,0.398438,0.648438,0.006212,0.032746,0.004675,1,49.7284,7.992098,242.979,0.695416,1,0.393466,1,4,16,0.015625,-0.006026,-0.000692,0.002592,C-accelerated,134242.0,133700.0,1739.97,2175.0,0.8134
2026-03-30T05:40:55Z,2724667016,1405,Sumulat siya ng liham. Walang address. Walang tatanggap. Di ipinadala. Sinunog. Ang abo lumipad na parang paru-paro.,116,44,1,50.0854,0.04349,0.351562,0.601562,0.500854,0.043468,0.375,0.609375,0.00623,0.032019,0.004692,1,50.2136,7.993045,213.26,0.973201,1,0.874992,1,4,16,0.015625,-0.00667,0.010367,0.002758,C-accelerated,133998.0,133900.0,784.9,800.0,0.2987
2026-03-30T05:40:55Z,2724667016,1406,"Tumutulo ang ulan sa bintana. Binilang niya ang patak. Pag-abot ng isang daan, nakatulog siya. Paggising, umuulan pa.",117,44,1,50.1709,0.041546,0.398438,0.625,0.501709,0.042365,0.390625,0.617188,0.006232,0.032214,0.004687,1,50.3876,7.992123,239.604,0.747383,1,0.156807,1,4,16,0.015625,-0.008808,0.003607,-0.002372,C-accelerated,141364.44,138300.0,7305.33,8075.0,2.9194
2026-03-30T05:40:55Z,2724667016,1407,Naghintay siya ng matagal. Tagal na nakalimutan na niya kung sino hinihintay. Nakalimutan na naghihintay pala siya. Naghihintay pa rin.,135,44,1,49.9268,0.040788,0.390625,0.59375,0.499268,0.041472,0.382812,0.585938,0.006273,0.034903,0.004815,1,49.6185,7.991455,261.015,0.384469,1,0.272868,1,4,16,0.015625,-0.001425,-0.005557,-0.003248,C-accelerated,134337.78,134100.0,1376.43,1600.0,0.5966
2026-03-30T05:40:55Z,2724667016,1408,Bumili siya ng bulaklak. Pag-uwi walang plorera. Nilagay sa baso. Namulaklak ang bulaklak. Masaya ang baso.,107,44,1,50.0916,0.042147,0.398438,0.632812,0.500916,0.042011,0.375,0.617188,0.006132,0.032044,0.004667,1,49.9664,7.992175,238.604,0.761931,1,0.841303,1,4,16,0.015625,-0.009185,0.004509,-0.003197,C-accelerated,135724.67,135600.0,2014.47,3300.0,1.2168
2026-03-30T05:40:55Z,2724667016,1409,"Nag-practice siya ng smile sa salamin. Maghapon nag-practice. Nung namatay sya, walang expression yung mukha.",109,44,1,50.4333,0.043726,0.398438,0.625,0.504333,0.042103,0.390625,0.632812,0.006207,0.0325,0.004658,1,50.0214,7.990428,291.805,0.056309,1,0.005447,0,4,16,0.015625,0.001832,-0.008672,0.002397,C-accelerated,141908.67,137950.0,9159.8,12400.0,4.4944
2026-03-30T05:40:55Z,2724667016,1410,Pumunta siya ng malayo para makita yung puno. Pinutol yung puno. Matagal syang nakatayo dun.,92,44,1,49.8413,0.046562,0.328125,0.601562,0.498413,0.041837,0.398438,0.601562,0.006235,0.033079,0.004677,1,50.0519,7.991263,264.32,0.330979,1,0.626779,1,4,16,0.015625,0.008073,-0.00436,-0.001272,C-accelerated,145117.33,140100.0,11097.74,5550.0,1.9807
2026-03-30T05:40:55Z,2724667016,1411,Nagpainit ang pusa sa bintana. Nandun sya. Nandun ang araw. Nandito ako. Sapat na.,82,44,1,49.5422,0.04161,0.367188,0.59375,0.495422,0.042259,0.359375,0.625,0.00614,0.030155,0.004627,1,49.9725,7.990299,292.992,0.051074,1,0.667881,1,4,16,0.015625,-0.013685,0.001291,-0.000202,C-accelerated,135595.78,135200.0,1482.57,1500.0,0.5547
2026-03-30T05:40:55Z,2724667016,1412,Araw-araw nagdi-diary siya. Ano kinain. Ano ininom. Ano panahon. Di nagsusulat ng nararamdaman.,95,44,1,49.9756,0.046793,0.375,0.617188,0.499756,0.044666,0.375,0.59375,0.006256,0.033543,0.004742,1,49.9939,7.990831,278.749,0.146871,1,0.845033,1,4,16,0.015625,0.003915,-0.000814,0.006762,C-accelerated,146991.56,134650.0,33732.64,5100.0,1.8938
2026-03-30T05:40:55Z,2724667016,1413,Nag-knit siya ng scarf. Binakbak. Niniting uli. Binakbak. Niniting uli. Natapos ang taglamig.,93,44,1,49.3652,0.041533,0.398438,0.625,0.493652,0.040651,0.40625,0.609375,0.00614,0.02857,0.004662,1,50.1007,7.991514,258.711,0.423465,1,0.000712,0,4,16,0.015625,0.001449,-0.007493,0.000365,C-accelerated,136995.33,134400.0,5940.12,3600.0,1.3393
2026-03-30T05:40:55Z,2724667016,1414,Natuto siyang mag-ayos ng orasan. Di niya maayos oras nya. Minsan mabilis. Minsan mabagal.,90,44,1,50.3784,0.040536,0.40625,0.609375,0.503784,0.045898,0.375,0.601562,0.006304,0.03357,0.004785,1,50.0824,7.99204,243.491,0.687178,1,0.871236,1,4,16,0.015625,0.006038,-0.001446,0.003833,C-accelerated,135727.56,135800.0,1469.44,1475.0,0.5431
2026-03-30T05:40:55Z,2724667016,1415,Nagluto siya ng lugaw. Lumamig. Ininit. Lumamig uli. Di pa sya umuuwi. Siya na lang kumain.,91,44,1,50.0,0.046946,0.382812,0.625,0.5,0.046589,0.359375,0.601562,0.006252,0.031483,0.004671,1,50.2563,7.991301,263.994,0.336104,1,0.474549,1,4,16,0.015625,-0.004384,0.001971,0.010871,C-accelerated,136226.0,135800.0,1292.98,1375.0,0.5063
2026-03-30T05:40:55Z,2724667016,1416,Tumila ang ulan. Tinupi nya ang payong. Nakakita ng bahaghari. Naalala nyang gusto nya ng bahaghari. Pinicture-an at sinend. Di na sya niya contact.,148,44,1,49.353,0.045535,0.398438,0.617188,0.49353,0.040959,0.414062,0.59375,0.006158,0.030896,0.004695,1,49.8535,7.992457,231.017,0.857123,1,0.140724,1,4,16,0.015625,-0.003019,-0.013559,-0.005505,C-accelerated,148465.33,137050.0,23989.01,14450.0,5.2718
2026-03-30T05:40:55Z,2724667016,1417,Araw-araw nagpapakain ng ibon. Dumarating ang mga ibon. Kumakain. Lumilipad. Siya umaalis din.,94,44,1,50.0488,0.041864,0.382812,0.640625,0.500488,0.04446,0.382812,0.609375,0.006226,0.032295,0.004688,1,50.351,7.990851,280.029,0.134952,1,0.908908,1,4,16,0.015625,-0.003263,-0.00331,0.005198,C-accelerated,133632.89,133600.0,855.87,1200.0,0.4491
2026-03-30T05:40:55Z,2724667016,1418,Nag-alaga siya ng cactus. Nakalimutang diligan. Nabuhay naman. Diniligan nya lagi. Namatay.,91,44,1,50.3784,0.04241,0.398438,0.648438,0.503784,0.042343,0.390625,0.617188,0.006211,0.034555,0.004705,1,50.0519,7.992327,233.228,0.832288,1,0.128317,1,4,16,0.015625,0.001406,0.001363,-0.007064,C-accelerated,136592.89,137000.0,2579.39,3300.0,1.2044
2026-03-30T05:40:55Z,2724667016,1419,Naghintay siya ng huling dyip. Dumating ang dyip. Di sumakay. Umalis ang dyip. Naghintay pa rin.,96,44,1,49.707,0.049343,0.359375,0.625,0.49707,0.040027,0.390625,0.609375,0.006189,0.029656,0.004642,1,49.9359,7.991115,274.234,0.194748,1,0.815297,1,4,16,0.015625,0.01056,0.0073,0.001925,C-accelerated,139582.89,136600.0,6235.18,4600.0,1.6837
2026-03-30T05:40:55Z,2724667016,1420,Natuto siyang magluto. Luto para sa sarili. Luto para sa pusa. Namatay ang pusa. Luto para sa hangin.,101,44,1,50.3296,0.04533,0.40625,0.648438,0.503296,0.047788,0.367188,0.625,0.006214,0.031128,0.00476,1,49.6307,7.991226,266.298,0.300659,1,0.774848,1,4,16,0.015625,0.007752,-0.008567,0.001162,C-accelerated,134842.89,134900.0,2079.84,3075.0,1.1397
2026-03-30T05:40:55Z,2724667016,1421,Sumulat siya ng salita sa buhangin. Tinabunan ng alon. Sumulat uli. Tinabunan uli ng alon. Buong araw syang sumulat.,116,44,1,50.5554,0.05163,0.328125,0.65625,0.505554,0.041307,0.40625,0.625,0.006167,0.029417,0.004702,1,50.1831,7.991848,248.541,0.602131,1,0.030073,1,4,16,0.015625,-0.004919,-0.002776,0.009913,C-accelerated,134428.22,134200.0,1227.33,1300.0,0.4844
2026-03-30T05:40:55Z,2724667016,1422,"Binuksan nya ang bintana. Pumasok ang hangin. Gumalaw ang kurtina. Gusto rin nya gumalaw, pero di makagalaw.",108,44,1,49.8108,0.047247,0.398438,0.601562,0.498108,0.047988,0.375,0.625,0.006248,0.031128,0.004668,1,49.9237,7.992065,239.441,0.74978,1,0.305376,1,4,16,0.015625,-0.000973,0.002671,0.007591,C-accelerated,135333.56,135150.0,1681.14,3000.0,1.1099
2026-03-30T05:40:55Z,2724667016,1423,Sumulat sya ng liham sa malayo. Ipinadala. Di nasagot. Tuloy sa pagsulat. Tuloy sa pagpapadala. Hanggang magsara ang post office.,129,44,1,50.3906,0.048769,0.359375,0.625,0.503906,0.042567,0.40625,0.625,0.00625,0.028867,0.004754,1,50.3082,7.989849,312.145,0.008382,0,0.065045,1,4,16,0.015625,0.004143,0.006356,-0.005848,C-accelerated,135311.78,135500.0,1046.53,1200.0,0.4428
2026-03-30T05:40:55Z,2724667016,1424,Nagtanim siya ng puno. Dinidiligan araw-araw. Lumaki ang puno. Tumanda sya. Tuloy sa paglaki ang puno.,102,44,1,50.2319,0.046439,0.367188,0.625,0.502319,0.042279,0.40625,0.609375,0.006221,0.027222,0.004744,1,50.1587,7.99132,265.6,0.3112,1,0.742198,1,4,16,0.015625,0.003258,-0.006395,0.002094,C-accelerated,139093.56,135400.0,8123.09,7100.0,2.6219
2026-03-30T05:40:55Z,2724667016,1425,Tumingin sya sa salamin. Di nya kilala sarili nya. Tinanong nya kung sino ka. Di sumagot ang salamin.,101,44,1,49.2615,0.041193,0.382812,0.585938,0.492615,0.04923,0.359375,0.59375,0.006261,0.029616,0.004765,1,50.1465,7.991916,244.771,0.666231,1,0.045256,1,4,16,0.015625,-0.000123,0.002138,0.006949,C-accelerated,135575.56,133400.0,6165.4,3200.0,1.1994
2026-03-30T05:40:55Z,2724667016,1426,"Natuto syang tumahimik. Sa katahimikan, nakarinig sya ng maraming ingay. Sa dami ng ingay, nakita nya ang katahimikan.",118,44,1,49.5667,0.044073,0.375,0.617188,0.495667,0.04051,0.359375,0.585938,0.006202,0.030255,0.004683,1,50.2869,7.989161,333.184,0.000713,0,0.462847,1,4,16,0.015625,-0.004436,0.013521,0.006427,C-accelerated,136674.22,136100.0,2564.53,2600.0,0.9552
2026-03-30T05:40:55Z,2724667016,1427,"Araw-araw nadaan sya sa pintong yun. Laging sarado yung pinto. Isang araw, bumukas. Walang tao sa loob. Pumasok sya. Di na lumabas.",131,44,1,50.2136,0.047085,0.390625,0.648438,0.502136,0.04271,0.40625,0.601562,0.006191,0.031101,0.004678,1,49.7467,7.990572,287.29,0.080337,1,0.270788,1,4,16,0.015625,-0.001731,-0.004814,-0.003156,C-accelerated,135717.56,135700.0,1614.9,1700.0,0.6264
2026-03-30T05:40:55Z,2724667016,1428,Nagbilang sya ng tupa. Isang libo. Di makatulog. Bumangon magbilang ng bituin. Gising din ang mga bituin.,105,44,1,51.0254,0.046536,0.398438,0.695312,0.510254,0.051802,0.40625,0.640625,0.006202,0.027915,0.004684,1,50.116,7.991545,258.548,0.426264,1,0.07459,1,4,16,0.015625,-0.003196,0.008554,-0.007048,C-accelerated,141546.22,136400.0,11468.35,8875.0,3.2533
2026-03-30T05:40:55Z,2724667016,1429,Nangolekta sya ng maraming bote. Walang laman. Malinaw. Tinitigan nya sa liwanag. Walang makita. Gusto nya.,107,44,1,49.7498,0.0433,0.367188,0.617188,0.497498,0.041832,0.390625,0.585938,0.006191,0.035746,0.004667,1,50.2197,7.990104,300.928,0.02546,0,0.760284,1,4,16,0.015625,0.010411,0.000861,-0.003733,C-accelerated,138695.33,135900.0,6544.51,6900.0,2.5386
2026-03-30T05:40:55Z,2724667016,1430,Natuto syang magpaalam. Sa kahapon. Sa sarili. Sa paalam mismo.,63,44,1,50.2869,0.042655,0.40625,0.601562,0.502869,0.041338,0.40625,0.585938,0.006314,0.032094,0.004763,1,49.646,7.992108,241.42,0.719955,1,0.108146,1,4,16,0.015625,0.001862,0.005364,-0.001247,C-accelerated,138089.11,137700.0,2900.64,3775.0,1.3707
2026-03-30T05:40:55Z,2724667016,1431,Tumama ang ulan sa dahon. Nalaglag ang dahon. Tumama sa lupa. Nadumihan ang lupa. Tumama sa kanya. Nabasa sya.,110,44,1,49.6582,0.043165,0.40625,0.609375,0.496582,0.044137,0.382812,0.617188,0.006193,0.031852,0.004657,1,49.8993,7.991336,261.341,0.379057,1,0.67832,1,4,16,0.015625,0.003415,0.006417,0.001554,C-accelerated,138522.89,136200.0,6717.69,4400.0,1.6153
2026-03-30T05:40:55Z,2724667016,1432,"Nanaginip sya na nagising sya. Nagising sya, nasa panaginip pa. Nagising uli, nasa panaginip pa. Di sya magising sa totoo.",122,44,1,50.4578,0.041311,0.390625,0.617188,0.504578,0.045507,0.367188,0.617188,0.006227,0.029561,0.004767,1,50.1434,7.991945,246.4,0.638919,1,0.961977,1,4,16,0.015625,0.00182,-0.004678,0.005464,C-accelerated,134311.78,134200.0,1390.5,1900.0,0.7079
2026-03-30T05:40:55Z,2724667016,1433,"Araw-araw tumitingin sa salamin. Isang araw, nabasag ang salamin. Binuo nya uli ang sarili. Mas maganda pa sa dati.",115,44,1,50.3601,0.042745,0.375,0.59375,0.503601,0.047621,0.390625,0.601562,0.006312,0.032182,0.004753,1,50.2228,7.991685,254.01,0.505725,1,0.370117,1,4,16,0.015625,-0.002905,-0.001094,0.003859,C-accelerated,140166.44,135550.0,8773.76,11700.0,4.3158
2026-03-30T05:40:55Z,2724667016,1434,"Nagtanim sya ng maraming bulaklak. Nung namulaklak, umalis sya. Nung nalanta, umalis sya.",89,44,1,49.8779,0.044403,0.382812,0.617188,0.498779,0.040222,0.40625,0.617188,0.006275,0.031511,0.004718,1,49.8322,7.992468,228.666,0.880809,1,0.931616,1,4,16,0.015625,0.011969,-0.003563,-0.006793,C-accelerated,135587.11,135400.0,2004.66,2600.0,0.9601
2026-03-30T05:40:55Z,2724667016,1435,Sumulat sya ng tula na isang linya lang. Di nya naintindihan. Pinakita sa iba. Di din naintindihan. Masaya ang tula.,116,44,1,49.9207,0.041522,0.390625,0.59375,0.499207,0.046331,0.390625,0.601562,0.00609,0.028551,0.004602,1,49.762,7.991256,267.718,0.279792,1,0.439934,1,4,16,0.015625,-4.2e-05,0.0074,-0.000443,C-accelerated,141058.44,136900.0,9793.55,3875.0,1.4153
2026-03-30T05:40:55Z,2724667016,1436,Nag-alaga sya ng ibon. Marunong magsalita ang ibon. Marunong mag-hello. Marunong mag-goodbye. Marunong mag-gutom. Tapos goodbye na lang sinasabi.,145,44,1,49.7314,0.037941,0.390625,0.601562,0.497314,0.043831,0.359375,0.601562,0.006229,0.027289,0.004717,1,49.8413,7.990764,281.751,0.120041,1,0.920254,1,4,16,0.015625,0.00656,-0.006723,-0.001365,C-accelerated,133844.67,133450.0,1758.47,1800.0,0.6744
2026-03-30T05:40:55Z,2724667016,1437,"Natuto syang magtimpla ng kape. Mapait. Mag-asukal. Mapait pa rin. Di na nag-asukal. Mapait, edi mapait.",104,44,1,49.762,0.045612,0.40625,0.617188,0.49762,0.047717,0.390625,0.625,0.006225,0.028825,0.004725,1,49.9451,7.991034,271.814,0.224185,1,0.262578,1,4,16,0.015625,0.012414,-0.003596,0.01088,C-accelerated,133385.78,132900.0,1420.34,1200.0,0.4515
2026-03-30T05:40:55Z,2724667016,1438,Nanood sya ng sine. Yung story tungkol sa taong naghintay ng mahal nya habambuhay. Umiyak sya. Umiyak para sa sarili.,117,44,1,50.1404,0.045538,0.390625,0.601562,0.501404,0.042885,0.40625,0.601562,0.006222,0.02935,0.004747,1,49.7803,7.991484,259.689,0.406777,1,0.852503,1,4,16,0.015625,-0.005411,-0.011485,0.007478,C-accelerated,135943.33,135800.0,2096.53,3175.0,1.169
2026-03-30T05:40:55Z,2724667016,1439,Naghugas sya ng kamay sa ilog. Malamig yung tubig. Naalala nya noong bata sya. Malamig din yung tubig noon.,107,44,1,50.1465,0.042621,0.398438,0.625,0.501465,0.044137,0.359375,0.640625,0.006243,0.032361,0.004645,1,50.3235,7.991969,243.072,0.693925,1,0.871236,1,4,16,0.015625,0.0004,0.004618,0.009406,C-accelerated,142450.0,139350.0,7139.66,8175.0,2.9333
2026-03-30T05:40:55Z,2724667016,1440,"Araw-araw iisang daan. Iisang puno. Iisang tao. Iisang salita. Yung nag-iiba, sya lang.",87,44,1,50.8728,0.040637,0.414062,0.617188,0.508728,0.045915,0.40625,0.648438,0.006196,0.032477,0.004723,1,49.9207,7.992153,240.465,0.734534,1,0.516756,1,4,16,0.015625,-0.002754,-0.00029,0.011611,C-accelerated,135032.0,133600.0,3374.99,1875.0,0.7017
2026-03-30T05:40:55Z,2724667016,1441,Bumili sya ng notebook. Gusto magsulat. Binuksan yung unang pahina. Walang laman. Sinara. Walang laman parin.,109,44,1,49.7681,0.043028,0.367188,0.601562,0.497681,0.042538,0.375,0.59375,0.006302,0.034534,0.00478,1,50.0183,7.992473,231.273,0.854374,1,0.793166,1,4,16,0.015625,-0.002868,-0.000708,-0.000744,C-accelerated,132713.56,132500.0,897.17,1000.0,0.3774
2026-03-30T05:40:55Z,2724667016,1442,"Natuto syang mag-ayos ng gamit. Inaayos. Nasisira uli. Inaayos uli. Nasisira uli. Tumigil sya. Sira na, sira na lang.",117,44,1,49.7559,0.041944,0.382812,0.609375,0.497559,0.041001,0.398438,0.59375,0.006275,0.031041,0.004669,1,50.0244,7.99266,222.662,0.928887,1,0.735002,1,4,16,0.015625,0.001171,-0.006362,0.004969,C-accelerated,134707.56,134600.0,1242.27,1800.0,0.6686
2026-03-30T05:40:55Z,2724667016,1443,Nagluto sya ng sabaw. Maalat. Nagdagdag tubig. Malabnaw. Nagdagdag asin. Ang laki na ng sabaw. Di maubos mag-isa.,113,44,1,50.7446,0.044803,0.414062,0.601562,0.507446,0.048866,0.367188,0.640625,0.006255,0.029364,0.004756,1,49.8779,7.990774,280.937,0.126935,1,0.778502,1,4,16,0.015625,0.007726,-0.006058,-0.004762,C-accelerated,142312.44,138750.0,8465.58,9700.0,3.4955
2026-03-30T05:40:55Z,2724667016,1444,Tumitig sya sa bintana. Umulan. Tumila ang ulan. Dilim. Liwanag. Tuloy sya sa pagtitig.,87,44,1,50.0122,0.04726,0.382812,0.609375,0.500122,0.040347,0.390625,0.640625,0.006191,0.029048,0.004673,1,49.7559,7.99182,249.053,0.593216,1,0.28343,1,4,16,0.015625,-0.008154,-0.008228,0.000544,C-accelerated,139295.11,137100.0,11417.02,4650.0,1.6958
2026-03-30T05:40:55Z,2724667016,1445,Natuto syang magsinungaling. Magsinungaling sa iba. Magsinungaling sa sarili. Di na alam ang totoo.,99,44,1,50.2197,0.046146,0.40625,0.65625,0.502197,0.041729,0.414062,0.601562,0.00623,0.029906,0.004669,1,50.0488,7.992731,221.964,0.933379,1,0.89381,1,4,16,0.015625,0.001345,-0.006492,-0.004592,C-accelerated,133452.44,133200.0,1493.51,2200.0,0.8258
2026-03-30T05:40:55Z,2724667016,1446,"Nag-alaga sya ng aso. Matanda na yung aso, di na makalakad. Kinalong nya painit sa araw. Namatay yung aso. Kinalong parin nya.",126,44,1,50.647,0.046642,0.367188,0.632812,0.50647,0.044271,0.382812,0.617188,0.006298,0.027587,0.0047,1,49.6674,7.992097,241.164,0.723901,1,0.731413,1,4,16,0.015625,-0.001513,-0.013027,-0.004652,C-accelerated,158670.44,140000.0,36102.95,28700.0,10.25
2026-03-30T05:40:55Z,2724667016,1447,"Araw-araw sumusulat sya ng isang salita. Napuno yung notebook. Pag pinagsama, may pangungusap. Di nya napansin. Nawala yung notebook.",133,44,1,50.1221,0.043095,0.414062,0.625,0.501221,0.044756,0.40625,0.640625,0.006183,0.031485,0.004643,1,49.6613,7.990643,283.776,0.10411,1,0.17274,1,4,16,0.015625,0.00148,0.001457,-0.001118,C-accelerated,141610.67,137350.0,10075.92,7975.0,2.9032
2026-03-30T05:40:55Z,2724667016,1448,Natuto syang maghintay. Maghintay ng bus. Maghintay ng tao. Maghintay ng panahon. Maghintay ng kamatayan. Naghihintay din kamatayan sa kanya.,141,44,1,49.9939,0.041827,0.367188,0.617188,0.499939,0.03965,0.398438,0.601562,0.006237,0.029294,0.004721,1,49.6674,7.99153,257.897,0.43751,1,0.961977,1,4,16,0.015625,0.004342,0.002679,-0.009181,C-accelerated,135983.78,135200.0,2605.02,2975.0,1.1002
2026-03-30T05:40:55Z,2724667016,1449,"Nagtanim sya ng ubas. Maasim yung ubas. Sumunod na taon, matamis na. Mag-isa sya kumain. Di maubos.",99,44,1,49.8352,0.045613,0.398438,0.601562,0.498352,0.044352,0.375,0.625,0.006127,0.032092,0.004628,1,49.9146,7.992654,223.407,0.923855,1,0.958178,1,4,16,0.015625,0.007013,0.004116,0.010928,C-accelerated,167180.89,166800.0,1513.77,1100.0,0.3297
2026-03-30T05:40:55Z,2724667016,1450,Kinausap nya ang pader. Nakikinig ang pader. Di sumasagot. Tuloy sya sa pagsasalita. Madaming taon. Gumuho ang pader.,117,44,1,49.7925,0.039227,0.40625,0.617188,0.497925,0.043262,0.390625,0.609375,0.006268,0.037578,0.00474,1,49.6552,7.990114,302.627,0.021722,0,0.973379,1,4,16,0.015625,-0.007285,0.013046,0.009363,C-accelerated,135959.56,134850.0,2934.99,3200.0,1.1865
2026-03-30T05:40:55Z,2724667016,1451,Natuto syang magluto ng noodles. Noodles lang. Lagyan ng itlog. Lagyan ng gulay. Lagyan ng karne. Lagyan ng marami. Naging noodles ng tira-tira.,144,44,1,50.061,0.044726,0.398438,0.617188,0.50061,0.04448,0.40625,0.601562,0.006181,0.029733,0.004683,1,50.174,7.99199,242.793,0.69839,1,0.316761,1,4,16,0.015625,-0.003352,-0.007616,-0.00415,C-accelerated,144924.67,141600.0,9229.41,13775.0,4.8641
2026-03-30T05:40:55Z,2724667016,1452,Tumitig sya sa paglubog ng araw. Maganda. Bumalik sya kinabukasan. Di na ganun kaganda. Di na sya bumalik sa ikatlo.,116,44,1,50.0977,0.042286,0.382812,0.617188,0.500977,0.043913,0.375,0.609375,0.006325,0.030266,0.004677,1,49.6735,7.990526,285.289,0.093292,1,0.345206,1,4,16,0.015625,-0.001425,-0.001624,0.00236,C-accelerated,170231.33,169900.0,1451.93,1675.0,0.4929
2026-03-30T05:40:55Z,2724667016,1453,Bumili sya ng sapatos. Di kasya. Namaga yung paa. Sinoot parin. Nasanay yung paa. Nasanay yung sapatos.,103,44,1,50.2563,0.042781,0.375,0.609375,0.502563,0.045251,0.398438,0.625,0.006215,0.029782,0.00467,1,49.9512,7.991975,243.654,0.68454,1,0.833854,1,4,16,0.015625,0.001411,-0.0075,-0.002118,C-accelerated,133256.44,133200.0,737.96,1000.0,0.3754
2026-03-30T05:40:55Z,2724667016,1454,Natuto syang tumahimik. Tumahimik sa madaming tao. Tumahimik sa kalungkutan. Tumahimik sa katahimikan.,102,44,1,49.4446,0.041526,0.398438,0.578125,0.494446,0.046066,0.390625,0.609375,0.006202,0.032208,0.004692,1,50.1221,7.990154,298.857,0.030757,0,0.965777,1,4,16,0.015625,0.003059,0.0004,-0.018628,C-accelerated,135223.78,134750.0,2757.58,2775.0,1.0297
2026-03-30T05:40:55Z,2724667016,1455,Nag-alaga sya ng pagong. Mahaba buhay ng pagong. Namatay sya. Naiwan yung pagong. Di alam ng pagong na patay na sya.,116,44,1,49.53,0.045411,0.359375,0.585938,0.4953,0.046429,0.367188,0.601562,0.006264,0.030388,0.004786,1,50.1953,7.991373,263.436,0.344969,1,0.24281,1,4,16,0.015625,-0.009417,-0.007194,0.003451,C-accelerated,135787.11,135700.0,2054.05,2500.0,0.9211
2026-03-30T05:40:55Z,2724667016,1456,"Sumulat sya ng madaming liham. Di ipinadala. Tinago sa drawer. Isang araw, sinunog. Mainit ang apoy.",100,44,1,49.8291,0.039679,0.375,0.617188,0.498291,0.046301,0.351562,0.59375,0.006259,0.030888,0.00469,1,49.8566,7.991541,256.896,0.454913,1,0.778502,1,4,16,0.015625,0.003138,-0.002529,-0.001088,C-accelerated,143813.78,140800.0,8321.55,4700.0,1.669
2026-03-30T05:40:55Z,2724667016,1457,"Natuto syang makalimot. Makalimot ng kahapon. Makalimot ng sarili. Makalimot ng paglimot. Sa huli, naalala nya lahat.",117,44,1,49.7131,0.047077,0.367188,0.632812,0.497131,0.041292,0.390625,0.609375,0.006201,0.031364,0.004672,1,50.5188,7.992831,219.66,0.946713,1,0.001291,0,4,16,0.015625,3.3e-05,-0.002852,-0.001093,C-accelerated,133606.89,133500.0,936.32,1075.0,0.4026
2026-03-30T05:40:55Z,2724667016,1458,Araw-araw sa dagat. Tingin sa alon. Bilang ng alon. Di naghihintay ang alon. Di din sya naghihintay.,100,44,1,49.9146,0.044272,0.40625,0.59375,0.499146,0.051511,0.34375,0.625,0.006246,0.027726,0.00472,1,50.0,7.992717,221.824,0.934252,1,1.0,1,4,16,0.015625,-0.000461,0.000983,-0.004957,C-accelerated,140891.11,137700.0,7278.42,7775.0,2.8232
2026-03-30T05:40:55Z,2724667016,1459,Nagtanim sya ng mansanas. Matamis ang mansanas. Gusto nya ibigay sa kanya. Di na sya mahanap.,93,44,1,50.177,0.048162,0.398438,0.625,0.50177,0.04103,0.398438,0.617188,0.006248,0.0313,0.004804,1,49.8474,7.991614,255.011,0.48803,1,0.198033,1,4,16,0.015625,0.005616,-0.003177,0.00191,C-accelerated,139092.22,136200.0,7387.43,6175.0,2.2669
2026-03-30T05:40:55Z,2724667016,1460,Natuto syang magluto. Luto para sa sarili. Luto para sa pusa. Namatay ang pusa. Luto para sa hangin.,100,44,1,50.4456,0.042899,0.40625,0.609375,0.504456,0.046329,0.359375,0.632812,0.006226,0.027813,0.004734,1,50.238,7.991579,255.407,0.481052,1,0.498432,1,4,16,0.015625,-0.000198,0.020303,-0.005805,C-accelerated,145976.89,135800.0,21916.06,9575.0,3.5254
2026-03-30T05:40:55Z,2724667016,1461,Nakita nya sa salamin ang nanay nya. Tumanda ang nanay. Tumanda sya. Di tumanda ang salamin.,92,44,1,49.8474,0.038498,0.367188,0.585938,0.498474,0.045576,0.390625,0.601562,0.006246,0.036125,0.004661,1,49.6002,7.990797,277.353,0.1607,1,0.516756,1,4,16,0.015625,-0.001793,-0.00449,-0.001767,C-accelerated,134970.22,133500.0,4868.42,1600.0,0.5993
2026-03-30T05:40:55Z,2724667016,1462,"Nag-alaga sya ng kawayan. Nanilaw ang dahon. Diniligan, lalong nanilaw. Tinanong nya ang mga tao. Sobra raw sa tubig. Tumigil sya magdilig. Natuyo ang kawayan.",159,44,1,49.9512,0.043287,0.398438,0.59375,0.499512,0.042238,0.367188,0.601562,0.006154,0.032591,0.004684,1,50.0061,7.991658,255.523,0.479001,1,0.91647,1,4,16,0.015625,0.014442,-0.002304,0.002525,C-accelerated,136791.33,136400.0,2726.66,3975.0,1.4571
2026-03-30T05:40:55Z,2724667016,1463,Natuto syang maglakad. Hakbang-hakbang. Makarating dito. Makarating doon. Makarating sa puntong di na makalakad. Lumingon sya sa likod. Hindi pala sya lumayo.,158,44,1,50.3723,0.047199,0.335938,0.609375,0.503723,0.043068,0.375,0.59375,0.006198,0.028443,0.004693,1,50.3571,7.991492,257.967,0.436302,1,0.731413,1,4,16,0.015625,-0.006693,0.001325,-0.000531,C-accelerated,149024.0,137200.0,25417.13,12775.0,4.6556
2026-03-30T05:40:55Z,2724667016,1464,"Nagbasa sya ng maraming libro. Naaalala. Nakakalimot. Nagbabasa uli. Nakakalimot uli. Sa huli, walang natatandaan. Pero busog sya.",130,44,1,50.9521,0.04526,0.40625,0.617188,0.509521,0.048465,0.398438,0.648438,0.0063,0.031877,0.004729,1,49.3408,7.99113,270.534,0.240798,1,0.024438,1,4,16,0.015625,-0.000615,-0.00354,-0.001146,C-accelerated,144962.67,140500.0,10446.35,11225.0,3.9947
2026-03-30T05:40:55Z,2724667016,1465,Natuto syang magluto ng goto. Goto lang. Lagyan ng karne. Lagyan ng sibuyas. Lagyan ng marami. Nakalimot maglagay ng kanin.,123,44,1,49.5239,0.04103,0.414062,0.585938,0.495239,0.044132,0.390625,0.609375,0.006178,0.029086,0.004684,1,50.0427,7.992118,242.164,0.708342,1,0.457057,1,4,16,0.015625,0.008812,-0.007594,-0.004934,C-accelerated,133447.78,133300.0,864.95,800.0,0.3001
2026-03-30T05:40:55Z,2724667016,1466,Nagtanim sya ng plum. Taglamig namulaklak. Mabango. Nalaglag ang snow sa bulak. Di nalaglag ang bulak. Siya nalaglag.,117,44,1,50.0916,0.045362,0.351562,0.609375,0.500916,0.040201,0.335938,0.59375,0.006337,0.031044,0.004711,1,50.1984,7.99142,264.18,0.333171,1,0.186653,1,4,16,0.015625,0.000143,-0.00901,-0.007677,C-accelerated,134838.67,134900.0,1323.86,1275.0,0.4726
2026-03-30T05:40:55Z,2724667016,1467,Araw-araw nagbabasa ng balita. Madami ang masamang balita. Patay. Bukas. Patay. Bukas. Di sya makahinto.,104,44,1,50.0244,0.045239,0.382812,0.625,0.500244,0.035506,0.421875,0.625,0.006121,0.030768,0.00467,1,49.823,7.991623,255.407,0.481052,1,0.169757,1,4,16,0.015625,-0.003419,-0.002424,0.015285,C-accelerated,146511.78,142850.0,12217.21,11400.0,3.9902
2026-03-30T05:40:55Z,2724667016,1468,Natuto syang mag-ayos ng bisikleta. Inayos. Sinakyan. Sumabog ang gulong. Tinulak pauwi. Inayos uli.,100,44,1,50.1099,0.043877,0.390625,0.59375,0.501099,0.042988,0.414062,0.609375,0.006207,0.02879,0.004646,1,50.2686,7.989571,321.827,0.002863,0,0.699384,1,4,16,0.015625,0.009941,-3.8e-05,-0.001556,C-accelerated,139848.44,137200.0,6080.42,4000.0,1.4577
2026-03-30T05:40:55Z,2724667016,1469,"Bumili sya ng hanging plant. Nilagay sa bintana. Sakto ang liwanag. Mabilis lumaki. Pinutol yung sanga, nilagay sa tubig. Tumubo ang ugat. Tuloy na sya sa pagputol at pagtanim.",176,44,1,50.3052,0.045126,0.375,0.609375,0.503052,0.042312,0.40625,0.617188,0.006306,0.033617,0.004799,1,50.1068,7.991077,273.094,0.208292,1,0.599997,1,4,16,0.015625,-0.005238,0.005073,0.002838,C-accelerated,143216.67,142800.0,3872.42,4800.0,1.6807
2026-03-30T05:40:55Z,2724667016,1470,"Natuto syang uminom ng tsaa. Mapait. Medyo matamis sa huli. Mapait uli. Medyo matamis uli. Parang buhay. Parang hindi, tsaa parin.",130,44,1,50.0916,0.04514,0.382812,0.585938,0.500916,0.040778,0.398438,0.632812,0.006224,0.0294,0.004699,1,50.3693,7.991488,258.665,0.424264,1,0.112396,1,4,16,0.015625,0.012911,-0.005469,0.008241,C-accelerated,136415.56,135900.0,2558.02,3075.0,1.1313
2026-03-30T05:40:55Z,2724667016,1471,"Nagtanim sya ng sunflower. Sumusunod sa araw. Nawawala ang araw, yumuyuko sya. Bukas, tutuwid uli.",98,44,1,50.5981,0.044059,0.382812,0.609375,0.505981,0.044768,0.398438,0.640625,0.006171,0.0322,0.004688,1,50.0397,7.992723,220.148,0.94407,1,0.969577,1,4,16,0.015625,-0.001223,0.009478,-0.005786,C-accelerated,139660.0,136700.0,6681.67,4750.0,1.7374
2026-03-30T05:40:55Z,2724667016,1473,Nag-alaga sya ng pusa. Kinakamot ng pusa ang sofa. Sinisigawan. Kinakamot uli. Tumigil sya manigaw. Nasira ang sofa. Bumili ng bago. Kinakamot parin ng pusa.,157,44,1,49.6094,0.045596,0.382812,0.617188,0.496094,0.044741,0.359375,0.585938,0.006195,0.028427,0.004655,1,50.1587,7.992787,219.916,0.94534,1,0.901355,1,4,16,0.015625,-0.003601,-0.001479,0.003849,C-accelerated,167498.22,142750.0,51173.99,36850.0,12.9072
2026-03-30T05:40:55Z,2724667016,1472,Natuto syang maghintay. Maghintay ng tagsibol. Darating ang tagsibol. Maghintay ng tag-init. Darating ang tag-init. Maghintay ng taglagas. Darating ang taglagas. Maghintay ng taglamig. Darating ang taglamig. Maghintay uli ng tagsibol.,234,44,1,50.1221,0.039889,0.390625,0.617188,0.501221,0.04146,0.351562,0.601562,0.006246,0.031429,0.004756,1,50.177,7.992594,225.617,0.907396,1,0.131946,1,4,16,0.015625,0.003756,-0.00538,-0.00033,C-accelerated,142970.0,138300.0,10612.98,11550.0,4.1757
2026-03-30T05:40:55Z,2724667016,1474,"Natuto syang magtimpla ng kape. Sa cezve. Sa filter. Sa espresso machine. Sinubukan lahat. Sa huli, balik sa instant. Tipid sa oras. Yung oras na natipid, ginamit nya sa pagtitig sa hangin.",189,44,1,50.6348,0.04281,0.414062,0.609375,0.506348,0.044127,0.367188,0.640625,0.006184,0.028997,0.004717,1,50.1343,7.991491,261.853,0.370608,1,0.848767,1,4,16,0.015625,-0.006879,-0.004699,0.007314,C-accelerated,135013.11,134800.0,1806.61,2300.0,0.8531
2026-03-30T05:40:55Z,2724667016,1475,"Araw-araw tumitingin sa salamin. Isang araw, nag-good morning yung salamin. Nagulat sya. Nasnasanay din. Tumigil yung salamin. Namiss nya.",138,44,1,50.2075,0.044113,0.382812,0.632812,0.502075,0.045118,0.382812,0.601562,0.006201,0.030151,0.004646,1,50.174,7.992806,218.054,0.95473,1,0.437116,1,4,16,0.015625,0.001622,-0.00866,-0.0037,C-accelerated,137367.78,134700.0,8432.04,2875.0,1.0672
2026-03-30T05:40:55Z,2724667016,1476,Nagtanim sya ng saging. Nanilaw ang dahon. Nalaglag. Inipon nya. Tinambak. Tinapakan. Kumaluskos. Parang nagsasalita yung taglagas.,131,44,1,49.9878,0.0449,0.351562,0.625,0.499878,0.049353,0.34375,0.625,0.006164,0.031812,0.004694,1,50.1312,7.991285,261.015,0.384469,1,0.548052,1,4,16,0.015625,-0.011087,0.000614,0.002592,C-accelerated,149610.0,137750.0,23644.0,25325.0,9.1924
2026-03-30T05:40:55Z,2724667016,1477,Natuto syang magluto. Luto para sa pamilya. Umalis ang pamilya. Luto para sa sarili. Nawala ang sarili. Luto para sa alaala.,124,44,1,50.2991,0.040325,0.398438,0.609375,0.502991,0.039885,0.40625,0.632812,0.006284,0.028607,0.004696,1,49.9023,7.989654,316.8,0.005067,0,0.908908,1,4,16,0.015625,0.005176,0.000288,-0.005312,C-accelerated,138712.0,136000.0,6344.03,6000.0,2.2059
2026-03-30T05:40:55Z,2724667016,1478,Nag-alaga sya ng loro. Tinuruan magsalita. Mag-hello. Mag-goodbye. Mag-mahal kita. Nag-hello lang natutunan. Sapat na.,118,44,1,49.2798,0.042675,0.390625,0.609375,0.492798,0.044843,0.359375,0.601562,0.006231,0.029176,0.004658,1,50.4242,7.991554,255.476,0.479821,1,0.135655,1,4,16,0.015625,-0.000435,-0.003375,-0.008014,C-accelerated,142601.11,140900.0,6556.14,8800.0,3.1228
2026-03-30T05:40:55Z,2724667016,1479,"Natuto syang tumahimik. Tumahimik sa ingay. Tumahimik sa katahimikan. Sa katahimikan, narinig nya sarili nya. Narinig. Sapat na.",128,44,1,49.9695,0.042673,0.398438,0.617188,0.499695,0.045674,0.335938,0.617188,0.006235,0.029777,0.004716,1,49.9969,7.991705,250.077,0.575281,1,0.89381,1,4,16,0.015625,0.000654,0.003861,-0.010905,C-accelerated,141590.89,139000.0,6634.96,9675.0,3.4802
2026-03-30T05:40:55Z,2724667016,1480,Nanood sya ng pelikula tungkol sa matanda. Namatay yung matanda. Umiyak sya. Umiyak dahil mamamatay din sya. Umiyak. Tumuloy mabuhay.,133,44,1,49.7192,0.042272,0.375,0.625,0.497192,0.044191,0.382812,0.609375,0.00623,0.02792,0.004637,1,49.3774,7.991505,259.177,0.415494,1,0.165354,1,4,16,0.015625,-0.002612,0.000728,-0.004089,C-accelerated,145750.0,137600.0,17533.36,8825.0,3.2068
2026-03-30T05:40:55Z,2724667016,1481,Nagtanim sya ng gulay. Kangkong. Talong. Kamatis. Kinakain din ng uod. Hiniwalayan nya ng kalahati ang uod. Hiniwalayan din sya ng uod. Sapat sa lahat.,151,44,1,49.7498,0.048494,0.390625,0.617188,0.497498,0.044762,0.382812,0.617188,0.006224,0.029909,0.004736,1,49.8535,7.991897,247.564,0.619034,1,0.710004,1,4,16,0.015625,-0.005333,-0.001638,-0.012579,C-accelerated,134436.0,134200.0,1263.1,2000.0,0.7452
2026-03-30T05:40:55Z,2724667016,1482,"Natuto syang mag-ayos ng orasan. Inayos ang oras. Di maayos ang sarili. Sa loob nya, ang oras tumatakbo mabilis tapos mabagal.",126,44,1,49.0417,0.042356,0.390625,0.59375,0.490417,0.04276,0.359375,0.601562,0.006225,0.029873,0.00477,1,50.1007,7.991386,261.178,0.38176,1,0.554422,1,4,16,0.015625,0.011932,0.008622,-0.005044,C-accelerated,134797.56,134250.0,1700.57,2975.0,1.108
2026-03-30T05:40:55Z,2724667016,1483,Bumili sya ng pulang sapatos. Sobrang pula. Di masuot. Tinago. Kumupas. Di na pula. Pwede ng isuot. Ayaw na.,108,44,1,49.9634,0.044995,0.390625,0.617188,0.499634,0.046383,0.367188,0.609375,0.006288,0.031739,0.004739,1,50.2106,7.99287,218.775,0.951252,1,0.778502,1,4,16,0.015625,-0.013627,-0.007084,-0.000937,C-accelerated,183637.33,163000.0,52487.88,58725.0,18.0138
2026-03-30T05:40:55Z,2724667016,1484,"Araw-araw sumusulat ng tula. Tatlong daan animnapu't lima. Sinunog. Sumunod na taon sumulat uli. Sinunog uli. Abo, naging pataba sa bulaklak. Lumago ang mga bulaklak.",166,44,1,49.3408,0.040928,0.398438,0.617188,0.493408,0.048597,0.382812,0.632812,0.006224,0.02942,0.004735,1,50.3204,7.991418,259.875,0.403622,1,0.266661,1,4,16,0.015625,0.012935,0.002718,0.006176,C-accelerated,147719.11,145850.0,11699.82,14900.0,5.108
2026-03-30T05:40:55Z,2724667016,1485,Natuto syang magluto ng sabaw ng isda. Buhay pa yung isda. Pinatay. Niluto. Ininom. Patay ang isda. Buhay sya. Ang isda nabubuhay sa loob nya.,142,44,1,50.1831,0.044307,0.375,0.601562,0.501831,0.044736,0.398438,0.625,0.006227,0.028585,0.004721,1,50.1923,7.990909,276.817,0.166233,1,0.240892,1,4,16,0.015625,0.002866,-0.00921,-0.004719,C-accelerated,134191.33,134000.0,1035.35,900.0,0.3358
2026-03-30T05:40:55Z,2724667016,1486,Nagtanim sya ng akasya sa tabi ng ilog. Nakayuko ang mga sanga. Nakaupo sa ilalim ang mga mangingisda. May nakakahuli. May hindi. Nakaupo lang lahat.,149,44,1,49.7314,0.045601,0.390625,0.625,0.497314,0.041781,0.398438,0.617188,0.006284,0.031395,0.00473,1,49.4934,7.99308,210.513,0.980669,1,0.863734,1,4,16,0.015625,-0.004096,-0.00367,-0.012571,C-accelerated,143144.44,139950.0,6617.77,5975.0,2.1347
2026-03-30T05:40:55Z,2724667016,1488,Natuto syang makalimot. Makalimot ng numero ng telepono. Makalimot ng birthday. Makalimot ng daan pauwi. Naaalala pangalan nya. Sapat na.,137,44,1,49.5483,0.041034,0.375,0.625,0.495483,0.04218,0.382812,0.609375,0.006247,0.037114,0.00475,1,50.3418,7.991752,251.939,0.542422,1,0.495412,1,4,16,0.015625,0.005306,0.00065,0.002171,C-accelerated,138984.89,136300.0,6698.74,8225.0,3.0172
2026-03-30T05:40:55Z,2724667016,1487,Nag-alaga sya ng kuneho. Kumakain ng carrots. Binigyan nya ng carrots. Kumakain ang kuneho. Masaya sya. Namatay ang kuneho. Umiyak sya. Di alam ng kuneho.,154,44,1,50.0854,0.043774,0.40625,0.609375,0.500854,0.04003,0.390625,0.585938,0.006143,0.033311,0.004701,1,50.1648,7.991983,244.166,0.676194,1,0.782161,1,4,16,0.015625,-0.005521,-0.00286,0.012401,C-accelerated,141868.44,135200.0,15816.25,7225.0,2.672
2026-03-30T05:40:55Z,2724667016,1489,Bumili sya ng transparent na plorera. Nilagyan ng rosas. Nalanta ang rosas. Nilagyan ng lily. Nalanta ang lily. Nilagyan ng everlasting. Nakatayo pa hanggang ngayon.,165,44,1,49.4873,0.041667,0.414062,0.609375,0.494873,0.045191,0.375,0.609375,0.006213,0.03112,0.004692,1,49.6979,7.991682,253.615,0.512732,1,0.988589,1,4,16,0.015625,-0.008141,0.003675,-0.003128,C-accelerated,142614.0,134000.0,15066.22,7275.0,2.7146
2026-03-30T05:40:55Z,2724667016,1490,Natuto syang maglaro ng chess. Nakipaglaro sa kapitbahay. Umalis ang kapitbahay. Nakipaglaro sa sarili. Panalo sya. Talo sya. Tumigil.,134,44,1,49.7192,0.047187,0.375,0.640625,0.497192,0.043758,0.382812,0.601562,0.006288,0.028196,0.004699,1,50.4059,7.99268,222.545,0.929651,1,0.965777,1,4,16,0.015625,0.012321,0.004605,-0.009293,C-accelerated,139664.89,137050.0,6599.66,6300.0,2.2984
2026-03-30T05:40:55Z,2724667016,1491,"Nagtanim sya ng kampanilya. Umakyat sa pader. Umaga namumulaklak. Hapon nagsasara. Araw-araw may bagong bulaklak. Yung dati, wala na.",133,44,1,50.0061,0.043896,0.367188,0.601562,0.500061,0.042562,0.375,0.59375,0.006183,0.034375,0.004691,1,49.9146,7.991624,252.986,0.523868,1,0.87875,1,4,16,0.015625,-0.007699,-0.001656,3.1e-05,C-accelerated,143678.0,134700.0,18720.27,9775.0,3.6284
2026-03-30T05:40:55Z,2724667016,1492,"Nag-alaga sya ng isda sa aquarium. Pula. Itim. Batik-batik. Pinakain. Nagpalit ng tubig. Namatay isa-isa. Yung huli, tumagal. Namatay din.",138,44,1,49.8352,0.043527,0.375,0.601562,0.498352,0.039022,0.390625,0.59375,0.006235,0.03625,0.0047,1,49.8657,7.991908,244.119,0.676956,1,0.437116,1,4,16,0.015625,-0.000467,-0.005348,0.010021,C-accelerated,138117.33,136900.0,3369.35,3975.0,1.4518
2026-03-30T05:40:55Z,2724667016,1493,Natuto syang kumanta. Kinanta para sa ibon. Lumipad ang ibon. Kinanta para sa sarili. Nakatulog sya. Kinanta para sa hangin. Walang tenga ang hangin.,149,44,1,49.5056,0.043824,0.382812,0.617188,0.495056,0.04166,0.375,0.601562,0.006341,0.031425,0.004774,1,50.0732,7.99016,297.204,0.03563,0,0.367577,1,4,16,0.015625,0.009257,0.002152,-0.006224,C-accelerated,135744.89,135800.0,1765.27,1975.0,0.7272
2026-03-30T05:40:55Z,2724667016,1494,Tumingin sya sa snow. Malakas na snow. Puti ang buong mundo. Kinabukasan tumila ang snow. Madumi ang mundo. Namiss nya ang snow. Di sya namiss ng snow.,151,44,1,50.2136,0.044471,0.367188,0.625,0.502136,0.041864,0.375,0.59375,0.006234,0.027209,0.004686,1,50.3754,7.990534,288.198,0.074949,1,0.266661,1,4,16,0.015625,0.005791,4.1e-05,0.006957,C-accelerated,143357.33,138200.0,9807.03,10775.0,3.8983
2026-03-30T05:40:55Z,2724667016,1495,Natuto syang magluto ng ginataang monggo. Nag-asukal. Sobrang tamis. Nagdagdag tubig. Malabnaw. Nagdagdag monggo. Sobra. Di maubos mag-isa. Nilagay sa ref. Kainin bukas.,169,44,1,49.5605,0.044696,0.367188,0.65625,0.495605,0.04208,0.382812,0.585938,0.006167,0.030123,0.004665,1,50.4761,7.993396,199.808,0.995557,1,0.626779,1,4,16,0.015625,-0.001134,-0.00014,0.004527,C-accelerated,150870.89,138750.0,22904.47,29900.0,10.7748
2026-03-30T05:40:55Z,2724667016,1497,Araw-araw naglalakad ng sampung libong hakbang. Tatlong taon. Pumayat. Gumanda pakiramdam. Naging masaya. Nakalimot kung bakit nagsimula. Tuloy parin sa paglalakad.,164,44,1,50.1099,0.046113,0.421875,0.648438,0.501099,0.047348,0.375,0.617188,0.006137,0.031879,0.004715,1,49.9603,7.9916,255.872,0.472858,1,0.097111,1,4,16,0.015625,0.013244,0.007766,-0.007482,C-accelerated,134768.89,134700.0,871.99,1100.0,0.4083
2026-03-30T05:40:55Z,2724667016,1496,Nagtanim sya ng datiles mula sa buto. Sampung taon. Lumaki ang puno. Walang bunga. Masaya parin sya.,100,44,1,50.47,0.041066,0.390625,0.601562,0.5047,0.048636,0.367188,0.632812,0.006245,0.032393,0.004741,1,50.0916,7.991204,268.928,0.262632,1,0.667881,1,4,16,0.015625,0.004435,0.008143,0.011483,C-accelerated,135724.89,135600.0,1472.9,1900.0,0.7006
2026-03-30T05:40:55Z,2724667016,1498,"Natuto syang mag-ayos ng computer. I-on. I-off. Blue screen. I-restart. Sira. Bumili ng bago. Masisira din yung bago. Yung luma, nasa sulok.",140,44,1,50.3418,0.03923,0.421875,0.609375,0.503418,0.044029,0.398438,0.648438,0.006201,0.029051,0.004654,1,50.1923,7.991628,255.919,0.47204,1,0.685315,1,4,16,0.015625,0.002541,-0.010695,-0.000132,C-accelerated,150469.11,142300.0,18739.77,20425.0,7.1767
2026-03-30T05:40:55Z,2724667016,1499,Bumili sya ng diary. Unang araw tatlong pahina. Pangalawang araw dalawang pahina. Pangatlong araw isang pahina. Sunod walang laman. Nawala. Nakita uli. Sumulat uli.,164,44,1,50.2686,0.042684,0.414062,0.648438,0.502686,0.043765,0.390625,0.59375,0.006171,0.030623,0.004693,1,49.9969,7.99124,266.019,0.304854,1,0.350101,1,4,16,0.015625,-0.005828,-0.016881,-0.009221,C-accelerated,143329.78,135000.0,19227.96,6800.0,2.5185
2026-03-30T05:40:55Z,2724667016,1500,"Nagtanim sya ng mint sa paso. Ginagawang tsaa. Nakakapresko. Kinagat ng lamok, ipinahid. Nakakapresko din. Dumami ang mint. Binigay sa kapitbahay. Binigyan din sya ng ibang halaman.",181,44,1,49.9573,0.043775,0.382812,0.609375,0.499573,0.040833,0.398438,0.625,0.006299,0.03015,0.004696,1,50.2106,7.992364,232.18,0.84436,1,0.103013,1,4,16,0.015625,-0.009703,-0.000261,-0.000646,C-accelerated,133634.67,133000.0,1895.16,2700.0,1.015
2026-03-30T05:40:55Z,2724667016,1501,"Nag-alaga sya ng aso. Inilalakad araw-araw. Siya ang nilalakad ng aso. Matanda na ang aso, di na makalakad. Kinalong nya sa araw. Namatay ang aso. Siya na naglakad mag-isa.",172,44,1,49.2554,0.044106,0.367188,0.609375,0.492554,0.042945,0.367188,0.609375,0.006243,0.030504,0.004728,1,49.7772,7.991945,247.005,0.628614,1,0.260553,1,4,16,0.015625,0.005536,-0.000832,0.0009,C-accelerated,140354.22,136700.0,8311.57,7000.0,2.5604
2026-03-30T05:40:55Z,2724667016,1502,"Natuto syang tumahimik. Tumahimik sa away. Tumahimik sa di pagkakaintindihan. Sa katahimikan, naintindihan din sya. Sa pagkakaintindihan, tumahimik parin sya.",158,44,1,50.0427,0.045169,0.390625,0.601562,0.500427,0.042627,0.398438,0.617188,0.006309,0.033701,0.004702,1,50.1678,7.99182,248.401,0.604556,1,0.570503,1,4,16,0.015625,-0.006865,-0.004258,-0.001782,C-accelerated,134967.56,135000.0,1311.1,1500.0,0.5556
2026-03-30T05:40:55Z,2724667016,1503,Nagbasa sya ng libro. Lalaki naghintay ng babae habambuhay. Nakuha rin nya. Namatay yung babae. Sumara ang libro. Umiyak sya.,125,44,1,50.2625,0.044659,0.390625,0.648438,0.502625,0.039382,0.375,0.59375,0.006282,0.034823,0.004752,1,49.9451,7.990442,289.036,0.070233,1,0.882511,1,4,16,0.015625,-0.00524,0.014993,-0.005888,C-accelerated,135189.11,134250.0,3517.19,4975.0,1.8529
2026-03-30T05:40:55Z,2724667016,1504,Nagtanim sya ng mais. Luto na ang mais. Nilaga. Masarap. Nagtabi ng ilang puso para sa binhi. Sumunod na taon nagtanim uli. Bawat taon. Bawat taon masarap.,155,44,1,50.0671,0.039367,0.398438,0.617188,0.500671,0.041708,0.414062,0.59375,0.006171,0.030584,0.004665,1,49.7345,7.990973,276.282,0.171894,1,0.385585,1,4,16,0.015625,0.005142,0.003864,0.002501,C-accelerated,147333.33,141400.0,13646.77,12350.0,4.367
2026-03-30T05:40:55Z,2724667016,1505,Natuto syang magluto ng pansit. Pansit na may sabaw. Pansit na may gisa. Pansit na may sabaw. Masarap. Kumain mag-isa. Di maubos. Itapon. Sayang. Sa susunod kunti na lang.,171,44,1,50.0366,0.043178,0.398438,0.59375,0.500366,0.040381,0.390625,0.59375,0.00619,0.028895,0.004676,1,49.9634,7.991465,258.991,0.418677,1,0.674834,1,4,16,0.015625,-0.003306,-0.013259,0.001397,C-accelerated,139548.22,137150.0,6041.82,5600.0,2.0416
2026-03-30T05:40:55Z,2724667016,1506,Araw-araw nagdidilig ng halaman. Namumulaklak. Nalalanta. Namumulaklak uli. Tumanda sya. Di na makapag-dilig. Naghihintay ang halaman. Di na sya dumating.,154,44,1,50.2197,0.046793,0.382812,0.632812,0.502197,0.042184,0.40625,0.601562,0.006045,0.027591,0.004584,1,50.2686,7.991437,258.106,0.433887,1,0.640359,1,4,16,0.015625,-0.006881,-0.01707,0.00125,C-accelerated,141597.33,137450.0,8747.77,9775.0,3.5558
2026-03-30T05:40:55Z,2724667016,1507,"Bumili sya ng malambot na tsinelas. Kumportable. Ginamit ng matagal. Nasira. Sayang itapon. Tinahi. Ginamit uli. Nasira uli. Tinahi uli. Sa huli, sinulid na lang natira.",169,44,1,50.177,0.045252,0.390625,0.640625,0.50177,0.042266,0.414062,0.609375,0.006265,0.029977,0.004722,1,49.7467,7.991696,251.59,0.5486,1,0.560828,1,4,16,0.015625,-0.000793,0.000815,-0.009927,C-accelerated,133449.78,133400.0,1037.5,1000.0,0.3748
2026-03-30T05:40:55Z,2724667016,1508,Nagtanim sya ng ubas. Kumalat sa may balkonahe. Tag-init doon naupo sa lilim. Taglagas kumain ng ubas. Taglamig natuyo. Tagsibol sumibol uli. Taon-taon.,152,44,1,50.7874,0.040448,0.414062,0.601562,0.507874,0.044948,0.367188,0.625,0.006245,0.030555,0.004811,1,49.6979,7.991245,265.6,0.3112,1,0.72783,1,4,16,0.015625,0.005161,0.008125,0.00745,C-accelerated,144335.33,135000.0,21612.9,8350.0,3.0926
2026-03-30T05:40:55Z,2724667016,1509,"Nag-alaga sya ng hamster. Tumakbo sa gulong. Takbo nang takbo. Hihinto ang gulong, hihinto sya. Iikot ang gulong, takbo uli. Namatay sya. Naiwan ang gulong.",156,44,1,50.4761,0.047744,0.40625,0.632812,0.504761,0.045263,0.382812,0.625,0.006246,0.031731,0.004715,1,49.942,7.993211,206.976,0.987678,1,0.789493,1,4,16,0.015625,0.012132,0.005443,-0.006734,C-accelerated,137143.11,136450.0,2232.49,3500.0,1.2825
2026-03-30T05:40:55Z,2724667016,1510,"Natuto syang magtimpla ng kape araw-araw. Suminghot ng aroma. Uminom ng pait. Nasnasan sa pait. Kung di mapait, di kape. Alam yun ng kape.",138,44,1,49.646,0.043748,0.390625,0.585938,0.49646,0.045174,0.382812,0.609375,0.006214,0.029342,0.004702,1,49.9969,7.989364,326.714,0.001601,0,0.852503,1,4,16,0.015625,-0.006524,-0.000704,-0.002517,C-accelerated,135400.0,136000.0,2056.39,3500.0,1.2868
2026-03-30T05:40:55Z,2724667016,1511,"Nagtanim sya ng rosas na may tinik. Pumitas, nasugatan. Dumugo. Maganda naman ang rosas. Sulit. Sumunod na pagkakataon, nasugatan uli. Sulit parin. Nalanta ang rosas. Naiwan ang tinik.",184,44,1,50.4395,0.038158,0.40625,0.609375,0.504395,0.047639,0.390625,0.671875,0.006227,0.035772,0.004725,1,49.6216,7.991327,263.552,0.343113,1,0.357525,1,4,16,0.015625,0.004721,-0.001833,0.005479,C-accelerated,133405.78,133000.0,1355.39,1775.0,0.6673
2026-03-30T05:40:55Z,2724667016,1512,Nanood sya ng lumang sine na black and white. Patay na lahat ng artista. Pinapanood nya silang bata pa. Naging bata din sila. Naging bata din sya.,146,44,1,49.8535,0.044919,0.375,0.601562,0.498535,0.042598,0.335938,0.625,0.006201,0.033214,0.004683,1,49.8718,7.991702,253.824,0.509022,1,0.208185,1,4,16,0.015625,0.015465,-0.002312,-0.006827,C-accelerated,145580.89,140700.0,12520.07,15275.0,5.4282
2026-03-30T05:40:55Z,2724667016,1513,Natuto syang magluto para sa anak. Sabi ng anak masarap. Nagluto para manugang. Sabi ng manugang masarap. Nagluto para apo. Sabi ng apo masarap. Umalis sila. Nagluto para sa sarili. Hindi masarap.,196,44,1,50.2747,0.038788,0.382812,0.601562,0.502747,0.044769,0.398438,0.625,0.006188,0.03027,0.004671,1,49.8596,7.991795,248.867,0.596462,1,1.0,1,4,16,0.015625,-0.003881,0.001242,-0.01419,C-accelerated,141959.56,140500.0,5598.96,8000.0,2.847
2026-03-30T05:40:55Z,2724667016,1514,Nag-alaga sya ng mynah. Marunong gumaya. Gumaya ng tunog ng telepono. Gumaya ng doorbell. Gumaya ng nag-aaway na kapitbahay. Gumaya ng iyak ng bata. Tapos tumahimik. Namatay. Tahimik na.,186,44,1,49.939,0.038405,0.414062,0.640625,0.49939,0.04152,0.367188,0.601562,0.006264,0.030396,0.004673,1,49.9023,7.991886,246.447,0.63813,1,0.174247,1,4,16,0.015625,-0.000775,-0.005934,-0.000385,C-accelerated,143627.56,142400.0,8268.44,10900.0,3.8272
2026-03-30T05:40:55Z,2724667016,1515,Bumili sya ng isda. Nilagay sa paso. Nagpalit ng tubig araw-araw. Pinakain. Lumaki ang isda. Maliit na ang paso. Nilipat sa aquarium. Lumaki pa ang isda. Nilipat sa maliit na pond. Lumaki ang isda. Tumanda sya. Tumanda din ang isda. Sabay tumanda.,247,44,1,49.6643,0.044982,0.414062,0.625,0.496643,0.044083,0.367188,0.609375,0.006331,0.031048,0.004703,1,50.1434,7.990861,276.119,0.173643,1,0.289899,1,4,16,0.015625,7.5e-05,0.001563,0.003123,C-accelerated,138164.67,135600.0,6171.08,3875.0,1.4288
2026-03-30T05:40:55Z,2724667016,1516,Nagtanim sya ng upo. Kumalat sa buong bubong. Madami ang bunga. Di maubos kainin. Binigay sa kapitbahay. Yung kapitbahay di din maubos. Binigay pabalik. Ginawang panghugas ng pinggan. Ilang taon ginamit. Upo di pa ubos.,219,44,1,49.6887,0.043061,0.390625,0.617188,0.496887,0.043194,0.40625,0.585938,0.006216,0.033976,0.004762,1,49.823,7.989523,318.22,0.004325,0,0.123599,1,4,16,0.015625,-0.001036,-0.007511,-0.004229,C-accelerated,134923.78,134900.0,1554.16,2300.0,0.8525
2026-03-30T05:40:55Z,2724667016,1517,Araw-araw sya nanonood ng sunset. Iisang lugar. Iisang oras. Iba-iba ang ulap. Iba-iba ang kulay. Iba-iba ang pakiramdam. Parehas ang sunset. Siya nag-iiba. Hinihintay ng sunset na tumanda sya.,193,44,1,49.7498,0.041189,0.390625,0.59375,0.497498,0.045825,0.351562,0.617188,0.006238,0.02967,0.004667,1,49.9298,7.991409,261.178,0.38176,1,0.390828,1,4,16,0.015625,0.003057,0.0083,0.006883,C-accelerated,134298.22,134200.0,953.61,1000.0,0.3726
2026-03-30T05:40:55Z,2724667016,1518,"Natuto syang mag-ayos ng bisikleta. Inayos sa kapitbahay. Inayos sa kaibigan. Inayos sa di kilala. Di nagpabayad. Tumanggap ng salamat. Yung salamat, di na sapat. Tumanggap ng ngiti. Yung ngiti, sapat na.",204,44,1,50.3174,0.043151,0.398438,0.640625,0.503174,0.04559,0.367188,0.601562,0.006107,0.030904,0.00463,1,50.2197,7.991403,262.156,0.365649,1,0.123599,1,4,16,0.015625,-0.012644,-0.005918,0.005331,C-accelerated,136437.33,135200.0,4804.76,2100.0,0.7766
2026-03-30T05:40:55Z,2724667016,1519,A csendes faluban egy öreg órás minden este felhúzta a toronyórát.,66,44,1,50.4761,0.043149,0.382812,0.640625,0.504761,0.040645,0.390625,0.625,0.006213,0.030748,0.004748,1,49.8291,7.992672,222.592,0.929346,1,0.901355,1,4,16,0.015625,0.009768,0.008534,0.005423,C-accelerated,138914.22,136500.0,6255.52,7475.0,2.7381
2026-03-30T05:40:55Z,2724667016,1521,Egy fiatal utazó térképet rajzolt a poros asztalon.,51,44,1,50.1465,0.047308,0.328125,0.625,0.501465,0.042732,0.40625,0.625,0.006314,0.030403,0.004788,1,50.1953,7.992251,234.601,0.815632,1,0.927827,1,4,16,0.015625,0.002633,-0.000381,-0.010583,C-accelerated,136045.11,134450.0,5064.29,2475.0,0.9204
2026-03-30T05:40:55Z,2724667016,1520,Az erdő szélén egy régi kunyhó állt a ködben.,45,44,1,50.3174,0.040234,0.382812,0.601562,0.503174,0.040187,0.398438,0.625,0.006224,0.031248,0.004708,1,50.1556,7.99153,257.92,0.437107,1,0.912688,1,4,16,0.015625,0.003431,-2e-05,-0.005384,C-accelerated,135570.89,135100.0,1719.67,1775.0,0.6569
2026-03-30T05:40:55Z,2724667016,1522,A folyó lassan kanyargott a hegyek között.,42,44,1,49.9207,0.046352,0.382812,0.59375,0.499207,0.040499,0.398438,0.617188,0.006298,0.033028,0.004733,1,50.0671,7.991878,247.284,0.623832,1,0.355039,1,4,16,0.015625,-0.000704,-0.001453,0.008827,C-accelerated,142308.22,140000.0,6389.79,7100.0,2.5357
2026-03-30T05:40:55Z,2724667016,1523,Az éjszakai szél régi történeteket hozott a faluba.,51,44,1,49.6094,0.045554,0.351562,0.601562,0.496094,0.04506,0.375,0.59375,0.006158,0.028447,0.004664,1,49.408,7.992993,213.329,0.972985,1,0.980983,1,4,16,0.015625,0.013132,-0.011688,-0.000621,C-accelerated,139076.89,135800.0,7263.04,8650.0,3.1848
2026-03-30T05:40:55Z,2724667016,1524,Egy fekete macska ült a könyvtár ablakában.,43,44,1,50.5127,0.044274,0.375,0.617188,0.505127,0.043558,0.414062,0.617188,0.006192,0.031481,0.004683,1,50.6866,7.991563,258.991,0.418677,1,0.60998,1,4,16,0.015625,0.001828,0.009811,-0.012951,C-accelerated,135567.56,135300.0,1532.06,1000.0,0.3695
2026-03-30T05:40:55Z,2724667016,1525,A hajnal első fénye megvilágította a kis utcát.,47,44,1,49.9634,0.042521,0.390625,0.625,0.499634,0.049264,0.382812,0.617188,0.006276,0.031244,0.004765,1,49.6155,7.991151,270.65,0.239259,1,0.830134,1,4,16,0.015625,0.00846,0.00013,0.009986,C-accelerated,134416.22,134100.0,1430.38,1500.0,0.5593
2026-03-30T05:40:55Z,2724667016,1526,A régi híd alatt csendesen folyt a víz.,39,44,1,49.9084,0.044609,0.375,0.617188,0.499084,0.044287,0.390625,0.59375,0.006143,0.033449,0.004676,1,50.0641,7.991569,258.432,0.428267,1,0.104023,1,4,16,0.015625,-0.005954,-0.010345,-0.008054,C-accelerated,133279.56,133650.0,1406.71,2400.0,0.8979
2026-03-30T05:40:55Z,2724667016,1527,Egy vándor pihent meg a tölgyfa árnyékában.,43,44,1,50.0488,0.043856,0.367188,0.59375,0.500488,0.043408,0.40625,0.609375,0.006181,0.031645,0.004719,1,49.881,7.992743,220.591,0.941594,1,0.052925,1,4,16,0.015625,-0.004024,0.010545,0.000488,C-accelerated,137365.11,134900.0,5309.67,5400.0,2.0015
2026-03-30T05:40:55Z,2724667016,1528,A kisváros templomharangja halkan szólt.,40,44,1,49.6582,0.042238,0.375,0.59375,0.496582,0.04575,0.375,0.632812,0.006311,0.031972,0.004825,1,49.7772,7.99164,254.988,0.488441,1,0.988589,1,4,16,0.015625,0.003865,-0.011696,0.000716,C-accelerated,136670.67,136150.0,2004.86,2500.0,0.9181
2026-03-30T05:40:55Z,2724667016,1529,A sűrű erdőben egy keskeny ösvény vezetett a hegyek felé.,57,44,1,49.9634,0.044686,0.382812,0.601562,0.499634,0.041165,0.398438,0.601562,0.006238,0.030273,0.004741,1,50.2808,7.993037,212.585,0.975223,1,0.606644,1,4,16,0.015625,-0.006675,0.001594,0.004792,C-accelerated,134601.78,134000.0,1572.22,2500.0,0.9328
2026-03-30T05:40:55Z,2724667016,1530,Az öreg könyvtáros titkos naplót talált a polcon.,49,44,1,50.2441,0.048048,0.375,0.640625,0.502441,0.042509,0.390625,0.640625,0.00628,0.035001,0.004756,1,49.8322,7.99138,260.364,0.395376,1,0.00267,0,4,16,0.015625,-0.007269,-0.002714,-0.02362,C-accelerated,133621.56,133200.0,1384.21,1775.0,0.6663
2026-03-30T05:40:55Z,2724667016,1531,A vihar előtt különös csend ült a falura.,41,44,1,49.6033,0.044592,0.375,0.601562,0.496033,0.043157,0.367188,0.59375,0.006238,0.030778,0.004698,1,50.0671,7.99092,277.516,0.159042,1,0.706458,1,4,16,0.015625,-0.007437,0.002692,0.001991,C-accelerated,140742.67,135550.0,10070.32,10500.0,3.8731
2026-03-30T05:40:55Z,2724667016,1532,Egy fiú elveszett kulcsot talált a kertben.,43,44,1,49.9084,0.040684,0.40625,0.585938,0.499084,0.044875,0.398438,0.609375,0.006274,0.032343,0.004746,1,50.0916,7.992289,233.833,0.825063,1,0.735002,1,4,16,0.015625,0.001153,0.002175,0.005189,C-accelerated,135895.78,135500.0,1757.87,1350.0,0.4982
2026-03-30T05:40:55Z,2724667016,1533,A folyóparton egy csónak ringott a vízen.,41,44,1,50.8667,0.046888,0.375,0.640625,0.508667,0.041412,0.414062,0.617188,0.006275,0.028707,0.004691,1,49.4049,7.991072,274.234,0.194748,1,0.19147,1,4,16,0.015625,0.001512,-0.006551,-0.005388,C-accelerated,134739.11,134400.0,1323.46,1100.0,0.4092
2026-03-30T05:40:55Z,2724667016,1534,A hegy tetején egy magányos torony állt.,40,44,1,49.762,0.048628,0.367188,0.648438,0.49762,0.046204,0.34375,0.632812,0.006195,0.032105,0.004709,1,49.7162,7.992708,223.151,0.925613,1,0.052344,1,4,16,0.015625,-0.001297,0.005203,-0.000303,C-accelerated,134857.56,135000.0,1700.81,1900.0,0.7037
2026-03-30T05:40:55Z,2724667016,1535,A hold fénye megvilágította a régi utat.,40,44,1,50.0488,0.040096,0.40625,0.609375,0.500488,0.048325,0.359375,0.625,0.006207,0.030148,0.004724,1,50.1587,7.992934,215.796,0.96438,1,0.785824,1,4,16,0.015625,0.002784,-0.001609,-0.022098,C-accelerated,142787.56,135300.0,18165.02,6650.0,2.4575
2026-03-30T05:40:55Z,2724667016,1537,A régi ház ajtaja halkan nyikorgott.,36,44,1,49.4629,0.048561,0.375,0.601562,0.494629,0.043899,0.398438,0.601562,0.00621,0.033672,0.004777,1,50.0916,7.990858,280.239,0.133071,1,0.030437,1,4,16,0.015625,0.000265,-0.004963,0.002537,C-accelerated,136161.33,136500.0,1189.68,1100.0,0.4029
2026-03-30T05:40:55Z,2724667016,1536,Az utazó lassan haladt a poros ösvényen.,40,44,1,49.0662,0.04593,0.375,0.601562,0.490662,0.044281,0.382812,0.601562,0.00617,0.02991,0.004714,1,49.8932,7.99077,281.239,0.124341,1,0.774848,1,4,16,0.015625,0.002354,0.01221,-0.004717,C-accelerated,139090.89,136300.0,5664.36,6575.0,2.412
2026-03-30T05:40:55Z,2724667016,1538,Az éjszaka csillagai tükröződtek a tóban.,41,44,1,49.8291,0.046219,0.390625,0.671875,0.498291,0.049217,0.328125,0.625,0.006226,0.026468,0.004702,1,49.8871,7.990238,295.808,0.040243,0,0.237089,1,4,16,0.015625,0.001786,-0.002868,-0.016343,C-accelerated,134970.44,134300.0,1804.83,2400.0,0.8935
2026-03-30T05:40:55Z,2724667016,1539,Тиха річка текла повз маленьке село.,36,44,1,50.061,0.042708,0.359375,0.601562,0.50061,0.044587,0.414062,0.601562,0.006263,0.029145,0.004737,1,49.8962,7.990692,282.822,0.111406,1,0.454178,1,4,16,0.015625,-0.006663,0.005204,0.003288,C-accelerated,139451.33,137000.0,7535.33,2900.0,1.0584
2026-03-30T05:40:55Z,2724667016,1540,Старий мандрівник сидів біля вогню.,35,44,1,50.177,0.04438,0.382812,0.609375,0.50177,0.043457,0.382812,0.601562,0.006256,0.027716,0.004703,1,49.649,7.990109,303.441,0.020105,0,0.87875,1,4,16,0.015625,-0.007044,-0.000176,0.005705,C-accelerated,135622.44,135300.0,1131.18,975.0,0.3603
2026-03-30T05:40:55Z,2724667016,1541,Над лісом піднімався холодний туман.,36,44,1,49.9146,0.046938,0.3125,0.609375,0.499146,0.048517,0.398438,0.640625,0.006171,0.031253,0.004659,1,50.1465,7.99041,292.41,0.053588,1,0.596686,1,4,16,0.015625,-0.000273,-0.000522,-0.006485,C-accelerated,141593.11,137100.0,9927.86,7400.0,2.6988
2026-03-30T05:40:55Z,2724667016,1542,Маленька дівчина читала книгу біля вікна.,41,44,1,50.3906,0.041166,0.398438,0.617188,0.503906,0.039728,0.40625,0.617188,0.006229,0.032004,0.004719,1,50.4639,7.991056,271.721,0.22537,1,0.510609,1,4,16,0.015625,0.000895,-0.002971,0.010541,C-accelerated,134347.11,133900.0,1688.56,2000.0,0.7468
2026-03-30T05:40:55Z,2724667016,1543,Нічний вітер гуляв вузькими вулицями.,37,44,1,50.0305,0.044979,0.375,0.59375,0.500305,0.045642,0.359375,0.609375,0.006247,0.029319,0.004686,1,50.3601,7.992508,226.129,0.903251,1,0.390828,1,4,16,0.015625,-0.00918,-0.013205,0.001933,C-accelerated,133714.67,133400.0,1154.65,2100.0,0.7871
2026-03-30T05:40:55Z,2724667016,1544,Старий міст стояв над темною водою.,35,44,1,50.0488,0.042137,0.40625,0.601562,0.500488,0.041933,0.40625,0.632812,0.0063,0.028134,0.004679,1,49.9084,7.991979,245.679,0.651097,1,0.647195,1,4,16,0.015625,-0.00956,-0.000807,0.004798,C-accelerated,169236.44,169000.0,1032.67,1200.0,0.355
2026-03-30T05:40:55Z,2724667016,1545,У долині лунав далекий дзвін.,29,44,1,50.531,0.04142,0.40625,0.601562,0.50531,0.043421,0.40625,0.632812,0.006188,0.031805,0.00471,1,49.8901,7.991206,266.973,0.290641,1,0.833854,1,4,16,0.015625,-0.006749,0.012277,-0.002439,C-accelerated,138894.89,136100.0,6278.02,5775.0,2.1216
2026-03-30T05:40:55Z,2724667016,1546,Під місяцем дорога здавалася безкінечною.,41,44,1,49.8413,0.044713,0.367188,0.601562,0.498413,0.045537,0.398438,0.632812,0.006154,0.032597,0.004635,1,50.0397,7.991127,269.137,0.259723,1,0.049515,1,4,16,0.015625,0.008977,0.001816,0.00619,C-accelerated,134037.33,133650.0,2206.54,2900.0,1.0849
2026-03-30T05:40:55Z,2724667016,1547,Мандрівник записував думки у старий зошит.,42,44,1,50.2258,0.041319,0.375,0.617188,0.502258,0.044099,0.414062,0.640625,0.006205,0.032434,0.004738,1,50.2594,7.991008,273.932,0.198285,1,0.845033,1,4,16,0.015625,-0.000659,0.001066,-0.015168,C-accelerated,136354.0,135900.0,2185.6,1300.0,0.4783
2026-03-30T05:40:55Z,2724667016,1548,Зірки повільно з’являлися на небі.,34,44,1,49.9146,0.04948,0.367188,0.632812,0.499146,0.046232,0.351562,0.640625,0.006331,0.029296,0.004786,1,50.1923,7.991489,259.316,0.413111,1,0.742198,1,4,16,0.015625,0.006867,0.004136,-0.005641,C-accelerated,133895.33,133600.0,1119.62,1375.0,0.5146
2026-03-30T05:40:55Z,2724667016,1549,Стара бібліотека зберігала багато таємниць.,43,44,1,50.2625,0.046847,0.382812,0.648438,0.502625,0.04295,0.390625,0.617188,0.006072,0.0323,0.004655,1,49.9115,7.9925,228.876,0.878812,1,0.307631,1,4,16,0.015625,0.005048,-0.006988,0.00059,C-accelerated,141509.11,139550.0,6021.66,8800.0,3.153
2026-03-30T05:40:55Z,2724667016,1550,Човен тихо дрейфував по озеру.,30,44,1,49.6399,0.043944,0.398438,0.609375,0.496399,0.043923,0.351562,0.59375,0.006208,0.032441,0.004714,1,50.1526,7.991871,246.284,0.640892,1,0.355039,1,4,16,0.015625,-0.006951,-0.003202,-0.005821,C-accelerated,145412.22,142600.0,7016.42,9300.0,3.2609
2026-03-30T05:40:55Z,2724667016,1551,Дорога зникала серед темних дерев.,34,44,1,50.5005,0.048894,0.398438,0.609375,0.505005,0.04602,0.382812,0.617188,0.006143,0.029708,0.004685,1,49.527,7.991756,252.893,0.525518,1,0.623403,1,4,16,0.015625,0.002609,-0.00041,-0.010264,C-accelerated,135810.89,135200.0,1980.18,2400.0,0.8876
2026-03-30T05:40:55Z,2724667016,1552,Село прокинулося з першим сонячним світлом.,43,44,1,49.9817,0.040021,0.398438,0.625,0.499817,0.042874,0.375,0.59375,0.006275,0.032337,0.004717,1,50.0214,7.991515,260.457,0.393811,1,0.620035,1,4,16,0.015625,-0.002927,-3.7e-05,-0.004246,C-accelerated,135364.0,134900.0,1431.31,2500.0,0.9266
2026-03-30T05:40:55Z,2724667016,1553,Дитина знайшла стару карту на горищі.,37,44,1,49.5972,0.044656,0.382812,0.609375,0.495972,0.044259,0.390625,0.609375,0.006195,0.030425,0.004712,1,49.9603,7.992886,215.005,0.967349,1,0.510609,1,4,16,0.015625,-0.012779,0.00185,0.000711,C-accelerated,139728.44,135900.0,8114.96,9375.0,3.4492
2026-03-30T05:40:55Z,2724667016,1554,Вітер шелестів у високій траві.,31,44,1,51.2146,0.042329,0.398438,0.609375,0.512146,0.047268,0.414062,0.625,0.006321,0.029974,0.004793,1,49.9115,7.991759,252.777,0.52758,1,0.863734,1,4,16,0.015625,0.005927,-0.006512,0.001003,C-accelerated,155741.33,137200.0,40511.01,12850.0,4.6829
2026-03-30T05:40:55Z,2724667016,1555,Над горами сходив червоний світанок.,36,44,1,50.3662,0.039013,0.398438,0.601562,0.503662,0.046599,0.398438,0.625,0.00619,0.031709,0.004691,1,50.6042,7.991606,256.873,0.45532,1,0.548052,1,4,16,0.015625,0.008565,0.009595,0.009688,C-accelerated,135419.78,134400.0,2661.77,4975.0,1.8508
2026-03-30T05:40:55Z,2724667016,1556,У старій хаті горіла маленька лампа.,36,44,1,49.6887,0.044989,0.375,0.609375,0.496887,0.045777,0.382812,0.617188,0.006249,0.031098,0.004701,1,49.7894,7.992245,236.393,0.792514,1,0.912688,1,4,16,0.015625,-0.007624,-0.005749,0.003971,C-accelerated,135893.56,135700.0,2127.23,2100.0,0.7738
2026-03-30T05:40:55Z,2724667016,1557,Ліс здавався безмежним у тиші ночі.,35,44,1,49.8291,0.04457,0.335938,0.601562,0.498291,0.040465,0.359375,0.578125,0.006237,0.029187,0.004695,1,50.1556,7.990785,279.587,0.138988,1,0.965777,1,4,16,0.015625,-0.008936,0.004074,-0.001242,C-accelerated,135483.78,135000.0,1945.75,1900.0,0.7037
2026-03-30T05:40:55Z,2724667016,1558,Далекий потяг зник у тумані.,28,44,1,50.1709,0.040898,0.390625,0.59375,0.501709,0.042656,0.359375,0.601562,0.006273,0.031979,0.004794,1,50.4547,7.992134,240.419,0.735236,1,0.939199,1,4,16,0.015625,-0.006101,0.013207,-0.01035,C-accelerated,134801.56,134900.0,1603.65,2175.0,0.8062
2026-03-30T05:40:55Z,2724667016,1559,Tichá dedina spala pod hviezdnou oblohou.,41,44,1,50.5371,0.047459,0.375,0.632812,0.505371,0.040756,0.40625,0.601562,0.006267,0.031209,0.004684,1,49.8108,7.991718,251.543,0.549423,1,0.554422,1,4,16,0.015625,0.017014,-0.002299,-0.004711,C-accelerated,141116.44,138400.0,8369.46,3875.0,1.3999
2026-03-30T05:40:55Z,2724667016,1560,Starý cestovateľ kráčal po úzkej ceste.,39,44,1,49.6094,0.045533,0.367188,0.59375,0.496094,0.046548,0.375,0.59375,0.006277,0.033421,0.004677,1,49.6704,7.992417,230.668,0.860818,1,0.42595,1,4,16,0.015625,-0.006658,-0.005973,0.004601,C-accelerated,140312.89,136900.0,7488.22,7175.0,2.6205
2026-03-30T05:40:55Z,2724667016,1561,V lese bolo počuť šum vetra.,28,44,1,49.6887,0.045338,0.34375,0.617188,0.496887,0.041928,0.382812,0.609375,0.006244,0.036496,0.004708,1,50.1862,7.992172,240.209,0.738385,1,0.647195,1,4,16,0.015625,-0.008877,0.010452,-0.003441,C-accelerated,143812.22,142150.0,7515.74,8875.0,3.1217
2026-03-30T05:40:55Z,2724667016,1562,Dievča našlo starú knihu v knižnici.,36,44,1,50.3113,0.04501,0.40625,0.648438,0.503113,0.042616,0.382812,0.601562,0.006241,0.031202,0.004641,1,49.9268,7.991683,251.729,0.546129,1,0.362529,1,4,16,0.015625,0.002056,0.005639,-0.00228,C-accelerated,135539.78,135500.0,1773.62,2100.0,0.7749
2026-03-30T05:40:55Z,2724667016,1563,Most cez rieku bol pokrytý hmlou.,33,44,1,50.1953,0.043024,0.398438,0.609375,0.501953,0.044,0.398438,0.671875,0.006271,0.031577,0.004744,1,49.9695,7.992064,240.233,0.738036,1,0.965777,1,4,16,0.015625,0.005074,0.009035,0.001417,C-accelerated,135129.33,134300.0,2097.15,3900.0,1.452
2026-03-30T05:40:55Z,2724667016,1564,Na kopci stála opustená veža.,29,44,1,49.4568,0.043788,0.367188,0.617188,0.494568,0.045182,0.375,0.585938,0.006188,0.028875,0.004653,1,50.0458,7.991686,253.638,0.51232,1,0.973379,1,4,16,0.015625,-0.006414,-0.003063,0.002328,C-accelerated,137952.44,135800.0,5340.07,5300.0,1.9514
2026-03-30T05:40:55Z,2724667016,1565,Ranné slnko osvetlilo malé námestie.,36,44,1,49.9817,0.040624,0.40625,0.617188,0.499817,0.044693,0.359375,0.601562,0.006258,0.030938,0.004773,1,50.119,7.991668,253.242,0.519331,1,0.145938,1,4,16,0.015625,0.004611,-0.001915,0.003848,C-accelerated,137683.33,136800.0,2477.03,3100.0,1.133
2026-03-30T05:40:55Z,2724667016,1566,Loď sa pomaly pohybovala po jazere.,35,44,1,49.823,0.039875,0.398438,0.601562,0.49823,0.039659,0.40625,0.59375,0.006257,0.030439,0.004729,1,49.8322,7.992525,228.736,0.880146,1,0.034693,1,4,16,0.015625,-0.00105,0.007216,0.00248,C-accelerated,150708.44,142400.0,18842.09,13525.0,4.7489
2026-03-30T05:40:55Z,2724667016,1567,Starý muž písal poznámky do denníka.,36,44,1,50.0427,0.042537,0.398438,0.609375,0.500427,0.041459,0.40625,0.617188,0.006271,0.029481,0.004776,1,50.0183,7.99264,224.128,0.918737,1,0.211652,1,4,16,0.015625,-0.002105,-0.01003,-0.000769,C-accelerated,135240.67,134400.0,1876.66,3400.0,1.2649
2026-03-30T05:40:55Z,2724667016,1568,Cesta zmizla medzi stromami.,28,44,1,49.292,0.046141,0.367188,0.59375,0.49292,0.044575,0.398438,0.59375,0.006196,0.02738,0.004632,1,50.2319,7.992428,230.668,0.860818,1,0.250588,1,4,16,0.015625,0.007067,-0.000127,0.011302,C-accelerated,135796.44,135400.0,2265.43,2400.0,0.8863
2026-03-30T05:40:55Z,2724667016,1569,Nad dolinou sa objavili tmavé oblaky.,37,44,1,50.1587,0.047895,0.34375,0.617188,0.501587,0.045369,0.390625,0.609375,0.006274,0.030241,0.004755,1,50.174,7.991201,267.997,0.275779,1,0.130728,1,4,16,0.015625,-0.001824,0.012812,0.000184,C-accelerated,141985.56,137300.0,9191.59,9675.0,3.5233
2026-03-30T05:40:55Z,2724667016,1570,Tichý vietor prešiel cez pole.,30,44,1,50.5005,0.046134,0.40625,0.640625,0.505005,0.045989,0.375,0.625,0.006265,0.029108,0.004718,1,49.4904,7.991699,251.497,0.550246,1,0.710004,1,4,16,0.015625,0.002841,-0.009593,-0.000164,C-accelerated,141044.44,137900.0,7089.79,8900.0,3.227
2026-03-30T05:40:55Z,2724667016,1571,Chlapec objavil tajné dvere v dome.,35,44,1,50.8118,0.041506,0.40625,0.601562,0.508118,0.047234,0.398438,0.632812,0.006192,0.028954,0.004695,1,49.53,7.992379,232.948,0.835561,1,0.685315,1,4,16,0.015625,-1.6e-05,0.012764,-0.009302,C-accelerated,135774.89,134900.0,2222.56,3675.0,1.3621
2026-03-30T05:40:55Z,2724667016,1572,Sova sedela na starom dube.,27,44,1,50.0061,0.038602,0.390625,0.585938,0.500061,0.047876,0.390625,0.609375,0.006196,0.030147,0.004661,1,49.9634,7.990585,285.545,0.091551,1,0.67832,1,4,16,0.015625,0.002591,-0.002185,0.000682,C-accelerated,134246.44,134700.0,1289.48,1175.0,0.4362
2026-03-30T05:40:55Z,2724667016,1573,Rieka sa leskla v mesačnom svetle.,34,44,1,49.8657,0.043455,0.375,0.632812,0.498657,0.046917,0.367188,0.601562,0.006191,0.033113,0.004696,1,49.9634,7.990638,285.359,0.092815,1,1.0,1,4,16,0.015625,0.008615,-0.00082,-0.001059,C-accelerated,137717.78,138700.0,2969.72,3100.0,1.1175
2026-03-30T05:40:55Z,2724667016,1574,Mesto bolo pokojné po daždi.,28,44,1,49.9512,0.040768,0.40625,0.617188,0.499512,0.046505,0.382812,0.625,0.006309,0.031529,0.00473,1,49.8505,7.993146,208.815,0.984362,1,0.113479,1,4,16,0.015625,-0.008543,-0.001648,0.013692,C-accelerated,144031.56,140550.0,10614.54,14175.0,5.0427
2026-03-30T05:40:55Z,2724667016,1575,Cestovateľ sledoval hviezdy na oblohe.,38,44,1,49.5605,0.043877,0.390625,0.632812,0.495605,0.039749,0.34375,0.585938,0.006248,0.028281,0.00472,1,49.826,7.992388,233.018,0.834747,1,0.620035,1,4,16,0.015625,0.002936,-0.002678,0.005859,C-accelerated,133986.89,133900.0,1373.49,2300.0,0.8588
2026-03-30T05:40:55Z,2724667016,1576,Zvon kostola zaznel v diaľke.,29,44,1,50.0427,0.042166,0.40625,0.578125,0.500427,0.041757,0.390625,0.609375,0.006241,0.032343,0.004697,1,50.0854,7.991533,259.34,0.412715,1,0.674834,1,4,16,0.015625,0.017686,0.016763,-8.2e-05,C-accelerated,136267.78,135400.0,4901.45,2600.0,0.9601
2026-03-30T05:40:55Z,2724667016,1577,Lesná cesta bola úzka a tmavá.,30,44,1,49.6826,0.04408,0.382812,0.59375,0.496826,0.041997,0.351562,0.609375,0.006225,0.03186,0.004693,1,50.2014,7.992214,237.184,0.781823,1,0.4775,1,4,16,0.015625,-0.007421,0.008339,0.000708,C-accelerated,139328.22,136650.0,6060.17,6700.0,2.4515
2026-03-30T05:40:55Z,2724667016,1578,Starý vlak prešiel cez most.,28,44,1,50.1099,0.043812,0.382812,0.625,0.501099,0.044267,0.375,0.617188,0.006242,0.02928,0.004725,1,49.8138,7.990895,275.491,0.1805,1,0.457057,1,4,16,0.015625,-0.005665,8.8e-05,0.007116,C-accelerated,135554.89,135450.0,3185.09,6275.0,2.3164
2026-03-30T05:40:55Z,2724667016,1579,Satul liniștit dormea sub cerul nopții.,39,44,1,49.4995,0.046862,0.382812,0.625,0.494995,0.046923,0.375,0.664062,0.006167,0.031848,0.004646,1,50.1556,7.991631,253.103,0.521806,1,0.988589,1,4,16,0.015625,-0.005865,0.004829,0.002201,C-accelerated,134651.56,134300.0,1520.89,2500.0,0.9308
2026-03-30T05:40:55Z,2724667016,1580,Un călător mergea pe drumul lung.,33,44,1,49.7253,0.049368,0.335938,0.632812,0.497253,0.048609,0.34375,0.632812,0.006256,0.031879,0.004679,1,50.058,7.9915,256.058,0.469587,1,0.000148,0,4,16,0.015625,0.003864,-0.009467,-0.003879,C-accelerated,134141.78,133700.0,1247.13,1275.0,0.4768
2026-03-30T05:40:55Z,2724667016,1581,Vântul aducea miros de pădure.,30,44,1,49.9268,0.042706,0.414062,0.617188,0.499268,0.044778,0.398438,0.609375,0.006255,0.031576,0.004742,1,49.7833,7.993907,184.681,0.999695,1,0.492402,1,4,16,0.015625,-0.014262,-0.002398,0.010859,C-accelerated,135160.22,134800.0,2142.2,2975.0,1.1035
2026-03-30T05:40:55Z,2724667016,1582,O fată citea lângă fereastră.,29,44,1,49.8047,0.04043,0.382812,0.601562,0.498047,0.044858,0.390625,0.625,0.006156,0.028152,0.004674,1,50.2319,7.990847,278.121,0.152986,1,0.119017,1,4,16,0.015625,0.005052,-0.00497,-0.000789,C-accelerated,134082.67,133400.0,1835.84,2500.0,0.937
2026-03-30T05:40:55Z,2724667016,1583,Un far veghea marea întunecată.,31,44,1,49.8962,0.043139,0.398438,0.625,0.498962,0.044284,0.367188,0.59375,0.006269,0.030478,0.004766,1,50.2625,7.991147,270.627,0.239566,1,0.078554,1,4,16,0.015625,0.001482,0.010116,-0.005796,C-accelerated,133950.67,133700.0,1401.7,1900.0,0.7105
2026-03-30T05:40:55Z,2724667016,1584,Barca veche plutea pe lac.,26,44,1,49.5972,0.044741,0.398438,0.601562,0.495972,0.040383,0.398438,0.601562,0.006318,0.030822,0.004722,1,49.9481,7.990827,278.842,0.145979,1,0.603317,1,4,16,0.015625,-0.007245,-0.004017,-0.008189,C-accelerated,134323.78,134700.0,1302.52,2100.0,0.7795
2026-03-30T05:40:55Z,2724667016,1585,O lumină apărea pe deal.,24,44,1,50.4333,0.042655,0.382812,0.617188,0.504333,0.045395,0.382812,0.648438,0.006245,0.031986,0.004717,1,50.1648,7.992391,231.994,0.846448,1,0.626779,1,4,16,0.015625,0.020614,0.004827,0.013823,C-accelerated,138869.56,136400.0,6191.23,4225.0,1.5488
2026-03-30T05:40:55Z,2724667016,1586,Ploaia cădea încet peste oraș.,30,44,1,49.8962,0.044231,0.414062,0.617188,0.498962,0.042762,0.414062,0.617188,0.006263,0.032594,0.0047,1,49.9451,7.991163,270.417,0.242344,1,0.965777,1,4,16,0.015625,-0.001355,-0.004073,-0.010791,C-accelerated,134180.22,133800.0,1674.48,2275.0,0.8501
2026-03-30T05:40:55Z,2724667016,1587,Un băiat găsi o cheie veche.,28,44,1,49.5483,0.040906,0.390625,0.585938,0.495483,0.047427,0.382812,0.625,0.006261,0.03196,0.004738,1,49.7559,7.99147,261.085,0.383307,1,0.266661,1,4,16,0.015625,0.005296,0.016352,0.008593,C-accelerated,139563.56,137300.0,6578.73,6550.0,2.3853
2026-03-30T05:40:55Z,2724667016,1588,Stelele străluceau peste munți.,31,44,1,49.7742,0.046907,0.382812,0.664062,0.497742,0.037634,0.40625,0.617188,0.006219,0.032799,0.004726,1,50.0305,7.991726,252.474,0.532941,1,0.920254,1,4,16,0.015625,-0.009876,-0.011788,-0.001735,C-accelerated,137281.11,136900.0,2950.92,4100.0,1.4974
2026-03-30T05:40:55Z,2724667016,1589,Drumul dispărea printre copaci.,31,44,1,50.0061,0.040847,0.390625,0.601562,0.500061,0.047627,0.390625,0.640625,0.006168,0.029384,0.004666,1,49.7589,7.991169,269.905,0.249212,1,0.250588,1,4,16,0.015625,-0.004982,0.010899,-0.006501,C-accelerated,137216.22,135800.0,3776.38,4775.0,1.7581
2026-03-30T05:40:55Z,2724667016,1590,Clopotul bisericii suna încet.,30,44,1,50.0061,0.042517,0.40625,0.617188,0.500061,0.043284,0.414062,0.601562,0.006282,0.033202,0.004758,1,50.0,7.991564,255.104,0.486387,1,0.789493,1,4,16,0.015625,0.001967,-0.007727,-0.000151,C-accelerated,135000.44,135000.0,1740.15,2400.0,0.8889
2026-03-30T05:40:55Z,2724667016,1591,Ceața acoperea râul dimineața.,30,44,1,50.2502,0.039293,0.40625,0.601562,0.502502,0.042127,0.398438,0.664062,0.006235,0.026354,0.00468,1,50.2991,7.990932,279.61,0.138774,1,0.106069,1,4,16,0.015625,0.003563,0.010387,-0.000642,C-accelerated,143452.22,140800.0,8133.39,13275.0,4.7141
2026-03-30T05:40:55Z,2724667016,1592,Un scriitor nota gânduri într-un caiet.,39,44,1,50.1465,0.04431,0.382812,0.648438,0.501465,0.043572,0.390625,0.609375,0.006153,0.033909,0.004718,1,50.0854,7.99203,243.77,0.68265,1,0.643773,1,4,16,0.015625,-0.009657,0.007005,0.004967,C-accelerated,137055.33,136300.0,2464.78,4500.0,1.6508
2026-03-30T05:40:55Z,2724667016,1593,Casa veche scârțâia în vânt.,28,44,1,49.2493,0.043492,0.367188,0.609375,0.492493,0.043743,0.390625,0.617188,0.006202,0.031905,0.004739,1,50.2625,7.991966,244.445,0.671608,1,0.335549,1,4,16,0.015625,0.001013,0.001364,-0.000914,C-accelerated,135496.22,135400.0,1988.19,2000.0,0.7386
2026-03-30T05:40:55Z,2724667016,1594,Luna se reflecta în apă.,24,44,1,50.4272,0.044052,0.398438,0.601562,0.504272,0.043519,0.414062,0.609375,0.006165,0.029995,0.004698,1,50.3815,7.99067,284.265,0.100515,1,0.710004,1,4,16,0.015625,0.003062,-0.002832,0.014814,C-accelerated,139576.67,137450.0,5995.23,5775.0,2.1008
2026-03-30T05:40:55Z,2724667016,1595,Un câine mic alerga pe stradă.,30,44,1,50.2075,0.045789,0.398438,0.640625,0.502075,0.047446,0.40625,0.640625,0.006199,0.029833,0.004737,1,49.7406,7.991741,251.706,0.546541,1,0.388201,1,4,16,0.015625,0.012412,0.001247,-0.009772,C-accelerated,136624.22,136900.0,2932.47,3600.0,1.3148
2026-03-30T05:40:55Z,2724667016,1596,Călătorul privea cerul roșu.,28,44,1,49.6033,0.044911,0.398438,0.625,0.496033,0.043146,0.398438,0.609375,0.006188,0.030272,0.004694,1,50.5005,7.992769,220.032,0.944708,1,0.168279,1,4,16,0.015625,0.004973,-0.00157,0.000237,C-accelerated,136900.22,136400.0,2075.86,4200.0,1.5396
2026-03-30T05:40:55Z,2724667016,1597,Satul era liniștit după ploaie.,31,44,1,50.5859,0.038348,0.414062,0.609375,0.505859,0.049622,0.34375,0.617188,0.006248,0.032242,0.00469,1,50.65,7.992161,239.116,0.754541,1,0.285576,1,4,16,0.015625,0.009851,-0.00383,0.005794,C-accelerated,135626.89,135200.0,2022.3,1500.0,0.5547
2026-03-30T05:40:55Z,2724667016,1598,Un tren trecu prin noapte.,26,44,1,49.7742,0.038113,0.398438,0.609375,0.497742,0.051445,0.367188,0.617188,0.006234,0.029301,0.004746,1,50.1648,7.989769,312.145,0.008382,0,0.674834,1,4,16,0.015625,-0.01108,0.005984,-0.014314,C-accelerated,133791.78,133300.0,1340.46,2300.0,0.8627
2026-03-30T05:40:55Z,2724667016,1599,Hiljainen kylä heräsi aamun valoon.,35,44,1,50.8545,0.041986,0.390625,0.609375,0.508545,0.04435,0.382812,0.625,0.006223,0.032097,0.004699,1,49.527,7.991073,272.908,0.210559,1,0.292077,1,4,16,0.015625,0.003949,0.009407,-0.001651,C-accelerated,141989.78,139500.0,8491.67,7275.0,2.6075
2026-03-30T05:40:55Z,2724667016,1600,Matkailija kulki pitkin metsäpolkua.,36,44,1,49.6338,0.043705,0.398438,0.617188,0.496338,0.040898,0.382812,0.59375,0.006252,0.028443,0.004724,1,50.3174,7.991283,267.485,0.283159,1,0.054105,1,4,16,0.015625,-0.016334,-0.004504,0.005829,C-accelerated,136533.11,136700.0,1345.66,1500.0,0.5486
2026-03-30T05:40:55Z,2724667016,1601,Vanha silta ylitti rauhallisen joen.,36,44,1,49.9207,0.039954,0.390625,0.617188,0.499207,0.045709,0.351562,0.617188,0.00623,0.028625,0.004702,1,50.1831,7.991189,266.764,0.293732,1,0.789493,1,4,16,0.015625,0.009129,-0.00638,-0.002293,C-accelerated,136797.33,136000.0,3220.07,3200.0,1.1765
2026-03-30T05:40:55Z,2724667016,1602,Tuuli liikkui korkeiden puiden läpi.,36,44,1,50.5798,0.042447,0.382812,0.609375,0.505798,0.043883,0.414062,0.617188,0.006193,0.028264,0.004692,1,49.6613,7.991954,246.726,0.63338,1,0.920254,1,4,16,0.015625,0.003832,0.004538,-0.007279,C-accelerated,135764.22,135600.0,1969.34,2500.0,0.9218
2026-03-30T05:40:55Z,2724667016,1603,Pieni vene kellui järvellä.,27,44,1,50.5798,0.046273,0.390625,0.625,0.505798,0.047403,0.398438,0.625,0.006215,0.030075,0.004709,1,50.2045,7.991326,261.388,0.378286,1,0.804212,1,4,16,0.015625,-0.009867,-0.008642,-0.011797,C-accelerated,134568.0,134800.0,1938.46,2600.0,0.9644
2026-03-30T05:40:55Z,2724667016,1604,Poika löysi vanhan kartan ullakolta.,36,44,1,50.3845,0.044237,0.414062,0.648438,0.503845,0.047702,0.390625,0.65625,0.006193,0.030185,0.004642,1,50.235,7.99241,232.995,0.835018,1,0.785824,1,4,16,0.015625,-0.007616,-0.002666,-0.00021,C-accelerated,135118.44,135200.0,1400.66,2100.0,0.7766
2026-03-30T05:40:55Z,2724667016,1605,Majakka seisoi yksin meren rannalla.,36,44,1,50.238,0.041794,0.390625,0.585938,0.50238,0.046748,0.367188,0.617188,0.006294,0.033814,0.004759,1,49.6307,7.991907,246.4,0.638919,1,0.342776,1,4,16,0.015625,0.001875,-0.00422,0.001888,C-accelerated,136744.22,136100.0,2688.17,3200.0,1.1756
2026-03-30T05:40:55Z,2724667016,1606,Yö oli kirkas ja täynnä tähtiä.,31,44,1,50.7874,0.052973,0.34375,0.640625,0.507874,0.046007,0.398438,0.617188,0.006233,0.028175,0.004695,1,50.0244,7.992072,242.211,0.707609,1,0.905131,1,4,16,0.015625,0.000768,-0.012026,0.014538,C-accelerated,141581.11,139900.0,5695.89,7600.0,2.7162
2026-03-30T05:40:55Z,2724667016,1607,Sumu peitti laakson aamulla.,28,44,1,49.7253,0.044017,0.375,0.585938,0.497253,0.042282,0.414062,0.601562,0.006281,0.029779,0.004694,1,50.2625,7.992827,216.844,0.960128,1,0.303132,1,4,16,0.015625,-0.004032,-0.017051,0.004757,C-accelerated,136705.78,136400.0,2130.56,2500.0,0.9164
2026-03-30T05:40:55Z,2724667016,1608,Kello soi hiljaa kirkossa.,26,44,1,50.116,0.043805,0.398438,0.59375,0.50116,0.047331,0.375,0.609375,0.006235,0.030067,0.004755,1,49.7559,7.99216,241.28,0.72211,1,0.316761,1,4,16,0.015625,-0.00097,-0.009032,0.000514,C-accelerated,134387.78,133900.0,1342.52,2275.0,0.8495
2026-03-30T05:40:55Z,2724667016,1609,Vanha talo seisoi mäen päällä.,30,44,1,49.53,0.044079,0.398438,0.609375,0.4953,0.050747,0.367188,0.609375,0.00614,0.033083,0.0047,1,49.8901,7.991116,268.998,0.26166,1,0.541719,1,4,16,0.015625,-0.010696,0.008958,0.007168,C-accelerated,136055.33,135600.0,2230.8,1700.0,0.6268
2026-03-30T05:40:55Z,2724667016,1610,Polku katosi tiheään metsään.,29,44,1,49.7131,0.042878,0.375,0.59375,0.497131,0.043178,0.375,0.625,0.006188,0.029916,0.004666,1,50.0916,7.991524,260.247,0.397334,1,0.738597,1,4,16,0.015625,0.001238,0.006618,-0.005371,C-accelerated,138052.0,136700.0,5677.21,2400.0,0.8778
2026-03-30T05:40:55Z,2724667016,1611,Lintujen laulu täytti ilman.,28,44,1,50.7141,0.044108,0.421875,0.625,0.507141,0.04816,0.351562,0.625,0.006327,0.032186,0.004751,1,50.2838,7.991621,252.172,0.538301,1,0.06367,1,4,16,0.015625,0.009537,-0.008005,-0.000223,C-accelerated,142244.0,139200.0,9801.96,9775.0,3.5111
2026-03-30T05:40:55Z,2724667016,1612,Matkailija kirjoitti päiväkirjaan.,34,44,1,50.1831,0.049608,0.320312,0.609375,0.501831,0.039275,0.414062,0.585938,0.006258,0.027219,0.0047,1,49.6826,7.99184,246.237,0.64168,1,0.946787,1,4,16,0.015625,0.010059,0.00056,-0.000488,C-accelerated,135604.0,135800.0,1265.85,2000.0,0.7364
2026-03-30T05:40:55Z,2724667016,1613,Sade alkoi hiljaa kylässä.,26,44,1,50.3967,0.044975,0.398438,0.65625,0.503967,0.040969,0.398438,0.609375,0.006351,0.029525,0.00473,1,49.5667,7.991683,254.383,0.499135,1,0.026964,1,4,16,0.015625,-0.008621,0.00262,-0.007944,C-accelerated,136115.33,135900.0,1520.47,1800.0,0.6623
2026-03-30T05:40:55Z,2724667016,1614,Kissa istui ikkunalaudalla.,27,44,1,50.3174,0.045882,0.390625,0.617188,0.503174,0.044756,0.382812,0.609375,0.006208,0.026642,0.004678,1,50.1617,7.992306,235.485,0.804416,1,0.660957,1,4,16,0.015625,0.010524,-0.010876,-0.008902,C-accelerated,137617.11,136000.0,5950.26,3600.0,1.3235
2026-03-30T05:40:55Z,2724667016,1615,Järvi oli tyyni kuin peili.,27,44,1,49.8108,0.046144,0.40625,0.648438,0.498108,0.04476,0.398438,0.601562,0.006166,0.031204,0.004684,1,49.9756,7.991522,256.989,0.453288,1,0.931616,1,4,16,0.015625,0.001815,0.010173,0.00143,C-accelerated,135209.33,135200.0,1473.48,2075.0,0.7674
2026-03-30T05:40:55Z,2724667016,1616,Aurinko nousi vuorten takaa.,28,44,1,49.2371,0.043272,0.398438,0.59375,0.492371,0.041207,0.382812,0.585938,0.00624,0.030151,0.004666,1,49.9786,7.990371,293.155,0.050388,1,0.292077,1,4,16,0.015625,-0.015555,0.016227,0.003214,C-accelerated,137093.78,136400.0,2281.32,2300.0,0.8431
2026-03-30T05:40:55Z,2724667016,1617,Kaukainen juna kulki tunnelin läpi.,35,44,1,50.3845,0.045038,0.398438,0.632812,0.503845,0.050053,0.390625,0.617188,0.006203,0.032315,0.004723,1,50.0031,7.992305,232.948,0.835561,1,0.078554,1,4,16,0.015625,0.003258,-0.003565,-0.004087,C-accelerated,141202.89,137750.0,8686.36,6375.0,2.314
2026-03-30T05:40:55Z,2724667016,1619,Tichá vesnice ležela pod mlhou.,31,44,1,50.1892,0.042023,0.390625,0.585938,0.501892,0.046709,0.375,0.601562,0.006236,0.027698,0.004764,1,49.9084,7.990644,281.169,0.124936,1,0.89381,1,4,16,0.015625,0.010656,0.007781,0.001428,C-accelerated,133204.67,132600.0,1534.91,2500.0,0.9427
2026-03-30T05:40:55Z,2724667016,1618,Hiljainen tuuli puhalsi pellolla.,33,44,1,49.5361,0.037714,0.40625,0.617188,0.495361,0.039311,0.40625,0.625,0.006279,0.031234,0.004773,1,49.7437,7.992011,243.398,0.688682,1,0.706458,1,4,16,0.015625,-0.00044,-0.00329,-0.006425,C-accelerated,135621.33,134700.0,2976.92,2800.0,1.0393
2026-03-30T05:40:55Z,2724667016,1620,Starý poutník kráčel po cestě.,30,44,1,49.8962,0.045516,0.390625,0.59375,0.498962,0.040985,0.390625,0.601562,0.006312,0.029739,0.004664,1,49.9542,7.99098,275.281,0.182825,1,0.319071,1,4,16,0.015625,0.004245,-0.005379,0.008792,C-accelerated,140978.89,138200.0,6853.85,5950.0,2.1527
2026-03-30T05:40:55Z,2724667016,1621,V lese šuměl studený vítr.,26,44,1,49.4934,0.046287,0.359375,0.601562,0.494934,0.042953,0.390625,0.585938,0.006267,0.03489,0.0048,1,50.1587,7.990792,280.867,0.127539,1,0.131946,1,4,16,0.015625,0.010413,-0.006799,-0.00078,C-accelerated,133537.56,133900.0,1196.03,2200.0,0.8215
2026-03-30T05:40:55Z,2724667016,1622,Dívka našla starou knihu.,25,44,1,49.9756,0.044751,0.367188,0.65625,0.499756,0.046558,0.390625,0.617188,0.006189,0.027994,0.004621,1,49.8138,7.992122,242.513,0.70283,1,0.417685,1,4,16,0.015625,-0.000265,-0.001474,0.002864,C-accelerated,144050.22,138300.0,18353.52,7900.0,2.8561
2026-03-30T05:40:55Z,2724667016,1623,Řeka pomalu tekla údolím.,25,44,1,49.9512,0.047659,0.367188,0.609375,0.499512,0.048088,0.40625,0.617188,0.006219,0.030765,0.004688,1,50.8026,7.99183,249.775,0.580593,1,0.535422,1,4,16,0.015625,-0.010114,-0.005538,0.003515,C-accelerated,135162.22,134900.0,1602.25,2200.0,0.8154
2026-03-30T05:40:55Z,2724667016,1624,Na kopci stála opuštěná věž.,28,44,1,49.7803,0.043167,0.398438,0.640625,0.497803,0.040512,0.390625,0.59375,0.006292,0.031509,0.004787,1,50.0671,7.98986,310.074,0.010404,0,0.051196,1,4,16,0.015625,0.00142,0.00017,-0.006012,C-accelerated,139228.44,137000.0,5345.72,7200.0,2.6277
2026-03-30T05:40:55Z,2724667016,1625,Ranní slunce osvětlilo střechy domů.,36,44,1,50.4517,0.043734,0.398438,0.625,0.504517,0.041976,0.390625,0.609375,0.006268,0.03012,0.004657,1,50.0763,7.991534,258.944,0.419474,1,0.636952,1,4,16,0.015625,0.010877,-0.007161,-0.004078,C-accelerated,135851.56,135200.0,1945.0,2200.0,0.8136
2026-03-30T05:40:55Z,2724667016,1626,Loď se houpala na jezeře.,25,44,1,49.9451,0.045325,0.390625,0.601562,0.499451,0.044796,0.382812,0.609375,0.006194,0.030769,0.004695,1,50.0427,7.991242,265.903,0.30661,1,0.620035,1,4,16,0.015625,-0.00858,0.001013,0.009955,C-accelerated,142056.44,137950.0,9398.98,12275.0,4.4491
2026-03-30T05:40:55Z,2724667016,1627,Zvon kostela zazněl v dálce.,28,44,1,50.354,0.042307,0.414062,0.625,0.50354,0.044106,0.390625,0.609375,0.006322,0.030604,0.004721,1,50.4303,7.991251,268.998,0.26166,1,0.557621,1,4,16,0.015625,-0.00451,-0.013197,0.001865,C-accelerated,135410.89,135300.0,1983.0,2500.0,0.9239
2026-03-30T05:40:55Z,2724667016,1628,Cesta mizela mezi stromy.,25,44,1,49.8535,0.044256,0.390625,0.601562,0.498535,0.047035,0.359375,0.625,0.006198,0.029295,0.004705,1,50.2472,7.991207,266.182,0.302403,1,0.753033,1,4,16,0.015625,-0.009007,-0.009338,-0.009369,C-accelerated,143391.56,143000.0,4551.67,6375.0,2.229
2026-03-30T05:40:55Z,2724667016,1629,Město spalo během tiché noci.,29,44,1,50.1099,0.043779,0.390625,0.609375,0.501099,0.042932,0.414062,0.578125,0.006255,0.032464,0.004722,1,50.0824,7.991448,259.13,0.416289,1,0.692336,1,4,16,0.015625,-0.00022,-0.009403,0.009831,C-accelerated,135223.11,135100.0,1213.96,1375.0,0.5089
2026-03-30T05:40:55Z,2724667016,1631,Dveře starého domu vrzaly.,26,44,1,50.2258,0.044966,0.398438,0.617188,0.502258,0.047241,0.375,0.65625,0.006253,0.031509,0.004773,1,49.8932,7.991443,260.015,0.40126,1,0.996196,1,4,16,0.015625,-0.007119,0.006249,0.006051,C-accelerated,134608.0,134900.0,1430.24,1875.0,0.695
2026-03-30T05:40:55Z,2724667016,1630,Chlapec objevil starou mapu.,28,44,1,50.1465,0.043758,0.390625,0.59375,0.501465,0.041601,0.375,0.601562,0.006306,0.030294,0.004749,1,50.3204,7.991822,248.285,0.606574,1,0.208185,1,4,16,0.015625,-0.002854,0.001673,-0.00767,C-accelerated,138129.11,135600.0,6523.0,4875.0,1.7976
2026-03-30T05:40:55Z,2724667016,1632,Mlha zahalila most nad řekou.,29,44,1,50.3113,0.045095,0.382812,0.601562,0.503113,0.047,0.375,0.625,0.006242,0.027852,0.004696,1,49.9115,7.991316,264.623,0.326253,1,0.819,1,4,16,0.015625,0.004947,-0.003412,0.004804,C-accelerated,134911.11,134300.0,1416.92,2200.0,0.8191
2026-03-30T05:40:55Z,2724667016,1633,Hvězdy zářily nad horami.,25,44,1,50.1587,0.043993,0.40625,0.609375,0.501587,0.046419,0.335938,0.585938,0.006168,0.027573,0.004585,1,50.1678,7.992837,218.566,0.952282,1,0.111321,1,4,16,0.015625,0.00659,0.00469,0.001308,C-accelerated,134331.56,134200.0,1547.64,2300.0,0.8569
2026-03-30T05:40:55Z,2724667016,1634,Starý vlak projel stanicí.,26,44,1,50.3174,0.042985,0.398438,0.609375,0.503174,0.043831,0.40625,0.664062,0.006253,0.027714,0.004706,1,50.2533,7.991474,260.969,0.385245,1,0.372668,1,4,16,0.015625,0.003175,0.007496,0.002313,C-accelerated,137202.0,137200.0,2253.5,2800.0,1.0204
2026-03-30T05:40:55Z,2724667016,1635,Vítr nesl listí po ulici.,25,44,1,50.3052,0.044946,0.375,0.601562,0.503052,0.051806,0.375,0.617188,0.006153,0.028217,0.0047,1,49.8993,7.991094,270.697,0.238644,1,0.362529,1,4,16,0.015625,-0.003388,-0.001333,-0.000926,C-accelerated,133524.0,133300.0,1014.98,900.0,0.3376
2026-03-30T05:40:55Z,2724667016,1636,Světlo lampy svítilo v okně.,28,44,1,49.4507,0.043249,0.398438,0.601562,0.494507,0.040399,0.359375,0.585938,0.006292,0.032583,0.004786,1,50.0061,7.991579,256.151,0.467953,1,0.557621,1,4,16,0.015625,0.007694,-0.003362,0.005821,C-accelerated,133916.0,133900.0,789.69,1000.0,0.3734
2026-03-30T05:40:55Z,2724667016,1637,Cestovatel sledoval oblohu.,27,44,1,49.8596,0.037916,0.398438,0.59375,0.498596,0.043228,0.359375,0.601562,0.006227,0.030727,0.004678,1,49.8474,7.991047,274.141,0.195832,1,0.37523,1,4,16,0.015625,-0.004801,-0.017528,0.001869,C-accelerated,132844.44,132400.0,1153.25,2000.0,0.7553
2026-03-30T05:40:55Z,2724667016,1638,Déšť začal padat na střechy.,28,44,1,49.8657,0.046693,0.390625,0.632812,0.498657,0.044303,0.367188,0.617188,0.006292,0.032834,0.004791,1,50.3906,7.991175,268.346,0.270808,1,0.121291,1,4,16,0.015625,0.000591,-0.001822,-0.007828,C-accelerated,137672.67,134000.0,9869.65,2800.0,1.0448
2026-03-30T05:40:55Z,2724667016,1639,A csendes erdőben egy rejtett ösvény kanyargott.,48,44,1,49.6521,0.041303,0.375,0.59375,0.496521,0.041774,0.398438,0.632812,0.006203,0.034732,0.004726,1,50.3967,7.991424,263.785,0.339416,1,0.992393,1,4,16,0.015625,-0.002644,-0.009391,-0.001827,C-accelerated,135226.67,135700.0,1217.34,1800.0,0.6632
2026-03-30T05:40:55Z,2724667016,1640,A kis tó fölött köd lebegett.,29,44,1,50.1831,0.047496,0.382812,0.609375,0.501831,0.042483,0.398438,0.601562,0.006253,0.031038,0.004675,1,50.1007,7.991996,242.537,0.702461,1,0.330786,1,4,16,0.015625,0.003399,0.002797,-0.003258,C-accelerated,135972.22,135400.0,1511.38,2400.0,0.8863
2026-03-30T05:40:55Z,2724667016,1641,Egy utazó jegyzeteket írt a naplójába.,38,44,1,50.2014,0.043027,0.367188,0.601562,0.502014,0.044946,0.398438,0.617188,0.006252,0.028949,0.004711,1,49.8474,7.991682,253.242,0.519331,1,0.321392,1,4,16,0.015625,0.005336,-0.000974,-0.000562,C-accelerated,139253.11,136300.0,7673.26,3275.0,1.2014
2026-03-30T05:40:55Z,2724667016,1642,A falusi harang halkan szólt este.,34,44,1,49.5361,0.042718,0.390625,0.609375,0.495361,0.044767,0.367188,0.601562,0.006186,0.030193,0.004716,1,49.7284,7.991401,259.875,0.403622,1,0.081013,1,4,16,0.015625,-0.002519,0.004922,-0.001687,C-accelerated,141177.56,138100.0,7075.16,8550.0,3.0956
2026-03-30T05:40:55Z,2724667016,1643,A hold ezüst fénye megvilágította az utat.,42,44,1,49.9329,0.046661,0.375,0.65625,0.499329,0.050631,0.398438,0.65625,0.00613,0.027696,0.004616,1,50.058,7.991391,260.62,0.391079,1,0.92404,1,4,16,0.015625,-0.005089,0.00404,-0.004864,C-accelerated,141278.0,135600.0,21417.33,3600.0,1.3274
2026-03-30T05:40:55Z,2724667016,1644,Egy régi hajó ringott a kikötőben.,34,44,1,49.7437,0.042669,0.382812,0.609375,0.497437,0.041628,0.375,0.625,0.006223,0.029453,0.004711,1,49.9756,7.991961,246.679,0.634173,1,0.406814,1,4,16,0.015625,-0.014675,0.010104,-0.005057,C-accelerated,133526.89,133100.0,1178.42,2000.0,0.7513
2026-03-30T05:40:55Z,2724667016,1645,A hegyek fölött vörös hajnal jelent meg.,40,44,1,50.1831,0.04407,0.375,0.609375,0.501831,0.044565,0.34375,0.609375,0.00623,0.030624,0.004716,1,50.0916,7.992702,221.359,0.937099,1,0.871236,1,4,16,0.015625,0.004635,-0.0012,-0.006577,C-accelerated,140418.0,136500.0,8738.87,5925.0,2.1703
2026-03-30T05:40:55Z,2724667016,1647,Egy kutya követte a vándort az úton.,36,44,1,50.2686,0.044927,0.375,0.617188,0.502686,0.044671,0.382812,0.59375,0.006174,0.029884,0.004663,1,49.8535,7.991137,269.533,0.254277,1,0.333162,1,4,16,0.015625,-0.002852,0.002187,0.005496,C-accelerated,134995.33,135200.0,1422.64,2400.0,0.8876
2026-03-30T05:40:55Z,2724667016,1646,Az öreg könyvtár tele volt történetekkel.,41,44,1,48.8647,0.045835,0.351562,0.585938,0.488647,0.041165,0.359375,0.585938,0.006128,0.030026,0.004679,1,49.7803,7.991453,261.667,0.373672,1,0.60998,1,4,16,0.015625,-0.002914,0.004676,-0.00469,C-accelerated,137677.78,135400.0,6675.45,4775.0,1.7633
2026-03-30T05:40:55Z,2724667016,1648,A szél végigsöpört az üres utcán.,33,44,1,50.1099,0.044802,0.335938,0.609375,0.501099,0.042665,0.390625,0.59375,0.0061,0.030476,0.004618,1,50.2136,7.99135,263.389,0.345712,1,0.620035,1,4,16,0.015625,0.000742,0.003029,0.000876,C-accelerated,135901.78,135600.0,1447.89,1300.0,0.4794
2026-03-30T05:40:55Z,2724667016,1649,Туман повільно сходив над річкою.,33,44,1,50.3418,0.043725,0.367188,0.617188,0.503418,0.045761,0.359375,0.632812,0.006297,0.030058,0.004714,1,49.9603,7.992367,232.716,0.838259,1,0.560828,1,4,16,0.015625,0.007127,-0.001295,-0.00536,C-accelerated,138438.22,136100.0,6581.05,4800.0,1.7634
2026-03-30T05:40:55Z,2724667016,1650,Село було тихим після дощу.,27,44,1,49.9329,0.042825,0.398438,0.585938,0.499329,0.040039,0.390625,0.625,0.006179,0.028848,0.004653,1,50.5951,7.992314,235.183,0.808295,1,0.289899,1,4,16,0.015625,0.004573,0.004108,0.010363,C-accelerated,143030.44,134900.0,24654.48,2800.0,1.0378
2026-03-30T05:40:55Z,2724667016,1651,Мандрівник дивився на зоряне небо.,34,44,1,49.3774,0.040868,0.375,0.625,0.493774,0.043982,0.40625,0.601562,0.006259,0.028579,0.004663,1,49.9573,7.991973,245.609,0.652269,1,0.21516,1,4,16,0.015625,-0.003529,0.001535,-0.000418,C-accelerated,135442.89,134600.0,2315.17,3500.0,1.3001
2026-03-30T05:40:55Z,2724667016,1652,Старий будинок стояв на пагорбі.,32,44,1,50.4028,0.039427,0.414062,0.601562,0.504028,0.041935,0.382812,0.585938,0.006242,0.030264,0.004743,1,49.7223,7.992219,236.183,0.795295,1,0.961977,1,4,16,0.015625,-0.00536,-0.00411,-0.011008,C-accelerated,137215.33,137300.0,2169.71,1400.0,0.5098
2026-03-30T05:40:55Z,2724667016,1653,Ліс був темний і глибокий.,26,44,1,49.7803,0.044355,0.382812,0.601562,0.497803,0.044452,0.382812,0.609375,0.006288,0.030138,0.004785,1,49.9969,7.990923,276.515,0.169417,1,0.977181,1,4,16,0.015625,0.009022,-0.010305,0.005514,C-accelerated,135498.89,135300.0,1154.56,1400.0,0.5174
2026-03-30T05:40:55Z,2724667016,1654,Маленький човен рухався по воді.,32,44,1,50.1221,0.046193,0.382812,0.59375,0.501221,0.045075,0.398438,0.617188,0.00613,0.029707,0.004629,1,50.3052,7.991675,253.219,0.519743,1,0.039448,1,4,16,0.015625,0.005331,0.005438,0.002596,C-accelerated,136536.67,136700.0,2227.77,2300.0,0.8413
2026-03-30T05:40:55Z,2724667016,1655,Далекий дзвін лунав над долиною.,32,44,1,49.9634,0.046812,0.390625,0.65625,0.499634,0.040699,0.40625,0.617188,0.006217,0.032239,0.004692,1,49.4385,7.992247,234.996,0.810661,1,0.076948,1,4,16,0.015625,0.000632,-0.002055,-0.001401,C-accelerated,145792.67,136300.0,20792.64,11675.0,4.2828
2026-03-30T05:40:55Z,2724667016,1656,Вітер гойдав гілки дерев.,25,44,1,50.4333,0.0451,0.382812,0.609375,0.504333,0.039011,0.4375,0.617188,0.006267,0.031109,0.004726,1,50.061,7.992793,218.752,0.951367,1,0.287732,1,4,16,0.015625,0.002849,0.005209,-0.005151,C-accelerated,138288.22,139000.0,2120.97,3700.0,1.3309
2026-03-30T05:40:55Z,2724667016,1657,Дорога губилася серед полів.,28,44,1,48.9197,0.047008,0.367188,0.617188,0.489197,0.041914,0.359375,0.59375,0.006189,0.030993,0.004638,1,50.1251,7.991021,272.326,0.217741,1,0.724253,1,4,16,0.015625,-0.00086,-0.007437,-0.00738,C-accelerated,139788.67,137100.0,5990.97,8075.0,2.9449
2026-03-30T05:40:55Z,2724667016,1658,Ліхтар світив у нічному тумані.,31,44,1,50.2136,0.04603,0.367188,0.59375,0.502136,0.041716,0.390625,0.617188,0.006256,0.029664,0.00468,1,50.2716,7.991561,257.99,0.435899,1,0.02077,1,4,16,0.015625,-0.003243,-0.013968,-0.003757,C-accelerated,137596.22,138000.0,2513.93,4100.0,1.4855
2026-03-30T05:40:55Z,2724667016,1659,Tichá noc zahalila staré mesto.,31,44,1,49.6033,0.041027,0.390625,0.585938,0.496033,0.043102,0.375,0.59375,0.006245,0.029595,0.0047,1,50.1282,7.992701,222.918,0.927186,1,0.767556,1,4,16,0.015625,0.002929,0.007312,-0.001171,C-accelerated,137524.67,136050.0,4298.99,5200.0,1.9111
2026-03-30T05:40:55Z,2724667016,1660,Cestovateľ našiel starý most.,29,44,1,49.7192,0.043242,0.390625,0.609375,0.497192,0.040908,0.375,0.585938,0.006214,0.029872,0.004718,1,49.8901,7.990804,281.169,0.124936,1,0.005212,0,4,16,0.015625,-0.00436,-0.011497,-0.006697,C-accelerated,134500.89,134100.0,1326.38,2175.0,0.811
2026-03-30T05:40:55Z,2724667016,1661,Rieka tiekla pomaly medzi stromami.,35,44,1,49.884,0.045889,0.375,0.609375,0.49884,0.047663,0.34375,0.617188,0.006174,0.035286,0.00468,1,50.5249,7.99182,248.634,0.600513,1,0.692336,1,4,16,0.015625,-0.006417,0.014956,0.004262,C-accelerated,140126.44,137000.0,7575.1,6900.0,2.5182
2026-03-30T05:40:55Z,2724667016,1662,Chlapec počúval vietor v lese.,30,44,1,49.6887,0.042895,0.390625,0.65625,0.496887,0.040973,0.375,0.617188,0.006336,0.036731,0.004698,1,50.4211,7.990632,286.08,0.08799,1,0.657505,1,4,16,0.015625,-0.002445,0.00158,5.8e-05,C-accelerated,138602.44,138300.0,1294.92,1200.0,0.4338
2026-03-30T05:40:55Z,2724667016,1663,Starý dom stál pri ceste.,25,44,1,49.7559,0.047609,0.390625,0.632812,0.497559,0.047167,0.375,0.609375,0.006125,0.032213,0.004707,1,50.1923,7.990186,296.18,0.038967,0,0.152661,1,4,16,0.015625,0.004762,-0.00406,-0.012447,C-accelerated,134573.33,134900.0,1517.56,2500.0,0.9266
2026-03-30T05:40:55Z,2724667016,1664,Hmla pokryla celé údolie.,25,44,1,49.4202,0.046181,0.367188,0.601562,0.494202,0.045818,0.375,0.609375,0.006246,0.030936,0.004729,1,50.2472,7.990472,288.384,0.073879,1,0.796843,1,4,16,0.015625,-0.012792,0.001093,0.001807,C-accelerated,137393.78,137300.0,3314.43,5000.0,1.8208
2026-03-30T05:40:55Z,2724667016,1665,Zvon zaznel nad dedinou.,24,44,1,50.2197,0.044215,0.40625,0.640625,0.502197,0.048622,0.367188,0.664062,0.006224,0.033932,0.004775,1,50.1312,7.991793,250.17,0.573644,1,0.576998,1,4,16,0.015625,0.009629,0.013867,0.000517,C-accelerated,146843.33,142600.0,10586.73,17700.0,6.2062
2026-03-30T05:40:55Z,2724667016,1666,Cesta bola prázdna a tichá.,27,44,1,50.3357,0.04405,0.390625,0.625,0.503357,0.04495,0.390625,0.609375,0.006283,0.037504,0.004798,1,50.4669,7.992147,236.602,0.789712,1,0.596686,1,4,16,0.015625,-0.008956,-0.000452,-0.006576,C-accelerated,136771.11,137100.0,2311.63,3275.0,1.1944
2026-03-30T05:40:55Z,2724667016,1667,Loď sa kolísala na jazere.,26,44,1,50.3418,0.046525,0.375,0.625,0.503418,0.039035,0.390625,0.59375,0.006256,0.030153,0.004682,1,50.0793,7.991505,259.177,0.415494,1,0.901355,1,4,16,0.015625,0.005444,-0.000863,0.000591,C-accelerated,132780.67,132700.0,1376.87,2200.0,0.8289
2026-03-30T05:40:55Z,2724667016,1668,Hviezdy svietili nad horami.,28,44,1,49.9817,0.040753,0.40625,0.609375,0.499817,0.043613,0.367188,0.609375,0.006124,0.029175,0.00461,1,50.0641,7.99255,226.479,0.900352,1,0.593384,1,4,16,0.015625,0.005093,-0.00897,0.00553,C-accelerated,138854.67,136000.0,8047.58,3975.0,1.4614
2026-03-30T05:40:55Z,2724667016,1669,Satul mic era liniștit sub lună.,32,44,1,49.7742,0.040913,0.382812,0.585938,0.497742,0.043368,0.382812,0.632812,0.006132,0.029759,0.004685,1,49.8993,7.991891,246.679,0.634173,1,0.189854,1,4,16,0.015625,-0.011383,0.000251,-0.007378,C-accelerated,140747.78,138450.0,6193.75,9400.0,3.3947
2026-03-30T05:40:55Z,2724667016,1670,Drumul lung mergea printre câmpuri.,35,44,1,50.3174,0.046069,0.390625,0.601562,0.503174,0.044307,0.40625,0.59375,0.006205,0.031445,0.004744,1,50.6195,7.99058,285.126,0.094414,1,0.837576,1,4,16,0.015625,0.000278,0.001619,-0.002115,C-accelerated,134598.44,134100.0,1898.2,1400.0,0.522
2026-03-30T05:40:55Z,2724667016,1671,Un bătrân privea focul în tăcere.,33,44,1,50.0488,0.043055,0.390625,0.609375,0.500488,0.040486,0.390625,0.59375,0.0062,0.031161,0.004693,1,49.5758,7.991143,268.416,0.269819,1,0.603317,1,4,16,0.015625,-0.005429,0.000359,0.008129,C-accelerated,134236.44,133800.0,1539.5,2400.0,0.8969
2026-03-30T05:40:55Z,2724667016,1672,Vântul adia printre copaci.,27,44,1,49.8169,0.039517,0.414062,0.585938,0.498169,0.042202,0.40625,0.601562,0.006174,0.029419,0.004665,1,49.7833,7.992055,240.396,0.735587,1,0.235204,1,4,16,0.015625,-0.003618,0.004664,0.00021,C-accelerated,149043.33,146100.0,12247.27,19200.0,6.5708
2026-03-30T05:40:55Z,2724667016,1673,O lumină apărea la fereastră.,29,44,1,49.8413,0.047274,0.390625,0.601562,0.498413,0.044734,0.367188,0.59375,0.006299,0.026568,0.004728,1,49.8169,7.991185,267.392,0.284512,1,0.19147,1,4,16,0.015625,-0.002228,-0.006027,-0.008157,C-accelerated,141664.0,137950.0,8965.68,11375.0,4.1229
2026-03-30T05:40:55Z,2724667016,1674,Râul curgea încet prin vale.,28,44,1,50.1892,0.046361,0.390625,0.617188,0.501892,0.043242,0.398438,0.585938,0.006298,0.032214,0.004717,1,49.9146,7.990603,286.778,0.083509,1,0.52294,1,4,16,0.015625,-0.007737,-0.006477,-0.004219,C-accelerated,135360.44,135300.0,1628.82,1800.0,0.6652
2026-03-30T05:40:55Z,2724667016,1675,Un copil asculta ploaia.,24,44,1,50.4211,0.044719,0.40625,0.664062,0.504211,0.046239,0.398438,0.632812,0.006218,0.035153,0.004697,1,49.6948,7.992081,241.513,0.718515,1,0.973379,1,4,16,0.015625,-0.001161,-0.004309,0.008299,C-accelerated,136010.22,135500.0,2235.77,3675.0,1.3561
2026-03-30T05:40:55Z,2724667016,1676,Stelele erau clare pe cer.,26,44,1,49.6399,0.039691,0.390625,0.617188,0.496399,0.043332,0.382812,0.632812,0.006205,0.033699,0.004695,1,49.9664,7.990177,297.507,0.034692,0,0.688822,1,4,16,0.015625,0.01163,-0.002941,0.001782,C-accelerated,152598.67,143150.0,23214.41,22100.0,7.7192
2026-03-30T05:40:55Z,2724667016,1677,Casa veche părea pustie.,24,44,1,49.3347,0.045587,0.382812,0.609375,0.493347,0.038782,0.382812,0.585938,0.006287,0.032521,0.004751,1,49.7589,7.990976,274.653,0.18992,1,0.143313,1,4,16,0.015625,-0.003105,-0.004035,-0.008396,C-accelerated,140462.0,136500.0,9530.67,4700.0,1.7216
2026-03-30T05:40:55Z,2724667016,1678,Trenul trecu prin noapte.,25,44,1,50.1099,0.040931,0.390625,0.609375,0.501099,0.042204,0.367188,0.601562,0.006242,0.028558,0.004654,1,49.7803,7.992531,227.06,0.895387,1,0.699384,1,4,16,0.015625,0.008,-0.00685,-0.007985,C-accelerated,135388.22,135600.0,1752.35,3000.0,1.1062
2026-03-30T05:40:55Z,2724667016,1679,Hiljainen polku johti syvälle metsään.,38,44,1,49.5728,0.042923,0.367188,0.617188,0.495728,0.042341,0.382812,0.617188,0.006224,0.033338,0.004668,1,49.9451,7.99117,270.231,0.244828,1,0.620035,1,4,16,0.015625,0.000229,-0.000314,-0.002437,C-accelerated,136149.33,135700.0,1734.69,1875.0,0.6909
2026-03-30T05:40:55Z,2724667016,1680,Vanha vene liikkui hitaasti vedessä.,36,44,1,49.762,0.042685,0.398438,0.609375,0.49762,0.041622,0.375,0.625,0.006236,0.032357,0.004758,1,50.0824,7.990806,280.425,0.131414,1,0.958178,1,4,16,0.015625,0.00084,0.009958,0.005717,C-accelerated,135672.67,135600.0,1077.23,700.0,0.2581
2026-03-30T05:40:55Z,2724667016,1681,Kylä oli rauhallinen sateen jälkeen.,36,44,1,50.5493,0.047132,0.375,0.617188,0.505493,0.043851,0.40625,0.617188,0.006152,0.027466,0.004615,1,50.0763,7.990644,281.612,0.121203,1,0.576998,1,4,16,0.015625,0.007562,-0.009812,-0.001639,C-accelerated,135188.44,135300.0,1473.98,1900.0,0.7021
2026-03-30T05:40:55Z,2724667016,1682,Pieni valo näkyi mäellä.,24,44,1,50.9399,0.042839,0.414062,0.671875,0.509399,0.040245,0.421875,0.617188,0.006249,0.031604,0.004673,1,50.2716,7.990824,279.843,0.136641,1,0.136909,1,4,16,0.015625,-0.003522,-0.003532,0.002346,C-accelerated,134026.44,133800.0,1483.67,1600.0,0.5979
2026-03-30T05:40:55Z,2724667016,1683,Tuuli liikkui järven yli.,25,44,1,49.8901,0.039218,0.398438,0.609375,0.498901,0.05025,0.359375,0.648438,0.006223,0.033202,0.004669,1,50.3418,7.990917,274.676,0.189654,1,0.296466,1,4,16,0.015625,0.003321,0.003703,-0.001497,C-accelerated,135100.89,135300.0,1426.42,1800.0,0.6652
2026-03-30T05:40:55Z,2724667016,1684,Matkailija pysähtyi katsomaan tähtiä.,37,44,1,49.5544,0.043109,0.40625,0.609375,0.495544,0.045749,0.382812,0.609375,0.006293,0.032117,0.004728,1,49.0631,7.993107,209.466,0.983022,1,0.811598,1,4,16,0.015625,0.005066,-0.00414,0.0051,C-accelerated,137476.67,137500.0,2152.49,2500.0,0.9091
2026-03-30T05:40:55Z,2724667016,1685,Vanha torni näkyi kaukaa.,25,44,1,50.6958,0.042938,0.375,0.609375,0.506958,0.04589,0.398438,0.617188,0.006228,0.027484,0.00467,1,50.3815,7.991635,255.034,0.487619,1,0.237089,1,4,16,0.015625,-0.004162,-0.018673,0.000377,C-accelerated,138951.56,136600.0,5666.0,4300.0,1.5739
2026-03-30T05:40:55Z,2724667016,1686,Sumu nousi pellolta.,20,44,1,50.6409,0.045349,0.390625,0.632812,0.506409,0.04395,0.367188,0.625,0.006251,0.034484,0.004676,1,49.6552,7.991985,242.909,0.696533,1,0.365047,1,4,16,0.015625,-0.009589,-0.001314,-0.00718,C-accelerated,134243.33,134100.0,1141.99,1175.0,0.4381
2026-03-30T05:40:55Z,2724667016,1687,Yö oli pitkä ja hiljainen.,26,44,1,49.823,0.038611,0.375,0.609375,0.49823,0.044476,0.398438,0.609375,0.00622,0.031118,0.004691,1,49.8993,7.992065,240.372,0.735937,1,0.980983,1,4,16,0.015625,-0.00026,9.5e-05,-0.005175,C-accelerated,137383.11,137500.0,2905.23,4500.0,1.6364
2026-03-30T05:40:55Z,2724667016,1688,Aurinko nousi hitaasti.,23,44,1,49.9939,0.041438,0.40625,0.648438,0.499939,0.04497,0.398438,0.601562,0.006268,0.028203,0.004717,1,49.9329,7.99118,268.998,0.26166,1,0.039448,1,4,16,0.015625,-0.001141,0.00012,-0.007153,C-accelerated,135428.67,135350.0,1679.83,2500.0,0.9235
2026-03-30T05:40:55Z,2724667016,1689,Tichý vítr se pohyboval po louce.,33,44,1,50.1221,0.046563,0.390625,0.609375,0.501221,0.045601,0.398438,0.625,0.006281,0.02977,0.004753,1,50.1556,7.992651,223.616,0.922394,1,0.201376,1,4,16,0.015625,-0.001636,-0.002798,-0.00012,C-accelerated,137147.56,135200.0,6253.08,3475.0,1.2851
2026-03-30T05:40:55Z,2724667016,1690,Stará věž stála nad městem.,27,44,1,50.3723,0.043112,0.421875,0.625,0.503723,0.043531,0.40625,0.625,0.006196,0.034248,0.004693,1,49.7192,7.990644,283.567,0.105679,1,0.567269,1,4,16,0.015625,-0.001782,0.001113,-0.010581,C-accelerated,138070.89,134900.0,6791.81,4900.0,1.8162
2026-03-30T05:40:55Z,2724667016,1691,Řeka byla klidná a tmavá.,25,44,1,50.4028,0.041821,0.375,0.609375,0.504028,0.044162,0.335938,0.601562,0.006263,0.034529,0.004757,1,49.9573,7.991969,243.724,0.683406,1,0.108146,1,4,16,0.015625,-0.004806,0.0017,-0.007751,C-accelerated,134931.11,134700.0,1431.65,2475.0,0.9187
2026-03-30T05:40:55Z,2724667016,1692,Chlapec našel starý klíč.,25,44,1,49.3652,0.043364,0.367188,0.570312,0.493652,0.043309,0.375,0.609375,0.006277,0.034034,0.004769,1,49.9298,7.991598,253.103,0.521806,1,0.596686,1,4,16,0.015625,0.007862,-0.004344,0.0019,C-accelerated,135252.44,134800.0,1356.94,1200.0,0.4451
2026-03-30T05:40:55Z,2724667016,1693,Mlha zahalila celé údolí.,25,44,1,49.5544,0.04312,0.367188,0.59375,0.495544,0.044277,0.390625,0.609375,0.006235,0.030029,0.004771,1,49.9451,7.992955,214.703,0.96843,1,0.886275,1,4,16,0.015625,0.002539,-0.003367,0.00707,C-accelerated,136992.0,135900.0,4804.46,1500.0,0.5519
2026-03-30T05:40:55Z,2724667016,1694,Dívka psala do deníku.,22,44,1,50.3967,0.046466,0.398438,0.617188,0.503967,0.043706,0.390625,0.609375,0.006146,0.029924,0.004667,1,49.9237,7.991951,244.119,0.676956,1,0.516756,1,4,16,0.015625,-0.004316,0.009011,-0.006507,C-accelerated,134745.78,133950.0,2385.87,2800.0,1.0452
2026-03-30T05:40:55Z,2724667016,1695,Noční vlak projel mostem.,25,44,1,49.5728,0.044558,0.34375,0.617188,0.495728,0.043868,0.40625,0.617188,0.006172,0.028298,0.004709,1,50.3113,7.991357,262.691,0.356941,1,0.815297,1,4,16,0.015625,-0.00489,0.004141,-0.001081,C-accelerated,135386.89,135500.0,1680.66,2500.0,0.9225
2026-03-30T05:40:55Z,2724667016,1696,Světlo lampy blikalo ve tmě.,28,44,1,50.4517,0.046288,0.40625,0.632812,0.504517,0.041104,0.398438,0.609375,0.006164,0.031756,0.004686,1,50.2563,7.991223,265.74,0.309078,1,0.216929,1,4,16,0.015625,0.014515,0.007189,0.006632,C-accelerated,140774.44,138700.0,6386.03,6300.0,2.2711
2026-03-30T05:40:55Z,2724667016,1697,Les byl plný ticha.,19,44,1,50.1892,0.042922,0.390625,0.601562,0.501892,0.046423,0.359375,0.601562,0.006315,0.032986,0.004746,1,49.6552,7.99272,223.011,0.92656,1,0.162467,1,4,16,0.015625,-0.002027,0.01023,0.005005,C-accelerated,134564.89,134400.0,1448.48,1400.0,0.5208
2026-03-30T05:40:55Z,2724667016,1698,Cestovatel sledoval měsíc.,26,44,1,49.6521,0.040156,0.40625,0.59375,0.496521,0.044718,0.382812,0.601562,0.006254,0.029781,0.004741,1,49.9664,7.990969,274.537,0.191253,1,0.390828,1,4,16,0.015625,0.001953,-0.00314,-0.006403,C-accelerated,133641.78,132900.0,1882.55,3400.0,1.2792
2026-03-30T05:40:55Z,2724667016,1699,"Egy csendes őszi estén a kis falu főterén egy idős órás ült a padon, és figyelte, ahogy az emberek lassan hazatérnek. A toronyóra minden ütése emlékeztette arra, hogy a történetek, amelyeket egész életében hallott, még mindig ott élnek a régi utcák és a sárga fényű lámpák között.",280,44,1,49.1272,0.04393,0.390625,0.585938,0.491272,0.043362,0.390625,0.601562,0.006278,0.030761,0.004735,1,50.0488,7.992891,215.657,0.964919,1,0.149944,1,4,16,0.015625,-0.000475,0.010906,0.005121,C-accelerated,139440.22,139650.0,3083.51,4275.0,1.5306
2026-03-30T05:40:55Z,2724667016,1700,"A hegyek mögül érkező hideg szél végigsöpört az erdőn, miközben egy magányos utazó a keskeny ösvényen haladt. A térképe már régi volt és kopott, de még mindig mutatta az utat egy elfeledett tóhoz, ahol a legenda szerint egyszer egy kis város állt.",247,44,1,50.5737,0.043744,0.40625,0.601562,0.505737,0.045465,0.398438,0.640625,0.006278,0.030193,0.004761,1,49.9115,7.992128,238.534,0.76293,1,0.498432,1,4,16,0.015625,-0.00129,-0.003705,-0.014997,C-accelerated,133850.0,133650.0,1106.37,900.0,0.3367
2026-03-30T05:40:55Z,2724667016,1701,"Egy fiatal fiú a könyvtár poros polcai között keresgélt, amikor egy vastag, bőrkötéses könyvet talált. Amikor kinyitotta, régi térképek és furcsa jegyzetek hullottak ki belőle, mintha valaki évtizedekkel korábban titkokat próbált volna elrejteni a lapok között.",261,44,1,49.9451,0.043555,0.40625,0.625,0.499451,0.044002,0.398438,0.640625,0.006296,0.032326,0.004727,1,50.0702,7.991901,246.633,0.634965,1,0.316761,1,4,16,0.015625,0.010545,0.003607,0.002001,C-accelerated,141489.11,137650.0,8916.57,7600.0,2.7606
2026-03-30T05:40:55Z,2724667016,1702,"Az öreg híd alatt a folyó lassan hömpölygött, és a víz felszínén visszatükröződtek a város fényei. Egy festő ott ült a parton, és próbálta megörökíteni azt a pillanatot, amikor a hold felkúszott a hegyek fölé és ezüstszínűvé tette az egész tájat.",246,44,1,49.8901,0.046852,0.382812,0.625,0.498901,0.04476,0.390625,0.617188,0.006253,0.029528,0.00475,1,49.8962,7.991894,245.841,0.648358,1,0.298677,1,4,16,0.015625,-0.005948,-0.005806,-0.017073,C-accelerated,135448.89,135100.0,1106.83,1700.0,0.6292
2026-03-30T05:40:55Z,2724667016,1703,"A kis falusi kávézó minden este megtelt történetekkel. A vendégek teát ittak, az ablakokon túl pedig lassan hullani kezdett a hó. Valaki mindig mesélt egy új történetet a régi időkről, amikor még több hajó érkezett a közeli folyó kikötőjébe.",241,44,1,50.4883,0.043695,0.398438,0.625,0.504883,0.046364,0.40625,0.625,0.006181,0.028772,0.004628,1,50.2472,7.991269,266.671,0.295111,1,0.623403,1,4,16,0.015625,0.009424,-0.013496,-0.008642,C-accelerated,140085.11,137400.0,7126.66,5500.0,2.0015
2026-03-30T05:40:55Z,2724667016,1704,"Egy hosszú utazás után a vándor végre elérte a hegyek közötti kis völgyet. A házak fából épültek, és a kéményekből vékony füst csíkok emelkedtek az ég felé. Az emberek barátságosan fogadták, mintha már régóta várták volna az érkezését.",235,44,1,50.7324,0.04512,0.351562,0.640625,0.507324,0.044845,0.398438,0.609375,0.00624,0.034256,0.004706,1,50.1007,7.992783,219.45,0.947816,1,0.076948,1,4,16,0.015625,-0.008948,-0.000607,-0.00091,C-accelerated,135890.89,135300.0,1837.71,2400.0,0.8869
2026-03-30T05:40:55Z,2724667016,1705,"A régi vasútállomás már évek óta üres volt, de néha még mindig lehetett hallani a sínek halk zörgését a szélben. Egy fotós ott sétált esténként, és képeket készített a rozsdás peronról, ahol egykor utazók százai indultak el ismeretlen városok felé.",248,44,1,50.1099,0.046144,0.367188,0.609375,0.501099,0.043187,0.351562,0.59375,0.00629,0.028264,0.004667,1,49.6918,7.992289,235.532,0.803815,1,0.393466,1,4,16,0.015625,-0.006804,-0.002822,-0.010783,C-accelerated,145094.89,137200.0,28432.92,3100.0,1.1297
2026-03-30T05:40:55Z,2724667016,1706,"Egy tanár minden reggel ugyanazon az úton sétált az iskola felé. Az út mentén hatalmas gesztenyefák álltak, és ő gyakran megállt egy pillanatra, hogy hallgassa a levelek zizegését. A diákjainak mindig azt mondta, hogy a világ tele van történetekkel, csak figyelni kell rájuk.",275,44,1,49.9634,0.042577,0.390625,0.617188,0.499634,0.041979,0.382812,0.609375,0.006205,0.030395,0.004632,1,49.8718,7.990993,272.349,0.217451,1,0.393466,1,4,16,0.015625,-0.001424,-0.006402,0.006593,C-accelerated,134778.0,134500.0,1407.17,1600.0,0.5948
2026-03-30T05:40:55Z,2724667016,1707,"Az erdő mélyén egy kis tó rejtőzött, amelyet csak kevesen ismertek. Egy halász minden hajnalban csónakba szállt, és csendben evezett a ködben. A víz tükre olyan nyugodt volt, hogy néha úgy tűnt, mintha az ég és a föld összeérne.",228,44,1,50.0549,0.03967,0.390625,0.570312,0.500549,0.039199,0.414062,0.601562,0.006286,0.027816,0.004755,1,49.8901,7.991111,268.835,0.263931,1,0.266661,1,4,16,0.015625,0.010797,0.000819,-0.011448,C-accelerated,136979.11,136950.0,1928.41,1600.0,0.5842
2026-03-30T05:40:55Z,2724667016,1708,"Egy fiatal építész a város régi negyedében dolgozott, ahol minden ház más történetet mesélt. Amikor rajzolta az új terveket, mindig figyelt arra, hogy a múlt emlékei ne vesszenek el a modern falak között.",204,44,1,49.8291,0.0449,0.398438,0.601562,0.498291,0.045186,0.367188,0.625,0.006144,0.027894,0.004664,1,49.8657,7.992397,233.111,0.833657,1,0.510609,1,4,16,0.015625,-0.001607,-0.014451,-0.005173,C-accelerated,139914.0,137050.0,6940.46,4475.0,1.6326
2026-03-30T05:40:55Z,2724667016,1709,"У тихому селі біля річки старий чоловік щовечора сидів на дерев’яній лавці і дивився на повільну течію води. Він згадував роки, коли рибалки поверталися з човнами повними риби, а на березі лунали пісні та сміх молодих людей.",224,44,1,50.1587,0.047655,0.40625,0.617188,0.501587,0.047665,0.40625,0.632812,0.006293,0.030967,0.004767,1,50.0702,7.991372,261.225,0.380987,1,0.804212,1,4,16,0.015625,0.004346,-0.001259,0.004694,C-accelerated,137644.67,137000.0,2329.13,2600.0,0.9489
2026-03-30T05:40:55Z,2724667016,1710,"Одного холодного ранку мандрівник прийшов до невеликого містечка, де вузькі вулиці були вкриті туманом. Він зайшов до маленької кав’ярні, де незнайомці почали розповідати йому дивні історії про стару вежу на пагорбі.",216,44,1,49.8718,0.04225,0.375,0.609375,0.498718,0.035692,0.398438,0.570312,0.006201,0.031953,0.004719,1,49.939,7.991143,268.975,0.261984,1,0.564044,1,4,16,0.015625,-0.005781,-0.010015,0.001933,C-accelerated,135041.11,134600.0,1640.59,1600.0,0.5944
2026-03-30T05:40:55Z,2724667016,1711,"Tichá dedina ležala medzi horami a ráno bolo zahalené jemnou hmlou. Starý učiteľ kráčal pomaly po ceste ku škole a premýšľal o tom, ako sa svet mení. Napriek tomu verne veril, že jednoduché príbehy a dobré slová môžu ľuďom vždy priniesť nádej.",243,44,1,49.5239,0.041847,0.398438,0.59375,0.495239,0.04286,0.382812,0.609375,0.006188,0.032349,0.004662,1,50.1556,7.990916,274.653,0.18992,1,0.841303,1,4,16,0.015625,-0.001163,0.007263,0.008418,C-accelerated,138868.0,138400.0,3107.48,3900.0,1.409
2026-03-30T05:40:55Z,2724667016,1712,"Satul de lângă pădure era liniștit după ploaie, iar aerul mirosea a pământ umed. Un bătrân stătea pe verandă și privea cum norii se mișcă lent peste dealuri, amintindu-și poveștile pe care le auzise în copilărie.",212,44,1,50.3418,0.041682,0.367188,0.601562,0.503418,0.047459,0.382812,0.632812,0.006216,0.032957,0.004729,1,49.881,7.990599,288.873,0.071131,1,0.882511,1,4,16,0.015625,0.001136,-0.000622,0.011106,C-accelerated,136387.56,134700.0,4296.89,2200.0,0.8166
2026-03-30T05:40:55Z,2724667016,1713,"Hiljainen järvi oli kuin peili varhaisen aamun valossa. Kalastaja souti hitaasti sumun läpi ja kuunteli lintujen ääniä metsän reunasta. Hän ajatteli, kuinka rauhallinen maailma voisi olla, jos ihmiset pysähtyisivät joskus katsomaan samaa maisemaa.",247,44,1,50.6836,0.045992,0.375,0.625,0.506836,0.039692,0.390625,0.601562,0.006193,0.037029,0.004676,1,50.2869,7.992078,240.116,0.739779,1,0.237089,1,4,16,0.015625,0.002746,-0.000379,0.006833,C-accelerated,136667.33,135900.0,3179.21,1800.0,0.6623
2026-03-30T05:40:55Z,2724667016,1714,"Tichá vesnice ležela pod kopcem a večer se pomalu snášel na střechy domů. Mladý spisovatel seděl u okna starého domu a zapisoval do sešitu drobné příběhy o lidech, které potkal během svých cest po krajině.",205,44,1,50.293,0.046394,0.367188,0.617188,0.50293,0.03846,0.359375,0.570312,0.00617,0.030282,0.004619,1,49.4751,7.991671,254.266,0.501194,1,0.510609,1,4,16,0.015625,-0.003086,-0.004951,-0.000877,C-accelerated,134615.78,134500.0,881.28,1075.0,0.3996
2026-03-30T05:40:55Z,2724667016,1715,"Egy fiatal történész egy poros levéltárban kutatott, amikor egy régi naplót talált, amely tele volt furcsa megjegyzésekkel egy elveszett faluról. Ahogy egyre többet olvasott, úgy érezte, mintha a múlt lassan életre kelne körülötte.",231,44,1,49.8901,0.044492,0.375,0.601562,0.498901,0.052251,0.382812,0.640625,0.006204,0.030912,0.004771,1,50.1038,7.990869,279.098,0.143549,1,0.931616,1,4,16,0.015625,-0.002553,0.002008,-0.001288,C-accelerated,141508.44,137600.0,9923.71,4000.0,1.4535
2026-03-30T05:40:55Z,2724667016,1716,"Az esti eső halkan kopogott a város macskaköves utcáin. Egy zenész az erkélyen ült, és lassú dallamot játszott a hegedűjén. A hangok messzire szálltak az üres utcák fölött, mintha egy régi történetet próbálnának elmesélni mindenkinek, aki hallgatja.",249,44,1,49.5789,0.044687,0.367188,0.601562,0.495789,0.045595,0.382812,0.648438,0.00636,0.027787,0.004839,1,49.5758,7.992053,241.21,0.723185,1,0.185067,1,4,16,0.015625,-0.004972,-0.001388,-0.000804,C-accelerated,135390.44,135000.0,1384.24,1400.0,0.5185
2026-03-30T05:40:55Z,2724667016,1718,"Egy öreg könyvkereskedő egész életét azzal töltötte, hogy ritka köteteket gyűjtött. A boltja kicsi volt, de tele volt különös illattal és történetekkel. Aki belépett, mindig talált egy könyvet, amely valamilyen módon megváltoztatta a gondolatait.",246,44,1,50.2441,0.04634,0.351562,0.625,0.502441,0.039965,0.40625,0.601562,0.006259,0.026757,0.004696,1,49.7589,7.991567,256.896,0.454913,1,0.60998,1,4,16,0.015625,-0.004262,-0.006551,-0.002775,C-accelerated,133888.67,133700.0,876.55,1100.0,0.4114
2026-03-30T05:40:55Z,2724667016,1717,"A hegyek között futó keskeny út mentén kis falvak sorakoztak. Egy kerékpáros hosszú utat tett meg ezen az úton, és minden faluban megállt egy rövid időre, hogy meghallgassa az emberek történeteit a régi időkről és a változó világról.",233,44,1,50.0916,0.039987,0.40625,0.59375,0.500916,0.043131,0.367188,0.601562,0.006202,0.027673,0.004667,1,49.7467,7.991358,265.53,0.312264,1,0.735002,1,4,16,0.015625,0.004124,0.000634,0.004925,C-accelerated,137146.44,136600.0,2401.37,2175.0,0.7961
2026-03-30T05:40:55Z,2724667016,1719,Tôi mở cửa. Con mèo ngồi đó. Nó nhìn tôi. Rồi đi mất. Tôi đợi. Nó không quay lại.,81,44,1,49.9023,0.040063,0.382812,0.609375,0.499023,0.040771,0.398438,0.601562,0.006192,0.031128,0.004701,1,50.3082,7.991822,249.146,0.591591,1,0.674834,1,4,16,0.015625,0.002182,0.006564,-0.001751,C-accelerated,135834.0,135550.0,1696.85,3200.0,1.1804
2026-03-30T05:40:55Z,2724667016,1720,Mưa tạnh. Cô ấy gập ô lại. Nhìn lên bầu trời. Cầu vồng. Cô mỉm cười. Đó là điều tốt đẹp duy nhất hôm nay.,105,44,1,50.4944,0.03993,0.414062,0.609375,0.504944,0.048993,0.398438,0.617188,0.006212,0.033316,0.004679,1,50.177,7.990123,301.952,0.023146,0,0.355039,1,4,16,0.015625,0.00563,0.004701,0.004947,C-accelerated,136287.78,136600.0,1305.02,1000.0,0.366
2026-03-30T05:40:55Z,2724667016,1721,Anh ấy nhắn chúc buổi sáng mỗi ngày. Ba năm. Cô ấy không bao giờ trả lời. Anh vẫn nhắn. Đó là nghi thức của anh.,112,44,1,49.8291,0.039619,0.414062,0.585938,0.498291,0.047037,0.367188,0.601562,0.006229,0.028923,0.004788,1,50.0702,7.990887,278.586,0.148439,1,0.890041,1,4,16,0.015625,-0.00171,-0.00582,0.001389,C-accelerated,134417.78,134300.0,982.08,1000.0,0.3723
2026-03-30T05:40:55Z,2724667016,1722,Trà nguội. Cô ấy đun ấm mới. Anh ấy vẫn chưa về. Điện thoại không trả lời. Cô đổ trà đi. Lần thứ bảy.,101,44,1,49.7192,0.042676,0.382812,0.617188,0.497192,0.041921,0.40625,0.648438,0.006191,0.034496,0.00467,1,49.3774,7.991333,265.297,0.315824,1,0.404123,1,4,16,0.015625,-0.001496,0.003028,-0.005221,C-accelerated,136308.22,135700.0,2050.18,2350.0,0.8659
2026-03-30T05:40:55Z,2724667016,1723,Trong ảnh cũ có người giống tôi. Nhưng không phải tôi. Mẹ bảo đó là dì. Dì mất lâu rồi. Tôi chưa từng gặp dì.,109,44,1,50.6104,0.042746,0.40625,0.609375,0.506104,0.042701,0.398438,0.65625,0.00628,0.033397,0.004745,1,49.9908,7.992013,243.607,0.685295,1,0.573746,1,4,16,0.015625,-0.005769,0.013673,0.003177,C-accelerated,137855.11,135700.0,6153.11,4400.0,1.6212
2026-03-30T05:40:55Z,2724667016,1724,Trăng tròn. Tôi ngồi ngắm một mình. Nhớ lời hứa cùng ngắm trăng với nhau. Bây giờ em ngắm với ai?,97,44,1,50.2808,0.045342,0.398438,0.632812,0.502808,0.041486,0.382812,0.609375,0.006202,0.033211,0.004714,1,50.0183,7.990153,298.135,0.03281,0,0.180371,1,4,16,0.015625,-0.005145,0.004677,0.003252,C-accelerated,134179.11,133900.0,1157.05,1200.0,0.4481
2026-03-30T05:40:55Z,2724667016,1726,Cô ấy trồng một chậu hoa. Tưới nước mỗi ngày. Hoa không nở. Người ta bảo đó là hoa giả. Cô vẫn tưới.,100,44,1,50.3418,0.04136,0.398438,0.617188,0.503418,0.049234,0.367188,0.625,0.006238,0.030029,0.004728,1,49.8474,7.991309,266.391,0.299267,1,0.495412,1,4,16,0.015625,-0.003256,-0.007293,0.003595,C-accelerated,135625.78,135100.0,2804.99,3600.0,1.3323
2026-03-30T05:40:55Z,2724667016,1725,Chìa khóa không tra vừa ổ khóa. Tôi cố mãi. Hàng xóm bảo nhà đó không có ai ở. Nhưng tôi thấy đèn sáng trong phòng.,115,44,1,50.3113,0.04519,0.398438,0.671875,0.503113,0.04452,0.398438,0.65625,0.006256,0.03271,0.004744,1,49.884,7.99223,238.138,0.768551,1,0.841303,1,4,16,0.015625,0.001905,0.006795,0.000573,C-accelerated,134615.78,134100.0,1810.08,1300.0,0.4847
2026-03-30T05:40:55Z,2724667016,1727,Chuyến tàu điện cuối cùng. Tôi kịp lên. Trong toa chỉ có một người. Anh ấy mỉm cười với tôi. Tôi xuống tàu.,107,44,1,50.2075,0.044629,0.390625,0.625,0.502075,0.044425,0.390625,0.609375,0.006237,0.03072,0.00468,1,49.2279,7.993227,206.743,0.988052,1,0.996196,1,4,16,0.015625,0.002079,-0.009556,-0.004189,C-accelerated,136105.33,135400.0,1800.33,3300.0,1.2186
2026-03-30T05:40:55Z,2724667016,1728,Bố dạy tôi đi xe đạp. Bố giữ phía sau. Tôi ngoái lại. Bố đã buông tay. Tôi đi xa rồi.,85,44,1,50.1709,0.046404,0.398438,0.640625,0.501709,0.045939,0.367188,0.625,0.006261,0.030782,0.004758,1,50.354,7.991825,250.333,0.570779,1,0.294266,1,4,16,0.015625,-0.000284,-0.003138,0.008203,C-accelerated,135234.0,134900.0,1627.53,1300.0,0.4818
2026-03-30T05:40:55Z,2724667016,1730,Cô ấy soi gương mỗi ngày. Mặt trong gương trẻ hơn. Cô ấy sợ. Không soi nữa.,75,44,1,49.8474,0.045271,0.398438,0.601562,0.498474,0.042646,0.40625,0.585938,0.006237,0.029174,0.004724,1,49.9573,7.992701,220.079,0.944453,1,0.04374,1,4,16,0.015625,-0.011645,0.004535,-0.000288,C-accelerated,135442.67,133100.0,7742.26,2075.0,0.7795
2026-03-30T05:40:55Z,2724667016,1729,Con mèo chết. Tôi chôn nó dưới gốc cây. Năm sau cây ra hoa. Hoa màu trắng. Con mèo cũng màu trắng.,98,44,1,49.4019,0.043558,0.398438,0.578125,0.494019,0.038627,0.34375,0.578125,0.006152,0.029051,0.00469,1,49.6887,7.991348,263.668,0.341263,1,0.082687,1,4,16,0.015625,-0.001667,0.007401,-0.003985,C-accelerated,141192.89,137950.0,6920.95,10700.0,3.8782
2026-03-30T05:40:55Z,2724667016,1731,Anh ấy đợi một lá thư sẽ không bao giờ đến. Người đưa thư đi qua mỗi ngày. Lắc đầu. Anh vẫn đợi.,96,44,1,49.8352,0.042976,0.398438,0.601562,0.498352,0.042147,0.390625,0.617188,0.006237,0.029028,0.004674,1,49.9603,7.991611,256.57,0.46061,1,0.996196,1,4,16,0.015625,0.004156,-0.011095,-0.013577,C-accelerated,135036.44,135300.0,1399.32,1750.0,0.6467
2026-03-30T05:40:55Z,2724667016,1732,Cơm đã nấu xong. Bát đũa bày sẵn. Ti vi đang bật. Không ai ăn. Mọi người đã đi cả rồi.,86,44,1,49.6277,0.046946,0.359375,0.609375,0.496277,0.040347,0.390625,0.617188,0.006263,0.031776,0.004712,1,49.9573,7.991083,271.884,0.2233,1,0.01446,1,4,16,0.015625,-0.002861,0.020186,-0.000252,C-accelerated,135152.89,134400.0,1894.13,3400.0,1.2649
2026-03-30T05:40:55Z,2724667016,1734,Cây trước cửa sổ bị chặt. Tôi buồn cả tuần. Rồi nhận ra có thể nhìn thấy núi xa hơn.,84,44,1,50.4822,0.044582,0.375,0.65625,0.504822,0.045858,0.390625,0.65625,0.006244,0.032074,0.004745,1,49.8779,7.990694,282.659,0.112689,1,0.238986,1,4,16,0.015625,0.003336,-0.006559,-0.004282,C-accelerated,145785.78,136500.0,23027.64,8575.0,3.141
2026-03-30T05:40:55Z,2724667016,1733,Cô ấy mua hai que kem. Một cho tôi. Một cho cô ấy. Kem của tôi tan chảy. Của cô ấy cũng vậy.,92,44,1,49.1516,0.049757,0.367188,0.617188,0.491516,0.046896,0.359375,0.65625,0.006159,0.031684,0.004606,1,50.1862,7.990656,283.217,0.108336,1,0.039448,1,4,16,0.015625,-0.004091,0.002132,-0.003481,C-accelerated,221612.67,166350.0,98816.17,174000.0,52.2994
2026-03-30T05:40:55Z,2724667016,1735,Anh ấy bỏ thuốc lá cả trăm lần. Lần nào cũng thất bại. Bác sĩ bảo hút nữa thì không sống nổi một năm. Anh bảo chết thì chết.,124,44,1,50.4395,0.043986,0.367188,0.601562,0.504395,0.04494,0.390625,0.601562,0.006342,0.030088,0.004724,1,50.2411,7.990675,282.566,0.113427,1,0.942992,1,4,16,0.015625,0.013075,0.013035,-0.011289,C-accelerated,135660.22,135900.0,1325.12,2100.0,0.7726
2026-03-30T05:40:55Z,2724667016,1736,Cô ấy thức trắng đêm. Đợi bình minh. Bình minh đến. Đợi hoàng hôn. Cả cuộc đời cứ thế trôi qua.,95,44,1,50.5249,0.041766,0.390625,0.601562,0.505249,0.042366,0.359375,0.609375,0.006278,0.03291,0.004719,1,49.9054,7.991478,259.456,0.410733,1,0.129518,1,4,16,0.015625,-0.001832,-0.003614,-0.005268,C-accelerated,136143.33,135500.0,2642.99,3200.0,1.1808
2026-03-30T05:40:55Z,2724667016,1737,Em bé khóc. Mẹ dỗ dành. Bố đi làm thêm. Trăng lặng lẽ nhìn.,59,44,1,49.6704,0.047417,0.367188,0.625,0.496704,0.044566,0.382812,0.601562,0.006195,0.028608,0.004719,1,49.9237,7.991579,256.64,0.459388,1,0.180371,1,4,16,0.015625,0.003891,0.004824,-0.008234,C-accelerated,136283.56,134900.0,3523.64,3900.0,1.4455
2026-03-30T05:40:55Z,2724667016,1738,Anh ấy viết nhiều thơ. Không ai đọc. Anh tự đọc. Đọc rồi khóc. Thơ viết về cô ấy.,81,44,1,49.7498,0.047941,0.375,0.625,0.497498,0.043046,0.398438,0.601562,0.006275,0.031094,0.004748,1,49.6552,7.991292,264.879,0.322278,1,0.60998,1,4,16,0.015625,-0.005694,0.00612,-0.000791,C-accelerated,138838.22,136650.0,7231.87,7675.0,2.8083
2026-03-30T05:40:55Z,2724667016,1739,Cô ấy đánh mất chìa khóa. Không vào được nhà. Ngồi ở cầu thang chờ. Chờ đến tối. Không ai đến mở cửa.,101,44,1,50.1709,0.042048,0.414062,0.609375,0.501709,0.042679,0.398438,0.601562,0.006258,0.032823,0.004765,1,49.9115,7.992002,243.119,0.693178,1,0.830134,1,4,16,0.015625,0.006374,-0.003586,0.00436,C-accelerated,144687.78,143250.0,8635.86,9200.0,3.2112
2026-03-30T05:40:55Z,2724667016,1740,Mưa ba ngày. Ngày thứ tư tạnh. Ngày thứ năm cô ấy mang ô. Ô không dùng đến. Cô ấy cười.,87,44,1,50.1831,0.041137,0.382812,0.585938,0.501831,0.045799,0.375,0.640625,0.00624,0.029177,0.004766,1,49.7406,7.992223,234.577,0.815922,1,0.763917,1,4,16,0.015625,-0.008063,-2.1e-05,-0.003552,C-accelerated,135090.0,134700.0,1483.95,1500.0,0.5568
2026-03-30T05:40:55Z,2724667016,1741,Anh ấy gọi điện cho mẹ. Mẹ hỏi ai đấy. Con là con trai mẹ đây. Mẹ bảo không quen biết.,86,44,1,50.1526,0.042702,0.414062,0.640625,0.501526,0.04097,0.382812,0.601562,0.006145,0.031693,0.004692,1,49.942,7.991451,260.736,0.389131,1,0.051196,1,4,16,0.015625,-0.006365,0.003701,0.002503,C-accelerated,136186.22,135000.0,3439.76,2100.0,0.7778
2026-03-30T05:40:55Z,2724667016,1742,Cô ấy dọn đồ cũ. Tìm thấy một lá thư. Chưa từng được gửi đi. Người nhận là chính cô ấy. Ngày tháng mười năm trước.,114,44,1,49.6582,0.045237,0.367188,0.578125,0.496582,0.048952,0.367188,0.632812,0.006149,0.030425,0.00462,1,50.3876,7.990993,274.583,0.190719,1,0.738597,1,4,16,0.015625,0.000762,0.006717,-0.005802,C-accelerated,146136.44,139650.0,21679.04,6300.0,2.2556
2026-03-30T05:40:55Z,2724667016,1743,"Con cá chết. Anh ấy đổ xuống bồn cầu. Mỗi lần đi vệ sinh, anh ấy lại nhớ đến con cá.",84,44,1,49.8047,0.043498,0.375,0.640625,0.498047,0.041201,0.390625,0.601562,0.006188,0.030148,0.00474,1,50.2441,7.990691,284.451,0.099171,1,0.564044,1,4,16,0.015625,0.001125,-0.007208,0.001178,C-accelerated,138150.22,137900.0,1984.1,1900.0,0.6889
2026-03-30T05:40:55Z,2724667016,1744,Cô ấy học cách sống một mình. Ăn một mình. Đi khám bệnh một mình. Ăn Tết một mình. Già đi một mình.,99,44,1,50.4028,0.043629,0.390625,0.601562,0.504028,0.042534,0.40625,0.632812,0.006274,0.031709,0.004716,1,50.4822,7.990925,278.284,0.151384,1,0.27706,1,4,16,0.015625,-0.00299,-0.001037,0.001722,C-accelerated,135886.0,135600.0,1703.36,2175.0,0.802
2026-03-30T05:40:55Z,2724667016,1745,Anh ấy thấy cô ấy giữa đám đông. Cô ấy cũng thấy anh ấy. Cả hai không dừng lại. Mỗi người tiếp tục đi.,102,44,1,49.5605,0.042576,0.390625,0.59375,0.495605,0.047177,0.390625,0.648438,0.00623,0.029178,0.004736,1,49.7894,7.991588,255.057,0.487208,1,0.370117,1,4,16,0.015625,0.000647,0.009717,-0.005279,C-accelerated,147739.33,136350.0,23251.25,12000.0,4.4004
2026-03-30T05:40:55Z,2724667016,1746,"Trăng đi theo tôi. Tôi dừng, trăng dừng. Tôi chạy, trăng chạy. Về đến nhà. Trăng ở lại bên ngoài.",97,44,1,50.4517,0.049954,0.375,0.648438,0.504517,0.043131,0.40625,0.601562,0.006135,0.033423,0.004729,1,49.9939,7.992352,233.251,0.832014,1,0.256534,1,4,16,0.015625,-0.00383,-0.001297,0.012311,C-accelerated,139211.56,138000.0,6136.27,4375.0,1.5851
2026-03-30T05:40:55Z,2724667016,1747,Cô ấy nuôi mèo. Mèo đi mất. Nuôi chó. Chó cũng đi mất. Không nuôi nữa.,70,44,1,50.2991,0.043968,0.390625,0.625,0.502991,0.045931,0.359375,0.601562,0.006264,0.030756,0.00468,1,50.7355,7.990944,275.235,0.183345,1,0.352565,1,4,16,0.015625,-0.001312,-0.009956,0.007843,C-accelerated,141672.0,140600.0,4201.55,4800.0,1.707
2026-03-30T05:40:55Z,2724667016,1748,Mỗi ngày anh ấy đến cùng một quán cà phê. Ngồi cùng một chỗ. Gọi cùng một loại cà phê. Đọc cùng một tờ báo. Cho đến khi quán đóng cửa.,134,44,1,49.7986,0.04061,0.398438,0.640625,0.497986,0.047121,0.359375,0.601562,0.006287,0.031124,0.004759,1,49.8291,7.991983,243.561,0.686049,1,0.616675,1,4,16,0.015625,-0.009034,-0.003607,-0.003597,C-accelerated,135605.56,135400.0,1339.42,1600.0,0.5908
2026-03-30T05:40:55Z,2724667016,1749,Cô ấy viết một lá thư. Không đề địa chỉ. Không ghi người nhận. Không gửi đi. Đốt đi. Tro bay như những cánh bướm.,113,44,1,50.0427,0.045725,0.40625,0.609375,0.500427,0.039852,0.390625,0.609375,0.006183,0.030117,0.004676,1,49.8077,7.991539,257.292,0.448015,1,0.0381,1,4,16,0.015625,0.005664,-0.005542,0.002021,C-accelerated,135421.56,135200.0,1302.56,1500.0,0.5547
2026-03-30T05:40:55Z,2724667016,1750,"Mưa gõ vào ô cửa sổ. Cô ấy đếm những hạt mưa. Đếm đến một trăm thì ngủ thiếp đi. Tỉnh dậy, mưa vẫn rơi.",103,44,1,50.5127,0.043525,0.382812,0.617188,0.505127,0.050823,0.398438,0.640625,0.006214,0.033733,0.004741,1,49.9451,7.992548,226.409,0.900937,1,0.248627,1,4,16,0.015625,-0.007829,0.002881,0.012477,C-accelerated,148923.11,138800.0,27522.16,5275.0,1.9002
2026-03-30T05:40:55Z,2724667016,1751,Anh ấy đợi rất lâu. Lâu đến nỗi quên mất đang đợi ai. Quên mất mình đang đợi. Nhưng vẫn đợi.,92,44,1,49.6948,0.041961,0.40625,0.625,0.496948,0.045189,0.367188,0.617188,0.006286,0.034781,0.004656,1,49.7925,7.992806,218.333,0.953407,1,0.811598,1,4,16,0.015625,0.006498,0.003997,-0.001757,C-accelerated,136358.89,136200.0,1521.12,1600.0,0.5874
2026-03-30T05:40:55Z,2724667016,1752,Cô ấy mua hoa. Về nhà không có bình cắm. Cắm vào cốc. Hoa nở. Cái cốc vui sướng.,80,44,1,49.408,0.044972,0.375,0.617188,0.49408,0.044877,0.367188,0.617188,0.006284,0.031167,0.00477,1,49.646,7.990643,286.545,0.084982,1,0.695857,1,4,16,0.015625,-0.000303,2.8e-05,-0.005626,C-accelerated,134995.11,134600.0,1880.25,1875.0,0.6965
2026-03-30T05:40:55Z,2724667016,1753,"Anh ấy tập cười trước gương. Tập cả đời. Lúc chết, mặt không biểu cảm.",70,44,1,50.1038,0.04612,0.382812,0.640625,0.501038,0.044521,0.390625,0.648438,0.006161,0.030372,0.004723,1,49.8627,7.990215,293.574,0.048658,0,0.014847,1,4,16,0.015625,-0.00336,0.000473,-0.011247,C-accelerated,137323.56,136200.0,3117.97,2775.0,1.0187
2026-03-30T05:40:55Z,2724667016,1754,Cô ấy đi rất xa để nhìn thấy một cái cây. Cái cây bị đốn mất. Cô ấy đứng rất lâu ở chỗ đó.,90,44,1,49.3164,0.045763,0.390625,0.625,0.493164,0.042072,0.398438,0.609375,0.006225,0.036226,0.004705,1,50.0214,7.991821,247.936,0.612615,1,0.738597,1,4,16,0.015625,-0.011655,0.001541,0.008453,C-accelerated,134934.44,134300.0,2025.79,1575.0,0.5864
2026-03-30T05:40:55Z,2724667016,1755,Con mèo sưởi nắng trên bậu cửa sổ. Nó ở đó. Mặt trời ở đó. Tôi ở đây. Thế là đủ.,80,44,1,49.6338,0.04737,0.398438,0.632812,0.496338,0.039703,0.398438,0.609375,0.006161,0.033095,0.004723,1,49.8901,7.991693,253.079,0.522218,1,0.417685,1,4,16,0.015625,-0.001721,0.008024,0.008275,C-accelerated,137589.78,137200.0,2776.47,3875.0,1.4122
2026-03-30T05:40:55Z,2724667016,1756,Mỗi ngày anh ấy viết nhật ký. Hôm nay ăn gì. Uống gì. Thời tiết ra sao. Không bao giờ viết về cảm xúc.,102,44,1,50.1526,0.042174,0.375,0.601562,0.501526,0.040454,0.40625,0.609375,0.006291,0.029788,0.004744,1,49.9481,7.99126,265.577,0.311555,1,0.462847,1,4,16,0.015625,-0.011868,-0.008456,-0.002212,C-accelerated,136992.89,137050.0,1467.63,1800.0,0.6567
2026-03-30T05:40:55Z,2724667016,1757,Cô ấy đan một chiếc khăn. Tháo ra. Đan lại. Tháo ra. Đan lại. Mùa đông qua mất rồi.,83,44,1,49.8596,0.03886,0.398438,0.617188,0.498596,0.042314,0.414062,0.609375,0.006267,0.030239,0.004744,1,49.9268,7.992065,241.629,0.716709,1,0.507551,1,4,16,0.015625,-0.000194,-0.013449,-0.00247,C-accelerated,147747.33,144250.0,10773.86,10575.0,3.6655
2026-03-30T05:40:55Z,2724667016,1758,"Anh ấy học sửa đồng hồ. Nhưng không sửa được thời gian của mình. Lúc nhanh, lúc chậm.",85,44,1,50.3662,0.047481,0.382812,0.617188,0.503662,0.04548,0.40625,0.65625,0.006252,0.034332,0.004744,1,49.5972,7.990587,285.382,0.092656,1,0.513678,1,4,16,0.015625,0.004798,0.006899,0.003385,C-accelerated,141709.56,134200.0,19374.83,4275.0,1.5928
2026-03-30T05:40:55Z,2724667016,1759,Cô ấy nấu cháo. Cháo nguội. Hâm nóng. Lại nguội. Anh ấy vẫn chưa về. Cô ấy ăn một mình.,87,44,1,49.8596,0.042381,0.390625,0.601562,0.498596,0.043261,0.390625,0.59375,0.006371,0.030518,0.004793,1,50.0458,7.991277,265.926,0.306259,1,0.070051,1,4,16,0.015625,-0.002178,0.007648,0.005381,C-accelerated,138548.22,138500.0,3401.77,4700.0,1.6968
2026-03-30T05:40:55Z,2724667016,1760,Mưa tạnh. Anh ấy gập ô lại. Nhìn thấy cầu vồng. Nhớ cô ấy thích cầu vồng. Gửi ảnh cho cô ấy. Cô ấy không còn trong danh bạ nữa.,127,44,1,50.8301,0.044094,0.367188,0.648438,0.508301,0.041013,0.398438,0.632812,0.006275,0.02793,0.004681,1,50.3906,7.992094,241.978,0.711264,1,0.143313,1,4,16,0.015625,-0.006457,-0.001573,-0.013773,C-accelerated,134110.22,133800.0,1252.83,1200.0,0.4484
2026-03-30T05:40:55Z,2724667016,1761,Mỗi ngày anh ấy cho chim ăn. Chim đến. Ăn. Bay đi. Anh ấy cũng đi.,66,44,1,49.6704,0.045582,0.359375,0.640625,0.496704,0.043636,0.382812,0.609375,0.00622,0.029879,0.004725,1,50.0305,7.990877,277.935,0.154832,1,0.250588,1,4,16,0.015625,-0.006528,-0.000845,0.00558,C-accelerated,156675.33,139900.0,32737.93,29450.0,10.5254
2026-03-30T05:40:55Z,2724667016,1762,Cô ấy nuôi một cây xương rồng. Quên tưới nước. Nó sống sót. Cô tưới đều đặn. Nó chết.,85,44,1,50.3235,0.042685,0.414062,0.617188,0.503235,0.045097,0.367188,0.601562,0.006238,0.031967,0.00469,1,49.8016,7.992015,241.932,0.711992,1,0.965777,1,4,16,0.015625,-0.004906,-0.003681,0.007587,C-accelerated,136826.0,134350.0,7093.3,3800.0,1.4142
2026-03-30T05:40:55Z,2724667016,1763,Anh ấy đợi chuyến xe buýt cuối cùng. Xe đến. Anh ấy không lên. Xe đi. Anh ấy vẫn đợi.,85,44,1,49.8047,0.040689,0.414062,0.625,0.498047,0.043945,0.375,0.585938,0.006169,0.030879,0.004612,1,49.5361,7.991296,264.413,0.329522,1,0.720681,1,4,16,0.015625,-0.004843,-0.002479,0.003454,C-accelerated,138359.33,138800.0,3167.57,4175.0,1.504
2026-03-30T05:40:55Z,2724667016,1764,Cô ấy học nấu ăn. Nấu cho mình. Nấu cho con mèo. Con mèo chết. Nấu cho hư vô.,77,44,1,49.3042,0.043115,0.375,0.625,0.493042,0.040232,0.414062,0.585938,0.00628,0.028156,0.00472,1,50.0366,7.99268,222.685,0.928734,1,0.409516,1,4,16,0.015625,0.005309,0.007725,0.00442,C-accelerated,136051.78,135700.0,1173.19,800.0,0.2948
2026-03-30T05:40:55Z,2724667016,1765,Anh ấy viết một chữ trên cát. Sóng xóa. Viết lại. Sóng lại xóa. Anh ấy viết cả ngày.,84,44,1,49.9634,0.037707,0.414062,0.617188,0.499634,0.04628,0.367188,0.632812,0.006254,0.034324,0.004739,1,50.1221,7.991066,272.047,0.221242,1,0.950583,1,4,16,0.015625,-0.001275,0.005072,-0.006921,C-accelerated,136640.89,135400.0,3577.45,2600.0,0.9601
2026-03-30T05:40:55Z,2724667016,1766,"Cô ấy mở cửa sổ. Gió ùa vào. Rèm lay động. Cô ấy cũng muốn lay động, nhưng không thể.",85,44,1,49.8535,0.046196,0.375,0.609375,0.498535,0.04633,0.375,0.640625,0.006252,0.032628,0.004704,1,50.3632,7.991193,269.091,0.260368,1,0.406814,1,4,16,0.015625,0.006089,0.001341,-0.000228,C-accelerated,136813.33,134300.0,7288.97,3000.0,1.1169
2026-03-30T05:40:55Z,2724667016,1767,Anh ấy viết thư đi xa. Gửi đi. Không hồi âm. Cứ viết. Cứ gửi. Cho đến khi bưu điện đóng cửa.,92,44,1,50.5493,0.041124,0.375,0.617188,0.505493,0.043884,0.375,0.617188,0.006242,0.030935,0.004698,1,49.6368,7.991255,267.532,0.282484,1,0.573746,1,4,16,0.015625,-0.004806,0.00385,0.003261,C-accelerated,136122.89,136100.0,1790.91,2200.0,0.8082
2026-03-30T05:40:55Z,2724667016,1768,Cô ấy trồng một cái cây. Tưới nước mỗi ngày. Cây lớn lên. Cô ấy già đi. Cây vẫn lớn.,84,44,1,50.6042,0.041308,0.390625,0.640625,0.506042,0.042266,0.40625,0.59375,0.006372,0.030534,0.004781,1,50.3174,7.992744,221.452,0.936537,1,0.326067,1,4,16,0.015625,0.001494,-0.005555,0.005789,C-accelerated,136291.56,136100.0,1210.33,1000.0,0.3674
2026-03-30T05:40:55Z,2724667016,1769,Anh ấy nhìn vào gương. Không nhận ra mình. Hỏi mày là ai. Gương im lặng.,72,44,1,50.2319,0.039709,0.382812,0.609375,0.502319,0.048123,0.375,0.648438,0.006204,0.028914,0.004688,1,50.0061,7.992617,225.501,0.90832,1,0.623403,1,4,16,0.015625,-0.001506,-0.000482,-0.001468,C-accelerated,148550.89,137150.0,23748.35,14525.0,5.2953
2026-03-30T05:40:55Z,2724667016,1770,"Cô ấy học cách im lặng. Trong im lặng, cô nghe thấy nhiều âm thanh. Giữa những âm thanh, cô tìm thấy im lặng.",109,44,1,50.061,0.040473,0.398438,0.578125,0.50061,0.04684,0.398438,0.625,0.006227,0.035636,0.004647,1,50.0244,7.993058,210.793,0.979998,1,0.804212,1,4,16,0.015625,-0.003724,0.007414,3.4e-05,C-accelerated,132799.78,132700.0,1096.59,1400.0,0.5275
2026-03-30T05:40:55Z,2724667016,1771,"Mỗi ngày anh ấy đi qua cánh cửa ấy. Cánh cửa luôn đóng. Một ngày, nó mở ra. Không có ai bên trong. Anh ấy bước vào. Không ra nữa.",129,44,1,50.2136,0.043396,0.382812,0.617188,0.502136,0.049001,0.390625,0.632812,0.006161,0.028712,0.004665,1,50.1129,7.990946,273.792,0.199931,1,0.681814,1,4,16,0.015625,-0.009285,0.009176,0.003146,C-accelerated,136888.0,136100.0,2799.92,2450.0,0.9001
2026-03-30T05:40:55Z,2724667016,1772,Cô ấy đếm cừu. Một nghìn con. Không ngủ được. Dậy đếm sao. Sao cũng chưa ngủ.,77,44,1,50.2197,0.044666,0.40625,0.625,0.502197,0.04309,0.421875,0.617188,0.00635,0.030177,0.004779,1,49.9054,7.991916,245.399,0.655776,1,0.874992,1,4,16,0.015625,-0.008464,0.00159,-0.010053,C-accelerated,134666.89,134100.0,1857.69,1575.0,0.5872
2026-03-30T05:40:55Z,2724667016,1774,Cô ấy học cách chia tay. Với ngày hôm qua. Với chính mình. Với sự chia tay.,75,44,1,50.0,0.046763,0.367188,0.609375,0.5,0.044805,0.382812,0.609375,0.00613,0.030766,0.004684,1,50.4303,7.992322,234.484,0.81708,1,0.616675,1,4,16,0.015625,0.002908,-0.002781,0.002436,C-accelerated,133529.78,132900.0,1993.55,2000.0,0.7524
2026-03-30T05:40:55Z,2724667016,1773,Anh ấy nhặt nhiều chai lọ rỗng. Trong suốt. Nhìn xuyên qua ánh sáng. Chẳng thấy gì. Nhưng anh ấy thích.,103,44,1,50.5432,0.041404,0.421875,0.617188,0.505432,0.043019,0.382812,0.609375,0.006255,0.033764,0.004791,1,50.0153,7.991856,250.124,0.574463,1,0.767556,1,4,16,0.015625,-0.000315,-0.002001,-0.00565,C-accelerated,139596.67,138100.0,5572.54,5175.0,1.8736
2026-03-30T05:40:55Z,2724667016,1775,Mưa đập vào lá cây. Lá rụng. Mưa đập vào đất. Đất lầy lội. Mưa đập vào anh ấy. Anh ấy ướt.,90,44,1,49.5422,0.042304,0.398438,0.617188,0.495422,0.043864,0.382812,0.585938,0.006254,0.032988,0.00471,1,49.9115,7.990924,275.654,0.178705,1,0.815297,1,4,16,0.015625,0.007091,0.001212,-0.00567,C-accelerated,134231.33,134100.0,1679.99,2800.0,1.044
2026-03-30T05:40:55Z,2724667016,1776,"Anh ấy mơ mình tỉnh dậy. Tỉnh dậy, vẫn còn trong mơ. Tỉnh dậy lần nữa, vẫn trong mơ. Không thể tỉnh thật sự.",108,44,1,49.2371,0.041655,0.398438,0.570312,0.492371,0.043306,0.359375,0.585938,0.006192,0.029671,0.004715,1,49.9542,7.9925,227.898,0.887942,1,0.163906,1,4,16,0.015625,0.004677,-0.014505,-0.004068,C-accelerated,170470.22,170200.0,1238.44,475.0,0.1395
2026-03-30T05:40:55Z,2724667016,1777,"Mỗi ngày cô ấy soi gương. Một ngày, gương vỡ. Cô ấy ghép mình lại. Đẹp hơn xưa.",79,44,1,50.5249,0.047713,0.359375,0.65625,0.505249,0.04825,0.359375,0.617188,0.006283,0.031734,0.004762,1,50.3387,7.991765,253.847,0.50861,1,0.603317,1,4,16,0.015625,0.004976,0.01006,0.000899,C-accelerated,136187.56,134450.0,5135.44,4275.0,1.5898
2026-03-30T05:40:55Z,2724667016,1778,"Cô ấy trồng một vườn hoa. Khi hoa nở, cô ấy đi. Khi hoa tàn, cô ấy đi.",70,44,1,50.3967,0.040747,0.40625,0.617188,0.503967,0.045449,0.359375,0.625,0.006238,0.031596,0.004679,1,49.8413,7.991543,258.641,0.424664,1,0.692336,1,4,16,0.015625,0.002355,-0.004743,-0.00379,C-accelerated,141994.44,138600.0,8038.51,8475.0,3.0574
2026-03-30T05:40:55Z,2724667016,1779,Cô ấy viết một bài thơ chỉ một dòng. Tự mình không hiểu. Cho người khác xem. Họ cũng không hiểu. Bài thơ hài lòng.,114,44,1,49.5972,0.041981,0.375,0.632812,0.495972,0.041224,0.398438,0.59375,0.006291,0.030922,0.004681,1,49.6765,7.992899,215.68,0.96483,1,0.133174,1,4,16,0.015625,-0.008291,-0.004733,0.000823,C-accelerated,134665.11,135000.0,1392.22,2200.0,0.8148
2026-03-30T05:40:55Z,2724667016,1780,Anh ấy nuôi một con vẹt. Nó biết nói. Nói xin chào. Nói tạm biệt. Nói đói bụng. Rồi chỉ nói tạm biệt.,101,44,1,49.4202,0.041065,0.414062,0.632812,0.494202,0.045682,0.375,0.578125,0.006349,0.029224,0.004712,1,50.3113,7.992499,229.341,0.874295,1,0.702918,1,4,16,0.015625,0.003208,0.001269,-0.009891,C-accelerated,136396.44,135900.0,1929.29,1975.0,0.7266
2026-03-30T05:40:55Z,2724667016,1781,Cô ấy học pha cà phê. Đắng. Cho đường. Vẫn đắng. Thôi không cho đường. Đắng thì đắng.,85,44,1,49.9207,0.045678,0.367188,0.648438,0.499207,0.044622,0.351562,0.609375,0.006216,0.030407,0.004776,1,49.7498,7.992043,241.396,0.720315,1,0.616675,1,4,16,0.015625,0.001961,0.002528,0.01094,C-accelerated,132380.44,132100.0,1088.11,1300.0,0.4921
2026-03-30T05:40:55Z,2724667016,1782,Anh ấy xem một bộ phim. Kể về người đàn ông đợi người phụ nữ cả đời. Đợi được. Người phụ nữ chết. Phim kết thúc. Anh ấy khóc. Khóc cho mình.,140,44,1,49.9329,0.045555,0.390625,0.648438,0.499329,0.045649,0.390625,0.625,0.00625,0.030155,0.004758,1,49.6399,7.990786,280.401,0.13162,1,0.248627,1,4,16,0.015625,0.00766,-0.007719,-0.004679,C-accelerated,139779.78,136400.0,8498.23,6175.0,2.2636
2026-03-30T05:40:55Z,2724667016,1783,Cô ấy rửa tay dưới suối. Nước lạnh. Nhớ hồi nhỏ cũng rửa tay dưới suối. Hồi nhỏ nước cũng lạnh.,95,44,1,49.2737,0.045755,0.398438,0.609375,0.492737,0.047342,0.359375,0.625,0.006338,0.03385,0.004703,1,50.1678,7.9907,283.543,0.105855,1,0.570503,1,4,16,0.015625,0.011313,-0.000327,-0.001665,C-accelerated,140364.89,137500.0,6365.46,6000.0,2.1818
2026-03-30T05:40:55Z,2724667016,1784,Mỗi ngày một con đường. Những cái cây giống nhau. Những con người giống nhau. Những lời nói giống nhau. Chỉ có anh ấy là thay đổi.,130,44,1,50.1587,0.048004,0.40625,0.640625,0.501587,0.040458,0.40625,0.617188,0.006221,0.033321,0.004691,1,50.2167,7.991448,261.504,0.376361,1,0.785824,1,4,16,0.015625,-0.010633,0.003455,0.012811,C-accelerated,137845.56,135600.0,5370.9,4500.0,1.6593
2026-03-30T05:40:55Z,2724667016,1785,Cô ấy mua một cuốn sổ. Định viết gì đó. Mở trang đầu. Trắng tinh. Gấp lại. Mãi mãi trắng tinh.,94,44,1,49.8413,0.045642,0.359375,0.609375,0.498413,0.049404,0.359375,0.65625,0.006222,0.03185,0.004672,1,50.0946,7.991613,255.22,0.484334,1,0.360022,1,4,16,0.015625,0.003722,-0.002424,2.5e-05,C-accelerated,151419.11,138450.0,26805.59,20250.0,7.3131
2026-03-30T05:40:55Z,2724667016,1787,Cô ấy nấu một nồi canh. Mặn quá. Thêm nước. Nhạt quá. Thêm muối. Thành nồi to. Một mình ăn không hết.,101,44,1,50.5066,0.042124,0.390625,0.59375,0.505066,0.042518,0.390625,0.59375,0.006247,0.028808,0.00475,1,49.9786,7.990733,281.728,0.120234,1,0.099047,1,4,16,0.015625,-0.00696,0.006693,-0.009027,C-accelerated,135363.33,135100.0,2277.86,3000.0,1.1103
2026-03-30T05:40:55Z,2724667016,1786,Anh ấy học sửa đồ đạc. Sửa xong. Hỏng lại. Sửa lại. Hỏng lại. Rồi thôi. Hỏng thì hỏng.,86,44,1,50.2563,0.037621,0.40625,0.601562,0.502563,0.044944,0.398438,0.625,0.006118,0.032454,0.004651,1,50.5035,7.992074,243.747,0.683028,1,0.031175,1,4,16,0.015625,-0.004928,0.004004,-0.013828,C-accelerated,153488.67,151550.0,10034.24,15725.0,5.1881
2026-03-30T05:40:55Z,2724667016,1788,Anh ấy nhìn ra ngoài cửa sổ. Mưa. Tạnh. Tối. Sáng. Anh ấy vẫn nhìn.,67,44,1,50.7202,0.043373,0.414062,0.617188,0.507202,0.041691,0.398438,0.59375,0.00628,0.029624,0.00472,1,49.9237,7.990864,278.563,0.148664,1,0.731413,1,4,16,0.015625,0.004924,0.008035,-0.005151,C-accelerated,144692.67,140750.0,8980.31,8000.0,2.8419
2026-03-30T05:40:55Z,2724667016,1789,Cô ấy học nói dối. Nói dối người khác. Nói dối chính mình. Rồi không phân biệt được đâu là thật.,96,44,1,50.0366,0.043,0.351562,0.640625,0.500366,0.043617,0.390625,0.625,0.00624,0.030178,0.004712,1,49.6002,7.992674,223.36,0.924177,1,0.156807,1,4,16,0.015625,0.015107,0.00276,0.002512,C-accelerated,134874.44,134600.0,1483.72,1775.0,0.6594
2026-03-30T05:40:55Z,2724667016,1790,"Anh ấy nuôi một con chó. Con chó già, không đi được nữa. Anh ấy bế nó ra phơi nắng. Con chó chết. Anh ấy vẫn bế.",112,44,1,49.7742,0.04656,0.375,0.609375,0.497742,0.041914,0.359375,0.617188,0.006259,0.030532,0.004766,1,49.7375,7.990895,279.633,0.138559,1,0.319071,1,4,16,0.015625,-0.000749,0.002808,0.005327,C-accelerated,133911.78,134300.0,1535.25,2700.0,1.0052
2026-03-30T05:40:55Z,2724667016,1791,Mỗi ngày cô ấy viết một chữ. Viết đầy cả cuốn sổ. Ghép lại thành một câu. Cô ấy không nhận ra. Cuốn sổ bị mất.,110,44,1,50.0671,0.04506,0.351562,0.609375,0.500671,0.044259,0.390625,0.617188,0.006191,0.035533,0.004746,1,49.707,7.990593,284.474,0.099004,1,0.623403,1,4,16,0.015625,-0.007085,1.5e-05,0.008382,C-accelerated,138005.11,135750.0,6576.16,5200.0,1.9153
2026-03-30T05:40:55Z,2724667016,1792,Anh ấy học cách chờ đợi. Chờ xe buýt. Chờ người. Chờ thời gian. Chờ cái chết. Cái chết cũng đang chờ anh ấy.,108,44,1,49.7009,0.039489,0.390625,0.585938,0.497009,0.04399,0.398438,0.59375,0.006136,0.031885,0.004661,1,50.3052,7.991955,245.05,0.661597,1,0.266661,1,4,16,0.015625,-0.001288,-0.005808,-0.003657,C-accelerated,138047.56,138600.0,2351.05,3100.0,1.1183
2026-03-30T05:40:55Z,2724667016,1793,Cô ấy trồng nho. Nho chua. Năm sau ngọt. Một mình ăn. Không hết.,64,44,1,49.823,0.04103,0.390625,0.632812,0.49823,0.04617,0.367188,0.640625,0.006259,0.030066,0.004681,1,49.8749,7.991385,260.503,0.39303,1,0.357525,1,4,16,0.015625,0.010885,-0.007727,-0.008015,C-accelerated,133159.78,133000.0,1349.73,1600.0,0.6015
2026-03-30T05:40:55Z,2724667016,1794,Anh ấy nói chuyện với bức tường. Bức tường lắng nghe. Bức tường không trả lời. Anh ấy cứ nói. Nhiều năm. Bức tường đổ.,118,44,1,49.1821,0.048089,0.3125,0.601562,0.491821,0.039942,0.375,0.585938,0.00622,0.030102,0.004655,1,49.826,7.990412,291.805,0.056309,1,0.969577,1,4,16,0.015625,0.006985,0.004197,0.002343,C-accelerated,141254.22,138350.0,8347.99,4775.0,1.7257
2026-03-30T05:40:55Z,2724667016,1795,Cô ấy học nấu mì. Mì không. Thêm trứng. Thêm rau. Thêm thịt. Thêm nhiều quá. Thành mì đồ thừa.,94,44,1,50.1953,0.048574,0.390625,0.625,0.501953,0.047341,0.40625,0.65625,0.006285,0.028186,0.004734,1,49.9359,7.991043,271.93,0.222711,1,0.867483,1,4,16,0.015625,-0.002441,-0.0105,-0.006365,C-accelerated,138367.33,136650.0,3977.06,4000.0,1.4636
2026-03-30T05:40:55Z,2724667016,1796,Anh ấy ngắm hoàng hôn. Đẹp. Hôm sau lại đến. Không còn đẹp bằng. Hôm thứ ba không đến.,86,44,1,49.6521,0.044568,0.367188,0.625,0.496521,0.044052,0.382812,0.625,0.006302,0.030155,0.004756,1,49.7101,7.991104,272.396,0.216871,1,0.87875,1,4,16,0.015625,0.003927,0.000745,-0.001458,C-accelerated,134838.44,134450.0,1669.61,2400.0,0.8925
2026-03-30T05:40:55Z,2724667016,1797,Cô ấy mua một đôi giày. Không vừa. Đau chân. Cứ đi. Chân quen. Giày quen.,73,44,1,49.9084,0.045644,0.382812,0.59375,0.499084,0.045309,0.390625,0.648438,0.006267,0.02797,0.004699,1,50.2106,7.992233,236.835,0.786575,1,0.319071,1,4,16,0.015625,-0.008709,-0.003652,0.000403,C-accelerated,135194.89,134900.0,1941.93,2700.0,1.0007
2026-03-30T05:40:55Z,2724667016,1798,Anh ấy học cách im lặng. Im lặng giữa đám đông. Im lặng trong cô đơn. Im lặng trong im lặng.,92,44,1,49.6277,0.04105,0.398438,0.617188,0.496277,0.039305,0.398438,0.585938,0.006226,0.030359,0.004699,1,50.061,7.992583,224.989,0.912309,1,0.557621,1,4,16,0.015625,0.013177,0.004345,-0.005704,C-accelerated,135000.67,135000.0,1534.8,2300.0,0.8519
2026-03-30T05:40:55Z,2724667016,1799,Cô ấy nuôi một con rùa. Rùa sống lâu. Cô ấy chết. Rùa ở lại. Rùa không biết cô ấy đã chết.,90,44,1,49.7009,0.044486,0.382812,0.59375,0.497009,0.045124,0.390625,0.601562,0.006206,0.029081,0.004672,1,49.939,7.992018,242.351,0.705407,1,0.404123,1,4,16,0.015625,-0.015655,0.009994,0.016819,C-accelerated,134447.11,134300.0,1083.0,1300.0,0.484
2026-03-30T05:40:55Z,2724667016,1800,"Anh ấy viết nhiều lá thư. Không gửi. Cất trong ngăn kéo. Một ngày, đốt đi. Lửa ấm.",82,44,1,50.238,0.040188,0.367188,0.609375,0.50238,0.044394,0.398438,0.601562,0.006192,0.028465,0.004694,1,50.4669,7.990519,290.409,0.063019,1,0.057151,1,4,16,0.015625,0.011468,-0.000344,0.01948,C-accelerated,134011.56,133900.0,1069.68,1100.0,0.4108
2026-03-30T05:40:55Z,2724667016,1801,Cô ấy học cách quên. Quên ngày hôm qua. Quên chính mình. Quên việc quên. Cuối cùng nhớ hết.,91,44,1,49.8718,0.044994,0.375,0.609375,0.498718,0.048845,0.375,0.617188,0.006289,0.029908,0.00474,1,49.9725,7.992875,217.519,0.957183,1,0.935407,1,4,16,0.015625,-0.009094,-0.012997,0.006632,C-accelerated,134572.89,134000.0,1647.71,1650.0,0.6157
2026-03-30T05:40:55Z,2724667016,1802,Mỗi ngày ra biển. Nhìn sóng. Đếm sóng. Sóng không đợi ai. Anh ấy cũng không đợi.,80,44,1,50.1221,0.044692,0.382812,0.585938,0.501221,0.044842,0.398438,0.609375,0.006208,0.030726,0.004717,1,49.8993,7.991893,247.005,0.628614,1,0.42043,1,4,16,0.015625,0.002335,-0.007347,-0.008558,C-accelerated,134086.44,133700.0,1422.82,1900.0,0.7105
2026-03-30T05:40:55Z,2724667016,1803,Cô ấy trồng một cây táo. Táo ngọt. Muốn cho anh ấy. Không tìm thấy anh ấy nữa.,78,44,1,50.647,0.048966,0.3125,0.609375,0.50647,0.04505,0.382812,0.632812,0.006136,0.028806,0.004702,1,50.0427,7.991328,264.367,0.33025,1,0.252559,1,4,16,0.015625,-0.011688,0.008585,-0.001694,C-accelerated,135216.89,135300.0,1349.0,1700.0,0.6282
2026-03-30T05:40:55Z,2724667016,1804,Anh ấy học nấu ăn. Nấu cho mình. Nấu cho con mèo. Con mèo chết. Nấu cho không khí.,82,44,1,50.3601,0.042734,0.390625,0.609375,0.503601,0.046843,0.390625,0.640625,0.006235,0.03097,0.004745,1,50.1495,7.993642,192.873,0.998571,1,0.21516,1,4,16,0.015625,0.002376,-0.002104,0.01634,C-accelerated,140066.44,136800.0,9371.17,5575.0,2.0376
2026-03-30T05:40:55Z,2724667016,1805,Trong gương cô ấy thấy mẹ. Mẹ già. Cô ấy già. Gương không già.,62,44,1,50.708,0.046604,0.367188,0.617188,0.50708,0.045548,0.390625,0.617188,0.006242,0.035607,0.004733,1,50.473,7.992186,238.673,0.76093,1,0.538566,1,4,16,0.015625,0.008387,-0.004849,0.008341,C-accelerated,137792.0,136000.0,5361.94,4600.0,1.6912
2026-03-30T05:40:55Z,2724667016,1806,"Anh ấy nuôi một chậu tre. Lá vàng. Tưới nước, càng vàng. Hỏi mọi người. Bảo tưới nhiều quá. Thôi không tưới. Tre chết.",118,44,1,50.1221,0.041518,0.390625,0.625,0.501221,0.043863,0.382812,0.617188,0.006266,0.026941,0.004674,1,50.293,7.993075,212.096,0.976609,1,0.110255,1,4,16,0.015625,-0.010861,0.007828,0.005355,C-accelerated,135230.67,134900.0,1587.69,2600.0,0.9637
2026-03-30T05:40:55Z,2724667016,1807,Cô ấy học đi bộ. Từng bước một. Đến đây. Đến đó. Đến khi không đi được nữa. Ngoái lại phía sau. Thì ra chẳng xa.,112,44,1,50.3723,0.045732,0.40625,0.625,0.503723,0.044826,0.367188,0.59375,0.006308,0.027842,0.00472,1,49.9176,7.991849,247.889,0.613419,1,0.874992,1,4,16,0.015625,0.000482,-0.004237,-0.000425,C-accelerated,135324.22,135300.0,1181.04,1275.0,0.4712
2026-03-30T05:40:55Z,2724667016,1808,Anh ấy đọc nhiều sách. Nhớ. Quên. Đọc lại. Quên lại. Cuối cùng chẳng nhớ gì. Nhưng thấy mình đầy đặn.,101,44,1,48.6938,0.045156,0.382812,0.609375,0.486938,0.045325,0.367188,0.640625,0.006266,0.029671,0.004808,1,50.1068,7.990406,290.641,0.061858,1,0.742198,1,4,16,0.015625,-0.005561,-0.002339,0.000861,C-accelerated,135069.11,134900.0,1069.68,1100.0,0.4077
2026-03-30T05:40:55Z,2724667016,1809,Cô ấy học nấu cháo trắng. Cháo trắng. Thêm thịt băm. Thêm hành lá. Thêm nhiều thứ. Quên cho gạo.,96,44,1,49.7742,0.041249,0.40625,0.59375,0.497742,0.04374,0.390625,0.625,0.006166,0.032347,0.004662,1,50.4578,7.990625,284.079,0.101873,1,0.347648,1,4,16,0.015625,0.004993,0.006748,0.007877,C-accelerated,138864.89,135300.0,7437.0,8300.0,3.0673
2026-03-30T05:40:55Z,2724667016,1810,Anh ấy trồng một cây mận. Mùa đông ra hoa. Thơm. Tuyết rơi trên hoa. Hoa không rụng. Anh ấy rụng.,97,44,1,50.0977,0.045102,0.382812,0.617188,0.500977,0.045017,0.390625,0.617188,0.006254,0.032888,0.004747,1,49.8993,7.991011,276.026,0.174648,1,0.492402,1,4,16,0.015625,0.000583,-0.00827,-0.009455,C-accelerated,136049.33,135500.0,2643.82,3675.0,1.3561
2026-03-30T05:40:55Z,2724667016,1811,Mỗi ngày cô ấy xem tin tức. Tin xấu nhiều hơn tin tốt. Tắt. Mở. Tắt. Mở. Không thể dừng.,88,44,1,50.0,0.042298,0.398438,0.617188,0.5,0.043146,0.390625,0.59375,0.006271,0.030231,0.004776,1,49.4812,7.991847,245.632,0.651878,1,0.125941,1,4,16,0.015625,0.006763,0.002511,0.000996,C-accelerated,134591.78,134600.0,1348.79,1700.0,0.6315
2026-03-30T05:40:55Z,2724667016,1812,Anh ấy học sửa xe đạp. Sửa xong. Đạp đi. Xịt lốp. Dắt bộ về. Lại sửa.,69,44,1,49.823,0.044637,0.390625,0.617188,0.49823,0.042838,0.390625,0.625,0.006242,0.029671,0.004699,1,50.4272,7.991795,248.029,0.611006,1,0.264614,1,4,16,0.015625,-0.001185,-0.004702,0.000491,C-accelerated,135136.89,135000.0,1752.69,2300.0,0.8519
2026-03-30T05:40:55Z,2724667016,1813,Cô ấy mua một chậu cây cảnh. Để ở cửa sổ. Nắng vừa đủ. Lớn nhanh. Cắt cành cắm vào nước. Ra rễ. Cứ cắt rồi lại trồng.,117,44,1,50.3174,0.042963,0.40625,0.65625,0.503174,0.047796,0.390625,0.632812,0.006259,0.031281,0.004729,1,50.2441,7.992365,232.227,0.843835,1,0.250588,1,4,16,0.015625,-0.003823,-0.003606,0.002802,C-accelerated,136358.44,135700.0,3326.34,5175.0,1.9068
2026-03-30T05:40:55Z,2724667016,1814,"Anh ấy học uống trà. Đắng. Hậu ngọt. Lại đắng. Lại hậu ngọt. Như cuộc đời. Giống hay không, trà vẫn thế.",104,44,1,49.7864,0.046648,0.398438,0.609375,0.497864,0.040545,0.390625,0.59375,0.00633,0.02931,0.004829,1,50.1465,7.991859,248.308,0.606171,1,0.650625,1,4,16,0.015625,0.003229,0.000938,0.009712,C-accelerated,136533.56,137100.0,1809.54,3000.0,1.0941
2026-03-30T05:40:55Z,2724667016,1815,"Cô ấy trồng hoa hướng dương. Quay về phía mặt trời. Mặt trời đi, nó cúi xuống. Ngày mai lại ngẩng lên.",102,44,1,49.5789,0.038619,0.40625,0.59375,0.495789,0.045259,0.390625,0.625,0.006205,0.03258,0.004653,1,49.942,7.992071,242.63,0.700983,1,0.996196,1,4,16,0.015625,0.000538,0.008175,-0.00396,C-accelerated,139813.11,137100.0,7543.93,5475.0,1.9967
2026-03-30T05:40:55Z,2724667016,1816,Anh ấy học cách chờ đợi. Chờ xuân. Xuân đến. Chờ hạ. Hạ đến. Chờ thu. Thu đến. Chờ đông. Đông đến. Chờ xuân.,108,44,1,50.3235,0.047185,0.390625,0.625,0.503235,0.041473,0.382812,0.585938,0.006151,0.031371,0.004665,1,50.2808,7.99224,236.812,0.78689,1,0.428726,1,4,16,0.015625,0.005702,-0.000983,-0.006943,C-accelerated,134726.67,134500.0,1507.68,1575.0,0.5855
2026-03-30T05:40:55Z,2724667016,1817,Cô ấy nuôi một con mèo. Mèo cào rách ghế. Mắng. Lần sau lại cào. Thôi không mắng. Ghế hỏng. Mua ghế mới. Mèo vẫn cào.,117,44,1,50.5554,0.04425,0.390625,0.625,0.505554,0.041249,0.414062,0.632812,0.006185,0.035281,0.004675,1,49.826,7.991366,262.691,0.356941,1,0.465758,1,4,16,0.015625,-0.005321,0.01179,-0.010614,C-accelerated,133409.56,133200.0,914.85,775.0,0.2909
2026-03-30T05:40:55Z,2724667016,1818,Anh ấy học pha cà phê. Pha phin. Pha máy. Pha kiểu Ý. Đều thử qua. Cuối cùng quay về cà phê hòa tan. Tiết kiệm thời gian. Thời gian tiết kiệm được dành để nhìn vào khoảng không.,177,44,1,50.3113,0.041973,0.40625,0.617188,0.503113,0.043524,0.40625,0.609375,0.006233,0.028791,0.004715,1,50.2441,7.99273,219.311,0.948541,1,0.1997,1,4,16,0.015625,-0.001357,0.013471,-0.007585,C-accelerated,134706.0,134400.0,1128.81,2100.0,0.7812
2026-03-30T05:40:55Z,2724667016,1819,"Mỗi ngày cô ấy soi gương. Một ngày, gương nói chào buổi sáng. Cô ấy giật mình. Rồi quen. Gương không nói nữa. Cô ấy nhớ.",120,44,1,49.9695,0.045569,0.40625,0.632812,0.499695,0.046849,0.375,0.632812,0.006233,0.03054,0.004769,1,50.2411,7.991993,243.375,0.689058,1,0.144621,1,4,16,0.015625,-0.009625,-0.005676,-0.005701,C-accelerated,136598.44,136100.0,2344.46,2500.0,0.9184
2026-03-30T05:40:55Z,2724667016,1820,Anh ấy trồng một cây bạch quả. Lá vàng. Rụng. Quét lại. Gom thành đống. Giẫm lên. Lạo xạo. Như mùa thu đang nói.,112,44,1,50.3235,0.04245,0.375,0.601562,0.503235,0.043361,0.398438,0.617188,0.006194,0.031987,0.004656,1,49.8505,7.99175,251.078,0.557649,1,0.882511,1,4,16,0.015625,0.000805,0.004721,-0.004686,C-accelerated,135030.67,134800.0,1639.79,2700.0,1.0015
2026-03-30T05:40:55Z,2724667016,1821,Cô ấy học nấu ăn. Nấu cho gia đình. Gia đình đi xa. Nấu cho mình. Mình không còn. Nấu cho ký ức.,96,44,1,50.0122,0.044954,0.359375,0.617188,0.500122,0.042309,0.398438,0.617188,0.006276,0.031859,0.004717,1,50.0763,7.991322,264.599,0.326616,1,0.554422,1,4,16,0.015625,-0.005412,0.005001,-0.002003,C-accelerated,133374.0,133000.0,1381.26,1075.0,0.4041
2026-03-30T05:40:55Z,2724667016,1822,Anh ấy nuôi một con vẹt. Dạy nó nói. Nói xin chào. Nói tạm biệt. Nói anh yêu em. Nó chỉ học được xin chào. Thế là đủ.,117,44,1,49.4507,0.040658,0.375,0.585938,0.494507,0.040198,0.398438,0.585938,0.006254,0.030397,0.004754,1,49.6857,7.991687,252.707,0.528817,1,0.365047,1,4,16,0.015625,0.004715,0.007572,0.005527,C-accelerated,136115.11,136600.0,1957.67,3200.0,1.1713
2026-03-30T05:40:55Z,2724667016,1823,"Cô ấy học cách im lặng. Im lặng giữa ồn ào. Im lặng trong tĩnh mịch. Trong tĩnh mịch, cô nghe thấy tiếng mình. Nghe thấy. Thỏa mãn.",131,44,1,50.0916,0.044673,0.398438,0.632812,0.500916,0.047608,0.375,0.625,0.006193,0.030481,0.0047,1,49.7864,7.992988,213.911,0.971124,1,0.457057,1,4,16,0.015625,-0.00714,-0.000413,-0.001992,C-accelerated,136324.22,135900.0,1923.9,2100.0,0.7726
2026-03-30T05:40:55Z,2724667016,1824,"Anh ấy xem một bộ phim về một ông già. Ông già chết. Anh ấy khóc. Khóc vì mình rồi cũng sẽ chết. Khóc xong, lại tiếp tục sống.",126,44,1,49.9939,0.043766,0.390625,0.601562,0.499939,0.040624,0.398438,0.601562,0.006255,0.0299,0.004746,1,49.353,7.990989,274.63,0.190186,1,0.321392,1,4,16,0.015625,0.004941,0.014581,-0.00223,C-accelerated,148513.11,141000.0,24214.51,13675.0,4.8493
2026-03-30T05:40:55Z,2724667016,1825,Cô ấy trồng một vườn rau. Rau muống. Cà chua. Cà tím. Sâu cũng ăn. Cô chia một nửa cho sâu. Sâu chia một nửa cho cô. Đủ cho tất cả.,131,44,1,50.1892,0.041898,0.382812,0.609375,0.501892,0.042632,0.398438,0.617188,0.006314,0.030517,0.004798,1,50.2197,7.992188,236.998,0.784364,1,0.807902,1,4,16,0.015625,0.006574,-0.006822,-0.012395,C-accelerated,134110.89,133800.0,1245.95,800.0,0.299
2026-03-30T05:40:55Z,2724667016,1826,"Anh ấy học sửa đồng hồ. Sửa được thời gian. Không sửa được mình. Bên trong anh ấy, thời gian lúc nhanh lúc chậm.",112,44,1,50.4761,0.046612,0.375,0.609375,0.504761,0.047924,0.390625,0.601562,0.006316,0.034458,0.00484,1,50.1312,7.991677,251.892,0.543246,1,0.890041,1,4,16,0.015625,0.008655,-0.001454,-0.004371,C-accelerated,134580.89,134800.0,1612.75,1700.0,0.6306
2026-03-30T05:40:55Z,2724667016,1827,Cô ấy mua một đôi giày đỏ. Đỏ chói. Không dám mang. Cất đi. Phai màu. Hết đỏ. Có thể mang được. Không muốn mang nữa.,116,44,1,49.9634,0.043,0.367188,0.609375,0.499634,0.047117,0.398438,0.617188,0.006251,0.031203,0.00471,1,49.884,7.991854,245.725,0.650315,1,0.720681,1,4,16,0.015625,0.006836,0.014144,0.013519,C-accelerated,135833.33,135300.0,2363.16,3275.0,1.2103
2026-03-30T05:40:55Z,2724667016,1828,Mỗi ngày anh ấy viết một bài thơ. Ba trăm sáu mươi lăm bài. Đốt. Năm sau lại viết. Lại đốt. Tro bón cho hoa. Hoa nở rất đẹp.,124,44,1,50.2197,0.044237,0.398438,0.609375,0.502197,0.042544,0.390625,0.632812,0.006316,0.02963,0.004766,1,49.7894,7.991825,247.215,0.625029,1,0.596686,1,4,16,0.015625,-0.007695,-0.000561,-0.008634,C-accelerated,136223.33,136500.0,1274.89,1075.0,0.3938
2026-03-30T05:40:55Z,2724667016,1829,Cô ấy học nấu canh cá. Cá còn sống. Giết. Nấu. Uống. Cá chết. Cô ấy sống. Con cá sống trong bụng cô ấy.,103,44,1,49.5361,0.045965,0.367188,0.625,0.495361,0.039973,0.375,0.570312,0.006316,0.030599,0.004743,1,49.8199,7.992115,239.791,0.74463,1,0.244738,1,4,16,0.015625,0.008871,-0.002774,0.004017,C-accelerated,133186.22,133000.0,980.45,1175.0,0.4417
2026-03-30T05:40:55Z,2724667016,1830,Anh ấy trồng một cây đa bên sông. Cành rủ xuống. Người câu cá ngồi dưới gốc. Có người câu được. Có người không. Tất cả đều ngồi đó.,131,44,1,49.9268,0.045265,0.382812,0.609375,0.499268,0.039913,0.40625,0.585938,0.00622,0.032374,0.004753,1,50.3845,7.990977,275.375,0.181789,1,0.931616,1,4,16,0.015625,0.010384,0.006822,-0.002801,C-accelerated,136186.67,136100.0,1500.01,1800.0,0.6613
2026-03-30T05:40:55Z,2724667016,1831,Cô ấy nuôi một con thỏ. Thỏ ăn cà rốt. Cô cho cà rốt. Thỏ ăn. Cô vui. Thỏ chết. Cô khóc. Thỏ không biết.,104,44,1,49.7803,0.042263,0.398438,0.601562,0.497803,0.042701,0.390625,0.617188,0.006178,0.030275,0.004612,1,49.5361,7.991347,265.414,0.314042,1,0.706458,1,4,16,0.015625,0.005353,0.003572,1.7e-05,C-accelerated,139838.89,137000.0,6221.39,7575.0,2.7646
2026-03-30T05:40:55Z,2724667016,1832,Anh ấy học cách quên. Quên số điện thoại. Quên ngày sinh nhật. Quên đường về nhà. Nhớ tên cô ấy. Thế là đủ.,107,44,1,49.3286,0.043823,0.390625,0.625,0.493286,0.043638,0.390625,0.625,0.006343,0.031646,0.004757,1,50.238,7.989745,311.959,0.008548,0,0.599997,1,4,16,0.015625,0.000606,0.005936,-0.007473,C-accelerated,134647.33,134900.0,1658.94,2400.0,0.8895
2026-03-30T05:40:55Z,2724667016,1833,Cô ấy mua một chiếc bình thủy tinh trong suốt. Cắm hoa hồng. Hoa hồng tàn. Cắm hoa ly. Hoa ly tàn. Cắm hoa khô. Vẫn đứng đó đến bây giờ.,136,44,1,50.7446,0.038259,0.421875,0.601562,0.507446,0.039353,0.40625,0.609375,0.006181,0.031919,0.004702,1,50.3845,7.992206,235.136,0.808888,1,0.688822,1,4,16,0.015625,-0.012733,0.006713,-0.009773,C-accelerated,133947.78,133800.0,961.39,1375.0,0.5138
2026-03-30T05:40:55Z,2724667016,1834,Anh ấy học chơi cờ tướng. Chơi với hàng xóm. Hàng xóm chuyển đi. Tự chơi với mình. Thắng cũng mình. Thua cũng mình. Thôi không chơi nữa.,136,44,1,50.0244,0.039499,0.398438,0.601562,0.500244,0.043212,0.390625,0.632812,0.006208,0.025774,0.00464,1,49.8291,7.991569,257.315,0.44761,1,0.745804,1,4,16,0.015625,0.005193,-0.003795,-0.004041,C-accelerated,135946.67,136100.0,1281.65,1700.0,0.6245
2026-03-30T05:40:55Z,2724667016,1835,Cô ấy trồng hoa bìm bìm. Bò kín cả tường. Sáng nở hoa. Chiều cụp lại. Mỗi ngày lại có hoa mới. Hoa cũ đi rồi.,109,44,1,50.0549,0.040866,0.398438,0.601562,0.500549,0.042017,0.414062,0.640625,0.006249,0.028239,0.004685,1,50.0244,7.990804,277.492,0.159278,1,0.965777,1,4,16,0.015625,0.003376,0.000805,-0.00605,C-accelerated,136630.89,136300.0,1991.98,2200.0,0.807
2026-03-30T05:40:55Z,2724667016,1836,Anh ấy nuôi một bể cá. Cá đỏ. Cá đen. Cá vằn. Cho ăn. Thay nước. Lần lượt chết. Con cuối cùng sống lâu nhất. Cũng chết.,119,44,1,49.5605,0.043845,0.398438,0.617188,0.495605,0.042272,0.40625,0.625,0.006271,0.031262,0.004735,1,50.0336,7.992224,235.695,0.801704,1,0.586804,1,4,16,0.015625,-0.009237,-0.000148,-0.016771,C-accelerated,141016.0,136900.0,10894.27,7375.0,2.6936
2026-03-30T05:40:55Z,2724667016,1837,Cô ấy học hát. Hát cho chim nghe. Chim bay mất. Hát cho mình nghe. Mình ngủ mất. Hát cho không khí nghe. Không khí không có tai.,128,44,1,49.8596,0.042974,0.359375,0.625,0.498596,0.043129,0.40625,0.601562,0.006172,0.031125,0.004599,1,50.2441,7.990816,280.029,0.134952,1,0.695857,1,4,16,0.015625,-0.008315,0.00647,-0.004494,C-accelerated,135885.56,135300.0,2799.57,3500.0,1.2934
2026-03-30T05:40:55Z,2724667016,1838,Anh ấy nhìn tuyết rơi. Tuyết rất dày. Trắng xóa cả thế giới. Hôm sau tuyết tạnh. Thế giới bẩn thỉu. Anh ấy nhớ tuyết. Tuyết không nhớ anh ấy.,141,44,1,49.8718,0.045078,0.390625,0.617188,0.498718,0.045667,0.367188,0.601562,0.006218,0.034009,0.004741,1,50.4517,7.991518,258.991,0.418677,1,0.094263,1,4,16,0.015625,-0.014751,-0.004335,0.004564,C-accelerated,134989.11,134200.0,2837.78,4075.0,1.5183
2026-03-30T05:40:55Z,2724667016,1839,Cô ấy học nấu chè đậu xanh. Cho đường. Ngọt quá. Thêm nước. Nhạt quá. Thêm đậu. Nhiều quá. Một mình không hết. Cất tủ lạnh. Mai ăn tiếp.,136,44,1,49.6765,0.042741,0.382812,0.59375,0.496765,0.047376,0.375,0.671875,0.006252,0.033778,0.004712,1,49.8108,7.991807,249.053,0.593216,1,0.186653,1,4,16,0.015625,-0.003305,-0.005898,0.002126,C-accelerated,134824.22,134600.0,1629.84,1675.0,0.6222
2026-03-30T05:40:55Z,2724667016,1840,Anh ấy trồng một cây chà là từ hạt. Mười năm. Cây lớn. Không ra trái. Anh ấy vẫn vui.,85,44,1,50.4456,0.044061,0.40625,0.664062,0.504456,0.042215,0.414062,0.601562,0.006213,0.030273,0.004699,1,49.8505,7.990895,276.631,0.168187,1,0.451308,1,4,16,0.015625,0.006469,-0.009375,-0.000347,C-accelerated,140504.44,137100.0,8665.31,4900.0,1.787
2026-03-30T05:40:55Z,2724667016,1841,Mỗi ngày cô ấy đi bộ mười nghìn bước. Ba năm. Gầy đi. Khỏe hơn. Vui hơn. Quên mất tại sao bắt đầu. Vẫn tiếp tục đi.,115,44,1,50.0488,0.044696,0.390625,0.648438,0.500488,0.044642,0.375,0.59375,0.006358,0.033537,0.004697,1,49.6582,7.991376,261.946,0.369079,1,0.248627,1,4,16,0.015625,0.011887,-0.000577,-0.007293,C-accelerated,135292.44,134800.0,2136.83,3500.0,1.2982
2026-03-30T05:40:55Z,2724667016,1842,Anh ấy học sửa máy tính. Bật. Tắt. Màn hình xanh. Khởi động lại. Hỏng. Mua mới. Mới rồi cũng hỏng. Cái cũ nằm ở góc nhà.,120,44,1,50.3113,0.045746,0.359375,0.609375,0.503113,0.045767,0.375,0.609375,0.006272,0.029293,0.00472,1,50.1434,7.992095,239.372,0.750804,1,0.166812,1,4,16,0.015625,0.007829,-0.00085,0.000192,C-accelerated,142059.11,137900.0,9903.62,7250.0,2.6287
2026-03-30T05:40:55Z,2724667016,1843,Cô ấy mua một cuốn nhật ký. Ngày đầu viết ba trang. Ngày thứ hai viết hai trang. Ngày thứ ba viết một trang. Sau đó để trống. Mất. Tìm thấy. Lại viết tiếp.,155,44,1,49.408,0.040721,0.398438,0.601562,0.49408,0.040533,0.421875,0.585938,0.006239,0.028926,0.004671,1,49.6094,7.991536,258.711,0.423465,1,0.008034,0,4,16,0.015625,0.000391,0.003565,-0.0062,C-accelerated,144706.67,135700.0,30734.3,2375.0,0.8751
2026-03-30T05:40:55Z,2724667016,1844,"Anh ấy trồng một chậu bạc hà. Pha trà uống. Mát. Muỗi đốt, xoa lên chỗ đốt. Cũng mát. Bạc hà mọc nhiều. Cho hàng xóm. Hàng xóm cho lại cây khác.",144,44,1,50.1526,0.041375,0.398438,0.601562,0.501526,0.042836,0.351562,0.609375,0.006233,0.029604,0.004734,1,50.1282,7.991852,248.169,0.60859,1,0.152661,1,4,16,0.015625,0.009701,-0.01841,-0.008589,C-accelerated,140258.89,134600.0,22764.57,2700.0,1.003
2026-03-30T05:40:55Z,2724667016,1845,"Cô ấy nuôi một con chó. Dắt đi dạo mỗi ngày. Con chó dắt cô ấy đi. Con chó già, không đi được nữa. Cô ấy bế nó ra phơi nắng. Con chó chết. Cô ấy tự dắt mình đi dạo.",164,44,1,49.4873,0.041826,0.382812,0.609375,0.494873,0.04481,0.367188,0.617188,0.006268,0.028435,0.004761,1,49.4171,7.991606,253.405,0.516444,1,0.819,1,4,16,0.015625,-0.0061,0.000558,0.000897,C-accelerated,134764.44,134500.0,1188.79,1800.0,0.6691
2026-03-30T05:40:55Z,2724667016,1846,"Anh ấy học cách im lặng. Im lặng khi cãi nhau. Im lặng khi bị hiểu lầm. Trong im lặng, cuối cùng anh ấy được hiểu. Trong sự thấu hiểu, anh ấy tiếp tục im lặng.",159,44,1,49.3591,0.044756,0.359375,0.601562,0.493591,0.045622,0.382812,0.59375,0.006303,0.03422,0.004652,1,49.6918,7.991246,266.159,0.302753,1,0.445601,1,4,16,0.015625,-0.005339,-0.002491,-0.009584,C-accelerated,144070.67,139900.0,11492.21,6775.0,2.4214
2026-03-30T05:40:55Z,2724667016,1847,Cô ấy đọc một cuốn sách. Người đàn ông đợi người phụ nữ cả đời. Đợi được. Người phụ nữ chết. Sách khép lại. Cô ấy khóc.,119,44,1,50.3235,0.043994,0.398438,0.609375,0.503235,0.047104,0.40625,0.617188,0.006222,0.03535,0.004726,1,49.646,7.991178,268.765,0.264907,1,0.548052,1,4,16,0.015625,0.003331,0.000962,0.004551,C-accelerated,135739.78,135700.0,916.88,1000.0,0.3685
2026-03-30T05:40:55Z,2724667016,1848,Anh ấy trồng ngô. Ngô chín. Luộc lên. Thơm ngon. Để lại vài bắp làm giống. Năm sau lại trồng. Năm nào cũng vậy. Năm nào cũng thơm ngon.,135,44,1,49.6826,0.044884,0.367188,0.609375,0.496826,0.044004,0.382812,0.65625,0.006153,0.032681,0.004664,1,50.0214,7.991869,244.259,0.674668,1,0.412229,1,4,16,0.015625,0.00175,0.002163,0.001554,C-accelerated,134379.56,134000.0,1806.33,1075.0,0.4011
2026-03-30T05:40:55Z,2724667016,1849,Cô ấy học nấu mì. Mì nước. Mì xào. Mì trộn. Đều ngon. Ăn một mình. Không hết. Đổ đi. Tiếc. Lần sau nấu ít hơn.,110,44,1,50.1465,0.045958,0.414062,0.625,0.501465,0.046801,0.40625,0.617188,0.006197,0.033561,0.004695,1,49.7406,7.991461,260.154,0.398903,1,0.296466,1,4,16,0.015625,-0.004618,0.007779,-0.003703,C-accelerated,141140.0,137400.0,9391.41,4600.0,1.6739
2026-03-30T05:40:55Z,2724667016,1850,Mỗi ngày anh ấy tưới cây. Cây ra hoa. Tàn. Lại ra hoa. Anh ấy già. Không thể tưới nữa. Cây đợi. Anh ấy không đến.,113,44,1,50.1404,0.043217,0.382812,0.617188,0.501404,0.044714,0.382812,0.640625,0.006277,0.031692,0.004761,1,50.0061,7.992347,231.808,0.848519,1,0.742198,1,4,16,0.015625,0.009375,-0.001042,-0.00017,C-accelerated,144717.33,138200.0,13621.63,12900.0,4.6671
2026-03-30T05:40:55Z,2724667016,1851,Cô ấy mua một đôi dép mềm. Êm chân. Đi lâu ngày. Rách. Tiếc không vứt. Khâu lại. Đi tiếp. Rách lại. Khâu lại. Cuối cùng chỉ còn chỉ.,132,44,1,50.7324,0.047799,0.40625,0.632812,0.507324,0.047639,0.382812,0.640625,0.00625,0.034127,0.004741,1,50.1556,7.992175,237.277,0.780546,1,0.583526,1,4,16,0.015625,0.000923,-0.004416,-0.009217,C-accelerated,134939.33,134800.0,1011.94,1100.0,0.408
2026-03-30T05:40:55Z,2724667016,1852,Anh ấy trồng nho. Dây leo kín giàn. Mùa hè ngồi dưới bóng râm. Mùa thu ăn nho. Mùa đông dây khô. Mùa xuân lại đâm chồi. Năm này qua năm khác.,141,44,1,51.1658,0.044495,0.398438,0.632812,0.511658,0.040642,0.40625,0.601562,0.006252,0.03103,0.004757,1,49.8505,7.990103,302.953,0.021062,0,0.028655,1,4,16,0.015625,-0.004584,-0.006855,-0.000193,C-accelerated,144099.78,141000.0,8768.36,15200.0,5.3901
2026-03-30T05:40:55Z,2724667016,1853,"Cô ấy nuôi một con chuột hamster. Chạy trong vòng quay. Chạy mãi. Vòng ngừng, nó ngừng. Vòng quay, nó lại chạy. Nó chết. Cái vòng còn đó.",137,44,1,49.8291,0.039208,0.421875,0.609375,0.498291,0.039111,0.375,0.585938,0.006159,0.030989,0.004685,1,50.4578,7.990842,277.283,0.161414,1,0.2205,1,4,16,0.015625,0.005056,-0.004795,-0.001587,C-accelerated,141179.78,136900.0,10751.31,5675.0,2.0727
2026-03-30T05:40:55Z,2724667016,1854,Anh ấy học pha cà phê mỗi sáng. Ngửi mùi thơm. Uống vị đắng. Quen với đắng. Không đắng thì không phải cà phê. Cà phê biết điều đó.,130,44,1,49.6155,0.042601,0.398438,0.609375,0.496155,0.046579,0.367188,0.617188,0.006265,0.028916,0.004739,1,49.6857,7.992315,233.111,0.833657,1,0.541719,1,4,16,0.015625,0.011616,-0.00844,0.006878,C-accelerated,139814.0,138700.0,7241.22,3900.0,1.4059
2026-03-30T05:40:55Z,2724667016,1855,"Cô ấy trồng hoa hồng có gai. Hái hoa, bị gai đâm. Chảy máu. Hoa đẹp. Đáng giá. Lần sau lại bị đâm. Vẫn đáng giá. Hoa tàn. Gai còn.",130,44,1,50.4822,0.047008,0.382812,0.609375,0.504822,0.048624,0.382812,0.671875,0.006214,0.031377,0.004688,1,50.0092,7.991545,259.503,0.409941,1,0.498432,1,4,16,0.015625,0.005305,0.002857,0.000712,C-accelerated,134857.11,134550.0,1847.41,1700.0,0.6317
2026-03-30T05:40:55Z,2724667016,1856,Anh ấy xem một bộ phim đen trắng cũ. Tất cả diễn viên đều đã chết. Anh ấy nhìn họ lúc còn trẻ. Họ đã từng trẻ. Anh ấy cũng từng trẻ.,132,44,1,49.7803,0.042376,0.40625,0.609375,0.497803,0.042712,0.382812,0.601562,0.006065,0.029816,0.004606,1,49.9695,7.9912,270.58,0.240182,1,0.001335,0,4,16,0.015625,-0.000406,0.000576,0.000303,C-accelerated,136145.78,135300.0,2739.37,3000.0,1.1086
2026-03-30T05:40:55Z,2724667016,1857,Cô ấy học nấu ăn cho con gái. Con gái bảo ngon. Nấu cho con rể. Con rể bảo ngon. Nấu cho cháu. Cháu bảo ngon. Họ đi xa. Nấu cho mình. Không ngon.,145,44,1,50.2991,0.04712,0.375,0.640625,0.502991,0.042725,0.390625,0.609375,0.006244,0.028225,0.004726,1,49.5178,7.992324,233.437,0.829808,1,0.337947,1,4,16,0.015625,-0.006135,0.004904,0.005072,C-accelerated,135278.44,134600.0,2109.08,3600.0,1.3373
2026-03-30T05:40:55Z,2724667016,1858,Anh ấy nuôi một con chim sáo. Nó biết bắt chước. Bắt chước tiếng chuông điện thoại. Bắt chước tiếng chuông cửa. Bắt chước tiếng hàng xóm cãi nhau. Bắt chước tiếng trẻ khóc. Rồi im bặt. Chết. Yên tĩnh.,200,44,1,49.8962,0.046521,0.382812,0.609375,0.498962,0.038711,0.390625,0.609375,0.00629,0.034092,0.00467,1,50.1282,7.992005,243.072,0.693925,1,0.180371,1,4,16,0.015625,-0.000531,-0.003531,-0.008742,C-accelerated,139043.11,137400.0,5451.99,4550.0,1.6557
2026-03-30T05:40:55Z,2724667016,1859,Cô ấy mua một con cá. Thả vào chậu. Thay nước mỗi ngày. Cho ăn. Cá lớn. Chậu nhỏ. Chuyển sang bể kính. Cá lại lớn. Chuyển sang hồ nhỏ. Cá lớn. Cô ấy già. Cá cũng già. Cùng nhau già đi.,184,44,1,50.3967,0.041753,0.40625,0.625,0.503967,0.04876,0.34375,0.609375,0.00626,0.030664,0.004708,1,50.3143,7.991904,247.913,0.613017,1,0.448449,1,4,16,0.015625,-0.007054,-0.006634,-0.007301,C-accelerated,141602.44,138000.0,7934.58,8900.0,3.2246
2026-03-30T05:40:55Z,2724667016,1860,Anh ấy trồng một giàn bầu. Bò kín cả giàn. Sai quả. Ăn không hết. Cho hàng xóm. Hàng xóm cũng không hết. Cho lại. Làm bầu rửa bát. Dùng mấy năm. Bầu vẫn chưa hết.,162,44,1,49.7253,0.039301,0.390625,0.59375,0.497253,0.048195,0.367188,0.609375,0.006292,0.033217,0.004768,1,49.7955,7.99134,261.295,0.379828,1,0.583526,1,4,16,0.015625,-0.003816,-0.001507,0.012206,C-accelerated,136966.67,134100.0,9946.94,3175.0,1.1838
2026-03-30T05:40:55Z,2724667016,1861,Mỗi ngày cô ấy ngắm hoàng hôn. Cùng một chỗ. Cùng một giờ. Mây khác nhau. Màu sắc khác nhau. Tâm trạng khác nhau. Hoàng hôn giống nhau. Cô ấy khác nhau. Hoàng hôn đợi cô ấy già.,177,44,1,49.7559,0.047709,0.328125,0.648438,0.497559,0.043692,0.414062,0.59375,0.006211,0.029527,0.00466,1,49.9084,7.991048,271.651,0.22626,1,0.544881,1,4,16,0.015625,0.012829,-0.010045,-0.013982,C-accelerated,135192.44,134900.0,1314.23,2400.0,0.8895
2026-03-30T05:40:55Z,2724667016,1862,Anh ấy học sửa xe đạp. Sửa cho hàng xóm. Sửa cho bạn bè. Sửa cho người lạ. Không lấy tiền. Nhận lời cảm ơn. Lời cảm ơn không đủ. Nhận nụ cười. Nụ cười là đủ.,157,44,1,49.7925,0.047486,0.382812,0.609375,0.497925,0.041345,0.40625,0.625,0.006239,0.031502,0.004669,1,50.0977,7.991272,264.623,0.326253,1,0.309897,1,4,16,0.015625,0.000745,0.00311,0.001126,C-accelerated,140174.22,138700.0,5130.44,5075.0,1.8295
2026-03-30T05:40:55Z,2724667016,1863,ฉันเปิดประตู แมวนั่งอยู่ตรงนั้น มันมองฉัน แล้วก็จากไป ฉันรอ มันไม่กลับมา,72,44,1,49.3896,0.042184,0.40625,0.625,0.493896,0.041397,0.390625,0.59375,0.006235,0.028985,0.004653,1,49.9939,7.990591,285.684,0.090611,1,0.72783,1,4,16,0.015625,-0.001732,-0.004724,-0.007879,C-accelerated,135882.89,135200.0,2353.14,1900.0,0.7027
2026-03-30T05:40:55Z,2724667016,1864,ฝนหยุดแล้ว เธอพับร่ม มองขึ้นไปบนฟ้า สายรุ้ง เธอยิ้ม นั่นคือสิ่งดีๆเดียวของวันนี้,80,44,1,50.4944,0.039978,0.40625,0.59375,0.504944,0.046011,0.382812,0.617188,0.006295,0.030488,0.0048,1,49.9115,7.991541,257.92,0.437107,1,0.270788,1,4,16,0.015625,0.001814,-0.004325,-0.001064,C-accelerated,137777.11,138500.0,2330.71,3500.0,1.2635
2026-03-30T05:40:55Z,2724667016,1865,เขาส่งข้อความอรุณสวัสดิ์ทุกวัน สามปีแล้ว เธอไม่เคยตอบ เขายังส่งต่อ มันคือพิธีกรรมของเขา,87,44,1,49.4934,0.045988,0.367188,0.601562,0.494934,0.0416,0.390625,0.640625,0.006217,0.03124,0.004679,1,49.9634,7.991434,260.503,0.39303,1,0.647195,1,4,16,0.015625,-0.004455,0.005606,0.004724,C-accelerated,138011.78,136200.0,6404.14,4100.0,1.5051
2026-03-30T05:40:55Z,2724667016,1867,ในรูปเก่ามีคนหน้าเหมือนฉัน แต่ไม่ใช่ฉัน แม่บอกว่าคือป้า ป้าตายนานแล้ว ฉันไม่เคยเห็นป้า,86,44,1,50.6348,0.038888,0.429688,0.601562,0.506348,0.04446,0.375,0.601562,0.006321,0.029785,0.004767,1,50.4852,7.990885,275.956,0.175404,1,0.439934,1,4,16,0.015625,-0.001944,-0.005051,-0.009776,C-accelerated,133633.11,133700.0,1608.74,2100.0,0.7853
2026-03-30T05:40:55Z,2724667016,1866,ชาเย็นแล้ว เธอชงใหม่ เขายังไม่กลับ โทรศัพท์ก็ไม่รับ เธอเทชาทิ้ง ครั้งที่เจ็ดแล้ว,80,44,1,50.8423,0.041908,0.375,0.640625,0.508423,0.04393,0.375,0.617188,0.006268,0.032262,0.004654,1,49.9451,7.992261,235.788,0.800492,1,0.233329,1,4,16,0.015625,0.004196,0.002144,0.006069,C-accelerated,139148.67,136800.0,7291.22,6075.0,2.2204
2026-03-30T05:40:55Z,2724667016,1868,พระจันทร์เต็มดวง ฉันนั่งดูคนเดียว นึกถึงคำสัญญาที่จะดูด้วยกัน ตอนนี้เธอดูกับใคร,79,44,1,50.0,0.047078,0.40625,0.648438,0.5,0.042433,0.382812,0.609375,0.006353,0.031008,0.004807,1,50.0702,7.990949,271.302,0.230745,1,0.266661,1,4,16,0.015625,-0.017924,-0.000504,-0.000298,C-accelerated,147708.89,145700.0,7810.47,7050.0,2.4194
2026-03-30T05:40:55Z,2724667016,1869,กุญแจเสียบไม่เข้า ลองอยู่ตั้งนาน เพื่อนบ้านบอกบ้านนี้ไม่มีคนอยู่ แต่ฉันเห็นไฟในห้อง,83,44,1,49.0417,0.044871,0.367188,0.609375,0.490417,0.042458,0.359375,0.585938,0.00617,0.031127,0.004671,1,50.592,7.992432,228.852,0.879035,1,0.468678,1,4,16,0.015625,-0.005596,-0.000474,-0.006005,C-accelerated,141920.22,139750.0,5380.41,5400.0,1.932
2026-03-30T05:40:55Z,2724667016,1870,เธอปลูกดอกไม้ รดน้ำทุกวัน ดอกไม้ไม่บิน คนบอกเป็นดอกไม้ปลอม เธอยังรดน้ำ,70,44,1,50.4028,0.045439,0.390625,0.609375,0.504028,0.045102,0.40625,0.617188,0.00617,0.029555,0.004714,1,49.1913,7.991137,269.3,0.257473,1,0.819,1,4,16,0.015625,0.00251,0.008602,-0.01178,C-accelerated,139642.44,139050.0,3822.74,5400.0,1.9417
2026-03-30T05:40:55Z,2724667016,1871,รถไฟฟ้าเที่ยวสุดท้าย ฉันทันขึ้นไป ในตู้มีคนเดียว เขายิ้มให้ฉัน ฉันลงรถ,70,44,1,49.7559,0.042509,0.390625,0.59375,0.497559,0.045802,0.398438,0.617188,0.006265,0.030271,0.00471,1,50.3601,7.991642,255.919,0.47204,1,0.029713,1,4,16,0.015625,-0.009885,0.002653,0.001771,C-accelerated,135747.78,135800.0,1701.49,2900.0,1.0677
2026-03-30T05:40:55Z,2724667016,1872,พ่อสอนขี่จักรยาน พ่อจับท้ายไว้ หันไปดู พ่อปล่อยแล้ว ฉันไปไกลแล้ว,64,44,1,49.469,0.043662,0.390625,0.59375,0.49469,0.046301,0.367188,0.617188,0.006191,0.029125,0.004736,1,49.5941,7.991778,252.288,0.53624,1,0.495412,1,4,16,0.015625,0.002307,-0.006573,-0.000879,C-accelerated,134974.22,134900.0,941.37,1100.0,0.4077
2026-03-30T05:40:55Z,2724667016,1873,แมวตาย ฉันฝังมันใต้ต้นไม้ ปีต่อไปต้นไม้ออกดอก สีขาว แมวก็สีขาว,62,44,1,50.6104,0.042286,0.390625,0.585938,0.506104,0.045186,0.375,0.625,0.006239,0.0304,0.004786,1,49.585,7.991539,259.526,0.409545,1,0.793166,1,4,16,0.015625,0.005837,-0.010455,0.000326,C-accelerated,134548.89,134450.0,1393.56,2500.0,0.9297
2026-03-30T05:40:55Z,2724667016,1874,เธอส่องกระจกทุกวัน หน้าในกระจกเด็กลง เธอกลัว เลยไม่ส่องอีก,58,44,1,49.9084,0.044748,0.375,0.609375,0.499084,0.044758,0.390625,0.617188,0.006161,0.031145,0.004667,1,49.826,7.991104,271.069,0.233764,1,0.567269,1,4,16,0.015625,-0.01143,-0.001284,0.005031,C-accelerated,135917.78,135300.0,2276.12,3100.0,1.1456
2026-03-30T05:40:55Z,2724667016,1875,เขารอจดหมายที่จะไม่มีวันมา บุรุษไปรษณีย์เดินผ่านทุกวัน ส่ายหน้า เขายังรอ,72,44,1,50.1465,0.04477,0.382812,0.640625,0.501465,0.042407,0.382812,0.609375,0.006209,0.029536,0.004734,1,50.061,7.99173,249.472,0.585894,1,0.564044,1,4,16,0.015625,-0.008032,-0.002974,-0.011808,C-accelerated,134109.78,134200.0,1500.32,2500.0,0.9314
2026-03-30T05:40:55Z,2724667016,1876,ข้าวสุกแล้ว จัดชามตะเกียบไว้ ทีวีเปิดอยู่ ไม่มีใครกิน ทุกคนไปหมดแล้ว,68,44,1,49.5056,0.04784,0.382812,0.710938,0.495056,0.043998,0.382812,0.617188,0.006255,0.034659,0.004742,1,50.0275,7.991208,267.392,0.284512,1,0.782161,1,4,16,0.015625,0.003613,0.00585,-0.005744,C-accelerated,144039.11,140700.0,6477.6,7100.0,2.5231
2026-03-30T05:40:55Z,2724667016,1877,เธอซื้อไอศครีมสองแท่ง หนึ่งให้ฉัน หนึ่งให้เธอ ไอศครีมฉันละลาย ของเธอก็ด้วย,74,44,1,49.9878,0.043782,0.382812,0.617188,0.499878,0.043344,0.375,0.65625,0.006245,0.034474,0.004761,1,50.0793,7.992985,215.517,0.965452,1,0.119017,1,4,16,0.015625,0.004989,-0.010684,0.003841,C-accelerated,136550.89,136700.0,1583.02,2600.0,0.951
2026-03-30T05:40:55Z,2724667016,1879,เขาเลิกบุหรี่ร้อยครั้งแล้ว ก็กลับมาสูบอีก หมอบอกถ้าสูบต่อจะอยู่ไม่ถึงปี เขาบอกตายก็ตาย,86,44,1,50.592,0.045927,0.40625,0.609375,0.50592,0.045573,0.390625,0.617188,0.006321,0.032831,0.004791,1,49.9664,7.990641,284.893,0.096034,1,0.507551,1,4,16,0.015625,-0.005554,0.000246,-0.002996,C-accelerated,135552.0,135500.0,1801.3,2300.0,0.8487
2026-03-30T05:40:55Z,2724667016,1878,ต้นไม้หน้าต่างถูกตัด ฉันเสียใจอาทิตย์นึง แล้วก็เห็นภูเขาไกลๆ,60,44,1,50.2258,0.045556,0.398438,0.617188,0.502258,0.043631,0.390625,0.617188,0.006125,0.029008,0.004666,1,50.2289,7.991915,245.073,0.66121,1,0.804212,1,4,16,0.015625,-0.005925,0.008062,0.012353,C-accelerated,139073.78,137400.0,5018.55,6275.0,2.2835
2026-03-30T05:40:55Z,2724667016,1880,เธอไม่หลับทั้งคืน รอรุ่งสาง รุ่งสางมาแล้ว รอตะวันตก ชีวิตก็เป็นอย่างนี้,71,44,1,50.1282,0.04234,0.40625,0.632812,0.501282,0.0476,0.390625,0.625,0.006142,0.031824,0.004691,1,49.472,7.991583,257.268,0.448421,1,0.434309,1,4,16,0.015625,0.0056,-0.004208,-0.000139,C-accelerated,136434.44,135500.0,2323.14,4400.0,1.6236
2026-03-30T05:40:55Z,2724667016,1881,เด็กร้องไห้ แม่ปลอบ พ่อทำงานล่วงเวลา พระจันทร์มองดู,51,44,1,50.1709,0.04809,0.398438,0.617188,0.501709,0.043366,0.390625,0.609375,0.006244,0.031738,0.004676,1,50.2655,7.990726,280.913,0.127136,1,0.127124,1,4,16,0.015625,0.003283,-0.000138,-0.000808,C-accelerated,133547.33,133300.0,1301.03,2300.0,0.8627
2026-03-30T05:40:55Z,2724667016,1882,เขาเขียนบทกวีมากมาย ไม่มีใครอ่าน เขาอ่านเอง อ่านแล้วร้องไห้ บทกวีเกี่ยวกับเธอ,77,44,1,50.6409,0.043404,0.390625,0.625,0.506409,0.048607,0.367188,0.671875,0.006204,0.035471,0.004677,1,50.2136,7.991208,266.95,0.290984,1,0.106069,1,4,16,0.015625,0.002057,-0.005022,-0.013117,C-accelerated,133760.0,133400.0,1353.83,2075.0,0.7777
2026-03-30T05:40:55Z,2724667016,1883,เธอทำกุญแจหาย เข้าบ้านไม่ได้ นั่งรอที่บันได รอจนมืด ไม่มีใครมาเปิด,66,44,1,50.2441,0.042001,0.390625,0.59375,0.502441,0.045761,0.34375,0.609375,0.006219,0.02809,0.004675,1,49.9359,7.991714,251.823,0.544482,1,0.13441,1,4,16,0.015625,0.010374,0.001293,0.007797,C-accelerated,140052.0,139450.0,3579.29,4275.0,1.5328
2026-03-30T05:40:55Z,2724667016,1884,ฝนตกสามวัน วันที่สี่หยุด วันที่ห้าเธอพกร่ม ร่มไม่ได้ใช้ เธอยิ้ม,63,44,1,49.4446,0.042266,0.367188,0.625,0.494446,0.044881,0.382812,0.609375,0.006328,0.031362,0.004785,1,50.1007,7.990781,283.217,0.108336,1,0.428726,1,4,16,0.015625,-0.001241,-0.013999,0.004375,C-accelerated,134570.22,134100.0,1528.6,2000.0,0.7457
2026-03-30T05:40:55Z,2724667016,1885,เขาโทรหาแม่ แม่ถามว่าใคร ลูกไงแม่ แม่บอกว่าไม่รู้จัก,52,44,1,50.4578,0.041713,0.421875,0.617188,0.504578,0.043624,0.390625,0.632812,0.006115,0.030761,0.00475,1,49.5117,7.992448,229.551,0.872226,1,0.006772,0,4,16,0.015625,-0.008349,-0.002638,-0.002708,C-accelerated,133338.0,133100.0,1039.81,800.0,0.3005
2026-03-30T05:40:55Z,2724667016,1886,เธอเก็บของเก่า เจอจดหมายฉบับหนึ่ง ไม่เคยส่ง ผู้รับคือตัวเธอเอง วันที่สิบบีที่แล้ว,81,44,1,50.116,0.043169,0.382812,0.617188,0.50116,0.0444,0.390625,0.625,0.006292,0.030687,0.004739,1,49.9786,7.992487,227.759,0.889207,1,0.111321,1,4,16,0.015625,0.004925,-0.003175,-0.000588,C-accelerated,136048.0,136000.0,2161.15,2700.0,0.9926
2026-03-30T05:40:55Z,2724667016,1887,ปลาตาย เขาเทลงชักโครก ทุกครั้งที่เข้าห้องน้ำ เขาก็นึกถึงปลา,59,44,1,49.8291,0.040688,0.398438,0.617188,0.498291,0.045354,0.367188,0.625,0.006264,0.028736,0.004696,1,50.238,7.990709,284.544,0.098505,1,0.096154,1,4,16,0.015625,-0.000593,-0.010232,-0.003411,C-accelerated,134861.33,134600.0,1005.17,1200.0,0.4458
2026-03-30T05:40:55Z,2724667016,1888,เธอเรียนรู้ที่จะอยู่คนเดียว กินคนเดียว ไปหาหมอคนเดียว อยู่คนเดียว แก่คนเดียว,76,44,1,50.2014,0.036751,0.40625,0.585938,0.502014,0.045358,0.382812,0.640625,0.006263,0.03144,0.004675,1,50.0153,7.990904,277.772,0.15646,1,0.272868,1,4,16,0.015625,-0.005799,0.000936,0.011777,C-accelerated,134383.78,134800.0,1458.62,2800.0,1.0386
2026-03-30T05:40:55Z,2724667016,1889,เขาเห็นเธอในฝูงชน เธอก็เห็นเขา ไม่มีใครหยุด ต่างคนต่างเดินต่อไป,63,44,1,49.6277,0.044751,0.390625,0.617188,0.496277,0.046219,0.382812,0.609375,0.006273,0.029836,0.004683,1,50.2106,7.992191,239.372,0.750804,1,0.457057,1,4,16,0.015625,0.003265,0.004209,-0.007431,C-accelerated,135512.22,135100.0,1416.16,1375.0,0.5089
2026-03-30T05:40:55Z,2724667016,1890,พระจันทร์ตามฉัน ฉันหยุดมันหยุด ฉันวิ่งมันวิ่ง ถึงบ้าน มันอยู่นอกหน้าต่าง,72,44,1,49.707,0.043256,0.375,0.578125,0.49707,0.044366,0.382812,0.601562,0.006134,0.030218,0.004663,1,50.3204,7.991533,256.71,0.458167,1,0.240892,1,4,16,0.015625,-0.016844,0.011209,-0.003326,C-accelerated,151034.89,136900.0,28024.07,17725.0,6.4737
2026-03-30T05:40:55Z,2724667016,1891,เธอเลี้ยงแมว แมวหาย เลี้ยงหมา หมาก็หาย ไม่เลี้ยงอีกแล้ว,55,44,1,50.3479,0.042024,0.398438,0.617188,0.503479,0.044203,0.398438,0.601562,0.006265,0.038518,0.004727,1,49.9573,7.992219,236.719,0.788147,1,0.274959,1,4,16,0.015625,-0.002944,-0.001353,0.00214,C-accelerated,139744.89,136400.0,7932.24,6200.0,2.2727
2026-03-30T05:40:55Z,2724667016,1892,ทุกวันเขาไปร้านกาแฟเดิม นั่งที่เดิม สั่งกาแฟเดิม อ่านหนังสือพิมพ์เดิม จนร้านปิด,79,44,1,50.4395,0.045937,0.390625,0.632812,0.504395,0.04417,0.390625,0.585938,0.006269,0.029642,0.004712,1,50.2533,7.990831,279.052,0.143988,1,0.142014,1,4,16,0.015625,0.009431,0.01107,0.003615,C-accelerated,133502.89,133200.0,1111.6,1100.0,0.4129
2026-03-30T05:40:55Z,2724667016,1893,เธอเขียนจดหมายฉบับหนึ่ง ไม่มีที่อยู่ ไม่มีผู้รับ ไม่ได้ส่ง เอาไปเผา เถ้าถ่านปลิวเป็นผีเสื้อ,91,44,1,49.9756,0.048661,0.375,0.601562,0.499756,0.04232,0.390625,0.609375,0.006169,0.027925,0.004685,1,50.3418,7.992772,218.519,0.952509,1,0.548052,1,4,16,0.015625,-0.007492,-0.002521,-0.001528,C-accelerated,135321.56,134600.0,1638.6,3100.0,1.1516
2026-03-30T05:40:55Z,2724667016,1894,ฝนตกกระทบหน้าต่าง เธอนับเม็ดฝน นับถึงร้อยก็หลับไป ตื่นขึ้นมาฝนยังตก,67,44,1,50.2686,0.044682,0.398438,0.632812,0.502686,0.045181,0.375,0.625,0.006305,0.035527,0.004765,1,50.2991,7.992292,234.74,0.813887,1,0.950583,1,4,16,0.015625,-0.00811,0.000267,-0.008428,C-accelerated,147776.89,137850.0,21172.12,8450.0,3.0649
2026-03-30T05:40:55Z,2724667016,1895,เขารอนานมาก นานจนลืมว่ารอใคร ลืมว่ากำลังรอ แต่ก็ยังรอ,53,44,1,49.939,0.048873,0.351562,0.617188,0.49939,0.045288,0.398438,0.59375,0.006226,0.034605,0.004814,1,50.1343,7.991518,256.733,0.45776,1,0.890041,1,4,16,0.015625,-0.011867,-0.002609,0.003036,C-accelerated,137040.89,136700.0,2249.54,2900.0,1.0607
2026-03-30T05:40:55Z,2724667016,1896,เธอซื้อดอกไม้ กลับบ้านไม่มีแจกัน ใส่แก้วน้ำ ดอกไม้บาน แก้วน้ำดีใจ,65,44,1,50.2258,0.045942,0.351562,0.632812,0.502258,0.042837,0.398438,0.601562,0.006273,0.028755,0.0048,1,49.707,7.991531,258.06,0.434692,1,0.905131,1,4,16,0.015625,0.001213,0.01306,-0.005964,C-accelerated,133634.67,133300.0,1265.81,2000.0,0.7502
2026-03-30T05:40:55Z,2724667016,1897,เขาฝึกยิ้มหน้ากระจก ฝึกมาทั้งชีวิต ตายไป หน้าก็ไม่แสดงอารมณ์,60,44,1,50.2197,0.045981,0.398438,0.617188,0.502197,0.041878,0.40625,0.59375,0.006252,0.031967,0.004789,1,50.6287,7.991087,269.114,0.260045,1,0.222301,1,4,16,0.015625,0.00451,-3.8e-05,-0.014783,C-accelerated,135242.89,135400.0,1768.94,2400.0,0.8863
2026-03-30T05:40:55Z,2724667016,1898,เธอเดินทางไกลไปเห็นต้นไม้ต้นหนึ่ง ต้นไม้ถูกตัด เธอยืนอยู่ตรงนั้นนาน,67,44,1,49.2371,0.039396,0.390625,0.609375,0.492371,0.046348,0.382812,0.640625,0.006193,0.028075,0.004681,1,50.238,7.992319,234.159,0.821098,1,0.298677,1,4,16,0.015625,0.004524,-0.006114,-0.004124,C-accelerated,134950.22,135300.0,1345.43,1975.0,0.7299
2026-03-30T05:40:55Z,2724667016,1899,แมวอาบแดดที่ขอบหน้าต่าง มันอยู่ตรงนั้น พระอาทิตย์อยู่ตรงนั้น ฉันอยู่นี่ พอแล้ว,78,44,1,50.0549,0.043947,0.390625,0.601562,0.500549,0.042062,0.382812,0.601562,0.006357,0.028561,0.004729,1,50.2502,7.99112,272.233,0.218904,1,0.650625,1,4,16,0.015625,0.012617,-0.008218,-0.000916,C-accelerated,136187.78,135400.0,2588.05,3475.0,1.2832
2026-03-30T05:40:55Z,2724667016,1900,ทุกวันเขาเขียนบันทึก วันนี้กินอะไร ดื่มอะไร อากาศเป็นไง ไม่เคยเขียนความรู้สึก,77,44,1,49.8047,0.039572,0.382812,0.585938,0.498047,0.044302,0.367188,0.601562,0.006197,0.029286,0.004633,1,49.53,7.991759,251.567,0.549012,1,0.211652,1,4,16,0.015625,-0.009408,0.004638,-0.00423,C-accelerated,138679.33,135900.0,8613.98,4675.0,1.72
2026-03-30T05:40:55Z,2724667016,1901,เธอถักผ้าพันคอ แกะออก ถักใหม่ แกะออก ถักใหม่ หน้าหนาวผ่านไปแล้ว,63,44,1,50.4456,0.044029,0.390625,0.601562,0.504456,0.045003,0.382812,0.625,0.006254,0.029917,0.004745,1,49.9634,7.991972,243.84,0.681514,1,0.692336,1,4,16,0.015625,-0.004363,0.009643,0.001505,C-accelerated,135893.56,136200.0,1341.83,1775.0,0.6516
2026-03-30T05:40:55Z,2724667016,1902,เขาเรียนรู้ที่จะซ่อมนาฬิกา แต่ซ่อมเวลาของตัวเองไม่ได้ บางทีเร็วไป บางทีช้าไป,76,44,1,49.8596,0.044852,0.390625,0.601562,0.498596,0.047486,0.382812,0.640625,0.006272,0.029551,0.004737,1,50.1709,7.991403,261.644,0.374056,1,0.837576,1,4,16,0.015625,0.006271,3.3e-05,-0.001337,C-accelerated,134964.67,134500.0,1934.79,3600.0,1.3383
2026-03-30T05:40:55Z,2724667016,1903,เธอต้มโจ๊ก โจ๊กเย็น อุ่นใหม่ เย็นอีก เขายังไม่กลับ เธอกินคนเดียว,64,44,1,50.4883,0.044399,0.359375,0.609375,0.504883,0.045091,0.359375,0.609375,0.00618,0.029354,0.004597,1,50.3815,7.992431,229.644,0.8713,1,0.630162,1,4,16,0.015625,-0.007411,0.016674,0.000567,C-accelerated,136207.78,135600.0,2355.28,2875.0,1.0601
2026-03-30T05:40:55Z,2724667016,1904,ฝนหยุด เขาพับร่ม มองเห็นสายรุ้ง นึกได้ว่าเธอชอบสายรุ้ง ส่งรูปให้เธอ เธอไม่อยู่ในรายชื่อแล้ว,91,44,1,50.4517,0.04554,0.398438,0.617188,0.504517,0.044811,0.40625,0.625,0.006257,0.032489,0.004754,1,49.5178,7.990467,288.431,0.073614,1,0.713557,1,4,16,0.015625,-0.010141,0.000245,-0.00203,C-accelerated,133446.67,133000.0,1377.05,1100.0,0.4135
2026-03-30T05:40:55Z,2724667016,1905,ทุกวันเขาให้อาหารนก นกมา กิน บินไป เขาก็ไป,42,44,1,50.0061,0.045255,0.359375,0.617188,0.500061,0.042707,0.390625,0.625,0.006353,0.033466,0.004816,1,50.0732,7.991855,247.727,0.616229,1,0.106069,1,4,16,0.015625,0.003308,0.006328,0.003012,C-accelerated,134834.44,134600.0,1249.85,2200.0,0.8172
2026-03-30T05:40:55Z,2724667016,1906,เธอเลี้ยงกระบองเพชร ลืมรดน้ำ มันรอดมาได้ เธอรดน้ำสม่ำเสมอ มันตาย,64,44,1,50.3967,0.043575,0.40625,0.609375,0.503967,0.043967,0.414062,0.625,0.006281,0.035069,0.004723,1,49.6826,7.992033,241.839,0.713447,1,0.92404,1,4,16,0.015625,-0.001089,0.005032,-0.003193,C-accelerated,136445.56,135600.0,2486.86,4300.0,1.5855
2026-03-30T05:40:55Z,2724667016,1907,เขารอรถเมล์คันสุดท้าย รถมา เขาไม่ขึ้น รถไป เขายังรอ,51,44,1,50.0916,0.039435,0.414062,0.601562,0.500916,0.045246,0.351562,0.632812,0.006285,0.027927,0.004741,1,49.9573,7.991529,258.199,0.43228,1,0.003924,0,4,16,0.015625,0.004066,-0.002323,0.004108,C-accelerated,140649.78,137200.0,7480.0,7100.0,2.5875
2026-03-30T05:40:55Z,2724667016,1908,เธอเรียนทำอาหาร ทำกินเอง ทำกินแมว แมวตาย ทำกินกับความว่างเปล่า,62,44,1,50.0854,0.041733,0.40625,0.625,0.500854,0.044294,0.382812,0.617188,0.006172,0.031925,0.004601,1,49.8322,7.991056,272.931,0.210275,1,0.647195,1,4,16,0.015625,-0.001653,0.006375,0.001857,C-accelerated,134349.11,134300.0,902.77,1000.0,0.3723
2026-03-30T05:40:55Z,2724667016,1909,เขาเขียนคำลงบนทราย คลื่นซัด เขียนใหม่ คลื่นซัดอีก เขียนอยู่ได้ทั้งวัน,69,44,1,49.8596,0.043612,0.390625,0.59375,0.498596,0.039997,0.382812,0.601562,0.006236,0.029018,0.004691,1,49.292,7.99329,204.532,0.991152,1,0.570503,1,4,16,0.015625,-0.005925,-0.002359,-0.002718,C-accelerated,169987.78,169400.0,1996.71,2500.0,0.7379
2026-03-30T05:40:55Z,2724667016,1910,เธอเปิดหน้าต่าง ลมพัดเข้ามา ม่านขยับ เธออยากขยับบ้าง แต่ขยับไม่ได้,66,44,1,49.6521,0.045353,0.382812,0.585938,0.496521,0.047258,0.382812,0.609375,0.006233,0.030138,0.004696,1,49.8505,7.992079,241.629,0.716709,1,0.640359,1,4,16,0.015625,-0.001878,0.005799,-0.009753,C-accelerated,138515.33,140100.0,3093.41,5700.0,2.0343
2026-03-30T05:40:55Z,2724667016,1911,เขาเขียนจดหมายไปไกล ส่งไป ไม่มีตอบ ส่งเรื่อยๆ ส่งไปเรื่อย จนไปรษณีย์ปิด,71,44,1,50.4089,0.047169,0.359375,0.640625,0.504089,0.047851,0.382812,0.632812,0.00622,0.028446,0.004649,1,49.8901,7.992778,220.497,0.942122,1,0.606644,1,4,16,0.015625,-0.000474,-0.008549,-0.009175,C-accelerated,138933.56,136400.0,5965.08,3175.0,1.1639
2026-03-30T05:40:55Z,2724667016,1912,เธอปลูกต้นไม้ รดน้ำทุกวัน ต้นไม้โต เธอแก่ ต้นไม้ยังโต,53,44,1,50.1892,0.046206,0.398438,0.59375,0.501892,0.041059,0.421875,0.609375,0.006233,0.031577,0.004688,1,49.5728,7.991137,269.347,0.256832,1,0.307631,1,4,16,0.015625,0.005615,-0.001505,0.008127,C-accelerated,135510.0,135900.0,1346.34,1600.0,0.5887
2026-03-30T05:40:55Z,2724667016,1913,เขามองกระจก ไม่รู้จักตัวเอง ถามว่าแกเป็นใคร กระจกเงียบ,54,44,1,49.5056,0.045856,0.375,0.617188,0.495056,0.046042,0.390625,0.640625,0.006165,0.03101,0.004743,1,50.2014,7.991551,256.826,0.456133,1,0.06859,1,4,16,0.015625,-0.001594,-0.011415,-0.009731,C-accelerated,135275.11,135900.0,1327.3,2400.0,0.883
2026-03-30T05:40:55Z,2724667016,1914,เธอเรียนรู้ที่จะเงียบ ในความเงียบ เธอได้ยินเสียงมากมาย ท่ามกลางเสียงเหล่านั้น เธอพบความเงียบ,92,44,1,49.8413,0.045032,0.382812,0.59375,0.498413,0.047445,0.34375,0.601562,0.006169,0.033964,0.004723,1,49.7559,7.99222,236.812,0.78689,1,0.901355,1,4,16,0.015625,-0.00277,-0.004449,0.007768,C-accelerated,139228.0,136500.0,15269.81,1975.0,0.7234
2026-03-30T05:40:55Z,2724667016,1915,ทุกวันเขาเดินผ่านประตูบานนั้น ประตูปิดตลอด วันหนึ่งมันเปิด ไม่มีใครในนั้น เขาก้าวเข้าไป ไม่ได้ออกมาอีก,102,44,1,49.7986,0.045578,0.398438,0.617188,0.497986,0.043226,0.390625,0.625,0.006184,0.032488,0.004625,1,50.354,7.992265,236.369,0.792824,1,0.544881,1,4,16,0.015625,0.006594,-0.009825,-0.001753,C-accelerated,135056.44,135000.0,1230.16,1300.0,0.4815
2026-03-30T05:40:55Z,2724667016,1916,เธอนับแกะ หนึ่งพันตัว นอนไม่หลับ ลุกขึ้นนับดาว ดาวก็ยังไม่หลับ,62,44,1,50.2808,0.037982,0.414062,0.59375,0.502808,0.040167,0.390625,0.609375,0.006268,0.030839,0.00477,1,49.6277,7.991387,262.132,0.36603,1,0.24281,1,4,16,0.015625,0.004685,-0.008144,-0.007046,C-accelerated,134829.78,134500.0,1553.36,2400.0,0.8922
2026-03-30T05:40:55Z,2724667016,1917,เขาเก็บขวดเปล่ามากมาย ใส มองผ่านแสง ไม่เห็นอะไร แต่เขาชอบ,57,44,1,49.6643,0.037793,0.40625,0.59375,0.496643,0.04272,0.367188,0.59375,0.006182,0.033764,0.004654,1,50.0916,7.990656,281.425,0.122764,1,0.667881,1,4,16,0.015625,-0.0016,0.012777,-0.00642,C-accelerated,135013.56,135400.0,1221.04,1800.0,0.6647
2026-03-30T05:40:55Z,2724667016,1918,เธอเรียนรู้ที่จะลา กับเมื่อวาน กับตัวเอง กับการลา,49,44,1,49.7559,0.042531,0.398438,0.601562,0.497559,0.043888,0.375,0.617188,0.006252,0.02994,0.004662,1,49.7803,7.991807,252.404,0.534179,1,0.647195,1,4,16,0.015625,-0.000608,-0.00427,-0.00529,C-accelerated,137188.44,135700.0,5828.06,3000.0,1.1054
2026-03-30T05:40:55Z,2724667016,1919,ฝนกระทบใบไม้ ใบไม้ร่วง ฝนกระทบดิน ดินเละ ฝนกระทบเขา ตัวเปียก,60,44,1,49.9634,0.04143,0.398438,0.601562,0.499634,0.04781,0.382812,0.640625,0.006208,0.029745,0.004735,1,50.0641,7.992293,236.044,0.797137,1,0.486411,1,4,16,0.015625,0.002393,-0.000982,0.010333,C-accelerated,134091.11,134600.0,1449.43,2500.0,0.9287
2026-03-30T05:40:55Z,2724667016,1920,เขาฝันว่าตื่น ตื่นขึ้นมายังอยู่ในฝัน ตื่นอีกทีก็ยังในฝัน ตื่นจริงๆไม่ได้สักที,77,44,1,49.9695,0.046614,0.382812,0.648438,0.499695,0.042661,0.40625,0.625,0.006193,0.029786,0.00466,1,49.9664,7.991295,264.134,0.333903,1,0.692336,1,4,16,0.015625,0.015012,-0.007014,-0.002591,C-accelerated,153801.78,150350.0,14093.8,20075.0,6.6761
2026-03-30T05:40:55Z,2724667016,1921,ทุกวันเธอส่องกระจก วันหนึ่งกระจกแตก เธอประกอบร่างตัวเองใหม่ สวยกว่าเดิม,71,44,1,49.7253,0.046318,0.359375,0.617188,0.497253,0.033455,0.421875,0.59375,0.006203,0.031848,0.004681,1,49.9634,7.992081,240.07,0.740475,1,0.640359,1,4,16,0.015625,0.002686,-0.002806,-0.000106,C-accelerated,136162.89,136200.0,1778.96,2675.0,0.982
2026-03-30T05:40:55Z,2724667016,1922,เธอปลูกสวนดอกไม้ ตอนดอกไม้บาน เธอไป ตอนดอกไม้ร่วง เธอไป,55,44,1,50.2319,0.0396,0.375,0.609375,0.502319,0.041528,0.382812,0.625,0.006205,0.027038,0.004701,1,49.9237,7.99122,267.532,0.282484,1,0.186653,1,4,16,0.015625,-0.006304,-0.007484,-0.009137,C-accelerated,139072.89,135700.0,9905.1,5900.0,2.1739
2026-03-30T05:40:55Z,2724667016,1923,เธอเขียนบทกวีบรรทัดเดียว ตนเองไม่เข้าใจ ให้คนอื่นดู เขาก็ไม่เข้าใจ บทกวีพอใจ,76,44,1,50.354,0.043166,0.351562,0.617188,0.50354,0.045048,0.398438,0.640625,0.006207,0.03527,0.004721,1,50.2686,7.989718,310.493,0.009963,0,0.404123,1,4,16,0.015625,0.004526,0.003093,0.005067,C-accelerated,135761.56,135800.0,1171.9,1500.0,0.5523
2026-03-30T05:40:55Z,2724667016,1924,เขาเลี้ยงนกแก้วตัวหนึ่ง มันพูดได้ พูดสวัสดี พูดลาก่อน พูดหิวข้าว แล้วก็พูดแต่ลาก่อน,83,44,1,50.0305,0.043961,0.414062,0.625,0.500305,0.041929,0.34375,0.59375,0.006202,0.031617,0.004685,1,49.6674,7.99121,267.695,0.280127,1,0.988589,1,4,16,0.015625,-0.000485,0.003958,-0.005244,C-accelerated,141891.78,138050.0,7962.41,10725.0,3.8845
2026-03-30T05:40:55Z,2724667016,1925,เธอเรียนชงกาแฟ ขม ใส่น้ำตาล ก็ยังขม ไม่ใส่น้ำตาลแล้ว ขมก็ขม,59,44,1,50.0183,0.045685,0.382812,0.609375,0.500183,0.051048,0.382812,0.640625,0.006183,0.03253,0.004738,1,50.0488,7.991973,242.886,0.696905,1,0.890041,1,4,16,0.015625,0.006442,-0.005608,-0.000887,C-accelerated,133975.33,133700.0,1002.84,1000.0,0.374
2026-03-30T05:40:55Z,2724667016,1926,เขาดูหนังเรื่องหนึ่ง เกี่ยวกับชายที่รอหญิงชั่วชีวิต รอจนได้ หญิงตาย หนังจบ เขาร้องไห้ ร้องไห้ให้ตัวเอง,102,44,1,49.7131,0.044505,0.375,0.609375,0.497131,0.046741,0.351562,0.59375,0.006235,0.030127,0.004688,1,49.8596,7.991241,265.158,0.317968,1,0.749416,1,4,16,0.015625,0.001996,-0.001454,-0.003618,C-accelerated,134678.0,134500.0,1007.43,1300.0,0.4833
2026-03-30T05:40:55Z,2724667016,1927,เธอล้างมือในลำธาร น้ำเย็น นึกถึงตอนเด็กก็ล้างมือในลำธาร ตอนเด็กน้ำก็เย็น,72,44,1,49.8474,0.047532,0.351562,0.601562,0.498474,0.042321,0.367188,0.609375,0.006204,0.028688,0.004703,1,50.3021,7.992257,233.53,0.828699,1,0.105042,1,4,16,0.015625,0.004034,-0.005302,0.001438,C-accelerated,137715.11,137000.0,2717.79,3100.0,1.1314
2026-03-30T05:40:55Z,2724667016,1928,ทุกวันทางเดิม ต้นไม้เดิม คนเดิม คำพูดเดิม มีแต่เขาที่เปลี่ยน,60,44,1,50.4639,0.046706,0.359375,0.632812,0.504639,0.046234,0.398438,0.625,0.006227,0.030596,0.00466,1,50.293,7.990973,274.257,0.194478,1,0.264614,1,4,16,0.015625,0.003858,-0.000794,0.016188,C-accelerated,133715.78,133350.0,1232.3,1375.0,0.5156
2026-03-30T05:40:55Z,2724667016,1929,เธอซื้อสมุดเล่มหนึ่ง ตั้งใจจะเขียนอะไรสักอย่าง เปิดหน้าแรก ว่างเปล่า ปิด ตลอดไปก็ว่างเปล่า,90,44,1,50.1404,0.043972,0.382812,0.632812,0.501404,0.046141,0.398438,0.625,0.006139,0.030689,0.004639,1,49.5758,7.991546,257.292,0.448015,1,0.620035,1,4,16,0.015625,-0.00421,-0.012056,-0.007657,C-accelerated,135536.22,134750.0,1606.96,3375.0,1.2523
2026-03-30T05:40:55Z,2724667016,1930,เขาเรียนรู้ที่จะซ่อมของ ซ่อมเสร็จ พังอีก ซ่อมอีก พังอีก เลยหยุดซ่อม พังก็พัง,76,44,1,50.4517,0.045309,0.367188,0.625,0.504517,0.04958,0.367188,0.640625,0.006255,0.02916,0.004718,1,49.6002,7.992514,227.014,0.89579,1,0.442762,1,4,16,0.015625,-0.00326,0.00329,0.001326,C-accelerated,151694.22,140700.0,15309.23,29200.0,10.3767
2026-03-30T05:40:55Z,2724667016,1931,เธอต้มซุปหม้อหนึ่ง เค็มไป เติมน้ำ จืดไป เติมเกลือ กลายเป็นหม้อใหญ่ กินคนเดียวไม่หมด,83,44,1,49.6887,0.040375,0.398438,0.601562,0.496887,0.04396,0.375,0.59375,0.006174,0.036023,0.004718,1,49.6704,7.99174,253.405,0.516444,1,0.845033,1,4,16,0.015625,0.017326,-0.004841,0.005691,C-accelerated,136058.0,135700.0,2350.13,2900.0,1.0685
2026-03-30T05:40:55Z,2724667016,1932,เขามองออกไปนอกหน้าต่าง ฝนตก ฝนหยุด มืด สว่าง เขายังมอง,54,44,1,50.354,0.043726,0.375,0.617188,0.50354,0.046833,0.382812,0.609375,0.006171,0.030638,0.004672,1,50.1556,7.990591,284.497,0.098838,1,0.185067,1,4,16,0.015625,0.004037,-0.002221,0.008002,C-accelerated,134204.67,134000.0,1096.99,1075.0,0.4011
2026-03-30T05:40:55Z,2724667016,1933,เธอเรียนรู้ที่จะโกหก โกหกคนอื่น โกหกตัวเอง แล้วก็แยกไม่ออกว่าอะไรจริง,69,44,1,49.5483,0.042876,0.390625,0.625,0.495483,0.044384,0.375,0.617188,0.006213,0.034183,0.004756,1,50.0977,7.993259,206.208,0.988876,1,0.702918,1,4,16,0.015625,0.001444,-3.5e-05,-0.006121,C-accelerated,134697.56,134800.0,1519.39,2100.0,0.7789
2026-03-30T05:40:55Z,2724667016,1934,เขาเลี้ยงหมาตัวหนึ่ง หมาแก่ เดินไม่ได้แล้ว เขาอุ้มไปผึ่งแดด หมาตาย เขายังอุ้ม,77,44,1,49.0723,0.044417,0.375,0.585938,0.490723,0.043331,0.382812,0.640625,0.006179,0.034639,0.004654,1,50.238,7.99116,268.928,0.262632,1,0.342776,1,4,16,0.015625,-0.003866,-0.002815,-0.006498,C-accelerated,137021.33,136200.0,3341.13,3275.0,1.2023
2026-03-30T05:40:55Z,2724667016,1935,ทุกวันเธอเขียนหนึ่งคำ เขียนจนเต็มสมุด รวมกันเป็นประโยค เธอไม่รู้ตัว สมุดหาย,75,44,1,49.3042,0.046139,0.367188,0.585938,0.493042,0.044132,0.359375,0.664062,0.006236,0.034971,0.004677,1,50.2563,7.992251,233.158,0.83311,1,0.72783,1,4,16,0.015625,-0.010158,-0.00905,0.010934,C-accelerated,140907.11,138750.0,6024.51,9675.0,3.4865
2026-03-30T05:40:55Z,2724667016,1936,เขาเรียนรู้ที่จะรอ รอรถเมล์ รอคน รอเวลา รอความตาย ความตายก็รอเขาอยู่,68,44,1,49.7559,0.044983,0.382812,0.625,0.497559,0.043495,0.382812,0.617188,0.006242,0.032725,0.004741,1,50.1556,7.990714,281.1,0.125533,1,0.980983,1,4,16,0.015625,0.000455,-0.002929,-0.004908,C-accelerated,135303.56,135300.0,1421.01,1800.0,0.6652
2026-03-30T05:40:55Z,2724667016,1937,เธอปลูกองุ่น องุ่นเปรี้ยว ปีหน้าหวาน กินคนเดียว ไม่หมด,54,44,1,50.1099,0.047429,0.382812,0.609375,0.501099,0.037919,0.390625,0.601562,0.006217,0.029194,0.004705,1,49.7894,7.991478,258.036,0.435094,1,0.519843,1,4,16,0.015625,0.006568,-0.005424,-0.003575,C-accelerated,145228.89,142000.0,10091.63,6700.0,2.3592
2026-03-30T05:40:55Z,2724667016,1938,เขาคุยกับกำแพง กำแพงฟัง กำแพงไม่ตอบ เขายังคงพูด หลายปี กำแพงถล่ม,64,44,1,49.884,0.045335,0.390625,0.648438,0.49884,0.04287,0.390625,0.59375,0.006248,0.03147,0.004698,1,50.177,7.991472,257.85,0.438316,1,0.250588,1,4,16,0.015625,-0.000572,-0.005308,0.007127,C-accelerated,140001.56,136450.0,9406.85,4075.0,1.4932
2026-03-30T05:40:55Z,2724667016,1939,เธอเรียนทำบะหมี่ บะหมี่เปล่า ใส่ไข่ ใส่ผัก ใส่เนื้อ ใส่มากไป กลายเป็นบะหมี่ของเหลือ,83,44,1,50.354,0.045542,0.40625,0.664062,0.50354,0.043387,0.390625,0.640625,0.006315,0.032048,0.004773,1,50.415,7.99245,230.086,0.866839,1,0.819,1,4,16,0.015625,-0.003303,-0.001054,0.005933,C-accelerated,141123.33,136900.0,9293.84,7150.0,2.6114
2026-03-30T05:40:55Z,2724667016,1940,เขาดูพระอาทิตย์ตก สวยงาม วันรุ่งขึ้นมาอีก ไม่สวยเท่า วันต่อมาไม่มา,66,44,1,49.8535,0.044962,0.390625,0.617188,0.498535,0.04445,0.375,0.625,0.006227,0.033304,0.004702,1,50.5188,7.992192,238.348,0.765584,1,0.535422,1,4,16,0.015625,-0.010259,-0.00612,-0.000802,C-accelerated,133542.44,133200.0,1287.49,1200.0,0.4505
2026-03-30T05:40:55Z,2724667016,1941,เธอซื้อรองเท้าคู่หนึ่ง ใส่ไม่ได้ เจ็บเท้า ก็ยังใส่ เท้าชิน รองเท้าชิน,69,44,1,50.1709,0.043355,0.40625,0.601562,0.501709,0.0432,0.359375,0.59375,0.006227,0.035655,0.004727,1,49.9207,7.992446,228.876,0.878812,1,0.920254,1,4,16,0.015625,-0.006428,-4.9e-05,-0.001396,C-accelerated,134212.44,133700.0,1736.8,2500.0,0.9349
2026-03-30T05:40:55Z,2724667016,1942,เขาเรียนรู้ที่จะเงียบ เงียบท่ามกลางผู้คน เงียบในความเหงา เงียบในความเงียบ,73,44,1,50.3418,0.045015,0.375,0.625,0.503418,0.044299,0.375,0.617188,0.00629,0.030297,0.004746,1,49.8627,7.991396,260.317,0.396159,1,0.319071,1,4,16,0.015625,0.001886,0.005109,-0.004541,C-accelerated,134398.67,134100.0,1297.96,1975.0,0.7364
2026-03-30T05:40:55Z,2724667016,1943,เธอเลี้ยงเต่าตัวหนึ่ง เต่าอายุยืน เธอตาย เต่าอยู่ต่อ เต่าไม่รู้ว่าเธอตาย,72,44,1,50.177,0.045828,0.382812,0.625,0.50177,0.039308,0.40625,0.601562,0.006335,0.032247,0.004741,1,49.6124,7.991185,267.392,0.284512,1,0.763917,1,4,16,0.015625,0.002761,-0.01467,-0.001516,C-accelerated,136861.56,136100.0,2585.65,3375.0,1.2399
2026-03-30T05:40:55Z,2724667016,1944,เขาเขียนจดหมายหลายฉบับ ไม่ได้ส่ง เก็บไว้ในลิ้นชัก วันหนึ่งเอาไปเผา ไฟอุ่น,73,44,1,50.0122,0.038223,0.398438,0.59375,0.500122,0.039764,0.375,0.617188,0.006149,0.032624,0.004704,1,49.9176,7.992816,218.589,0.952168,1,0.977181,1,4,16,0.015625,-0.006426,-0.000648,-0.006879,C-accelerated,135452.22,134650.0,2639.32,1850.0,0.687
2026-03-30T05:40:55Z,2724667016,1945,เธอเรียนรู้ที่จะลืม ลืมเมื่อวาน ลืมตัวเอง ลืมการลืม สุดท้ายจำได้หมด,67,44,1,49.7864,0.045885,0.390625,0.601562,0.497864,0.038295,0.40625,0.609375,0.006201,0.030696,0.00467,1,49.3591,7.991262,265.809,0.308019,1,0.560828,1,4,16,0.015625,-0.003592,-0.00623,-0.00751,C-accelerated,133482.44,133000.0,1606.83,2300.0,0.8647
2026-03-30T05:40:55Z,2724667016,1946,ทุกวันไปทะเล มองคลื่น นับคลื่น คลื่นไม่รอใคร เขาก็ไม่รอ,55,44,1,49.5544,0.048166,0.390625,0.648438,0.495544,0.042887,0.382812,0.625,0.006204,0.034176,0.00472,1,50.0916,7.993489,198.039,0.996626,1,0.977181,1,4,16,0.015625,-0.012369,-0.012454,-0.000232,C-accelerated,156999.33,139350.0,37105.67,33125.0,11.8855
2026-03-30T05:40:55Z,2724667016,1947,เธอปลูกต้นแอปเปิ้ล แอปเปิ้ลหวาน อยากให้เขา หาเขาไม่เจอ,54,44,1,49.9512,0.04391,0.390625,0.59375,0.499512,0.041198,0.390625,0.59375,0.006213,0.028783,0.004733,1,50.2319,7.992377,232.134,0.844883,1,0.640359,1,4,16,0.015625,0.0061,-0.001489,-0.003735,C-accelerated,135972.67,135350.0,2446.85,3400.0,1.256
2026-03-30T05:40:55Z,2724667016,1948,เขาเรียนทำอาหาร ทำกินเอง ทำกินแมว แมวตาย ทำกินกับอากาศ,54,44,1,49.4507,0.044058,0.382812,0.585938,0.494507,0.045485,0.382812,0.609375,0.006259,0.032114,0.004733,1,49.6948,7.992018,245.329,0.656943,1,0.867483,1,4,16,0.015625,0.00104,-0.001912,-0.003751,C-accelerated,143847.78,139750.0,10291.5,8200.0,2.9338
2026-03-30T05:40:55Z,2724667016,1949,ในกระจกเธอเห็นแม่ แม่แก่ เธอแก่ กระจกไม่แก่,43,44,1,50.0183,0.045862,0.390625,0.609375,0.500183,0.041929,0.390625,0.617188,0.006185,0.028687,0.004566,1,50.1068,7.991627,254.755,0.492551,1,0.640359,1,4,16,0.015625,0.000456,0.003507,0.004777,C-accelerated,134892.22,134500.0,1401.94,1700.0,0.632
2026-03-30T05:40:55Z,2724667016,1950,เขาเลี้ยงต้นไผ่ ใบเหลือง รดน้ำ ยิ่งเหลือง ถามชาวบ้าน บอกว่ารดน้ำมากไป เลิก รด ต้นตาย,84,44,1,50.1953,0.048219,0.375,0.648438,0.501953,0.0425,0.414062,0.609375,0.006211,0.031753,0.004632,1,49.7955,7.99206,241.001,0.726398,1,0.412229,1,4,16,0.015625,0.00432,-0.006615,-0.002262,C-accelerated,133592.44,133500.0,1421.43,2500.0,0.9363
2026-03-30T05:40:55Z,2724667016,1951,เธอเรียนรู้ที่จะเดิน ทีละก้าว มาถึงที่นี่ มาถึงที่นั่น มาถึงวันที่เดินไม่ได้ หันกลับไปมอง ที่จริงไม่ได้ไกล,106,44,1,49.9512,0.036913,0.421875,0.59375,0.499512,0.047237,0.375,0.640625,0.00623,0.033368,0.00471,1,50.0244,7.991398,259.363,0.412318,1,0.749416,1,4,16,0.015625,0.007805,0.014881,0.00352,C-accelerated,136304.89,135750.0,1989.14,2000.0,0.7366
2026-03-30T05:40:55Z,2724667016,1952,เขาอ่านหนังสือหลายเล่ม จำได้ ลืม อ่านอีก ลืมอีก สุดท้ายจำอะไรไม่ได้ แต่รู้สึกอิ่ม,81,44,1,50.3235,0.044874,0.398438,0.609375,0.503235,0.050955,0.375,0.65625,0.006286,0.031141,0.004769,1,49.7162,7.992027,240.791,0.729595,1,0.774848,1,4,16,0.015625,-0.00544,0.00494,0.003067,C-accelerated,133816.22,133600.0,957.0,1200.0,0.4491
2026-03-30T05:40:55Z,2724667016,1953,เธอเรียนทำโจ๊ก โจ๊กเปล่า ใส่หมูสับ ใส่ต้นหอม ใส่อะต่อ เยอะไป ลืมใส่ข้าว,71,44,1,49.5728,0.050874,0.367188,0.65625,0.495728,0.044708,0.335938,0.609375,0.006198,0.030911,0.004706,1,49.9939,7.993104,210.351,0.981052,1,0.362529,1,4,16,0.015625,-0.001479,0.003781,-0.004696,C-accelerated,134626.44,135000.0,1655.65,1900.0,0.7037
2026-03-30T05:40:55Z,2724667016,1954,เขาปลูกต้นพลัม หน้าหนาวออกดอก หอม หิมะตกบนดอกไม้ ดอกไม้ไม่ร่วง เขาร่วง,70,44,1,49.8047,0.047381,0.390625,0.625,0.498047,0.043245,0.382812,0.65625,0.00617,0.029272,0.004727,1,50.296,7.991407,261.946,0.369079,1,0.188248,1,4,16,0.015625,-0.016746,0.001584,-0.003339,C-accelerated,139683.11,139100.0,4560.83,6000.0,2.1567
2026-03-30T05:40:55Z,2724667016,1955,ทุกวันเธอดูข่าว ข่าวร้ายมากกว่าข่าวดี ปิด เปิด ปิด เปิด หยุดไม่ได้,66,44,1,49.6643,0.043659,0.40625,0.609375,0.496643,0.041715,0.40625,0.609375,0.006281,0.034949,0.004708,1,50.1831,7.992264,236.137,0.79591,1,1.0,1,4,16,0.015625,0.008105,-0.001569,-0.012709,C-accelerated,135192.44,135400.0,938.88,1000.0,0.3693
2026-03-30T05:40:55Z,2724667016,1956,เขาเรียนรู้ที่จะซ่อมจักรยาน ซ่อมเสร็จ ขี่ไป ยางแบน ลากกลับบ้าน ซ่อมอีก,70,44,1,50.0977,0.044656,0.40625,0.601562,0.500977,0.046013,0.40625,0.601562,0.006253,0.032226,0.004723,1,50.0671,7.992151,238.255,0.766905,1,0.431512,1,4,16,0.015625,-0.011785,0.006056,0.003338,C-accelerated,135327.56,134600.0,1804.18,2800.0,1.0401
2026-03-30T05:40:55Z,2724667016,1957,เธอซื้อต้นไม้แขวน วางที่หน้าต่าง แดดพอเหมาะ โตเร็ว ตัดชำลงน้ำ รากออก ตัดแล้วปลูกไปเรื่อย,88,44,1,49.8047,0.045898,0.398438,0.625,0.498047,0.045586,0.398438,0.609375,0.006243,0.035506,0.004757,1,50.3265,7.991149,269.324,0.257152,1,0.281296,1,4,16,0.015625,0.007075,-0.005024,0.00472,C-accelerated,136697.33,136300.0,2317.43,4300.0,1.5774
2026-03-30T05:40:55Z,2724667016,1958,เขาเรียนดื่มชา ขม ต่อมาหวาน ขมอีก ต่อมาหวานอีก เหมือนชีวิต เหมือนหรือไม่ ชาก็คือชา,82,44,1,50.7812,0.040501,0.390625,0.601562,0.507812,0.047129,0.414062,0.632812,0.006227,0.033459,0.004718,1,50.5127,7.991932,244.259,0.674668,1,0.789493,1,4,16,0.015625,-0.003004,-0.010154,0.004075,C-accelerated,136196.0,136100.0,1368.03,1000.0,0.3674
2026-03-30T05:40:55Z,2724667016,1959,เธอปลูกทานตะวัน หันตามตะวัน พระอาทิตย์ลับ มันก้มหน้า พรุ่งนี้เช้าก็เงยอีก,73,44,1,49.8413,0.044424,0.375,0.617188,0.498413,0.04088,0.390625,0.625,0.006268,0.028919,0.004689,1,50.3082,7.991939,245.702,0.650706,1,0.753033,1,4,16,0.015625,-0.012539,-0.004782,-0.014696,C-accelerated,140212.67,137000.0,8368.69,4300.0,1.5693
2026-03-30T05:40:55Z,2724667016,1960,เขาเรียนรู้ที่จะรอ รอใบไม้ผลิ ใบไม้ผลิมา รอฤดูร้อน ฤดูร้อนมา รอใบไม้ร่วง ใบไม้ร่วงมา รอฤดูหนาว ฤดูหนาวมา รอใบไม้ผลิอีก,118,44,1,50.6042,0.042368,0.375,0.601562,0.506042,0.044605,0.40625,0.609375,0.006168,0.029533,0.004693,1,49.3805,7.991326,266.368,0.299614,1,0.671354,1,4,16,0.015625,-0.001424,0.00325,0.001687,C-accelerated,135196.22,135600.0,1144.59,1800.0,0.6637
2026-03-30T05:40:55Z,2724667016,1961,เธอเลี้ยงแมวตัวหนึ่ง แมวข่วนโซฟา ดุ คราวหน้าก็ข่วนอีก เลยไม่ดุ โซฟาพัง ซื้อใหม่ แมวก็ยังข่วน,92,44,1,49.9695,0.045715,0.367188,0.617188,0.499695,0.042404,0.367188,0.59375,0.006269,0.031736,0.004726,1,50.1007,7.991182,264.483,0.328431,1,0.033884,1,4,16,0.015625,0.000608,0.000785,0.005408,C-accelerated,136851.11,136200.0,2433.11,2900.0,1.0646
2026-03-30T05:40:55Z,2724667016,1962,เขาเรียนชงกาแฟ ชงแบบดริป ชงแบบเอสเปรสโซ่ ลองหมด สุดท้ายกลับมากาแฟสำเร็จรูป ประหยัดเวลา เวลาที่ประหยัดได้ เอามานั่งมองฟ้า,120,44,1,50.1099,0.043286,0.40625,0.625,0.501099,0.04511,0.398438,0.609375,0.006153,0.0334,0.004708,1,49.9329,7.990862,277.05,0.163811,1,0.121291,1,4,16,0.015625,0.006544,-0.003669,0.003816,C-accelerated,140630.89,137100.0,9633.97,5700.0,2.0788
2026-03-30T05:40:55Z,2724667016,1963,ทุกวันเธอส่องกระจก วันหนึ่งกระจกพูดว่าอรุณสวัสดิ์ เธอตกใจ แล้วก็ชิน กระจกเงียบไป เธอคิดถึง,90,44,1,49.6155,0.041981,0.40625,0.640625,0.496155,0.045302,0.390625,0.585938,0.006241,0.028041,0.004693,1,50.0458,7.990332,294.598,0.044636,0,0.335549,1,4,16,0.015625,0.01712,-0.007357,0.00292,C-accelerated,135106.22,134800.0,1227.97,1400.0,0.5193
2026-03-30T05:40:55Z,2724667016,1964,เขาปลูกแปะก๊วย ใบเหลือง ร่วง กองรวมกัน เหยียบลงไป ตุบตับ เหมือนใบไม้ร่วงกำลังพูด,80,44,1,49.6521,0.0429,0.390625,0.625,0.496521,0.042588,0.398438,0.632812,0.006183,0.029201,0.004642,1,50.5676,7.991319,264.227,0.33244,1,0.345206,1,4,16,0.015625,0.000364,-0.001645,0.004805,C-accelerated,134258.22,133900.0,1356.23,1100.0,0.4108
2026-03-30T05:40:55Z,2724667016,1965,เธอเรียนทำอาหาร ทำกินให้ครอบครัว ครอบครัวจากไป ทำกินให้ตัวเอง ตัวเองจากไป ทำกินให้ความทรงจำ,91,44,1,49.762,0.039903,0.382812,0.609375,0.49762,0.045967,0.367188,0.632812,0.00623,0.032091,0.004713,1,50.0885,7.991651,255.267,0.483513,1,0.414952,1,4,16,0.015625,0.001264,-0.005773,0.002389,C-accelerated,135574.44,135400.0,1016.85,1500.0,0.5539
2026-03-30T05:40:55Z,2724667016,1966,เขาเลี้ยงนกขุนทอง มันเลียนเสียงได้ เลียนเสียงโทรศัพท์ เลียนเสียงกริ่งประตู เลียนเสียงเพื่อนบ้านทะเลาะกัน เลียนเสียงเด็กร้องไห้ แล้วก็เงียบ ตาย เงียบสงบ,151,44,1,49.8718,0.045542,0.390625,0.601562,0.498718,0.043155,0.398438,0.625,0.00631,0.035874,0.004763,1,49.9207,7.991186,267.485,0.283159,1,0.094263,1,4,16,0.015625,0.006548,0.007686,-0.002881,C-accelerated,140831.56,138600.0,7079.37,3250.0,1.1724
2026-03-30T05:40:55Z,2724667016,1967,เธอซื้อปลามา ปล่อยในอ่าง เปลี่ยนน้ำทุกวัน ให้อาหาร ปลาโต อ่างเล็ก ย้ายไปตู้ปลา ปลาโตอีก ย้ายไปบ่อเล็ก ปลาโต เธอแก่ ปลาก็แก่ แก่ไปด้วยกัน,136,44,1,50.4639,0.040846,0.375,0.585938,0.504639,0.042628,0.390625,0.617188,0.006165,0.030993,0.00466,1,50.1221,7.991379,262.528,0.359583,1,0.946787,1,4,16,0.015625,-0.003766,-0.000334,-0.000677,C-accelerated,139529.11,139400.0,3653.07,5400.0,1.9369
2026-03-30T05:40:55Z,2724667016,1968,เขาปลูกน้ำเต้า เลื้อยเต็มหลังคา ลูกดก กินไม่หมด ให้เพื่อนบ้าน เพื่อนบ้านก็กินไม่หมด ให้กลับ ทำเป็นฟองน้ำล้างจาน ใช้ได้หลายปี น้ำเต้ายังไม่หมด,141,44,1,50.3296,0.041783,0.375,0.601562,0.503296,0.040106,0.398438,0.601562,0.006238,0.032519,0.004667,1,49.9939,7.99186,247.82,0.614624,1,0.355039,1,4,16,0.015625,-0.002631,0.001815,-0.003918,C-accelerated,134330.0,133800.0,1816.09,1475.0,0.5512
2026-03-30T05:40:55Z,2724667016,1969,ทุกวันเธอดูตะวันตก ที่เดิม เวลาเดิม เมฆต่างกัน สีต่างกัน อารมณ์ต่างกัน ตะวันตกเหมือนกัน เธอต่างกัน ตะวันตกรอให้เธอแก่,117,44,1,50.0427,0.04484,0.375,0.664062,0.500427,0.044627,0.390625,0.609375,0.006298,0.028768,0.004728,1,50.2106,7.991911,245.632,0.651878,1,0.804212,1,4,16,0.015625,0.009815,-0.000517,-0.00507,C-accelerated,134641.56,135100.0,1379.48,2200.0,0.8142
2026-03-30T05:40:55Z,2724667016,1970,เขาเรียนรู้ที่จะซ่อมจักรยาน ซ่อมให้เพื่อนบ้าน ซ่อมให้เพื่อน ซ่อมให้คนแปลกหน้า ไม่รับเงิน รับคำขอบคุณ คำขอบคุณไม่พอ รับรอยยิ้ม รอยยิ้มพอแล้ว,139,44,1,50.4761,0.040727,0.398438,0.609375,0.504761,0.042536,0.414062,0.617188,0.006128,0.031061,0.00465,1,50.2502,7.992636,224.896,0.913021,1,0.724253,1,4,16,0.015625,-0.006489,0.011994,-0.002557,C-accelerated,136046.44,135600.0,1684.0,1300.0,0.4794
2026-03-30T05:40:55Z,2724667016,1971,"Egy tavaszi délutánon a kis kávézó teraszán két idegen véletlenül egymás mellé ült. Először csak udvariasan mosolyogtak egymásra, de ahogy a beszélgetés lassan kibontakozott, rájöttek, hogy ugyanazokat a könyveket szeretik és ugyanazokat az álmokat hordozzák magukban.",268,44,1,50.293,0.046374,0.382812,0.609375,0.50293,0.045575,0.359375,0.617188,0.006164,0.0287,0.004689,1,49.6857,7.99178,252.102,0.539538,1,0.069317,1,4,16,0.015625,0.003458,-0.005892,-0.002698,C-accelerated,137056.22,136200.0,3003.7,3600.0,1.3216
2026-03-30T05:40:55Z,2724667016,1972,"A folyóparti sétányon egy fiatal férfi és egy lány naplementét néztek. A narancssárga fény megcsillant a vízen, és a csendben egyszerre érezték, hogy valami új kezdődik közöttük, valami egyszerű és mégis különleges, amit talán szerelemnek hívnak.",246,44,1,50.4456,0.04392,0.390625,0.617188,0.504456,0.043187,0.398438,0.609375,0.006275,0.033208,0.004779,1,49.9329,7.991149,271.185,0.232252,1,0.216929,1,4,16,0.015625,0.006696,0.005301,0.007,C-accelerated,135740.44,135800.0,1442.61,1700.0,0.6259
2026-03-30T05:40:55Z,2724667016,1973,"Egy régi könyvtár csendjében két diák gyakran ugyanahhoz az asztalhoz ült tanulni. Eleinte csak rövid pillantásokat váltottak, de idővel a jegyzetek között kis üzenetek jelentek meg, amelyekből lassan egy történet született, tele kíváncsisággal és finom érzelmekkel.",266,44,1,50.0122,0.049622,0.382812,0.632812,0.500122,0.045627,0.390625,0.609375,0.006192,0.032028,0.004662,1,50.2747,7.991398,261.783,0.371756,1,0.942992,1,4,16,0.015625,-0.001254,0.003723,0.006842,C-accelerated,139650.89,139450.0,2653.0,2000.0,0.7171
2026-03-30T05:40:55Z,2724667016,1974,"Az őszi eső alatt egy pár megosztott egyetlen esernyőt a város macskaköves utcáin. A hideg levegőben közelebb léptek egymáshoz, és a nevetésük visszhangzott a házak között, mintha a város maga is örülne annak, hogy két ember egymásra talált.",241,44,1,49.8657,0.045398,0.382812,0.585938,0.498657,0.04592,0.398438,0.640625,0.006272,0.028986,0.004719,1,50.1495,7.989728,311.215,0.009243,0,0.216929,1,4,16,0.015625,-0.006566,-0.01202,0.005305,C-accelerated,145284.89,139150.0,13205.34,11300.0,4.0604
2026-03-30T05:40:55Z,2724667016,1975,"Egy fiatal festő minden nap ugyanabban a parkban rajzolta a fákat és a tavon úszó madarakat. Egy napon egy lány megállt mögötte, és csendben figyelte a munkáját. Attól a pillanattól kezdve a festményekben mindig megjelent egy új alak.",234,44,1,50.0244,0.044075,0.375,0.625,0.500244,0.044815,0.382812,0.625,0.006235,0.031001,0.004726,1,49.707,7.992507,229.76,0.870135,1,0.782161,1,4,16,0.015625,-0.002736,0.006685,0.000452,C-accelerated,140475.78,137500.0,6568.13,7100.0,2.5818
2026-03-30T05:40:55Z,2724667016,1976,"A vonaton két utas egymással szemben ült hosszú órákon át. Először csak a tájat figyelték az ablakon túl, de egy egyszerű kérdés után beszélgetni kezdtek, és mire a vonat megérkezett, már úgy érezték, mintha régóta ismernék egymást.",232,44,1,49.9695,0.04371,0.40625,0.609375,0.499695,0.044639,0.382812,0.625,0.006267,0.030377,0.004728,1,49.8199,7.991482,260.969,0.385245,1,0.507551,1,4,16,0.015625,-0.00215,0.003604,-0.003243,C-accelerated,134956.44,134800.0,1054.25,1100.0,0.408
2026-03-30T05:40:55Z,2724667016,1977,"Egy nyári fesztivál zajos tömegében két ember véletlenül összemosolygott egy dal közben. A zene, a fények és a meleg éjszaka olyan pillanatot teremtett, amelyben mindketten megérezték, hogy néha a szerelem váratlanul talál ránk.",228,44,1,49.884,0.043411,0.375,0.609375,0.49884,0.04721,0.375,0.609375,0.006217,0.029903,0.004661,1,49.8657,7.991619,255.825,0.473677,1,0.224113,1,4,16,0.015625,0.005974,-0.000212,0.014348,C-accelerated,136020.0,136300.0,1402.35,1775.0,0.6511
2026-03-30T05:40:55Z,2724667016,1978,"A kisvárosi pékségben minden reggel ugyanaz a lány vásárolt kenyeret. A pult mögött álló fiú eleinte csak udvariasan köszönt, de egy idő után hosszabb beszélgetések kezdődtek, és a friss kenyér illata mellé lassan egy új érzés is társult.",238,44,1,49.823,0.042074,0.367188,0.609375,0.49823,0.042971,0.367188,0.609375,0.006376,0.031585,0.004815,1,49.7528,7.991738,252.73,0.528405,1,0.067153,1,4,16,0.015625,-0.001811,0.002031,-0.001639,C-accelerated,135695.11,135100.0,2164.54,2775.0,1.027
2026-03-30T05:40:55Z,2724667016,1979,"Egy hosszú séta során a hegyek között két barát beszélgetett a jövőről. A nap végére rájöttek, hogy a barátságuk csendben valami mélyebb érzéssé változott, amelyet egyikük sem mert korábban kimondani.",200,44,1,49.4141,0.043586,0.382812,0.601562,0.494141,0.043531,0.390625,0.601562,0.006251,0.029062,0.00474,1,49.4537,7.992188,237.324,0.779906,1,0.717116,1,4,16,0.015625,-0.002386,0.011806,0.00142,C-accelerated,135838.22,135400.0,1743.7,1500.0,0.5539
2026-03-30T05:40:55Z,2724667016,1980,"A tó partján ülve egy lány és egy fiú kavicsokat dobált a vízbe. Minden hullám egy új történetet rajzolt a felszínre, és miközben beszélgettek, rájöttek, hogy a legszebb pillanatok néha a legegyszerűbbek.",204,44,1,50.1587,0.043216,0.367188,0.601562,0.501587,0.045548,0.382812,0.632812,0.006246,0.029927,0.004746,1,49.5972,7.992121,238.301,0.766245,1,0.084389,1,4,16,0.015625,-0.006853,0.002347,-0.007912,C-accelerated,133765.78,133600.0,1054.06,1000.0,0.3743
2026-03-30T05:40:55Z,2724667016,1981,"У маленькій кав’ярні біля площі двоє людей випадково почали розмову про книги. Спочатку це була звичайна розмова, але з кожною хвилиною вони відкривали все більше спільного, і до вечора зрозуміли, що ця зустріч може стати початком чогось дуже важливого.",253,44,1,50.4639,0.046368,0.390625,0.625,0.504639,0.042144,0.414062,0.625,0.006344,0.031,0.004808,1,50.1678,7.992721,222.383,0.93071,1,0.462847,1,4,16,0.015625,-0.001183,0.007671,-0.002236,C-accelerated,135546.89,136000.0,1508.08,2900.0,1.0662
2026-03-30T05:40:55Z,2724667016,1982,"На березі тихого озера хлопець і дівчина сиділи поруч і дивилися, як сонце повільно зникає за лісом. У повітрі було щось тепле і спокійне, і вони раптом відчули, що ця тиша говорить більше, ніж будь-які слова.",209,44,1,50.0854,0.046745,0.398438,0.609375,0.500854,0.041961,0.375,0.585938,0.006227,0.029247,0.004668,1,49.6429,7.991884,247.308,0.623433,1,0.133174,1,4,16,0.015625,0.003565,0.00271,0.003373,C-accelerated,135934.22,136300.0,1493.03,2175.0,0.7979
2026-03-30T05:40:55Z,2724667016,1983,"Tichá kaviareň na rohu ulice bola miestom, kde sa dvaja mladí ľudia stretávali každý deň. Najskôr hovorili o škole a práci, no postupne začali zdieľať sny o budúcnosti a zistili, že ich cesty sa možno už nikdy nebudú chcieť rozdeliť.",233,44,1,50.2136,0.044374,0.40625,0.625,0.502136,0.041966,0.390625,0.601562,0.006355,0.032341,0.004783,1,50.0977,7.991075,271.93,0.222711,1,0.095205,1,4,16,0.015625,0.003537,0.011408,-0.00772,C-accelerated,141016.67,138000.0,7159.15,7550.0,2.7355
2026-03-30T05:40:55Z,2724667016,1984,"Satul mic era plin de lumină într-o seară de vară, iar doi tineri mergeau încet pe drumul prăfuit. Vorbeau despre lucruri simple, dar fiecare cuvânt părea să apropie inimile lor puțin mai mult.",193,44,1,49.5239,0.042927,0.359375,0.617188,0.495239,0.042849,0.390625,0.585938,0.006134,0.029907,0.004696,1,49.588,7.993275,206.045,0.989117,1,0.871236,1,4,16,0.015625,0.000846,0.006967,0.002199,C-accelerated,140796.89,138100.0,5743.9,7600.0,2.7516
2026-03-30T05:40:55Z,2724667016,1985,"Hiljaisessa puistossa kaksi ihmistä istui penkillä ja katseli järveä. He eivät tunteneet toisiaan kauan, mutta keskustelu kulki helposti ja lämmin tunne kasvoi heidän välillään, aivan kuin kevät olisi tullut aikaisemmin heidän sydämiinsä.",238,44,1,50.2808,0.043242,0.398438,0.617188,0.502808,0.04446,0.390625,0.625,0.006117,0.027229,0.004676,1,50.4608,7.992087,241.42,0.719955,1,0.541719,1,4,16,0.015625,0.004206,0.0022,-0.001558,C-accelerated,135978.0,136000.0,1300.93,1000.0,0.3676
2026-03-30T05:40:55Z,2724667016,1986,"V malé kavárně seděl mladý muž a psal do sešitu. Když si vedle něj sedla dívka s knihou, začali si povídat o příbězích a cestování, a během krátké chvíle se zdálo, že jejich vlastní příběh právě začíná.",202,44,1,49.9329,0.045218,0.382812,0.625,0.499329,0.041616,0.375,0.585938,0.006224,0.030835,0.004711,1,50.2563,7.990728,283.985,0.102558,1,0.713557,1,4,16,0.015625,-0.007166,0.001222,-0.004895,C-accelerated,139505.78,137250.0,5808.84,4900.0,1.7851
2026-03-30T05:40:55Z,2724667016,1987,"Egy hideg téli napon két ember találkozott a villamosmegállóban. A beszélgetés egy egyszerű kérdéssel indult, de mire a villamos megérkezett, már mindketten érezték, hogy ez a rövid találkozás valami különlegeset hagy maga után.",228,44,1,50.0,0.040395,0.40625,0.59375,0.5,0.040806,0.375,0.601562,0.006215,0.029662,0.004737,1,50.2411,7.992153,235.648,0.802308,1,0.471609,1,4,16,0.015625,-0.002514,0.004622,-0.007211,C-accelerated,135684.44,135650.0,950.12,1200.0,0.4423
2026-03-30T05:40:55Z,2724667016,1988,"Egy fiatal pár a hegytetőn nézte a napfelkeltét. A világ csendes volt körülöttük, és a rózsaszín ég alatt rájöttek, hogy néha a szerelem nem hangos, hanem inkább nyugodt és biztos érzés.",186,44,1,49.8962,0.047092,0.351562,0.601562,0.498962,0.05019,0.375,0.617188,0.006222,0.030234,0.004703,1,50.2533,7.991432,260.643,0.390689,1,0.492402,1,4,16,0.015625,-0.007874,-0.008776,-0.000562,C-accelerated,139680.67,136000.0,8716.16,6275.0,2.307
2026-03-30T05:40:55Z,2724667016,1989,"A könyvesboltban egy lány és egy fiú ugyanazt a regényt akarta megvenni. Nevettek a véletlenen, és végül együtt mentek ki az utcára, hogy kávé mellett beszélgessenek a történetről.",180,44,1,49.646,0.04113,0.34375,0.59375,0.49646,0.04786,0.398438,0.617188,0.006315,0.032819,0.004763,1,50.0305,7.992336,232.948,0.835561,1,0.654061,1,4,16,0.015625,-0.001522,0.01178,0.005173,C-accelerated,152331.78,136900.0,38561.39,7350.0,2.6844
2026-03-30T05:40:55Z,2724667016,1990,"Egy tengerparti városban két idegen minden este ugyanazon a sétányon sétált. Egy nap végre megszólították egymást, és attól kezdve a naplemente már nemcsak szép látvány volt, hanem egy közös emlék kezdete.",205,44,1,49.5605,0.039339,0.398438,0.585938,0.495605,0.04322,0.375,0.59375,0.006302,0.034292,0.004795,1,49.7314,7.991523,262.086,0.366791,1,0.224113,1,4,16,0.015625,0.00116,-0.004503,0.013078,C-accelerated,134407.78,134200.0,1444.07,1800.0,0.6706
2026-03-30T05:40:55Z,2724667016,1991,"A parkban egy zenész gitáron játszott egy csendes dallamot. Egy lány megállt hallgatni, és amikor a dal véget ért, beszélgetni kezdtek, mintha a zene már bemutatta volna őket egymásnak.",185,44,1,49.6582,0.045719,0.367188,0.617188,0.496582,0.04417,0.390625,0.632812,0.006277,0.0304,0.004783,1,50.9369,7.991357,262.668,0.357318,1,0.266661,1,4,16,0.015625,0.003328,0.001971,0.001471,C-accelerated,139790.0,139700.0,4045.38,5150.0,1.8432
2026-03-30T05:40:55Z,2724667016,1992,"Egy hosszú buszút során két utas egymás mellett ült. A beszélgetés lassan indult, de amikor a busz elérte a végállomást, mindketten úgy érezték, hogy a közös utazásuk talán csak most kezdődik.",192,44,1,50.4028,0.047572,0.375,0.617188,0.504028,0.043782,0.40625,0.617188,0.006205,0.02942,0.004754,1,50.2686,7.990584,288.361,0.074012,1,0.406814,1,4,16,0.015625,0.014319,-0.009603,-0.001491,C-accelerated,136617.11,135900.0,2144.08,4200.0,1.5453
2026-03-30T05:40:55Z,2724667016,1993,"Egy kis könyvtárban két ember ugyanazt az asztalt választotta minden nap. A csendes pillantások és apró mosolyok lassan olyan történetté váltak, amelyet egyikük sem tervezett, de mindketten örömmel fogadtak.",207,44,1,49.5117,0.045512,0.382812,0.59375,0.495117,0.040583,0.375,0.59375,0.00632,0.0304,0.004742,1,49.9817,7.992345,234.112,0.821668,1,0.180371,1,4,16,0.015625,-0.001307,-0.000697,0.00804,C-accelerated,147266.44,138800.0,28043.51,6975.0,2.5126
2026-03-30T05:40:55Z,2724667016,1994,"A tavaszi eső után a város utcái fényesen csillogtak. Egy fiú és egy lány együtt sétáltak a nedves köveken, és a beszélgetésükből lassan kirajzolódott egy új kapcsolat reménye.",176,44,1,50.2075,0.046162,0.382812,0.617188,0.502075,0.048352,0.390625,0.664062,0.006331,0.030912,0.004763,1,50.2319,7.99157,255.593,0.477772,1,0.544881,1,4,16,0.015625,0.001173,0.00745,0.008417,C-accelerated,135196.44,135400.0,1607.46,2550.0,0.9417
2026-03-30T05:40:55Z,2724667016,1995,"Egy utazó és egy helyi lány találkozott egy kis faluban a hegyek között. A beszélgetésük rövidnek indult, de a csillagok alatt folytatódott, mintha az éjszaka nem akarná, hogy elváljanak.",187,44,1,49.6826,0.045117,0.359375,0.609375,0.496826,0.046737,0.367188,0.625,0.006198,0.028206,0.004736,1,50.1862,7.990945,276.189,0.172892,1,0.782161,1,4,16,0.015625,-0.005741,-0.002621,0.004112,C-accelerated,137703.78,136800.0,3086.21,4500.0,1.6447
2026-03-30T05:40:55Z,2724667016,1996,"A nyári tábor utolsó estéjén két barát sokáig beszélgetett a tűz mellett. Amikor a lángok lassan kialudtak, mindketten tudták, hogy a barátságuk már valami más lett.",165,44,1,50.7446,0.045005,0.390625,0.625,0.507446,0.043343,0.359375,0.609375,0.006267,0.031225,0.004732,1,50.1709,7.990967,273.606,0.202139,1,0.406814,1,4,16,0.015625,-0.007611,0.008802,0.008618,C-accelerated,134635.11,134400.0,1454.62,2300.0,0.8557
2026-03-30T05:40:55Z,2724667016,1997,"Egy fiatal költő minden este verseket írt egy lányról, akit alig ismert. Egy nap bátorságot gyűjtött, hogy megszólítsa, és meglepetésére a lány már régóta olvasta a verseit.",173,44,1,50.5615,0.044193,0.382812,0.671875,0.505615,0.043563,0.421875,0.617188,0.006255,0.032237,0.00465,1,50.0824,7.992513,228.015,0.88688,1,0.664415,1,4,16,0.015625,-0.005752,0.004129,-0.001393,C-accelerated,140807.78,137500.0,8020.7,5900.0,2.1455
2026-03-30T05:40:55Z,2724667016,1998,"A csendes vasútállomáson két ember búcsúzott egymástól, de a tekintetükben ott volt az ígéret, hogy a történetük nem ér véget ezzel az utazással.",145,44,1,49.5544,0.045895,0.390625,0.59375,0.495544,0.041543,0.390625,0.625,0.006273,0.029628,0.004641,1,50.0427,7.99022,295.785,0.040324,0,0.106069,1,4,16,0.015625,-0.002067,-0.005938,0.006725,C-accelerated,132347.56,132400.0,1625.67,2100.0,0.7931
2026-03-30T05:40:55Z,2724667016,1999,"Egy kis városi parkban egy fiú és egy lány sakkozott egy régi asztalon. A játék lassan haladt, de közben nevetések és történetek születtek, amelyek végül fontosabbá váltak, mint maga a játszma.",193,44,1,49.707,0.038977,0.421875,0.625,0.49707,0.043553,0.390625,0.601562,0.006195,0.029541,0.004694,1,50.2533,7.992215,236.23,0.794679,1,0.48046,1,4,16,0.015625,0.005912,-0.000592,-0.006521,C-accelerated,133457.56,133200.0,2166.1,2800.0,1.0511
